specimen_id,specimen_name,ev_glif1,ev_glif2,ev_glif3,ev_glif4,ev_glif5,model_id_glif1,model_id_glif2,model_id_glif3,model_id_glif4,model_id_glif5,ev_cost0,ev_cost1,ev_cost2,ev_cost3,ev_best,creq_eps_0p000,creq_eps_0p005,creq_eps_0p010,creq_eps_0p015,creq_eps_0p020,creq_eps_0p025,creq_eps_0p030,creq_eps_0p040,creq_eps_0p050
313861608,Pvalb-IRES-Cre;Ai14-165874.04.02.01,0.968530614937373,0.951977514183922,0.974023371275986,0.974126139629663,0.971204803545251,566281678,566281680,566281682,566281684,566281686,0.968530614937373,0.974023371275986,0.974126139629663,0.971204803545251,0.974126139629663,2,1,0,0,0,0,0,0,0
313861677,Rorb-IRES2-Cre-D;Ai14-166229.04.01.01,0.672367597280085,0.687579565860372,0.431767372542924,0.562042883649191,0.543629947298748,566281743,566281745,566281747,566281749,566281751,0.672367597280085,0.687579565860372,0.562042883649191,0.543629947298748,0.687579565860372,1,1,1,1,0,0,0,0,0
313861794,Scnn1a-Tg3-Cre;Ai14-167070.04.01.01,0.739910442175059,0.800209241758984,0.824982515325358,0.830142359374035,0.852406949898712,566281780,566281782,566281784,566281786,566281788,0.739910442175059,0.824982515325358,0.830142359374035,0.852406949898712,0.852406949898712,3,3,3,3,3,2,1,1,1
313862134,Sst-IRES-Cre;Ai14-167638.03.01.01,0.947474654483392,0.902512018848051,0.95818627658215,0.965960954761689,0.964164603753062,566282072,566282074,566282076,566282078,566282080,0.947474654483392,0.95818627658215,0.965960954761689,0.964164603753062,0.965960954761689,2,2,1,1,0,0,0,0,0
313862167,Sst-IRES-Cre;Ai14-167638.05.02.01,0.908908087303024,0.827110189836267,0.915922133945387,0.945239563483232,0.943591894807975,566281820,566281822,566281824,566281826,566281828,0.908908087303024,0.915922133945387,0.945239563483232,0.943591894807975,0.945239563483232,2,2,2,2,2,2,1,0,0
313862274,Sst-IRES-Cre;Ai14-167636.03.02.01,0.845470597662831,0.842613871151968,0.835033955496667,0.820873836376403,0.824214153139079,566282105,566282107,566282109,566282111,566282113,0.845470597662831,0.842613871151968,0.820873836376403,0.824214153139079,0.845470597662831,0,0,0,0,0,0,0,0,0
314642645,Rorb-IRES2-Cre-D;Ai14-168052.03.02.01,0.685232525094639,0.748375778458534,0.633358939006833,0.711641787324923,0.693951657385294,566282193,566282195,566282197,566282199,566282201,0.685232525094639,0.748375778458534,0.711641787324923,0.693951657385294,0.748375778458534,1,1,1,1,1,1,1,1,1
314800921,Rorb-IRES2-Cre-D;Ai14-168053.04.01.01,0.676829058681391,0.549377355698663,0.769043211863638,0.769773445243762,0.779698218061792,566282155,566282157,566282159,566282161,566282163,0.676829058681391,0.769043211863638,0.769773445243762,0.779698218061792,0.779698218061792,3,3,2,1,1,1,1,1,1
314822529,Rorb-IRES2-Cre-D;Ai14-168053.06.01.01,0.742650093030387,0.629978500597989,0.848798951910173,0.871046395019947,0.87261539785714,566282269,566282271,566282273,566282275,566282277,0.742650093030387,0.848798951910173,0.871046395019947,0.87261539785714,0.87261539785714,3,2,2,2,2,1,1,1,1
318556138,Pvalb-IRES-Cre;Ai14-169130.06.01.01,0.947177005952953,0.93800116376996,0.969477684721572,0.969120275460376,0.967283873635648,566282030,566282032,566282034,566282036,566282038,0.947177005952953,0.969477684721572,0.969120275460376,0.967283873635648,0.969477684721572,1,1,1,1,1,0,0,0,0
318733871,Nr5a1-Cre;Ai14-169248.04.02.01,0.638226820561679,0.664644624881032,0.582199697703125,0.734694934168298,0.739204164135391,566282232,566282234,566282236,566282238,566282240,0.638226820561679,0.664644624881032,0.734694934168298,0.739204164135391,0.739204164135391,3,2,2,2,2,2,2,2,2
320207387,Scnn1a-Tg3-Cre;Ai14-170426.03.01.01,0.719041040511848,0.682678069942582,0.894046170447377,0.903569623908939,0.905775028835997,566282497,566282499,566282501,566282503,566282505,0.719041040511848,0.894046170447377,0.903569623908939,0.905775028835997,0.905775028835997,3,2,2,1,1,1,1,1,1
320639930,Rorb-IRES2-Cre-D;Ai14-171056.04.01.01,0.70779341355205,0.673501764283986,0.656359516667764,0.718094032934643,0.732117998383992,566282589,566282591,566282593,566282595,566282597,0.70779341355205,0.673501764283986,0.718094032934643,0.732117998383992,0.732117998383992,3,3,3,2,2,0,0,0,0
320668841,Scnn1a-Tg2-Cre;Ai14-171062.05.01.01,0.494405746019089,0.60284879175961,0.41477311953382,0.43875759117602,0.424353229124718,566282666,566282668,566282670,566282672,566282674,0.494405746019089,0.60284879175961,0.43875759117602,0.424353229124718,0.60284879175961,1,1,1,1,1,1,1,1,1
320836481,Scnn1a-Tg3-Cre;Ai14-171325.03.02.01,0.557285399119401,0.668154594496299,0.48663008082757,0.546852817713915,0.509638139137457,566282723,566282725,566282727,566282729,566282731,0.557285399119401,0.668154594496299,0.546852817713915,0.509638139137457,0.668154594496299,1,1,1,1,1,1,1,1,1
321893798,Nr5a1-Cre;Ai14-172511.04.02.01,0.503181277847603,0.626705442357511,0.457898400222912,0.304376953985806,0.423112667683492,566282907,566282909,566282911,566282913,566282915,0.503181277847603,0.626705442357511,0.304376953985806,0.423112667683492,0.626705442357511,1,1,1,1,1,1,1,1,1
322197160,Sst-IRES-Cre;Ai14-172531.05.01.01,0.313482793729814,0.387722241907148,0.552632290363783,0.57635141510268,0.586796643424653,566283065,566283067,566283069,566283071,566283073,0.313482793729814,0.552632290363783,0.57635141510268,0.586796643424653,0.586796643424653,3,3,3,2,2,2,2,1,1
322197295,Sst-IRES-Cre;Ai14-172531.03.01.01,0.416751713334748,0.414757672611465,0.422295913173561,0.493670508407547,0.491292300450448,566283136,566283138,566283140,566283142,566283144,0.416751713334748,0.422295913173561,0.493670508407547,0.491292300450448,0.493670508407547,2,2,2,2,2,2,2,2,2
322229594,Sst-IRES-Cre;Ai14-172531.06.02.01,0.718586330155272,0.729198373618441,0.630837841848476,0.690774636029345,0.703493564950063,566283006,566283008,566283010,566283012,566283014,0.718586330155272,0.729198373618441,0.690774636029345,0.703493564950063,0.729198373618441,1,1,1,0,0,0,0,0,0
322246422,Sst-IRES-Cre;Ai14-172531.03.02.01,0.71823745901199,0.741819318581935,0.693872147312639,0.724095396455242,0.701140279633891,566283299,566283301,566283303,566283305,566283307,0.71823745901199,0.741819318581935,0.724095396455242,0.701140279633891,0.741819318581935,1,1,1,1,1,0,0,0,0
322297406,Ntsr1-Cre;Ai14-171075.02.01.01,0.631218090965934,0.543372932283575,0.645817470957295,0.681911452793646,0.649382355239959,566283337,566283339,566283341,566283343,566283345,0.631218090965934,0.645817470957295,0.681911452793646,0.649382355239959,0.681911452793646,2,2,2,2,2,2,2,1,1
322723785,Rorb-IRES2-Cre-D;Ai14-172650.03.01.01,0.765009312111857,0.67594088387182,0.730559151838995,0.806449034976142,0.815766670669226,566283234,566283236,566283240,566283243,566283246,0.765009312111857,0.730559151838995,0.806449034976142,0.815766670669226,0.815766670669226,3,3,2,2,2,2,2,2,2
323834998,Scnn1a-Tg3-Cre;Ai14-172530.03.01.01,0.851658752798052,0.802321004376069,0.920417997596475,0.8801207267065,0.876554183025102,566283532,566283534,566283536,566283538,566283540,0.851658752798052,0.920417997596475,0.8801207267065,0.876554183025102,0.920417997596475,1,1,1,1,1,1,1,1,1
323838579,Scnn1a-Tg3-Cre;Ai14-172530.03.02.01,0.778451510563961,0.731405056756248,0.842759937212809,0.85183460462915,0.852269990164588,566283630,566283632,566283634,566283636,566283638,0.778451510563961,0.842759937212809,0.85183460462915,0.852269990164588,0.852269990164588,3,2,1,1,1,1,1,1,1
324025297,Rorb-IRES2-Cre-D;Ai14-172651.04.01.01,0.455706450615141,0.578899293414614,0.556648330359149,0.522441873100552,0.522501106775842,496416921,496416923,496416925,496416927,496416929,0.455706450615141,0.578899293414614,0.522441873100552,0.522501106775842,0.578899293414614,1,1,1,1,1,1,1,1,1
324032509,Rorb-IRES2-Cre-D;Ai14-172651.05.01.01,0.62438814058921,0.707598861539474,0.683554037143342,0.647058556187627,0.71404629459093,566283873,566283875,566283877,566283879,566283881,0.62438814058921,0.707598861539474,0.647058556187627,0.71404629459093,0.71404629459093,3,3,1,1,1,1,1,1,1
324053519,Rorb-IRES2-Cre-D;Ai14-172652.05.02.01,0.545805961497935,0.457365438625017,0.534135230602354,0.562507614493946,0.572398134423837,566284043,566284045,566284047,566284049,566284051,0.545805961497935,0.534135230602354,0.562507614493946,0.572398134423837,0.572398134423837,3,3,2,2,2,2,0,0,0
324065524,Rorb-IRES2-Cre-D;Ai14-172652.03.02.01,0.775806587776311,0.738960044475977,0.708766298377708,0.760984501463312,0.829233156859017,566284245,566284247,566284249,566284251,566284253,0.775806587776311,0.738960044475977,0.760984501463312,0.829233156859017,0.829233156859017,3,3,3,3,3,3,3,3,3
324466858,Sst-IRES-Cre;Ai14-173196.03.02.01,0.747384243081205,0.752880850674793,0.639817921195934,0.63457647550326,0.712971713325973,566284194,566284196,566284198,566284200,566284202,0.747384243081205,0.752880850674793,0.63457647550326,0.712971713325973,0.752880850674793,1,1,0,0,0,0,0,0,0
324493977,Sst-IRES-Cre;Ai14-173196.03.01.01,0.88399891821359,0.808855690521363,0.830538958796183,0.868255305618236,0.871466524609584,566284334,566284336,566284338,566284340,566284342,0.88399891821359,0.830538958796183,0.868255305618236,0.871466524609584,0.88399891821359,0,0,0,0,0,0,0,0,0
325853048,Rbp4-Cre_KL100;Ai14-175331.05.01.01,0.56693675482629,0.647942344250163,0.43084934177827,0.461862683820717,0.51816787874468,566284690,566284692,566284694,566284696,566284698,0.56693675482629,0.647942344250163,0.461862683820717,0.51816787874468,0.647942344250163,1,1,1,1,1,1,1,1,1
326774520,Htr3a-Cre_NO152;Ai14-175478.03.01.01,0.322392888470837,0.348946827816805,0.294402015839259,0.3278089975935,0.310560116583059,566284300,566284302,566284305,566284308,566284310,0.322392888470837,0.348946827816805,0.3278089975935,0.310560116583059,0.348946827816805,1,1,1,1,1,1,0,0,0
327648537,Htr3a-Cre_NO152;Ai14-175481.04.01.01,0.768957755875457,0.604996977148649,0.946901541279489,0.942194681397546,0.941472798313097,566285446,566285448,566285450,566285452,566285454,0.768957755875457,0.946901541279489,0.942194681397546,0.941472798313097,0.946901541279489,1,1,1,1,1,1,1,1,1
327679841,Htr3a-Cre_NO152;Ai14-175481.03.02.01,0.721701791277669,0.395609344935848,0.925906996418461,0.936011867781618,0.935698353566213,566285778,566285780,566285782,566285784,566285787,0.721701791277669,0.925906996418461,0.936011867781618,0.935698353566213,0.936011867781618,2,2,2,1,1,1,1,1,1
328015342,Sst-IRES-Cre;Ai14-175894.05.02.01,0.697374219356459,0.693625067304466,0.718349754971862,0.765161588299453,0.771040009582354,566287661,566287663,566287666,566287668,566287670,0.697374219356459,0.718349754971862,0.765161588299453,0.771040009582354,0.771040009582354,3,3,2,2,2,2,2,2,2
328031983,Sst-IRES-Cre;Ai14-175894.03.02.01,0.897916452826303,0.890575346087072,0.894614253267323,0.901108006835782,0.903015056010146,566288169,566288171,566288173,566288176,566288178,0.897916452826303,0.894614253267323,0.901108006835782,0.903015056010146,0.903015056010146,3,2,0,0,0,0,0,0,0
328093618,Sst-IRES-Cre;Ai14-175894.05.01.01,0.0699566446262405,0.0700045727867493,0.0649168539058017,0.0703805151815392,0.0655377940472853,496416835,496416837,496416839,496416841,496416843,0.0699566446262405,0.0700045727867493,0.0703805151815392,0.0655377940472853,0.0703805151815392,2,0,0,0,0,0,0,0,0
328535908,Sst-IRES-Cre;Ai14-175895.04.01.01,0.424483890914694,0.580670418907921,0.491059250155434,0.467010316864791,0.445473704992666,566286523,566286525,566286527,566286529,566286531,0.424483890914694,0.580670418907921,0.467010316864791,0.445473704992666,0.580670418907921,1,1,1,1,1,1,1,1,1
329224678,Sst-IRES-Cre;Ai14-177354.04.02.01,0.86501146323785,0.837907684126652,0.873078080457935,0.852339799368789,0.877940027054242,566287167,566287169,566287171,566287173,566287175,0.86501146323785,0.873078080457935,0.852339799368789,0.877940027054242,0.877940027054242,3,1,1,0,0,0,0,0,0
397353539,Nr5a1-Cre;Ai14-177834.03.02.01,0.706713379929118,0.729972051533859,0.680552450154604,0.694086689101455,0.763798966589348,566294374,566294376,566294378,566294380,566294382,0.706713379929118,0.729972051533859,0.694086689101455,0.763798966589348,0.763798966589348,3,3,3,3,3,3,3,1,1
422738880,Nr5a1-Cre;Ai14-178521.04.02.01,0.648164085940725,0.66413100787929,0.52019800053742,0.596143646499538,0.649174262443046,566293982,566293984,566293986,566293988,566293990,0.648164085940725,0.66413100787929,0.596143646499538,0.649174262443046,0.66413100787929,1,1,1,1,0,0,0,0,0
464079491,Scnn1a-Tg2-Cre;Ai14-178822.04.02.01,0.704669429122637,0.639191170541805,0.497563979847872,0.578024850346064,0.547905838106772,566294807,566294809,566294811,566294813,566294815,0.704669429122637,0.639191170541805,0.578024850346064,0.547905838106772,0.704669429122637,0,0,0,0,0,0,0,0,0
464188580,Htr3a-Cre_NO152;Ai14-178910.03.01.01,0.674068627391846,0.5710269045686,0.883015282454719,0.9058180910857,0.894416689172428,566295639,566295641,566295643,566295645,566295647,0.674068627391846,0.883015282454719,0.9058180910857,0.894416689172428,0.9058180910857,2,2,2,2,2,1,1,1,1
464212183,Sst-IRES-Cre;Ai14-165865.05.02.01,0.80202805121675,0.726597666216641,0.873057841536123,0.879145123810075,0.87414332769094,566292970,566292972,566292974,566292976,566292978,0.80202805121675,0.873057841536123,0.879145123810075,0.87414332769094,0.879145123810075,2,2,1,1,1,1,1,1,1
465924786,Nr5a1-Cre;Ai14-169250.06.02.01,0.694077058000859,0.652020508909894,0.758572033334824,0.757792852970087,0.758995544168175,566294651,566294653,566294655,566294658,566294660,0.694077058000859,0.758572033334824,0.757792852970087,0.758995544168175,0.758995544168175,3,1,1,1,1,1,1,1,1
467003163,Rorb-IRES2-Cre-D;Ai14-172652.02.02.01,0.705833593669252,0.622210105537511,0.876284202390628,0.873075102950483,0.873408196658646,566296618,566296620,566296622,566296624,566296626,0.705833593669252,0.876284202390628,0.873075102950483,0.873408196658646,0.876284202390628,1,1,1,1,1,1,1,1,1
468120757,Scnn1a-Tg3-Cre;Ai14-177297.05.02.01,0.767483199169849,0.701197077392755,0.720054333341381,0.732665408945307,0.763514279008678,566297684,566297686,566297688,566297690,566297692,0.767483199169849,0.720054333341381,0.732665408945307,0.763514279008678,0.767483199169849,0,0,0,0,0,0,0,0,0
469704261,Nr5a1-Cre;Ai14-177836.04.02.01,0.814038508512447,0.720707532908684,0.891923535502807,0.904823039076687,0.908968852352808,566297106,566297108,566297110,566297112,566297114,0.814038508512447,0.891923535502807,0.904823039076687,0.908968852352808,0.908968852352808,3,2,2,2,1,1,1,1,1
469720505,Nr5a1-Cre;Ai14-177838.03.01.01,0.636572120744626,0.63858851745335,0.543744213904269,0.658891277208586,0.646340522741932,566299524,566299526,566299528,566299530,566299532,0.636572120744626,0.63858851745335,0.658891277208586,0.646340522741932,0.658891277208586,2,2,2,2,2,0,0,0,0
469753383,Htr3a-Cre_NO152;Ai14-178904.04.01.01,0.614962910146169,0.529673808975437,0.826352144730832,0.821188560952204,0.820212175799142,566299918,566299920,566299922,566299924,566299926,0.614962910146169,0.826352144730832,0.821188560952204,0.820212175799142,0.826352144730832,1,1,1,1,1,1,1,1,1
469803127,Scnn1a-Tg3-Cre;Ai14-180215.05.02.01,0.670887138904949,0.738936429190334,0.662303182403654,0.624541063671311,0.573135122239308,566302806,566302808,566302810,566302812,566302814,0.670887138904949,0.738936429190334,0.624541063671311,0.573135122239308,0.738936429190334,1,1,1,1,1,1,1,1,1
469832490,Scnn1a-Tg3-Cre;Ai14-180215.02.01.01,0.578344993942325,0.533678102196462,0.589242783084874,0.603778811128007,0.608719205565834,566302633,566302636,566302638,566302640,566302643,0.578344993942325,0.589242783084874,0.603778811128007,0.608719205565834,0.608719205565834,3,2,2,2,1,1,1,0,0
470098860,Scnn1a-Tg3-Cre;Ai14-181566.04.01.01,0.697080295902961,0.641383195268262,0.537749902359218,0.699123517520634,0.706817500638985,566302725,566302727,566302729,566302732,566302734,0.697080295902961,0.641383195268262,0.699123517520634,0.706817500638985,0.706817500638985,3,3,0,0,0,0,0,0,0
471087830,Pvalb-IRES-Cre;Ai14-180634.04.01.01,0.965979358349771,0.938262591226588,0.97653744763795,0.97199538711075,0.969488104391449,566303365,566303367,566303369,566303372,566303374,0.965979358349771,0.97653744763795,0.97199538711075,0.969488104391449,0.97653744763795,1,1,1,0,0,0,0,0,0
471129934,Rbp4-Cre_KL100;Ai14-180747.06.01.01,0.730849159798455,0.671668002985516,0.809025190012144,0.80983064060105,0.79709791848914,566303774,566303776,566303778,566303780,566303783,0.730849159798455,0.809025190012144,0.80983064060105,0.79709791848914,0.80983064060105,2,1,1,1,1,1,1,1,1
471131311,Rbp4-Cre_KL100;Ai14-180747.04.02.01,0.766404025696221,0.706938298301612,0.71368491460739,0.758282719027027,0.77478179333994,566303188,566303190,566303192,566303194,566303196,0.766404025696221,0.71368491460739,0.758282719027027,0.77478179333994,0.77478179333994,3,3,0,0,0,0,0,0,0
471141261,Rbp4-Cre_KL100;Ai14-180747.02.01.01,0.807869940443763,0.461235566945023,0.703263424117576,0.756875464699041,0.797437856843994,566303007,566303010,566303013,566303016,566303019,0.807869940443763,0.703263424117576,0.756875464699041,0.797437856843994,0.807869940443763,0,0,0,0,0,0,0,0,0
471800189,Ntsr1-Cre;Ai14-181184.03.01.01,0.728768453172663,0.599226207955139,0.810678525309569,0.829207998471816,0.863570566118063,566304387,566304389,566304391,566304393,566304395,0.728768453172663,0.810678525309569,0.829207998471816,0.863570566118063,0.863570566118063,3,3,3,3,3,3,3,2,2
471819401,Ntsr1-Cre;Ai14-181184.02.02.01,0.770876260096672,0.659644929555254,0.801295547812745,0.843681899885439,0.871942141641244,566303328,566303330,566303332,566303334,566303336,0.770876260096672,0.801295547812745,0.843681899885439,0.871942141641244,0.871942141641244,3,3,3,3,3,3,2,2,2
473011949,Sst-IRES-Cre;Ai14-181378.04.02.01,0.630244944552465,0.622444373565252,0.780665584537503,0.642456727433131,0.657586750069045,566302446,566302448,566302450,566302452,566302454,0.630244944552465,0.780665584537503,0.642456727433131,0.657586750069045,0.780665584537503,1,1,1,1,1,1,1,1,1
473020156,Rorb-IRES2-Cre-D;Ai14-181710.05.02.01,0.639458882989526,0.708039958216898,0.701788785706704,0.717576170495445,0.726870129686238,566304488,566304490,566304492,566304494,566304496,0.639458882989526,0.708039958216898,0.717576170495445,0.726870129686238,0.726870129686238,3,3,2,2,1,1,1,1,1
473593847,Sst-IRES-Cre;Ai14-182533.02.02.01,0.804052241769743,0.735002152691815,0.831570112498082,0.778629056119222,0.790149488210672,566304106,566304108,566304110,566304112,566304114,0.804052241769743,0.831570112498082,0.778629056119222,0.790149488210672,0.831570112498082,1,1,1,1,1,1,0,0,0
473642382,Rorb-IRES2-Cre-D;Ai14-181715.02.01.01,0.70796895895865,0.676156931108952,0.774555494321671,0.795149765469912,0.799167400375396,566304879,566304881,566304883,566304885,566304887,0.70796895895865,0.774555494321671,0.795149765469912,0.799167400375396,0.799167400375396,3,2,2,2,2,1,1,1,1
473909767,Htr3a-Cre_NO152;Ai14-182492.05.01.01,0.625016590201723,0.589337600490321,0.761736342082239,0.736106077961128,0.781367973897985,566306246,566306248,566306250,566306252,566306254,0.625016590201723,0.761736342082239,0.736106077961128,0.781367973897985,0.781367973897985,3,3,3,3,1,1,1,1,1
473943881,Htr3a-Cre_NO152;Ai14-182494.05.01.01,0.688964567420777,0.49324985219079,0.904463674196075,0.897279368068468,0.901333442171861,566305790,566305792,566305794,566305796,566305798,0.688964567420777,0.904463674196075,0.897279368068468,0.901333442171861,0.904463674196075,1,1,1,1,1,1,1,1,1
474283475,Htr3a-Cre_NO152;Ai14-182497.04.01.01,0.811009152105134,0.741039521463662,0.82511008861376,0.904931633505613,0.910461939591426,566306086,566306088,566306090,566306092,566306094,0.811009152105134,0.82511008861376,0.904931633505613,0.910461939591426,0.910461939591426,3,3,2,2,2,2,2,2,2
474637203,Htr3a-Cre_NO152;Ai14-182004.03.02.01,0.754537498979975,0.551270339342715,0.947875783252394,0.951900389763704,0.952852445603313,566305852,566305854,566305856,566305858,566305860,0.754537498979975,0.947875783252394,0.951900389763704,0.952852445603313,0.952852445603313,3,1,1,1,1,1,1,1,1
474660482,Htr3a-Cre_NO152;Ai14-182004.06.01.01,-0.00491619723628172,-0.00494046948962944,-0.00437610935892477,-0.00426073353723495,0.0395699921119507,566305918,566305920,566305922,566305924,566305926,-0.00491619723628172,-0.00437610935892477,-0.00426073353723495,0.0395699921119507,0.0395699921119507,3,3,3,3,3,3,3,3,0
475057898,Sst-IRES-Cre;Ai14-183332.05.01.01,0.890318258576884,0.897322403478789,0.820358034881536,0.866682527767062,0.859415986969851,566306708,566306710,566306712,566306714,566306716,0.890318258576884,0.897322403478789,0.866682527767062,0.859415986969851,0.897322403478789,1,1,0,0,0,0,0,0,0
475400072,Rbp4-Cre_KL100;Ai14-184431.04.02.01,0.750796292393819,0.752326994192361,0.566238188449349,0.813438183529146,0.820082485366018,566306436,566306438,566306440,566306442,566306444,0.750796292393819,0.752326994192361,0.813438183529146,0.820082485366018,0.820082485366018,3,3,2,2,2,2,2,2,2
475517090,Sst-IRES-Cre;Ai14-184927.03.02.01,0.768807836745805,0.755089559169911,0.654348584654024,0.663199642469546,0.659753732341407,496421297,496421299,496421301,496421303,496421305,0.768807836745805,0.755089559169911,0.663199642469546,0.659753732341407,0.768807836745805,0,0,0,0,0,0,0,0,0
475542907,Sst-IRES-Cre;Ai14-184930.05.02.01,0.771039911773993,0.783782064139354,0.781968831547015,0.754517827585746,0.758223474036825,566306496,566306500,566306503,566306506,566306510,0.771039911773993,0.783782064139354,0.754517827585746,0.758223474036825,0.783782064139354,1,1,1,0,0,0,0,0,0
475580568,Sst-IRES-Cre;Ai14-186024.03.02.01,0.937428933645562,0.929645997322169,0.941737520327349,0.954368820036701,0.943273293288649,566306172,566306174,566306176,566306178,566306180,0.937428933645562,0.941737520327349,0.954368820036701,0.943273293288649,0.954368820036701,2,2,2,1,0,0,0,0,0
475585413,Htr3a-Cre_NO152;Ai14-185347.03.02.01,0.708195081803798,0.507921248210788,0.896097360123108,0.891733030746621,0.902670843429477,566307065,566307067,566307069,566307071,566307073,0.708195081803798,0.896097360123108,0.891733030746621,0.902670843429477,0.902670843429477,3,3,1,1,1,1,1,1,1
475586130,Htr3a-Cre_NO152;Ai14-185347.04.02.01,0.684792532827077,0.663014751833154,0.805969483686632,0.775546246472318,0.795936116696107,566307367,566307369,566307371,566307373,566307375,0.684792532827077,0.805969483686632,0.775546246472318,0.795936116696107,0.805969483686632,1,1,1,1,1,1,1,1,1
475619045,Htr3a-Cre_NO152;Ai14-185551.06.01.01,0.50159825044527,0.535808594765018,0.569898399392975,0.6300021904676,0.707743932416784,566307695,566307697,566307699,566307701,566307703,0.50159825044527,0.569898399392975,0.6300021904676,0.707743932416784,0.707743932416784,3,3,3,3,3,3,3,3,3
475622680,Htr3a-Cre_NO152;Ai14-185555.03.01.01,0.80250876315319,0.738653789372035,0.836278762891814,0.889013826636005,0.911534986864433,566308479,566308481,566308483,566308485,566308487,0.80250876315319,0.836278762891814,0.889013826636005,0.911534986864433,0.911534986864433,3,3,3,3,3,2,2,2,2
475622793,Htr3a-Cre_NO152;Ai14-185553.05.01.01,0.632904197743283,0.564614900755432,0.919828268834377,0.919030781660855,0.918344767021094,566309025,566309027,566309029,566309031,566309033,0.632904197743283,0.919828268834377,0.919030781660855,0.918344767021094,0.919828268834377,1,1,1,1,1,1,1,1,1
475625477,Htr3a-Cre_NO152;Ai14-185555.05.02.01,0.571585455712853,0.666460498555245,0.633700576927625,0.685064619193613,0.729928608069311,566309109,566309111,566309113,566309115,566309117,0.571585455712853,0.666460498555245,0.685064619193613,0.729928608069311,0.729928608069311,3,3,3,3,3,3,3,3,2
475740357,Htr3a-Cre_NO152;Ai14-185556.03.01.01,0.784319554569338,0.78400195994443,0.76047450215167,0.792762179609881,0.791750073732326,566308261,566308263,566308265,566308267,566308269,0.784319554569338,0.78400195994443,0.792762179609881,0.791750073732326,0.792762179609881,2,2,0,0,0,0,0,0,0
475838754,Nr5a1-Cre;Ai14-186566.06.02.01,0.74152849730943,0.707994672816317,0.802139802275005,0.802926071070356,0.833394061464292,566309288,566309290,566309292,566309294,566309296,0.74152849730943,0.802139802275005,0.802926071070356,0.833394061464292,0.833394061464292,3,3,3,3,3,3,3,1,1
475894121,Pvalb-IRES-Cre;Ai14-185566.04.01.01,0.936870206975598,0.837890572115211,0.9447642075115,0.956836600302295,0.956697652576769,566308615,566308617,566308619,566308621,566308623,0.936870206975598,0.9447642075115,0.956836600302295,0.956697652576769,0.956836600302295,2,2,2,1,0,0,0,0,0
475895240,Pvalb-IRES-Cre;Ai14-185567.02.02.01,0.953971080258958,0.870837468074608,0.955813621381706,0.953231849909883,0.949550785782702,566309209,566309211,566309213,566309215,566309217,0.953971080258958,0.955813621381706,0.953231849909883,0.949550785782702,0.955813621381706,1,0,0,0,0,0,0,0,0
476100382,Sst-IRES-Cre;Ai14-187425.04.01.01,0.731716826553458,0.744371341875791,0.682267474486189,0.69353194233118,0.698314333199365,566310588,566310590,566310592,566310594,566310596,0.731716826553458,0.744371341875791,0.69353194233118,0.698314333199365,0.744371341875791,1,1,1,0,0,0,0,0,0
476131588,Scnn1a-Tg3-Cre;Ai14-187849.06.02.01,0.488577597096919,0.572178971812945,0.412601469632935,0.369828264377399,0.400304190727662,566311993,566311995,566311997,566311999,566312001,0.488577597096919,0.572178971812945,0.369828264377399,0.400304190727662,0.572178971812945,1,1,1,1,1,1,1,1,1
476178907,Scnn1a-Tg3-Cre;Ai14-187850.04.01.01,0.657871839523932,0.677748503392804,0.577618382969348,0.64722507207765,0.64487018083728,566312135,566312138,566312142,566312144,566312147,0.657871839523932,0.677748503392804,0.64722507207765,0.64487018083728,0.677748503392804,1,1,1,1,0,0,0,0,0
476263004,Scnn1a-Tg3-Cre;Ai14-187854.03.02.01,0.709869577980224,0.609000192512284,0.889200838045628,0.848720383096665,0.878761100882781,566311753,566311755,566311757,566311759,566311761,0.709869577980224,0.889200838045628,0.848720383096665,0.878761100882781,0.889200838045628,1,1,1,1,1,1,1,1,1
476266853,Scnn1a-Tg3-Cre;Ai14-187854.03.01.01,0.706232413935987,0.629867038078137,0.806758572784535,0.813069244546508,0.820396187502917,566311688,566311690,566311692,566311694,566311696,0.706232413935987,0.806758572784535,0.813069244546508,0.820396187502917,0.820396187502917,3,3,2,1,1,1,1,1,1
476269122,Scnn1a-Tg3-Cre;Ai14-187854.05.01.01,0.619847509871396,0.630953963120758,0.539734101930761,0.656942156142521,0.62720887674041,566312476,566312478,566312480,566312482,566312484,0.619847509871396,0.630953963120758,0.656942156142521,0.62720887674041,0.656942156142521,2,2,2,2,2,2,1,0,0
476557750,Scnn1a-Tg3-Cre;Ai14-188323.03.02.01,0.646303587040518,0.626441426217299,0.691858206747484,0.740103134862625,0.742270266281468,566311548,566311550,566311552,566311554,566311556,0.646303587040518,0.691858206747484,0.740103134862625,0.742270266281468,0.742270266281468,3,2,2,2,2,2,2,2,2
476562817,Rorb-IRES2-Cre-D;Ai14-188705.03.01.01,0.841249851466587,0.837626304871179,0.84880767775926,0.849177514162012,0.848092502635999,566312411,566312413,566312415,566312417,566312419,0.841249851466587,0.84880767775926,0.849177514162012,0.848092502635999,0.849177514162012,2,1,0,0,0,0,0,0,0
476615310,Rorb-IRES2-Cre-D;Ai14-188709.05.01.01,0.629362848903624,0.498092402376406,0.641590097673375,0.64537818212168,0.648716620363386,566312715,566312717,566312719,566312721,566312723,0.629362848903624,0.641590097673375,0.64537818212168,0.648716620363386,0.648716620363386,3,2,1,1,0,0,0,0,0
476686112,Sst-IRES-Cre;Ai14-188740.03.02.01,0.755633395202927,0.753722673615358,0.730147814867633,0.683921565717005,0.759529312349704,566316598,566316600,566316602,566316604,566316606,0.755633395202927,0.753722673615358,0.683921565717005,0.759529312349704,0.759529312349704,3,0,0,0,0,0,0,0,0
476753465,Sst-IRES-Cre;Ai14-188742.04.02.01,0.887782598937552,0.885940252998892,0.830756478743994,0.903346729430971,0.904567546244807,566316513,566316515,566316517,566316519,566316521,0.887782598937552,0.885940252998892,0.903346729430971,0.904567546244807,0.904567546244807,3,2,2,2,0,0,0,0,0
477135941,Slc17a6-IRES-Cre;Ai14-190263.06.01.01,0.79196101887073,0.754725628817067,0.565246271028113,0.650638753003894,0.697589868966112,566320492,566320494,566320496,566320498,566320500,0.79196101887073,0.754725628817067,0.650638753003894,0.697589868966112,0.79196101887073,0,0,0,0,0,0,0,0,0
477490421,Pvalb-IRES-Cre;Ai14-196303.05.01.01,0.976137929779475,0.957830281473599,0.983005736759717,0.986816570411528,0.985484171003716,566320776,566320778,566320780,566320782,566320784,0.976137929779475,0.983005736759717,0.986816570411528,0.985484171003716,0.986816570411528,2,1,1,0,0,0,0,0,0
477879512,Htr3a-Cre_NO152;Ai14-191534.02.02.01,0.66730814661786,0.637829455949876,0.923169138930601,0.908449604496313,0.908259234406446,566349887,566349889,566349891,566349893,566349895,0.66730814661786,0.923169138930601,0.908449604496313,0.908259234406446,0.923169138930601,1,1,1,1,1,1,1,1,1
477880128,Htr3a-Cre_NO152;Ai14-191534.04.01.01,0.750066908233264,0.751252102558391,0.769501001125746,0.761830209753617,0.765948163576125,566351895,566351898,566351901,566351904,566351906,0.750066908233264,0.769501001125746,0.761830209753617,0.765948163576125,0.769501001125746,1,1,1,1,0,0,0,0,0
477991293,Htr3a-Cre_NO152;Ai14-191528.05.01.01,0.739844527167479,0.651638058472089,0.920708440687999,0.927536154645845,0.922612429083227,489916975,489916977,489916979,489916981,489916983,0.739844527167479,0.920708440687999,0.927536154645845,0.922612429083227,0.927536154645845,2,2,1,1,1,1,1,1,1
478058328,Pvalb-IRES-Cre;Ai14-191322.04.02.01,0.924162184530256,0.892066953468587,0.975680487475253,0.978825301362236,0.978813572750808,566357254,566357256,566357258,566357260,566357262,0.924162184530256,0.975680487475253,0.978825301362236,0.978813572750808,0.978825301362236,2,1,1,1,1,1,1,1,1
478107198,Htr3a-Cre_NO152;Ai14-192819.04.02.01,0.582371000318304,0.538399284551098,0.687456050444263,0.756278475788109,0.755180529055481,566357893,566357895,566357897,566357899,566357901,0.582371000318304,0.687456050444263,0.756278475788109,0.755180529055481,0.756278475788109,2,2,2,2,2,2,2,2,2
478396248,Sst-IRES-Cre;Ai14-192340.03.01.01,0.571897241169162,0.826551055493315,0.516964448509542,0.814595011408903,0.813544208544967,566366775,566366777,566366779,566366781,566366783,0.571897241169162,0.826551055493315,0.814595011408903,0.813544208544967,0.826551055493315,1,1,1,1,1,1,1,1,1
478412623,Sst-IRES-Cre;Ai14-192340.04.02.01,0.513921589476013,0.451770659037586,0.582212142128432,0.491560696211658,0.484771941925297,566367581,566367583,566367585,566367587,566367589,0.513921589476013,0.582212142128432,0.491560696211658,0.484771941925297,0.582212142128432,1,1,1,1,1,1,1,1,1
478439166,Nr5a1-Cre;Ai14-192789.05.02.01,0.723193532614561,0.704859270216411,0.758263080380074,0.753534296892886,0.781607443145471,566369762,566369764,566369766,566369768,566369770,0.723193532614561,0.758263080380074,0.753534296892886,0.781607443145471,0.781607443145471,3,3,3,3,3,1,1,1,1
478447600,Nr5a1-Cre;Ai14-192789.03.01.01,0.680454260858006,0.714633443710795,0.715465203953217,0.725571594328689,0.768545086830956,566371228,566371230,566371232,566371234,566371236,0.680454260858006,0.715465203953217,0.725571594328689,0.768545086830956,0.768545086830956,3,3,3,3,3,3,3,3,2
478498617,Rorb-IRES2-Cre-D;Ai14-192794.03.01.01,0.558611632265765,0.652243594303579,0.672859627396838,0.662744079136909,0.681925927155212,566373461,566373463,566373465,566373467,566373469,0.558611632265765,0.672859627396838,0.662744079136909,0.681925927155212,0.681925927155212,3,3,1,1,1,1,1,1,1
478716304,Sst-IRES-Cre;Ai14-192337.03.02.01,0.754399993499483,0.716552609962788,0.699849024741365,0.764083896838723,0.759565156961027,566377335,566377337,566377339,566377341,566377343,0.754399993499483,0.716552609962788,0.764083896838723,0.759565156961027,0.764083896838723,2,2,0,0,0,0,0,0,0
478793814,Pvalb-IRES-Cre;Ai14-195045.05.02.01,0.876142488813092,0.866202359694824,0.907489641426623,0.953547544435439,0.951909367076971,566378905,566378907,566378909,566378911,566378913,0.876142488813092,0.907489641426623,0.953547544435439,0.951909367076971,0.953547544435439,2,2,2,2,2,2,2,2,1
478828646,Pvalb-IRES-Cre;Ai14-195049.06.01.01,0.0121924164126739,0.0104869893631761,-0.00453969136008262,-0.0102935645830079,-0.0205619726129267,566381429,566381431,566381433,566381435,566381437,0.0121924164126739,0.0104869893631761,-0.0102935645830079,-0.0205619726129267,0.0121924164126739,0,0,0,0,0,0,0,0,0
478888083,Scnn1a-Tg2-Cre;Ai14-193643.04.01.01,0.79432261367544,0.826309650136257,0.655475526807032,0.749224074693878,0.765100778944649,566382732,566382734,566382736,566382738,566382740,0.79432261367544,0.826309650136257,0.749224074693878,0.765100778944649,0.826309650136257,1,1,1,1,1,1,1,0,0
478947222,Pvalb-IRES-Cre;Ai14-195051.06.02.01,-0.0159980275912199,-0.0178541393742857,-0.0196695573271643,-0.0204741469667293,-0.0204333657772308,566385037,566385039,566385041,566385043,566385045,-0.0159980275912199,-0.0178541393742857,-0.0204741469667293,-0.0204333657772308,-0.0159980275912199,0,0,0,0,0,0,0,0,0
478949560,Pvalb-IRES-Cre;Ai14-195051.04.02.01,0.923180809217247,0.928537952668342,0.92944059123499,0.92695726232684,0.923677919312291,566387636,566387640,566387642,566387644,566387646,0.923180809217247,0.92944059123499,0.92695726232684,0.923677919312291,0.92944059123499,1,1,0,0,0,0,0,0,0
478958894,Pvalb-IRES-Cre;Ai14-195051.06.01.01,0.955867954257143,0.912231604598571,0.973188133614132,0.976371798017224,0.973933136334609,566388480,566388482,566388484,566388486,566388488,0.955867954257143,0.973188133614132,0.976371798017224,0.973933136334609,0.976371798017224,2,1,1,1,1,0,0,0,0
479179020,Rorb-IRES2-Cre-D;Ai14-194017.03.01.01,0.679772067267852,0.706467740730033,0.758271215777737,0.787130211641686,0.771876112798758,480051200,480051202,480051204,480051206,480051208,0.679772067267852,0.758271215777737,0.787130211641686,0.771876112798758,0.787130211641686,2,2,2,2,2,2,1,1,1
479220013,Htr3a-Cre_NO152;Ai14-195039.04.02.01,0.700617351603107,0.634928547655728,0.897081137177094,0.852505574338473,0.839640586268983,566391268,566391270,566391272,566391274,566391276,0.700617351603107,0.897081137177094,0.852505574338473,0.839640586268983,0.897081137177094,1,1,1,1,1,1,1,1,1
479225080,Rorb-IRES2-Cre-D;Ai14-187416.04.01.01,0.572843553948979,0.651274348097384,0.511196097660094,0.552510099912891,0.553877999265024,491766895,491766897,491766899,491766901,491766903,0.572843553948979,0.651274348097384,0.552510099912891,0.553877999265024,0.651274348097384,1,1,1,1,1,1,1,1,1
479225294,Rorb-IRES2-Cre-D;Ai14-194017.03.02.01,0.618875660988366,0.64378344118929,0.579121645123708,0.693680436291548,0.69464297027822,480051151,480051153,480051155,480051157,480051159,0.618875660988366,0.64378344118929,0.693680436291548,0.69464297027822,0.69464297027822,3,2,2,2,2,2,2,2,2
479415457,Scnn1a-Tg3-Cre;Ai14-195190.02.02.01,0.646767559688845,0.731005992789999,0.585979119058669,0.624550688192526,0.640725318731241,566393020,566393022,566393024,566393026,566393028,0.646767559688845,0.731005992789999,0.624550688192526,0.640725318731241,0.731005992789999,1,1,1,1,1,1,1,1,1
479492633,Rorb-IRES2-Cre-D;Ai14-196662.05.02.01,0.565292997341218,0.747332666401248,0.525397753029394,0.657646862146672,0.723526434740373,481101895,481101897,481101899,481101901,481101903,0.565292997341218,0.747332666401248,0.657646862146672,0.723526434740373,0.747332666401248,1,1,1,1,1,1,1,1,1
479492800,Rorb-IRES2-Cre-D;Ai14-196662.06.01.01,0.575390269598777,0.543813170181605,0.672290245961283,0.519373744343143,0.553712036020003,480068523,480068525,480068527,480068529,480068532,0.575390269598777,0.672290245961283,0.519373744343143,0.553712036020003,0.672290245961283,1,1,1,1,1,1,1,1,1
479508018,Rorb-IRES2-Cre-D;Ai14-196662.03.01.01,0.74148796751094,0.719441684521569,0.772669354878466,0.774301749731553,0.776090948072924,480070786,480070788,480070790,480070793,480070795,0.74148796751094,0.772669354878466,0.774301749731553,0.776090948072924,0.776090948072924,3,1,1,1,1,1,1,0,0
479721491,Rbp4-Cre_KL100;Ai14-196624.05.02.01,0.72174357829877,0.691012727050691,0.559557400678742,0.75539307832143,0.787418667476199,482520355,482520357,482520359,482520361,482520363,0.72174357829877,0.691012727050691,0.75539307832143,0.787418667476199,0.787418667476199,3,3,3,3,3,3,3,2,2
479722622,Rbp4-Cre_KL100;Ai14-196624.04.01.01,0.578769173949898,0.606195602948639,0.515925459597545,0.531169876600694,0.603343488705412,482520472,482520474,482520476,482520478,482520480,0.578769173949898,0.606195602948639,0.531169876600694,0.603343488705412,0.606195602948639,1,1,1,1,1,1,0,0,0
479728896,Rbp4-Cre_KL100;Ai14-196624.06.02.01,0.577730740465215,0.651002009899745,0.609895722494087,0.69833072364244,0.667171392702876,482525583,482525585,482525587,482525589,482525591,0.577730740465215,0.651002009899745,0.69833072364244,0.667171392702876,0.69833072364244,2,2,2,2,2,2,2,2,1
479766169,Rorb-IRES2-Cre-D;Ai14-196663.06.01.01,0.708780821452169,0.612797854953917,0.833906931407731,0.746808042257729,0.869053601222248,482578587,482578589,482578591,482578593,482578595,0.708780821452169,0.833906931407731,0.746808042257729,0.869053601222248,0.869053601222248,3,3,3,3,3,3,3,1,1
479770916,Rorb-IRES2-Cre-D;Ai14-196664.06.02.01,0.763166345581705,0.625932036467859,0.685024624034556,0.735106625981081,0.737556119925196,482525249,482525251,482525253,482525255,482525257,0.763166345581705,0.685024624034556,0.735106625981081,0.737556119925196,0.763166345581705,0,0,0,0,0,0,0,0,0
480087928,Rorb-IRES2-Cre-D;Ai14-197330.06.01.01,0.657500761768645,0.676669083947772,0.490477163230684,0.469230044699638,0.461591565887322,482583549,482583551,482583553,482583555,482583557,0.657500761768645,0.676669083947772,0.469230044699638,0.461591565887322,0.676669083947772,1,1,1,1,0,0,0,0,0
480090260,Rorb-IRES2-Cre-D;Ai14-197331.02.01.01,0.678032754923417,0.619194244467761,0.624069213355951,0.570632348193764,0.609478984029676,482655179,482655181,482655183,482655185,482655187,0.678032754923417,0.624069213355951,0.570632348193764,0.609478984029676,0.678032754923417,0,0,0,0,0,0,0,0,0
480169178,Rorb-IRES2-Cre-D;Ai14-197353.06.02.01,0.656921725944854,0.77469970884218,0.771686125848004,0.767298220215538,0.806271764337862,482657513,482657515,482657517,482657519,482657521,0.656921725944854,0.77469970884218,0.767298220215538,0.806271764337862,0.806271764337862,3,3,3,3,3,3,3,1,1
480169202,Rorb-IRES2-Cre-D;Ai14-197353.03.02.01,0.846046639550874,0.700873065752767,0.768137151168563,0.846724539660069,0.83940003405236,490150672,490150674,490150676,490150678,490150680,0.846046639550874,0.768137151168563,0.846724539660069,0.83940003405236,0.846724539660069,2,0,0,0,0,0,0,0,0
480171386,Rorb-IRES2-Cre-D;Ai14-197356.04.01.01,0.694786785010905,0.722972995976181,0.575335340116756,0.515578408939399,0.597399566564229,483108786,483108788,483108790,483108792,483108794,0.694786785010905,0.722972995976181,0.515578408939399,0.597399566564229,0.722972995976181,1,1,1,1,1,1,0,0,0
480268803,Rorb-IRES2-Cre-D;Ai14-197850.05.01.01,0.634710570218431,0.689954183634096,0.620202577108619,0.692130727736535,0.709150026755318,483148188,483148190,483148192,483148194,483148196,0.634710570218431,0.689954183634096,0.692130727736535,0.709150026755318,0.709150026755318,3,3,3,3,1,1,1,1,1
480273887,Rorb-IRES2-Cre-D;Ai14-197850.03.01.01,0.574946680196764,0.572252703829009,0.353588861746983,0.510508473318596,0.504587538715054,483108917,483108919,483108921,483108923,483108925,0.574946680196764,0.572252703829009,0.510508473318596,0.504587538715054,0.574946680196764,0,0,0,0,0,0,0,0,0
480351780,Rorb-IRES2-Cre-D;Ai14-197851.04.01.01,0.470080165016039,0.585285211886889,0.521399490889012,0.513174569120562,0.525316189447367,482529681,482529683,482529685,482529687,482529689,0.470080165016039,0.585285211886889,0.513174569120562,0.525316189447367,0.585285211886889,1,1,1,1,1,1,1,1,1
480353286,Rorb-IRES2-Cre-D;Ai14-197851.05.02.01,0.575601360378573,0.580445088201551,0.480227563166043,0.575633564996172,0.523538410711047,483109042,483109044,483109046,483109048,483109050,0.575601360378573,0.580445088201551,0.575633564996172,0.523538410711047,0.580445088201551,1,0,0,0,0,0,0,0,0
480364000,Scnn1a-Tg2-Cre;Ai14-197819.04.01.01,0.414620863871058,0.545180434092583,0.356997433983559,0.396458777808173,0.428448762752308,485467471,485467473,485467475,485467477,485467479,0.414620863871058,0.545180434092583,0.396458777808173,0.428448762752308,0.545180434092583,1,1,1,1,1,1,1,1,1
480643417,Rorb-IRES2-Cre-D;Ai14-197711.03.02.01,0.766822924063224,0.771629746559175,0.759389772534823,0.747457753343838,0.767414786617725,483147619,483147621,483147623,483147625,483147627,0.766822924063224,0.771629746559175,0.747457753343838,0.767414786617725,0.771629746559175,1,0,0,0,0,0,0,0,0
480647923,Scnn1a-Tg2-Cre;Ai14-197822.03.01.01,0.357586629381557,0.480723605601854,0.242615255143344,0.348345719852228,0.347882770364128,483108631,483108633,483108635,483108637,483108639,0.357586629381557,0.480723605601854,0.348345719852228,0.347882770364128,0.480723605601854,1,1,1,1,1,1,1,1,1
480999763,Htr3a-Cre_NO152;Ai14-198254.04.01.01,0.834127336400519,0.810262800350859,0.832589386894864,0.87028537594385,0.871590588737178,485472340,485472342,485472344,485472346,485472348,0.834127336400519,0.832589386894864,0.87028537594385,0.871590588737178,0.871590588737178,3,2,2,2,2,2,2,0,0
481003593,Htr3a-Cre_NO152;Ai14-198254.04.02.01,0.788224061510106,0.733938210303385,0.894044354961138,0.914042304536874,0.909644317427966,483066449,483066451,483066453,483066455,483066457,0.788224061510106,0.894044354961138,0.914042304536874,0.909644317427966,0.914042304536874,2,2,2,2,1,1,1,1,1
481003643,Htr3a-Cre_NO152;Ai14-198254.05.01.01,0.710134495390648,0.676582227140485,0.881388728428991,0.88964915750103,0.862161397279809,485472481,485472483,485472485,485472487,485472489,0.710134495390648,0.881388728428991,0.88964915750103,0.862161397279809,0.88964915750103,2,2,1,1,1,1,1,1,1
481018305,Pvalb-IRES-Cre;Ai14-198334.05.01.01,0.935486914369491,0.88504515214785,0.964779495415037,0.969674940050553,0.968251565916592,491766408,491766410,491766412,491766414,491766416,0.935486914369491,0.964779495415037,0.969674940050553,0.968251565916592,0.969674940050553,2,1,1,1,1,1,1,0,0
481127173,Pvalb-IRES-Cre;Ai14-199002.04.02.01,0.944862297646819,0.894669004934353,0.970692905005722,0.970892800355567,0.968045736352499,485475983,485475985,485475987,485475989,485475991,0.944862297646819,0.970692905005722,0.970892800355567,0.968045736352499,0.970892800355567,2,1,1,1,1,1,0,0,0
481136214,Htr3a-Cre_NO152;Ai14-200434.04.02.01,0.714163054703297,0.612201694245993,0.915370670352573,0.926433457121326,0.930005054413451,483151556,483151558,483151560,483151562,483151564,0.714163054703297,0.915370670352573,0.926433457121326,0.930005054413451,0.930005054413451,3,2,2,1,1,1,1,1,1
482516216,Htr3a-Cre_NO152;Ai14-200441.05.01.01,0.72717266411838,0.741817979020632,0.841176903879932,0.832891187471661,0.850622356923764,483106840,483106842,483106844,483106846,483106848,0.72717266411838,0.841176903879932,0.832891187471661,0.850622356923764,0.850622356923764,3,3,1,1,1,1,1,1,1
482516631,Pvalb-IRES-Cre;Ai14-199001.06.02.01,0.43371023472997,0.460227933691334,0.5617157850572,0.588424307593773,0.60856920104259,485479590,485479592,485479594,485479596,485479598,0.43371023472997,0.5617157850572,0.588424307593773,0.60856920104259,0.60856920104259,3,3,3,3,3,2,2,2,1
482654108,Htr3a-Cre_NO152;Ai14-200442.06.01.01,0.699216882948535,0.574729354692928,0.928516814323702,0.926045646113292,0.927431270697955,484625813,484625815,484625817,484625819,484625821,0.699216882948535,0.928516814323702,0.926045646113292,0.927431270697955,0.928516814323702,1,1,1,1,1,1,1,1,1
482690728,Sst-IRES-Cre;Ai14-199390.05.01.01,0.935669929582252,0.919631698993532,0.933308948812067,0.945145842588319,0.947432480253041,484628261,484628263,484628265,484628267,484628269,0.935669929582252,0.933308948812067,0.945145842588319,0.947432480253041,0.947432480253041,3,2,2,0,0,0,0,0,0
482726727,Nr5a1-Cre;Ai14-199362.05.01.01,0.612236059555667,0.683150346474462,0.500690745199918,0.70029699375911,0.720792557547951,484629169,484629171,484629173,484629175,484629177,0.612236059555667,0.683150346474462,0.70029699375911,0.720792557547951,0.720792557547951,3,3,3,3,3,2,2,1,1
482764620,Htr3a-Cre_NO152;Ai14-200456.05.01.01,0.448968897919776,0.451027926426479,0.540500512374929,0.541789740810958,0.606085757520355,484631918,484631920,484631922,484631924,484631926,0.448968897919776,0.540500512374929,0.541789740810958,0.606085757520355,0.606085757520355,3,3,3,3,3,3,3,3,3
482772037,Htr3a-Cre_NO152;Ai14-200456.03.02.01,0.837221245668731,0.778840902084705,0.916869033808529,0.919799973210757,0.91950637202938,484633254,484633256,484633258,484633260,484633262,0.837221245668731,0.916869033808529,0.919799973210757,0.91950637202938,0.919799973210757,2,1,1,1,1,1,1,1,1
482773968,Htr3a-Cre_NO152;Ai14-200456.06.02.01,0.630596712994802,0.410541618642556,0.794050380016099,0.782441154653156,0.78236100846146,484633284,484633286,484633288,484633290,484633292,0.630596712994802,0.794050380016099,0.782441154653156,0.78236100846146,0.794050380016099,1,1,1,1,1,1,1,1,1
482809953,Nr5a1-Cre;Ai14-199363.02.02.01,0.659671114882999,0.620721061525918,0.60260527678329,0.63207750712104,0.67773240963346,485504488,485504490,485504492,485504494,485504496,0.659671114882999,0.620721061525918,0.63207750712104,0.67773240963346,0.67773240963346,3,3,3,3,0,0,0,0,0
483020137,Nr5a1-Cre;Ai14-199361.04.02.01,0.701689004179396,0.616969599258244,0.837910421596672,0.824590254751058,0.840988008781616,485507720,485507722,485507724,485507726,485507728,0.701689004179396,0.837910421596672,0.824590254751058,0.840988008781616,0.840988008781616,3,1,1,1,1,1,1,1,1
483083617,Sst-IRES-Cre;Ai14-197619.04.01.01,0.710315654799517,0.737461663380043,0.599765283951709,0.653998343805635,0.62575811290722,491766942,491766944,491766946,491766948,491766950,0.710315654799517,0.737461663380043,0.653998343805635,0.62575811290722,0.737461663380043,1,1,1,1,1,1,0,0,0
483101699,Cux2-CreERT2;Ai14-198018.04.01.01,0.59818562885119,0.556146426024861,0.661178060066722,0.705371279272422,0.704816686338888,485513169,485513171,485513173,485513175,485513177,0.59818562885119,0.661178060066722,0.705371279272422,0.704816686338888,0.705371279272422,2,2,2,2,2,2,2,2,1
484457747,Rorb-IRES2-Cre-D;Ai14-206023.02.02.01,0.793015133119042,0.803174008699555,0.812837018506616,0.804932892619925,0.808645298913688,485590914,485590916,485590918,485590920,485590922,0.793015133119042,0.812837018506616,0.804932892619925,0.808645298913688,0.812837018506616,1,1,1,1,0,0,0,0,0
484515166,Cux2-CreERT2;Ai14-198019.05.01.01,0.741322513221001,0.619543486866978,0.885247910003851,0.873361008742597,0.873106836913641,485591680,485591682,485591684,485591686,485591688,0.741322513221001,0.885247910003851,0.873361008742597,0.873106836913641,0.885247910003851,1,1,1,1,1,1,1,1,1
484635029,Pvalb-IRES-Cre;Ai14-201791.05.01.01,0.93089969985169,0.909263486372273,0.975321940357799,0.972898814208301,0.970940470915453,485602014,485602016,485602018,485602020,485602022,0.93089969985169,0.975321940357799,0.972898814208301,0.970940470915453,0.975321940357799,1,1,1,1,1,1,1,1,0
484679812,Rorb-IRES2-Cre-D;Ai14-201967.03.01.01,0.777578424059579,0.702136027027956,0.70786372893082,0.799028154336752,0.810941670828687,485909110,485909112,485909114,485909116,485909118,0.777578424059579,0.70786372893082,0.799028154336752,0.810941670828687,0.810941670828687,3,3,3,2,2,2,2,0,0
484737013,Scnn1a-Tg2-Cre;Ai14-200711.06.01.01,0.665252748549365,0.715304069074899,0.637259378365384,0.644091295379628,0.710381303798676,485610756,485610758,485610760,485610762,485610764,0.665252748549365,0.715304069074899,0.644091295379628,0.710381303798676,0.715304069074899,1,1,1,1,1,1,1,1,1
484742372,Pvalb-IRES-Cre;Ai14-201773.04.01.01,0.929024326399378,0.870979463808057,0.96037658329043,0.964511712171922,0.963430065210898,485611899,485611901,485611903,485611905,485611907,0.929024326399378,0.96037658329043,0.964511712171922,0.963430065210898,0.964511712171922,2,1,1,1,1,1,1,0,0
485245025,Pvalb-IRES-Cre;Ai14-202473.06.01.01,0.874703883147636,0.84834451325381,0.949204234268544,0.962140886983841,0.961772725128409,485716701,485716703,485716705,485716707,485716709,0.874703883147636,0.949204234268544,0.962140886983841,0.961772725128409,0.962140886983841,2,2,2,1,1,1,1,1,1
485287944,Ntsr1-Cre;Ai14-201393.03.02.01,0.701979350405495,0.605659544266998,0.810488628408055,0.876469995309136,0.867894217715088,566402725,566402727,566402729,566402731,566402733,0.701979350405495,0.810488628408055,0.876469995309136,0.867894217715088,0.876469995309136,2,2,2,2,2,2,2,2,2
485339983,Ntsr1-Cre;Ai14-201393.04.02.01,0.726419402382836,0.649950598953944,0.692196699949901,0.754835825616386,0.800644276973537,566404794,566404796,566404798,566404800,566404802,0.726419402382836,0.692196699949901,0.754835825616386,0.800644276973537,0.800644276973537,3,3,3,3,3,3,3,3,2
485455285,Sst-IRES-Cre;Ai14-202729.02.02.01,0.730889381313773,0.818818322890064,0.854891675846946,0.876218502016555,0.870142423333805,485720547,485720549,485720551,485720553,485720555,0.730889381313773,0.854891675846946,0.876218502016555,0.870142423333805,0.876218502016555,2,2,2,2,2,1,1,1,1
485466109,Sst-IRES-Cre;Ai14-202729.03.02.01,0.872443121898975,0.878736648551434,0.924729056620708,0.940316346691455,0.940405715763963,485720601,485720603,485720605,485720607,485720609,0.872443121898975,0.924729056620708,0.940316346691455,0.940405715763963,0.940405715763963,3,2,2,2,1,1,1,1,1
485468180,Nr5a1-Cre;Ai14-202954.03.01.01,0.821802851228942,0.750574500082117,0.806758034020708,0.798702964913048,0.803632818882741,485720572,485720574,485720576,485720578,485720580,0.821802851228942,0.806758034020708,0.798702964913048,0.803632818882741,0.821802851228942,0,0,0,0,0,0,0,0,0
485570335,Nr5a1-Cre;Ai14-202961.04.02.01,0.577477041999692,0.6419916929826,0.504453784823692,0.631780799497661,0.692403647751662,486052315,486052317,486052319,486052321,486052323,0.577477041999692,0.6419916929826,0.631780799497661,0.692403647751662,0.692403647751662,3,3,3,3,3,3,3,3,3
485570372,Nr5a1-Cre;Ai14-202961.03.02.01,0.639850812084081,0.683803134506207,0.611260066680417,0.725808470004546,0.714347905817183,486052338,486052340,486052342,486052344,486052346,0.639850812084081,0.683803134506207,0.725808470004546,0.714347905817183,0.725808470004546,2,2,2,2,2,2,2,2,1
485574721,Rbp4-Cre_KL100;Ai14-203498.04.01.01,0.669648860890379,0.600902951262875,0.487073099398698,0.553759256075055,0.625120323303997,486052420,486052422,486052424,486052426,486052428,0.669648860890379,0.600902951262875,0.553759256075055,0.625120323303997,0.669648860890379,0,0,0,0,0,0,0,0,0
485574832,Rbp4-Cre_KL100;Ai14-203498.04.02.01,0.853404981791349,0.689174947023792,0.800386054882965,0.866544721290672,0.8807637970532,486052397,486052399,486052401,486052403,486052405,0.853404981791349,0.800386054882965,0.866544721290672,0.8807637970532,0.8807637970532,3,3,3,2,2,2,0,0,0
485577686,Rbp4-Cre_KL100;Ai14-203498.02.01.01,0.684569741072946,0.641109152489893,0.711227968201555,0.75911870402026,0.757144694767978,486051869,486051871,486051873,486051875,486051877,0.684569741072946,0.711227968201555,0.75911870402026,0.757144694767978,0.75911870402026,2,2,2,2,2,2,2,2,1
485578197,Rbp4-Cre_KL100;Ai14-203498.05.01.01,0.677284250717423,0.593515089304775,0.712977982123066,0.777865024633393,0.761067691544874,486051897,486051899,486051901,486051903,486051905,0.677284250717423,0.712977982123066,0.777865024633393,0.761067691544874,0.777865024633393,2,2,2,2,2,2,2,2,2
485579168,Rbp4-Cre_KL100;Ai14-203498.03.02.01,0.681164799338152,0.711068867427504,0.597770528786288,0.696882169452465,0.731308283923743,486051925,486051927,486051929,486051931,486051933,0.681164799338152,0.711068867427504,0.696882169452465,0.731308283923743,0.731308283923743,3,3,3,3,3,1,1,1,1
485608017,Rbp4-Cre_KL100;Ai14-203503.04.02.01,0.733185920793432,0.693295078228022,0.80414227959014,0.812550390670639,0.838022512940441,486052023,486052025,486052027,486052029,486052031,0.733185920793432,0.80414227959014,0.812550390670639,0.838022512940441,0.838022512940441,3,3,3,3,3,3,2,1,1
485835016,Rbp4-Cre_KL100;Ai14-204744.03.02.01,0.636600504726765,0.547534079913768,0.645164405499628,0.686231392169747,0.710283660326575,486508719,486508721,486508723,486508725,486508727,0.636600504726765,0.645164405499628,0.686231392169747,0.710283660326575,0.710283660326575,3,3,3,3,3,2,2,2,2
485837504,Rorb-IRES2-Cre-D;Ai14-204764.03.02.01,0.620244385683473,0.656796781053128,0.547923035149266,0.70630370301871,0.6797553062922,486508687,486508689,486508691,486508693,486508695,0.620244385683473,0.656796781053128,0.70630370301871,0.6797553062922,0.70630370301871,2,2,2,2,2,2,2,2,1
485838981,Rbp4-Cre_KL100;Ai14-204744.04.02.01,0.836604559588856,0.683767826519944,0.756986100608588,0.84509357278396,0.855827854450398,486508774,486508776,486508778,486508780,486508782,0.836604559588856,0.756986100608588,0.84509357278396,0.855827854450398,0.855827854450398,3,3,3,2,0,0,0,0,0
485880739,Rbp4-Cre_KL100;Ai14-204745.05.01.01,0.663878546139766,0.583704562182994,0.543825874851786,0.699638162532415,0.629003039076527,486508995,486508997,486508999,486509001,486509003,0.663878546139766,0.583704562182994,0.699638162532415,0.629003039076527,0.699638162532415,2,2,2,2,2,2,2,0,0
485884503,Rorb-IRES2-Cre-D;Ai14-204765.03.01.01,0.726828697810191,0.699953983428546,0.675912431884086,0.711592184659737,0.717331135384231,486509273,486509275,486509277,486509279,486509281,0.726828697810191,0.699953983428546,0.711592184659737,0.717331135384231,0.726828697810191,0,0,0,0,0,0,0,0,0
485905411,Ntsr1-Cre;Ai14-204779.03.01.01,0.611614366145254,0.545213670759091,0.772040657972598,0.775716720981523,0.778242368683273,566406130,566406132,566406134,566406136,566406138,0.611614366145254,0.772040657972598,0.775716720981523,0.778242368683273,0.778242368683273,3,2,1,1,1,1,1,1,1
485931158,Rorb-IRES2-Cre-D;Ai14-204766.03.02.01,0.675838414502322,0.682875288567054,0.672580479905342,0.743199404583953,0.763813477614702,486509943,486509945,486509947,486509949,486509951,0.675838414502322,0.682875288567054,0.743199404583953,0.763813477614702,0.763813477614702,3,3,3,3,3,2,2,2,2
485938494,Ntsr1-Cre;Ai14-204781.04.01.01,0.796044059740521,0.524316454783196,0.898359656675424,0.879704868046381,0.925456254132713,566408289,566408291,566408293,566408295,566408297,0.796044059740521,0.898359656675424,0.879704868046381,0.925456254132713,0.925456254132713,3,3,3,3,3,3,1,1,1
485955227,Cux2-CreERT2;Ai14-205049.02.01.01,0.673803291409416,0.668664401993056,0.576039699034693,0.682093333465033,0.671972222062592,486512828,486512830,486512832,486512834,486512836,0.673803291409416,0.668664401993056,0.682093333465033,0.671972222062592,0.682093333465033,2,2,0,0,0,0,0,0,0
485958978,Cux2-CreERT2;Ai14-205053.03.02.01,0.71902293426404,0.611904041405905,0.758394295146226,0.778504633333199,0.756840163497825,486512799,486512801,486512803,486512805,486512807,0.71902293426404,0.758394295146226,0.778504633333199,0.756840163497825,0.778504633333199,2,2,2,2,2,1,1,1,1
486029942,Cux2-CreERT2;Ai14-205215.05.01.01,0.653851102180086,0.680860285721081,0.638682227906879,0.659003493840287,0.723402253490098,486554023,486554025,486554027,486554029,486554031,0.653851102180086,0.680860285721081,0.659003493840287,0.723402253490098,0.723402253490098,3,3,3,3,3,3,3,3,1
486052980,Rbp4-Cre_KL100;Ai14-205726.03.02.01,0.781873483548445,0.742674505108907,0.618614694011725,0.718273308078909,0.706637826031345,486556582,486556584,486556586,486556588,486556590,0.781873483548445,0.742674505108907,0.718273308078909,0.706637826031345,0.781873483548445,0,0,0,0,0,0,0,0,0
486108147,Cux2-CreERT2;Ai14-205216.06.01.01,0.693649727203897,0.690414224953216,0.603711473880207,0.692606705414468,0.689680001679338,486556528,486556530,486556532,486556534,486556536,0.693649727203897,0.690414224953216,0.692606705414468,0.689680001679338,0.693649727203897,0,0,0,0,0,0,0,0,0
486111903,Rbp4-Cre_KL100;Ai14-205727.03.02.01,0.773196164598971,0.647682894336,0.843658772800912,0.84436834718079,0.857468213864292,486556796,486556798,486556800,486556802,486556804,0.773196164598971,0.843658772800912,0.84436834718079,0.857468213864292,0.857468213864292,3,3,3,1,1,1,1,1,1
486146717,Cux2-CreERT2;Ai14-205221.03.01.01,0.669743267895125,0.672669089386417,0.706814924645266,0.75703526077197,0.747840061499884,486557266,486557268,486557270,486557272,486557274,0.669743267895125,0.706814924645266,0.75703526077197,0.747840061499884,0.75703526077197,2,2,2,2,2,2,2,2,2
486198953,Cux2-CreERT2;Ai14-205222.03.02.01,0.692073752093984,0.623501363935986,0.748348586224269,0.764884852058918,0.764899924240678,486908861,486908863,486908865,486908867,486908869,0.692073752093984,0.748348586224269,0.764884852058918,0.764899924240678,0.764899924240678,3,2,2,2,1,1,1,1,1
486239338,Cux2-CreERT2;Ai14-207760.03.01.01,0.618988051383717,0.724420322109427,0.616521486202134,0.697112092544737,0.699372594876485,486558429,486558431,486558433,486558435,486558437,0.618988051383717,0.724420322109427,0.697112092544737,0.699372594876485,0.724420322109427,1,1,1,1,1,1,1,1,1
486352114,Sst-IRES-Cre;Ai14-206589.03.01.01,0.852548504258104,0.855210728261536,0.932426856500529,0.944259045778824,0.944539178290128,486908930,486908932,486908934,486908936,486908938,0.852548504258104,0.932426856500529,0.944259045778824,0.944539178290128,0.944539178290128,3,2,2,1,1,1,1,1,1
486472847,Rorb-IRES2-Cre-D;Ai14-206925.04.02.01,0.711215489897154,0.707432297192683,0.716120226522019,0.720817781630569,0.725996146256049,486909366,486909368,486909370,486909372,486909374,0.711215489897154,0.716120226522019,0.720817781630569,0.725996146256049,0.725996146256049,3,3,1,0,0,0,0,0,0
486500736,Rorb-IRES2-Cre-D;Ai14-206927.05.01.01,0.721152368406059,0.699333270567424,0.764108892138634,0.741446029507742,0.751381930548355,486909563,486909565,486909567,486909569,486909571,0.721152368406059,0.764108892138634,0.741446029507742,0.751381930548355,0.764108892138634,1,1,1,1,1,1,1,1,0
486893033,Scnn1a-Tg3-Cre;Ai14-209101.04.01.01,0.600823868064465,0.645791074829183,0.536978827345294,0.717214906288589,0.59416090577249,487245699,487245701,487245703,487245705,487245707,0.600823868064465,0.645791074829183,0.717214906288589,0.59416090577249,0.717214906288589,2,2,2,2,2,2,2,2,2
486921382,Htr3a-Cre_NO152;Ai14-209865.02.01.01,0.646933077253515,0.639406379056994,0.773774409550248,0.800418182511161,0.820237903723265,488166305,488166307,488166309,488166311,488166313,0.646933077253515,0.773774409550248,0.800418182511161,0.820237903723265,0.820237903723265,3,3,3,3,2,2,2,2,1
486941367,Htr3a-Cre_NO152;Ai14-209865.03.01.01,0.81663324915802,0.748026462758947,0.944636906951155,0.917234510411236,0.903320542481259,488167749,488167751,488167753,488167756,488167760,0.81663324915802,0.944636906951155,0.917234510411236,0.903320542481259,0.944636906951155,1,1,1,1,1,1,1,1,1
487158599,Htr3a-Cre_NO152;Ai14-209867.03.02.01,0.749564706783726,0.65260515537613,0.893403932443499,0.825643084299458,0.856287032965615,488175112,488175114,488175117,488175119,488175121,0.749564706783726,0.893403932443499,0.825643084299458,0.856287032965615,0.893403932443499,1,1,1,1,1,1,1,1,1
487176969,Htr3a-Cre_NO152;Ai14-210477.04.02.01,0.870061128872752,0.836046118716833,0.901409777607918,0.834813262685529,0.829813841158076,488176941,488176945,488176951,488176955,488176957,0.870061128872752,0.901409777607918,0.834813262685529,0.829813841158076,0.901409777607918,1,1,1,1,1,1,1,0,0
487306716,Pvalb-IRES-Cre;Ai14-212109.03.01.01,0.322571081230112,0.330954898700323,0.339327509867391,0.30542450723945,0.311818714440859,488460100,488460102,488460104,488460106,488460108,0.322571081230112,0.339327509867391,0.30542450723945,0.311818714440859,0.339327509867391,1,1,1,1,0,0,0,0,0
487358945,Cux2-CreERT2;Ai14-214155.05.01.01,0.689221518276615,0.52985767897017,0.646050645971623,0.711921061873396,0.748655181687641,491767831,491767833,491767835,491767837,491767839,0.689221518276615,0.646050645971623,0.711921061873396,0.748655181687641,0.748655181687641,3,3,3,3,3,3,3,2,2
487445455,Cux2-CreERT2;Ai14-214156.04.01.01,0.710050540742564,0.534807927310355,0.813322683493714,0.834513647492957,0.85424214648724,488461595,488461597,488461599,488461601,488461603,0.710050540742564,0.813322683493714,0.834513647492957,0.85424214648724,0.85424214648724,3,3,3,3,2,2,2,2,1
487663469,Rbp4-Cre_KL100;Ai14-211534.04.01.01,0.848777490294445,0.605738949177974,0.813006629746024,0.828334863143546,0.849674877109358,488462847,488462849,488462851,488462853,488462855,0.848777490294445,0.813006629746024,0.828334863143546,0.849674877109358,0.849674877109358,3,0,0,0,0,0,0,0,0
487668030,Pvalb-IRES-Cre;Ai14-212813.04.01.01,0.720127973825961,0.417062666923044,0.755532101502886,0.536763835524456,0.519779246799366,488462997,488462999,488463001,488463003,488463005,0.720127973825961,0.755532101502886,0.536763835524456,0.519779246799366,0.755532101502886,1,1,1,1,1,1,1,0,0
488359338,Rbp4-Cre_KL100;Ai14-212174.04.02.01,0.755004561322621,0.522176266509581,0.863340740157108,0.881967482509329,0.870764587336807,488761817,488761819,488761821,488761823,488761825,0.755004561322621,0.863340740157108,0.881967482509329,0.870764587336807,0.881967482509329,2,2,2,2,1,1,1,1,1
488380827,Rbp4-Cre_KL100;Ai14-212174.05.02.01,0.799058136481436,0.614771111180193,0.886343680186593,0.90080049589488,0.919679261737632,488763469,488763471,488763473,488763475,488763477,0.799058136481436,0.886343680186593,0.90080049589488,0.919679261737632,0.919679261737632,3,3,3,3,2,2,2,1,1
488419491,Rbp4-Cre_KL100;Ai14-212175.05.02.01,0.745926321687025,0.688871073646179,0.826787266404283,0.806827557727899,0.81584131976119,488763407,488763409,488763411,488763413,488763415,0.745926321687025,0.826787266404283,0.806827557727899,0.81584131976119,0.826787266404283,1,1,1,1,1,1,1,1,1
488426904,Ntsr1-Cre;Ai14-212352.02.01.01,0.754609437421229,0.572392817020846,0.882307633686079,0.900793569497889,0.902289863495762,488763539,488763541,488763543,488763545,488763547,0.754609437421229,0.882307633686079,0.900793569497889,0.902289863495762,0.902289863495762,3,2,2,2,1,1,1,1,1
488430487,Ntsr1-Cre;Ai14-212352.03.01.01,0.777475755372986,0.548908295523747,0.850828571334303,0.870387783683007,0.895609424991542,489917118,489917120,489917122,489917124,489917126,0.777475755372986,0.850828571334303,0.870387783683007,0.895609424991542,0.895609424991542,3,3,3,3,3,3,2,2,1
488432250,Ntsr1-Cre;Ai14-212352.04.02.01,0.822853656784597,0.738306005158563,0.715035660718341,0.733518722431734,0.762722549017897,488765006,488765008,488765010,488765012,488765014,0.822853656784597,0.738306005158563,0.733518722431734,0.762722549017897,0.822853656784597,0,0,0,0,0,0,0,0,0
488448839,Ntsr1-Cre;Ai14-212353.06.01.01,0.797512450212083,0.573726703073261,0.812035603808435,0.875023077393945,0.876621052411012,488766330,488766332,488766334,488766336,488766338,0.797512450212083,0.812035603808435,0.875023077393945,0.876621052411012,0.876621052411012,3,2,2,2,2,2,2,2,2
488495740,Rorb-IRES2-Cre-D;Ai14-212868.03.01.01,0.620350998178829,0.715915133217928,0.520247983421366,0.525419157447047,0.539941701552197,489930367,489930369,489930371,489930373,489930375,0.620350998178829,0.715915133217928,0.525419157447047,0.539941701552197,0.715915133217928,1,1,1,1,1,1,1,1,1
488501071,Pvalb-IRES-Cre;Ai14-212440.05.02.01,0.859635269102241,0.893139183568433,0.878918367078414,0.917863956391319,0.915519934335584,489931666,489931668,489931670,489931672,489931674,0.859635269102241,0.893139183568433,0.917863956391319,0.915519934335584,0.917863956391319,2,2,2,2,2,1,1,1,1
488675026,Ntsr1-Cre;Ai14-212354.04.02.01,0.714593109087634,0.581588919931827,0.661469799450756,0.698002285413251,0.715071017291329,489932126,489932128,489932130,489932132,489932134,0.714593109087634,0.661469799450756,0.698002285413251,0.715071017291329,0.715071017291329,3,0,0,0,0,0,0,0,0
488676149,Ntsr1-Cre;Ai14-212354.03.01.01,0.762216869881102,0.197838437424991,0.812055878848892,0.881495880460664,0.892297573595525,489932239,489932241,489932243,489932245,489932247,0.762216869881102,0.812055878848892,0.881495880460664,0.892297573595525,0.892297573595525,3,3,3,2,2,2,2,2,2
488677318,Sst-IRES-Cre;Ai14-212983.03.01.01,0.745483472443587,0.77374307984645,0.627953231489481,0.741729672246068,0.785780369613609,489932202,489932204,489932206,489932208,489932210,0.745483472443587,0.77374307984645,0.741729672246068,0.785780369613609,0.785780369613609,3,3,3,1,1,1,1,1,0
488677994,Sst-IRES-Cre;Ai14-212983.04.02.01,0.918598075840721,0.912543638094345,0.964005292643676,0.960221497479264,0.965015896404148,489932531,489932533,489932535,489932537,489932539,0.918598075840721,0.964005292643676,0.960221497479264,0.965015896404148,0.965015896404148,3,1,1,1,1,1,1,1,0
488681087,Rorb-IRES2-Cre-D;Ai14-212872.05.02.01,0.834236819264191,0.800354952583949,0.800904753909873,0.843026974006041,0.842976148816501,489932491,489932493,489932495,489932497,489932499,0.834236819264191,0.800904753909873,0.843026974006041,0.842976148816501,0.843026974006041,2,2,0,0,0,0,0,0,0
488683322,Rorb-IRES2-Cre-D;Ai14-212872.06.02.01,0.937634934669065,0.884942241066391,0.937750824160735,0.921313025168147,0.921993356756585,489932754,489932756,489932758,489932760,489932762,0.937634934669065,0.937750824160735,0.921313025168147,0.921993356756585,0.937750824160735,1,0,0,0,0,0,0,0,0
488686369,Htr3a-Cre_NO152;Ai14-209866.04.01.01,0.687522284389349,0.653499094715118,0.877200149642543,0.884238568493645,0.885502195322279,491515491,491515493,491515495,491515497,491515499,0.687522284389349,0.877200149642543,0.884238568493645,0.885502195322279,0.885502195322279,3,2,1,1,1,1,1,1,1
488688374,Ntsr1-Cre;Ai14-212351.05.01.01,0.636041400939353,0.603723222116176,0.573660295341537,0.637258143929088,0.663386487222091,489908952,489908954,489908956,489908958,489908960,0.636041400939353,0.603723222116176,0.637258143929088,0.663386487222091,0.663386487222091,3,3,3,3,3,3,0,0,0
488698341,Rorb-IRES2-Cre-D;Ai14-212873.03.02.01,0.632053919525941,0.518078892218331,0.571016776466448,0.677171081611252,0.680509825812589,491517411,491517413,491517415,491517417,491517419,0.632053919525941,0.571016776466448,0.677171081611252,0.680509825812589,0.680509825812589,3,2,2,2,2,2,2,2,0
489731121,Nr5a1-Cre;Ai14-213384.04.02.01,0.690555732695322,0.654813195061181,0.600900592003557,0.76441447297348,0.766453349911844,491524874,491524876,491524878,491524880,491524882,0.690555732695322,0.654813195061181,0.76441447297348,0.766453349911844,0.766453349911844,3,2,2,2,2,2,2,2,2
489751959,Cux2-CreERT2;Ai14-213724.03.02.01,0.69046637788074,0.640319765394683,0.754445971339301,0.767008066300897,0.769410264377216,491524514,491524516,491524518,491524520,491524522,0.69046637788074,0.754445971339301,0.767008066300897,0.769410264377216,0.769410264377216,3,2,2,1,1,1,1,1,1
489754156,Nr5a1-Cre;Ai14-213386.04.02.01,0.703559776740981,0.608441510876887,0.822064879867848,0.829240309156681,0.830813983235569,491547163,491547165,491547167,491547169,491547171,0.703559776740981,0.822064879867848,0.829240309156681,0.830813983235569,0.830813983235569,3,2,1,1,1,1,1,1,1
489887491,Cux2-CreERT2;Ai14-213727.03.02.01,0.706117074403836,0.620272185542295,0.745707772176304,0.750159212177324,0.793787084910317,491547034,491547036,491547038,491547040,491547042,0.706117074403836,0.745707772176304,0.750159212177324,0.793787084910317,0.793787084910317,3,3,3,3,3,3,3,3,1
490149337,Htr3a-Cre_NO152;Ai14-213853.05.02.01,0.471100939049917,0.459835207776026,0.347958993356427,0.383617002268177,0.409538154288024,491528597,491528599,491528601,491528603,491528605,0.471100939049917,0.459835207776026,0.383617002268177,0.409538154288024,0.471100939049917,0,0,0,0,0,0,0,0,0
490205998,Scnn1a-Tg2-Cre;Ai14-215161.05.01.01,0.74494744721901,0.611070759852357,0.751460156326243,0.751929663405196,0.775898924346714,491611752,491611754,491611756,491611758,491611760,0.74494744721901,0.751460156326243,0.751929663405196,0.775898924346714,0.775898924346714,3,3,3,3,3,1,1,0,0
490263438,Ntsr1-Cre;Ai14-204781.04.02.01,0.815738966988907,0.621507018147556,0.87572239518052,0.928980542316891,0.910371890982463,491765689,491765691,491765693,491765695,491765697,0.815738966988907,0.87572239518052,0.928980542316891,0.910371890982463,0.928980542316891,2,2,2,2,2,2,2,2,2
490264167,Ntsr1-Cre;Ai14-204780.04.02.01,0.675342300547699,0.570555580125379,0.768847294201572,0.79001475614438,0.868112023058651,491765789,491765791,491765793,491765795,491765797,0.675342300547699,0.768847294201572,0.79001475614438,0.868112023058651,0.868112023058651,3,3,3,3,3,3,3,3,3
490267468,Cux2-CreERT2;Ai14-213728.04.01.01,0.758335085975399,0.651429612541207,0.775591849800371,0.79903741586308,0.802655335155953,491528416,491528418,491528420,491528422,491528424,0.758335085975399,0.775591849800371,0.79903741586308,0.802655335155953,0.802655335155953,3,2,2,2,2,2,1,1,0
490283519,Scnn1a-Tg2-Cre;Ai14-215166.03.02.01,0.566371515843892,0.684824835367439,0.657003254091723,0.65511744287614,0.66015178404039,491619441,491619443,491619445,491619447,491619449,0.566371515843892,0.684824835367439,0.65511744287614,0.66015178404039,0.684824835367439,1,1,1,1,1,1,1,1,1
490376252,Cux2-CreERT2;Ai14-215205.03.02.01,0.822185865778066,0.710231571302086,0.858093664426577,0.914328695731194,0.906211799678454,491620130,491620132,491620135,491620138,491620140,0.822185865778066,0.858093664426577,0.914328695731194,0.906211799678454,0.914328695731194,2,2,2,2,2,2,2,2,2
490601284,Rbp4-Cre_KL100;Ai14-215299.03.01.01,0.611182039495479,0.622568538742424,0.556331838696204,0.566551119896791,0.573130542167946,491631048,491631050,491631052,491631054,491631056,0.611182039495479,0.622568538742424,0.566551119896791,0.573130542167946,0.622568538742424,1,1,1,0,0,0,0,0,0
490612844,Rbp4-Cre_KL100;Ai14-215299.05.02.01,0.683016615135267,0.59692011508445,0.682696868801631,0.708659216791628,0.719143731337272,491629505,491629507,491629509,491629511,491629513,0.683016615135267,0.682696868801631,0.708659216791628,0.719143731337272,0.719143731337272,3,3,3,2,2,2,2,0,0
490626718,Rorb-IRES2-Cre-D;Ai14-215991.04.02.01,0.781795859266549,0.667366610888919,0.944237983422562,0.937782279575472,0.939152696211816,491634858,491634860,491634864,491634868,491634870,0.781795859266549,0.944237983422562,0.937782279575472,0.939152696211816,0.944237983422562,1,1,1,1,1,1,1,1,1
490718897,Ntsr1-Cre;Ai14-216283.03.01.01,0.700548089423767,0.48476650351026,0.854919318955028,0.833828442643386,0.865153087291206,491761653,491761655,491761657,491761659,491761661,0.700548089423767,0.854919318955028,0.833828442643386,0.865153087291206,0.865153087291206,3,3,3,1,1,1,1,1,1
490790207,Rbp4-Cre_KL100;Ai14-215300.05.01.01,0.779276038868149,0.72611706118759,0.700630899465531,0.797838009995754,0.841346864165974,491761873,491761875,491761877,491761879,491761881,0.779276038868149,0.72611706118759,0.797838009995754,0.841346864165974,0.841346864165974,3,3,3,3,3,3,3,3,2
490916919,Rbp4-Cre_KL100;Ai14-215300.05.02.01,0.715602550736058,0.599665834431791,0.724805716610241,0.767878258922509,0.787817613251838,491761920,491761922,491761924,491761926,491761928,0.715602550736058,0.724805716610241,0.767878258922509,0.787817613251838,0.787817613251838,3,3,3,3,2,2,2,2,2
490982660,Rbp4-Cre_KL100;Ai14-215301.02.01.01,0.767225094561252,0.516039898917992,0.861021085214545,0.874217276480453,0.880620638120275,491765397,491765399,491765401,491765403,491765405,0.767225094561252,0.861021085214545,0.874217276480453,0.880620638120275,0.880620638120275,3,3,2,2,1,1,1,1,1
491026389,Sst-IRES-Cre;Ai14-216078.04.01.01,0.781644113886136,0.844432780190301,0.783113869075372,0.739055953712899,0.850963811419369,491762217,491762219,491762221,491762223,491762225,0.781644113886136,0.844432780190301,0.739055953712899,0.850963811419369,0.850963811419369,3,3,1,1,1,1,1,1,1
491038812,Pvalb-IRES-Cre;Ai14-214784.03.02.01,0.931879349881381,0.935418601900569,0.94232928843393,0.947813169792799,0.946520306142348,491765611,491765613,491765615,491765617,491765619,0.931879349881381,0.94232928843393,0.947813169792799,0.946520306142348,0.947813169792799,2,2,1,1,0,0,0,0,0
497583188,Rorb-IRES2-Cre-D;Ai14-226102.06.01.01,0.409950243660691,0.6046230290374,0.383508918398229,0.390004217621066,0.454877801059202,511620534,511620536,511620538,511620540,511620542,0.409950243660691,0.6046230290374,0.390004217621066,0.454877801059202,0.6046230290374,1,1,1,1,1,1,1,1,1
500857324,Rorb-IRES2-Cre-D;Ai14-226103.03.01.01,0.589985322910559,0.626921599266201,0.581535631266807,0.630722413906747,0.754901877355807,512291154,512291156,512291158,512291160,512291162,0.589985322910559,0.626921599266201,0.630722413906747,0.754901877355807,0.754901877355807,3,3,3,3,3,3,3,3,3
501282204,Sst-IRES-Cre;Ai14-228573.04.02.01,0.856478739447654,0.844134689800955,0.828843777723135,0.865785720673324,0.877283704104548,511635264,511635266,511635268,511635270,511635272,0.856478739447654,0.844134689800955,0.865785720673324,0.877283704104548,0.877283704104548,3,3,3,2,2,0,0,0,0
501570114,Vip-IRES-Cre;Ai14(IVSCC)-228864.05.01.01,0.69512464359152,0.703661086583325,0.762023175017636,0.830584926608742,0.824942018791138,514790919,514790921,514790923,514790925,514790927,0.69512464359152,0.762023175017636,0.830584926608742,0.824942018791138,0.830584926608742,2,2,2,2,2,2,2,2,2
501895840,Rorb-IRES2-Cre-D;Ai14-228834.03.01.01,0.693647433891169,0.66378353469847,0.44117394688371,0.517488255436113,0.516555699561268,511610393,511610395,511610397,511610399,511610401,0.693647433891169,0.66378353469847,0.517488255436113,0.516555699561268,0.693647433891169,0,0,0,0,0,0,0,0,0
501940485,Ctgf-2A-dgCre;Ai14(IVSCC)-230021.03.02.01,0.468476925500186,0.457532060139196,0.462527674141094,0.461485491030376,0.428590022406214,513268186,513268188,513268190,513268192,513268194,0.468476925500186,0.462527674141094,0.461485491030376,0.428590022406214,0.468476925500186,0,0,0,0,0,0,0,0,0
501951290,Rorb-IRES2-Cre-D;Ai14-228835.05.02.01,0.738664560079009,0.662189292100727,0.479745166925449,0.597168031030961,0.604628744636807,511852780,511852782,511852784,511852786,511852788,0.738664560079009,0.662189292100727,0.597168031030961,0.604628744636807,0.738664560079009,0,0,0,0,0,0,0,0,0
502193385,Nr5a1-Cre;Ai14-230419.03.02.01,0.732978129101468,0.714260796147958,0.551493476637528,0.688550904528067,0.708233744270756,512192880,512192882,512192884,512192886,512192888,0.732978129101468,0.714260796147958,0.688550904528067,0.708233744270756,0.732978129101468,0,0,0,0,0,0,0,0,0
502245101,Nr5a1-Cre;Ai14-230420.04.02.01,0.741173770585395,0.784976411662483,0.592612697647221,0.771896667360434,0.789394216366817,511852745,511852747,511852749,511852751,511852753,0.741173770585395,0.784976411662483,0.771896667360434,0.789394216366817,0.789394216366817,3,1,1,1,1,1,1,1,0
502267531,Nr5a1-Cre;Ai14-230422.03.02.01,0.571799025152831,0.621538389463716,0.598146059492155,0.654208528793426,0.670762518857632,512483770,512483772,512483774,512483776,512483778,0.571799025152831,0.621538389463716,0.654208528793426,0.670762518857632,0.670762518857632,3,3,3,3,2,2,2,2,1
502269786,Nr5a1-Cre;Ai14-230422.05.01.01,0.729021117597097,0.746794719504092,0.787023433840178,0.837046497252699,0.836944195830284,512192757,512192759,512192761,512192763,512192766,0.729021117597097,0.787023433840178,0.837046497252699,0.836944195830284,0.837046497252699,2,2,2,2,2,2,2,2,2
502382506,Sst-IRES-Cre;Ai14-230644.05.02.01,0.816401826272749,0.798883019096717,0.814168729804396,0.81478256722962,0.828269142204036,514793705,514793707,514793709,514793711,514793713,0.816401826272749,0.814168729804396,0.81478256722962,0.828269142204036,0.828269142204036,3,3,3,0,0,0,0,0,0
502574847,Rorb-IRES2-Cre-D;Ai14-230822.04.01.01,0.747015942495588,0.717203994190119,0.770428116756901,0.77572578288913,0.777506451284236,512478025,512478027,512478029,512478031,512478033,0.747015942495588,0.770428116756901,0.77572578288913,0.777506451284236,0.777506451284236,3,2,1,1,1,1,1,0,0
502808270,Cux2-CreERT2;Ai14-230639.05.01.01,0.617646527979528,0.586867391392724,0.363268186621589,0.568155758839021,0.607604384238064,511601589,511601591,511601593,511601595,511601597,0.617646527979528,0.586867391392724,0.568155758839021,0.607604384238064,0.617646527979528,0,0,0,0,0,0,0,0,0
502887600,Rorb-IRES2-Cre-D;Ai14-230824.03.02.01,0.645109547125149,0.596727835859167,0.555699828332212,0.558906114689472,0.576571110489719,511853822,511853824,511853826,511853828,511853830,0.645109547125149,0.596727835859167,0.558906114689472,0.576571110489719,0.645109547125149,0,0,0,0,0,0,0,0,0
503254105,Pvalb-IRES-Cre;Ai14-231500.05.02.01,0.75446451806354,0.769459562688648,0.826759667914215,0.838027990956586,0.844243705433102,514791171,514791173,514791175,514791177,514791179,0.75446451806354,0.826759667914215,0.838027990956586,0.844243705433102,0.844243705433102,3,3,2,2,1,1,1,1,1
503286448,Ntsr1-Cre;Ai14-232201.04.02.01,0.793245475049626,0.644663793844791,0.843294520526646,0.857093289739732,0.887635919078389,514788877,514788881,514788883,514788885,514788887,0.793245475049626,0.843294520526646,0.857093289739732,0.887635919078389,0.887635919078389,3,3,3,3,3,3,3,2,1
503814817,Ntsr1-Cre;Ai14-232206.02.01.01,0.684520400970214,0.609919535380222,0.794253109603882,0.822546344007132,0.84540859704786,514791418,514791420,514791422,514791424,514791426,0.684520400970214,0.794253109603882,0.822546344007132,0.84540859704786,0.84540859704786,3,3,3,3,3,2,2,2,2
504567071,Cux2-CreERT2;Ai14-234033.03.02.01,0.569965766131278,0.73741434181951,0.616573275201442,0.726633442293856,0.734864912817329,512490407,512490409,512490412,512490414,512490416,0.569965766131278,0.73741434181951,0.726633442293856,0.734864912817329,0.73741434181951,1,1,1,1,1,1,1,1,1
504608602,Sst-IRES-Cre;Ai14-234342.05.01.01,0.559981850145301,0.544721165014378,0.559800431890679,0.560600091603132,0.495838471148692,514806864,514806866,514806868,514806870,514806872,0.559981850145301,0.559800431890679,0.560600091603132,0.495838471148692,0.560600091603132,2,0,0,0,0,0,0,0,0
504615116,Rorb-IRES2-Cre-D;Ai14-234241.04.02.01,0.595947699740507,0.572054174385323,0.588115773498403,0.520130634224992,0.507283419485959,511600985,511600988,511600990,511600992,511600994,0.595947699740507,0.588115773498403,0.520130634224992,0.507283419485959,0.595947699740507,0,0,0,0,0,0,0,0,0
505200218,Cux2-CreERT2;Ai14-234039.03.02.01,0.606636218560159,0.523460376268238,0.531857970863492,0.632900752346774,0.651711830159936,512201166,512201168,512201170,512201172,512201174,0.606636218560159,0.531857970863492,0.632900752346774,0.651711830159936,0.651711830159936,3,3,3,3,2,2,2,2,0
505202906,Cux2-CreERT2;Ai14-234039.06.01.01,0.711739423319487,0.705978488675744,0.73815412503851,0.751045209681173,0.760499872106686,512197626,512197628,512197630,512197632,512197634,0.711739423319487,0.73815412503851,0.751045209681173,0.760499872106686,0.760499872106686,3,3,2,2,2,1,1,1,0
505798354,234356.05.02.01,0.500341986079809,0.630137375847239,0.295981502649093,0.345362401679908,0.371982415296076,512492474,512492476,512492478,512492480,512492482,0.500341986079809,0.630137375847239,0.345362401679908,0.371982415296076,0.630137375847239,1,1,1,1,1,1,1,1,1
508887004,Rbp4-Cre_KL100;Ai14-236407.05.01.01,0.751579429995393,0.676646201675599,0.657616860115359,0.738375890961546,0.692881695201871,513252674,513252676,513252678,513252680,513252682,0.751579429995393,0.676646201675599,0.738375890961546,0.692881695201871,0.751579429995393,0,0,0,0,0,0,0,0,0
508911693,Rbp4-Cre_KL100;Ai14-236407.04.02.01,0.562597146788639,0.647853190548525,0.54870978158925,0.644310007735556,0.667453345997663,512501614,512501616,512501618,512501621,512501624,0.562597146788639,0.647853190548525,0.644310007735556,0.667453345997663,0.667453345997663,3,3,3,3,1,1,1,1,1
509003464,Ntsr1-Cre;Ai14-235627.04.02.01,0.708571537240527,0.617873702185948,0.678749818243797,0.716152447415171,0.818774278327837,512503030,512503032,512503035,512503039,512503043,0.708571537240527,0.678749818243797,0.716152447415171,0.818774278327837,0.818774278327837,3,3,3,3,3,3,3,3,3
509881736,Ctgf-2A-dgCre;Ai14(IVSCC)-237291.05.02.01,0.588405339749836,0.593058465532319,0.584067726859873,0.640557474156557,0.650242670048515,513251312,513251314,513251316,513251319,513251322,0.588405339749836,0.593058465532319,0.640557474156557,0.650242670048515,0.650242670048515,3,3,2,2,2,2,2,2,2
510106222,Ctgf-2A-dgCre;Ai14(IVSCC)-237292.04.01.01,0.703026857002443,0.5598035540264,0.779021274141559,0.784225156822306,0.761768189638631,513252624,513252626,513252628,513252630,513252632,0.703026857002443,0.779021274141559,0.784225156822306,0.761768189638631,0.784225156822306,2,2,1,1,1,1,1,1,1
512322162,Ctgf-2A-dgCre;Ai14(IVSCC)-240529.03.02.01,0.729571664936591,0.689201993309959,0.556493569994357,0.782635104399276,0.835485253031003,513878543,513878545,513878547,513878549,513878551,0.729571664936591,0.689201993309959,0.782635104399276,0.835485253031003,0.835485253031003,3,3,3,3,3,3,3,3,3
513531471,Cux2-CreERT2;Ai14-239083.03.02.01,0.650339980963253,0.80115585736675,0.857731108511273,0.852443712706351,0.833940136107928,515020568,515020570,515020572,515020574,515020576,0.650339980963253,0.857731108511273,0.852443712706351,0.833940136107928,0.857731108511273,1,1,1,1,1,1,1,1,1
513593674,Cux2-CreERT2;Ai14-239082.05.01.01,0.779809413220675,0.744573222952225,0.776653656233593,0.830459398201345,0.839618310045612,515020094,515020096,515020098,515020100,515020102,0.779809413220675,0.776653656233593,0.830459398201345,0.839618310045612,0.839618310045612,3,3,2,2,2,2,2,2,2
513832252,Scnn1a-Tg3-Cre;Ai14-241666.05.02.01,0.546647261932252,0.69910398130089,0.523027634377531,0.4059149017416,0.575689527341789,515019707,515019709,515019711,515019713,515019715,0.546647261932252,0.69910398130089,0.4059149017416,0.575689527341789,0.69910398130089,1,1,1,1,1,1,1,1,1
514767977,Vip-IRES-Cre;Ai14(IVSCC)-247244.05.02.01,0.723551890391402,0.805768049285547,0.774013305671517,0.828413671852308,0.848432045786681,515807192,515807194,515807196,515807198,515807200,0.723551890391402,0.805768049285547,0.828413671852308,0.848432045786681,0.848432045786681,3,3,3,3,3,2,2,2,1
514824979,Htr3a-Cre_NO152;Ai14-241983.05.02.01,0.751134505267483,0.703438552239613,0.750989539089294,0.784147184063239,0.778589344927914,515807725,515807728,515807730,515807732,515807734,0.751134505267483,0.750989539089294,0.784147184063239,0.778589344927914,0.784147184063239,2,2,2,2,2,2,2,0,0
515059388,Scnn1a-Tg3-Cre;Ai14-242581.05.02.01,0.501401791790942,0.572341888444946,0.45502918733396,0.551015236726627,0.621662527190129,515807094,515807097,515807100,515807103,515807107,0.501401791790942,0.572341888444946,0.551015236726627,0.621662527190129,0.621662527190129,3,3,3,3,3,3,3,3,1
515305346,Pvalb-IRES-Cre;Ai14(S200)-238718.05.02.01,0.934810682190484,0.984173964787524,0.925715646666852,0.984232322954583,0.986275830543776,516892741,516892744,516892747,516892749,516892752,0.934810682190484,0.984173964787524,0.984232322954583,0.986275830543776,0.986275830543776,3,1,1,1,1,1,1,1,1
515511110,Rbp4-Cre_KL100;Ai14-243058.05.02.01,0.578750039146385,0.6024217478072,0.576496205606871,0.657294837271937,0.669468777901252,516879756,516879758,516879760,516879762,516879764,0.578750039146385,0.6024217478072,0.657294837271937,0.669468777901252,0.669468777901252,3,3,3,2,2,2,2,2,2
516916566,Cux2-CreERT2;Ai14-242953.06.01.01,0.646157041245668,0.692387607372752,0.452021146917069,0.499295913945059,0.531177992825232,518016671,518016673,518016675,518016677,518016679,0.646157041245668,0.692387607372752,0.499295913945059,0.531177992825232,0.692387607372752,1,1,1,1,1,1,1,1,0
518238899,Scnn1a-Tg2-Cre;Ai14-245344.05.01.01,0.63423340787675,0.684274814936711,0.568254122122981,0.614722638519132,0.638325264878426,519180205,519180209,519180211,519180213,519180215,0.63423340787675,0.684274814936711,0.614722638519132,0.638325264878426,0.684274814936711,1,1,1,1,1,1,1,1,1
518271679,Scnn1a-Tg2-Cre;Ai14-245344.05.02.01,0.577151493402655,0.635860435431267,0.579358799750557,0.684959305464329,0.682719668829143,519191169,519191171,519191173,519191175,519191177,0.577151493402655,0.635860435431267,0.684959305464329,0.682719668829143,0.684959305464329,2,2,2,2,2,2,2,2,1
518750800,Chat-IRES-Cre-neo;Ai14-245955.05.01.01,0.920555766617584,0.607649383472682,0.93594875271072,0.970075375910861,0.9704928934712,520592435,520592437,520592439,520592441,520592443,0.920555766617584,0.93594875271072,0.970075375910861,0.9704928934712,0.9704928934712,3,2,2,2,2,2,2,1,0
519220630,Chat-IRES-Cre;Ai14-245956.05.02.01,0.756541297933991,0.814623352914247,0.809250111298512,0.825554147087997,0.831761623031631,520346196,520346198,520346200,520346202,520346204,0.756541297933991,0.814623352914247,0.825554147087997,0.831761623031631,0.831761623031631,3,3,2,2,1,1,1,1,1
519517188,Htr3a-Cre_NO152;Ai14-246124.04.01.01,0.748989092011379,0.681916500331174,0.877515735483792,0.833414882914458,0.849350449197006,566432255,566432257,566432259,566432261,566432263,0.748989092011379,0.877515735483792,0.833414882914458,0.849350449197006,0.877515735483792,1,1,1,1,1,1,1,1,1
519549081,Htr3a-Cre_NO152;Ai14-246124.05.02.01,0.741239992478556,0.73638014586611,0.73304595550118,0.747529967733816,0.74752204394805,520343353,520343355,520343357,520343359,520343361,0.741239992478556,0.73638014586611,0.747529967733816,0.74752204394805,0.747529967733816,2,2,0,0,0,0,0,0,0
521958756,Cux2-CreERT2;Ai14-247682.04.02.01,0.663897950928426,0.685576935141882,0.668025159838395,0.659761156374816,0.769345225776297,524646189,524646191,524646193,524646195,524646197,0.663897950928426,0.685576935141882,0.659761156374816,0.769345225776297,0.769345225776297,3,3,3,3,3,3,3,3,3
522152249,Ntsr1-Cre;Ai14-248475.06.02.01,0.62407186543794,0.543117497694419,0.682504059207776,0.708323110383726,0.749232535640253,523495911,523495913,523495915,523495917,523495919,0.62407186543794,0.682504059207776,0.708323110383726,0.749232535640253,0.749232535640253,3,3,3,3,3,3,3,3,2
522723828,Ctgf-2A-dgCre;Ai14(IVSCC)-248176.04.01.01,0.439638656884968,0.434848369519845,0.419914671930735,0.364002290517036,0.400210088738592,523995093,523995095,523995097,523995099,523995101,0.439638656884968,0.434848369519845,0.364002290517036,0.400210088738592,0.439638656884968,0,0,0,0,0,0,0,0,0
523205934,Vip-IRES-Cre;Ai14(IVSCC)-249984.06.01.01,0.421051426629027,0.435636238943073,0.626303418276021,0.626186185867496,0.630595973700995,525444077,525444079,525444081,525444083,525444085,0.421051426629027,0.626303418276021,0.626186185867496,0.630595973700995,0.630595973700995,3,1,1,1,1,1,1,1,1
523748610,Nos1-CreERT2;Ai14(BT)-251975.06.01.01,0.695710919544687,0.648643150021526,0.798781909904321,0.84894724604541,0.852363049202996,525635492,525635494,525635496,525635498,525635500,0.695710919544687,0.798781909904321,0.84894724604541,0.852363049202996,0.852363049202996,3,2,2,2,2,2,2,2,2
524693113,Vip-IRES-Cre;Ai14(IVSCC)-253382.06.02.01,0.610539726004827,0.672470385508974,0.700238951010938,0.814879877964081,0.826575235358474,526951261,526951263,526951265,526951267,526951269,0.610539726004827,0.700238951010938,0.814879877964081,0.826575235358474,0.826575235358474,3,3,3,2,2,2,2,2,2
524876305,Vip-IRES-Cre;Ai14(IVSCC)-253380.05.01.01,0.666973386601191,0.696995520353341,0.750900916699559,0.761970751319391,0.778186603591535,526817071,526817073,526817075,526817077,526817080,0.666973386601191,0.750900916699559,0.761970751319391,0.778186603591535,0.778186603591535,3,3,3,3,2,2,1,1,1
526785742,Sst-IRES-Cre;Ai14-235082.05.01.01,0.819110070981083,0.747368865360179,0.852123678845198,0.823445059967678,0.831561022865003,544523608,544523610,544523612,544523614,544523616,0.819110070981083,0.852123678845198,0.823445059967678,0.831561022865003,0.852123678845198,1,1,1,1,1,1,1,0,0
527464013,Ndnf-IRES2-dgCre;Ai14-256191.05.02.01,0.926436515635883,0.818634006732912,0.900755763243174,0.932415196996994,0.926716452134675,529823419,529823421,529823423,529823425,529823427,0.926436515635883,0.900755763243174,0.932415196996994,0.926716452134675,0.932415196996994,2,2,0,0,0,0,0,0,0
527579814,Ndnf-IRES2-dgCre;Ai14-256189.05.01.01,0.852376913827407,0.759733811085176,0.897588943247262,0.90452471245355,0.914053088772345,529818513,529818515,529818517,529818519,529818521,0.852376913827407,0.897588943247262,0.90452471245355,0.914053088772345,0.914053088772345,3,3,2,2,1,1,1,1,1
527864026,Tlx3-Cre_PL56;Ai14-255494.03.02.01,0.525358668032523,0.609050566476008,0.330533636085899,0.425859504288243,0.517430500098851,529884100,529884102,529884104,529884106,529884108,0.525358668032523,0.609050566476008,0.425859504288243,0.517430500098851,0.609050566476008,1,1,1,1,1,1,1,1,1
527869035,Ndnf-IRES2-dgCre;Ai14-256187.05.02.01,0.865060630071679,0.839898391801237,0.912171845359707,0.915567967038129,0.915954381815012,529883898,529883900,529883902,529883904,529883906,0.865060630071679,0.912171845359707,0.915567967038129,0.915954381815012,0.915954381815012,3,1,1,1,1,1,1,1,1
528501887,Ctgf-2A-dgCre;Ai14(IVSCC)-258270.03.02.01,0.370338726280407,0.49101165883411,0.338146191015767,0.417658396864515,0.309333241595281,529892272,529892274,529892276,529892278,529892280,0.370338726280407,0.49101165883411,0.417658396864515,0.309333241595281,0.49101165883411,1,1,1,1,1,1,1,1,1
530235049,Ndnf-IRES2-dgCre;Ai14-257657.04.01.01,0.811475814480873,0.797535061135972,0.916699531325355,0.907552228232503,0.907349212229473,531102547,531102549,531102551,531102553,531102555,0.811475814480873,0.916699531325355,0.907552228232503,0.907349212229473,0.916699531325355,1,1,1,1,1,1,1,1,1
532355382,Ctgf-2A-dgCre;Ai14(IVSCC)-260475.06.01.01,0.56200934786217,0.579333570847458,0.52291450844803,0.524384027085403,0.636315671622729,538759263,538759265,538759267,538759269,538759271,0.56200934786217,0.579333570847458,0.524384027085403,0.636315671622729,0.636315671622729,3,3,3,3,3,3,3,3,3
554454165,Nkx2-1-CreERT2;Ai14(BT)-278732.06.02.01,0.782390363058764,0.736344020078597,0.750663189785828,0.765420340828683,0.771206338409884,555405419,555405421,555405423,555405425,555405427,0.782390363058764,0.750663189785828,0.765420340828683,0.771206338409884,0.782390363058764,0,0,0,0,0,0,0,0,0
555898896,Chrna2-Cre_OE25;Ai14(BT)-279957.06.02.03,0.648687810974828,0.692064705379745,0.552478899039592,0.62123645179888,0.621322976593449,558557157,558557159,558557161,558557163,558557165,0.648687810974828,0.692064705379745,0.62123645179888,0.621322976593449,0.692064705379745,1,1,1,1,1,1,1,1,0
556369531,Chrna2-Cre_OE25;Ai14(BT)-281475.05.02.01,0.507197838335367,0.486621585973196,0.495661352350169,0.465097807033642,0.482192635585446,557185818,557185820,557185822,557185824,557185826,0.507197838335367,0.495661352350169,0.465097807033642,0.482192635585446,0.507197838335367,0,0,0,0,0,0,0,0,0
558583839,Ctgf-2A-dgCre;Ai14(IVSCC)-280861.04.02.01,0.40665797948256,0.378621154537087,0.458841360041607,0.456471284329013,0.47083248178695,559103973,559103975,559103977,559103979,559103981,0.40665797948256,0.458841360041607,0.456471284329013,0.47083248178695,0.47083248178695,3,3,3,1,1,1,1,1,1
558612809,Tlx3-Cre_PL56;Ai14-281777.05.01.01,0.676394761066574,0.666339815838255,0.733706904037682,0.733983080116817,0.73116446863712,559192937,559192939,559192941,559192943,559192945,0.676394761066574,0.733706904037682,0.733983080116817,0.73116446863712,0.733983080116817,2,1,1,1,1,1,1,1,1
558660968,Tlx3-Cre_PL56;Ai14-281779.04.01.01,0.420824892590055,0.320284313377572,0.427049340726053,0.315142029216855,0.560568187788219,559192896,559192898,559192900,559192902,559192904,0.420824892590055,0.427049340726053,0.315142029216855,0.560568187788219,0.560568187788219,3,3,3,3,3,3,3,3,3
560373629,Esr2-IR-Cre-neo;Ai14-284896.05.01.01,0.767722991520919,0.620566558645615,0.872932144539031,0.878404319199201,0.910615263897322,560803776,560803778,560803780,560803782,560803784,0.767722991520919,0.872932144539031,0.878404319199201,0.910615263897322,0.910615263897322,3,3,3,3,3,3,3,1,1
560750295,Nos1-CreERT2;Ai14(BT)-285364.03.01.01,0.458712198941127,0.447499502179564,0.569120240920324,0.425349491780683,0.425819517000572,561761459,561761461,561761463,561761465,561761467,0.458712198941127,0.569120240920324,0.425349491780683,0.425819517000572,0.569120240920324,1,1,1,1,1,1,1,1,1
561519381,Nkx2-1-CreERT2;Ai14 (IVSCC)-286572.05.01.01,0.763149996720463,0.606512847240598,0.777786168252158,0.832670013407716,0.830469972394763,561966816,561966818,561966820,561966822,561966824,0.763149996720463,0.777786168252158,0.832670013407716,0.830469972394763,0.832670013407716,2,2,2,2,2,2,2,2,2
561934585,Vip-IRES-Cre;Ai14-287858.04.01.01,0.692665551660974,0.642410168818442,0.767161080439515,0.780470627555479,0.818771040000052,562006491,562006493,562006495,562006497,562006499,0.692665551660974,0.767161080439515,0.780470627555479,0.818771040000052,0.818771040000052,3,3,3,3,3,3,3,2,2
562535995,Vip-IRES-Cre;Ai14-290646.04.01.01,0.807325747513622,0.739077591081149,0.836143414649189,0.884735744951671,0.88840712654845,564084250,564084253,564084256,564084259,564084261,0.807325747513622,0.836143414649189,0.884735744951671,0.88840712654845,0.88840712654845,3,2,2,2,2,2,2,2,2
564346637,Ndnf-IRES2-dgCre;Ai14-292673.05.01.01,0.461030845106594,0.505987808660984,0.507339720889768,0.503863488010231,0.556074228042541,566709750,566709752,566709754,566709756,566709758,0.461030845106594,0.507339720889768,0.503863488010231,0.556074228042541,0.556074228042541,3,3,3,3,3,3,3,3,1
565209132,Htr3a-Cre_NO152;Ai14-292836.03.01.01,0.578697811002032,0.618565448826367,0.680136993914984,0.692793811290367,0.685457112518494,566723847,566723849,566723851,566723853,566723855,0.578697811002032,0.680136993914984,0.692793811290367,0.685457112518494,0.692793811290367,2,2,2,1,1,1,1,1,1
565236919,Htr3a-Cre_NO152;Ai14-292836.04.01.01,0.491601100854951,0.538712425615213,0.537465890515252,0.621164010680983,0.62450478973252,566724583,566724585,566724587,566724589,566724591,0.491601100854951,0.538712425615213,0.621164010680983,0.62450478973252,0.62450478973252,3,2,2,2,2,2,2,2,2
565778331,Ndnf-IRES2-dgCre;Ai14-294019.05.02.01,0.778890243690168,0.7616162517139,0.613295681008727,0.74441958526039,0.823994805815133,566733520,566733522,566733524,566733526,566733528,0.778890243690168,0.7616162517139,0.74441958526039,0.823994805815133,0.823994805815133,3,3,3,3,3,3,3,3,0
565888394,Oxtr-2A-Cre;Ai14-293837.06.02.01,0.693234726389118,0.710105598752756,0.781851559663695,0.768747130839125,0.822925098134707,566737683,566737687,566737689,566737692,566737694,0.693234726389118,0.781851559663695,0.768747130839125,0.822925098134707,0.822925098134707,3,3,3,3,3,3,3,3,1
566304697,Nkx2-1-CreERT2;Ai14 (IVSCC)-294495.03.01.01,0.683258037839847,0.680965793287586,0.76675999264576,0.772615702529597,0.787558035790206,568427163,568427165,568427167,568427169,568427171,0.683258037839847,0.76675999264576,0.772615702529597,0.787558035790206,0.787558035790206,3,3,3,2,2,1,1,1,1
566305266,Nkx2-1-CreERT2;Ai14 (IVSCC)-294495.02.01.01,0.944043130485943,0.960219329067042,0.92130273797607,0.942894883714837,0.93720415268116,568103786,568103788,568103791,568103793,568103795,0.944043130485943,0.960219329067042,0.942894883714837,0.93720415268116,0.960219329067042,1,1,1,1,0,0,0,0,0
566463606,Chrna2-Cre_OE25;Ai14(IVSCC)-294468.03.02.01,0.537722913384164,0.655729360939286,0.675194557919272,0.693874325870273,0.723208794775227,587820603,587820605,587820607,587820609,587820611,0.537722913384164,0.675194557919272,0.693874325870273,0.723208794775227,0.723208794775227,3,3,3,3,3,3,2,2,1
566466395,Chrna2-Cre_OE25;Ai14(IVSCC)-294468.02.02.01,0.753541118262336,0.791209224240858,0.634812038857186,0.795272361127129,0.81392901763327,568080921,568080926,568080928,568080930,568080932,0.753541118262336,0.791209224240858,0.795272361127129,0.81392901763327,0.81392901763327,3,3,3,3,2,1,1,1,1
566563603,Nkx2-1-CreERT2;Ai14 (IVSCC)-294491.02.02.01,0.590646884657594,0.603592265793941,0.577519639677091,0.66474104972305,0.668589178518356,568542757,568542759,568542761,568542763,568542765,0.590646884657594,0.603592265793941,0.66474104972305,0.668589178518356,0.668589178518356,3,2,2,2,2,2,2,2,2
566671538,Chrna2-Cre_OE25;Ai14(IVSCC)-294465.05.01.01,0.508060265432186,0.543696902090024,0.652085070331772,0.696474888032243,0.738621520575137,568094834,568094836,568094838,568094840,568094842,0.508060265432186,0.652085070331772,0.696474888032243,0.738621520575137,0.738621520575137,3,3,3,3,3,3,3,3,2
566719275,Nos1-CreERT2;Ai14-294359.04.01.01,0.695990775239007,0.718925786085386,0.699303110605839,0.703061282819186,0.697556199258157,568093783,568093785,568093787,568093789,568093791,0.695990775239007,0.718925786085386,0.703061282819186,0.697556199258157,0.718925786085386,1,1,1,1,1,0,0,0,0
566761793,Chrna2-Cre_OE25;Ai14(IVSCC)-294467.03.01.01,0.750435965406332,0.747436749749231,0.719948669308931,0.733374093584556,0.7347514115092,568578221,568578223,568578225,568578228,568578230,0.750435965406332,0.747436749749231,0.733374093584556,0.7347514115092,0.750435965406332,0,0,0,0,0,0,0,0,0
567266985,Chrna2-Cre_OE25;Ai14(IVSCC)-294916.03.02.01,0.649330675920915,0.751487991372427,0.683294154591112,0.697445097130567,0.810954255272202,569471526,569471528,569471530,569471532,569471534,0.649330675920915,0.751487991372427,0.697445097130567,0.810954255272202,0.810954255272202,3,3,3,3,3,3,3,3,3
567354967,Chrna2-Cre_OE25;Ai14(IVSCC)-294916.03.01.02,0.514374596065673,0.646777211826921,0.587231291625364,0.689059579751354,0.720882837329322,569476224,569476226,569476228,569476230,569476232,0.514374596065673,0.646777211826921,0.689059579751354,0.720882837329322,0.720882837329322,3,3,3,3,3,3,3,2,2
567399060,Chrna2-Cre_OE25;Ai14(IVSCC)-294916.03.01.03,0.475552687201478,0.607441281517518,0.590758525593642,0.631965983331205,0.68545395885677,569476187,569476189,569476191,569476193,569476195,0.475552687201478,0.607441281517518,0.631965983331205,0.68545395885677,0.68545395885677,3,3,3,3,3,3,3,3,3
569477234,Chrna2-Cre_OE25;Ai14(IVSCC)-298555.05.02.01,0.786103836506464,0.732423814468717,0.920074709074114,0.922491390455874,0.928242734482322,569955790,569955792,569955794,569955796,569955798,0.786103836506464,0.920074709074114,0.922491390455874,0.928242734482322,0.928242734482322,3,3,1,1,1,1,1,1,1
569623233,Ndnf-IRES2-dgCre;Ai14-298349.04.02.01,0.937493395225384,0.768730837818594,0.926025243618619,0.951958612688161,0.952990371974143,569896556,569896558,569896560,569896562,569896564,0.937493395225384,0.926025243618619,0.951958612688161,0.952990371974143,0.952990371974143,3,2,2,2,0,0,0,0,0
569670455,Chrna2-Cre_OE25;Ai14(IVSCC)-298553.05.02.01,0.65709460533579,0.680027526736222,0.658397959466097,0.679528261681035,0.704453745422931,569896590,569896592,569896594,569896596,569896598,0.65709460533579,0.680027526736222,0.679528261681035,0.704453745422931,0.704453745422931,3,3,3,3,3,1,1,1,0
569706189,Rbp4-Cre_KL100;Ai14-299344.04.01.01,0.528496179129035,0.577664754892302,0.492913017970666,0.348510515744302,0.3413178161401,570469769,570469771,570469773,570469775,570469777,0.528496179129035,0.577664754892302,0.348510515744302,0.3413178161401,0.577664754892302,1,1,1,1,1,1,1,1,0
569710450,Rbp4-Cre_KL100;Ai14-299344.05.02.01,0.677448786465684,0.644977169898098,0.60637667250353,0.637705454736399,0.809678123206101,570469828,570469837,570469841,570469843,570469845,0.677448786465684,0.644977169898098,0.637705454736399,0.809678123206101,0.809678123206101,3,3,3,3,3,3,3,3,3
569739534,Chrna2-Cre_OE25;Ai14(IVSCC)-298913.03.02.01,0.327914342786853,0.324504031556003,0.478693579634774,0.280415198332266,0.300921385226968,571019486,571019488,571019490,571019492,571019494,0.327914342786853,0.478693579634774,0.280415198332266,0.300921385226968,0.478693579634774,1,1,1,1,1,1,1,1,1
569810649,Vip-IRES-Cre;Ai14-299124.04.02.01,0.642867566520487,0.676707690413628,0.662338914145431,0.659051197849089,0.647084677286548,571019396,571019398,571019402,571019405,571019408,0.642867566520487,0.676707690413628,0.659051197849089,0.647084677286548,0.676707690413628,1,1,1,1,1,1,1,0,0
570924514,Vip-IRES-Cre;Ai14-299125.04.02.02,0.640828740313302,0.678066145832004,0.595551118607103,0.629985485193124,0.64393164118918,571868035,571868037,571868039,571868041,571868043,0.640828740313302,0.678066145832004,0.629985485193124,0.64393164118918,0.678066145832004,1,1,1,1,1,1,1,0,0
571292875,Vipr2-IRES2-Cre;Ai14-302668.04.01.01,0.599167860704401,0.580051985127937,0.719079409866104,0.689264808631477,0.773225103840847,573409889,573409891,573409893,573409895,573409897,0.599167860704401,0.719079409866104,0.689264808631477,0.773225103840847,0.773225103840847,3,3,3,3,3,3,3,3,3
571396942,Pvalb-IRES-Cre;Ai14-299810.02.01.01,0.980546969953089,0.982310109852986,0.960375108937115,0.988811303008001,0.99020175097244,573430539,573430543,573430548,573430554,573430558,0.980546969953089,0.982310109852986,0.988811303008001,0.99020175097244,0.99020175097244,3,2,0,0,0,0,0,0,0
573404307,Vipr2-IRES2-Cre;Ai14-304184.04.01.01,0.97423291710759,0.979031796321129,0.969268684493039,0.972638549088393,0.974312325350055,587845765,587845767,587845769,587845771,587845773,0.97423291710759,0.979031796321129,0.972638549088393,0.974312325350055,0.979031796321129,1,0,0,0,0,0,0,0,0
573976402,Pvalb-IRES-Cre;Ai14-305769.04.02.01,-0.0195918100783154,-0.0214247454510298,-0.0230930302633153,-0.024000813256433,-0.0276988020476426,587845967,587845969,587845971,587845974,587845976,-0.0195918100783154,-0.0214247454510298,-0.024000813256433,-0.0276988020476426,-0.0195918100783154,0,0,0,0,0,0,0,0,0
575642695,Sst-IRES-Cre;Ai14-306888.04.02.01,0.693088338861002,0.688647390052496,0.693511773477051,0.700660420328135,0.71624419543215,587846946,587846948,587846950,587846952,587846954,0.693088338861002,0.693511773477051,0.700660420328135,0.71624419543215,0.71624419543215,3,3,3,3,2,0,0,0,0
577218602,Chat-IRES-Cre-neo;Ai14-308248.03.02.01,0.10220751666821,0.102392505299436,0.107830460654707,0.120825438343969,0.118327653856701,587847920,587847922,587847924,587847926,587847928,0.10220751666821,0.107830460654707,0.120825438343969,0.118327653856701,0.120825438343969,2,2,2,1,0,0,0,0,0
577369606,Chat-IRES-Cre-neo;Ai14-308245.04.02.01,0.711172355598855,0.712446057347806,0.750796415643207,0.738249879277582,0.82361166437615,587848204,587848206,587848209,587848211,587848214,0.711172355598855,0.750796415643207,0.738249879277582,0.82361166437615,0.82361166437615,3,3,3,3,3,3,3,3,3
578898150,Oxtr-T2A-Cre;Ai14-309025.03.02.01,0.776043083092314,0.768646964472932,0.812191390896831,0.771243245201285,0.86125722391725,587862688,587862690,587862692,587862694,587862696,0.776043083092314,0.812191390896831,0.771243245201285,0.86125722391725,0.86125722391725,3,3,3,3,3,3,3,3,1
578909807,Oxtr-T2A-Cre;Ai14-309025.03.01.01,0.671893919135661,0.674816736265102,0.776138648035682,0.804137090839811,0.800548311128935,587862489,587862491,587862493,587862495,587862497,0.671893919135661,0.776138648035682,0.804137090839811,0.800548311128935,0.804137090839811,2,2,2,2,2,2,1,1,1
578929342,Oxtr-T2A-Cre;Ai14-309025.06.02.01,0.67375554511135,0.664107097066685,0.65257840082761,0.701080017059975,0.703056946106125,587862833,587862835,587862837,587862839,587862841,0.67375554511135,0.664107097066685,0.701080017059975,0.703056946106125,0.703056946106125,3,2,2,2,2,2,0,0,0
578938153,Oxtr-T2A-Cre;Ai14-309025.06.01.01,0.588128005859946,0.521912400220307,0.543890482436601,0.520768746682069,0.681314716441881,587862755,587862757,587862759,587862761,587862764,0.588128005859946,0.543890482436601,0.520768746682069,0.681314716441881,0.681314716441881,3,3,3,3,3,3,3,3,3
579263604,Glt25d2-Cre_NF107;Ai14-309226.04.02.01,0.43463923620734,0.44019378756843,0.226986721515475,0.320662215077216,0.225556946875035,587863123,587863125,587863127,587863129,587863131,0.43463923620734,0.44019378756843,0.320662215077216,0.225556946875035,0.44019378756843,1,1,0,0,0,0,0,0,0
579611597,Ndnf-IRES2-dgCre;Ai14-311164.04.01.01,0.834419166719239,0.755730878126704,0.874944454879536,0.884069847559941,0.884892569044322,587863828,587863830,587863832,587863834,587863836,0.834419166719239,0.874944454879536,0.884069847559941,0.884892569044322,0.884892569044322,3,2,1,1,1,1,1,1,1
579652000,Vipr2-IRES2-Cre;Ai14-310515.03.02.01,0.559526064219789,0.511432988119083,0.434431313401846,0.467979576096781,0.506722484110566,587864128,587864130,587864132,587864134,587864136,0.559526064219789,0.511432988119083,0.467979576096781,0.506722484110566,0.559526064219789,0,0,0,0,0,0,0,0,0
579662784,Vipr2-IRES2-Cre;Ai14-310515.02.02.01,0.741875349437679,0.583529350397858,0.798022187470052,0.821801467320964,0.838622143309351,587864212,587864214,587864216,587864218,587864220,0.741875349437679,0.798022187470052,0.821801467320964,0.838622143309351,0.838622143309351,3,3,3,3,2,2,2,2,1
579672464,Pvalb-IRES-Cre;Ai14-310799.03.02.01,0.923561740685968,0.933923718911343,0.862093814005756,0.901821775429351,0.912635934374444,587864169,587864171,587864173,587864175,587864177,0.923561740685968,0.933923718911343,0.901821775429351,0.912635934374444,0.933923718911343,1,1,1,0,0,0,0,0,0
579981789,Ndnf-IRES2-dgCre;Ai14-311161.05.02.01,0.650067991258544,0.616222129474203,0.733125173379926,0.758872529371051,0.814108425498762,587864383,587864385,587864387,587864389,587864391,0.650067991258544,0.733125173379926,0.758872529371051,0.814108425498762,0.814108425498762,3,3,3,3,3,3,3,3,3
580010290,Oxtr-T2A-Cre;Ai14-309030.04.01.02,0.830610924884057,0.836340457194709,0.81763976956097,0.825898807073161,0.79811805753935,587864519,587864521,587864523,587864525,587864527,0.830610924884057,0.836340457194709,0.825898807073161,0.79811805753935,0.836340457194709,1,1,0,0,0,0,0,0,0
580014328,Oxtr-T2A-Cre;Ai14-309030.05.02.01,0.677759442205987,0.741913665759122,0.813188470172361,0.823956133732831,0.876182626818938,587864551,587864553,587864555,587864557,587864559,0.677759442205987,0.813188470172361,0.823956133732831,0.876182626818938,0.876182626818938,3,3,3,3,3,3,3,3,3
580145037,Vipr2-IRES2-Cre;Ai14-310513.05.02.01,0.960126216775331,0.938353133332645,0.933035447766919,0.980592952992038,0.979495352581261,587864629,587864631,587864633,587864635,587864637,0.960126216775331,0.938353133332645,0.980592952992038,0.979495352581261,0.980592952992038,2,2,2,2,2,0,0,0,0
580149939,Vipr2-IRES2-Cre;Ai14-310513.04.02.01,0.57848779460972,0.547466781864103,0.491461362476897,0.540297861688873,0.578752071631223,591248096,591248098,591248100,591248102,591248104,0.57848779460972,0.547466781864103,0.540297861688873,0.578752071631223,0.578752071631223,3,0,0,0,0,0,0,0,0
580194100,Oxtr-T2A-Cre;Ai14-309026.03.01.01,0.354686030168787,0.555464219707844,0.469332072382089,0.567905519623427,0.619263159689471,587864827,587864829,587864831,587864833,587864835,0.354686030168787,0.555464219707844,0.567905519623427,0.619263159689471,0.619263159689471,3,3,3,3,3,3,3,3,3
580236419,Oxtr-T2A-Cre;Ai14-309026.05.01.01,0.381870571859883,0.391121572245133,0.302300649356821,0.34567403263944,0.31665817603448,591253502,591253504,591253506,591253508,591253510,0.381870571859883,0.391121572245133,0.34567403263944,0.31665817603448,0.391121572245133,1,1,0,0,0,0,0,0,0
580537822,Nkx2-1-CreERT2;Ai14 (IVSCC)-311671.04.02.02,0.789974130839608,0.68982046164436,0.81076935456072,0.824538142515873,0.824797631072731,587864955,587864957,587864959,587864961,587864963,0.789974130839608,0.81076935456072,0.824538142515873,0.824797631072731,0.824797631072731,3,2,2,1,1,1,1,0,0
580895033,Chrna2-Cre_OE25;Pvalb-T2A-Dre;Ai66-309757.02.01.01,0.983810807305087,0.988954969075309,0.972065677218419,0.983816449506429,0.983643486774882,587865629,587865631,587865633,587865635,587865637,0.983810807305087,0.988954969075309,0.983816449506429,0.983643486774882,0.988954969075309,1,1,0,0,0,0,0,0,0
581058351,Nkx2-1-CreERT2;Ai14 (IVSCC)-311666.06.02.01,0.960797454898202,0.962394062138248,0.953011984741975,0.985715603553226,0.987040052352864,587865710,587865712,587865714,587865716,587865718,0.960797454898202,0.962394062138248,0.985715603553226,0.987040052352864,0.987040052352864,3,2,2,2,2,1,0,0,0
581138223,Nkx2-1-CreERT2;Ai14 (IVSCC)-311663.03.01.01,0.704310712405375,0.684020240549061,0.676857493690796,0.73350295156256,0.731551393087556,587865916,587865918,587865920,587865922,587865924,0.704310712405375,0.684020240549061,0.73350295156256,0.731551393087556,0.73350295156256,2,2,2,2,2,2,0,0,0
582644266,Chat-IRES-Cre-neo;Ai14-313181.04.02.01,0.693548552815403,0.699654317713831,0.759200959768342,0.770645140490736,0.777426853616797,591739019,591739027,591739033,591739036,591739038,0.693548552815403,0.759200959768342,0.770645140490736,0.777426853616797,0.777426853616797,3,3,2,2,1,1,1,1,1
583403073,Chrna2-Cre_OE25;Pvalb-T2A-Dre;Ai66-312583.03.02.01,0.434105808397148,0.447864669787937,0.454951515935945,0.401121313617748,0.394140495297098,591414579,591414581,591414583,591414585,591414587,0.434105808397148,0.454951515935945,0.401121313617748,0.394140495297098,0.454951515935945,1,1,1,1,1,0,0,0,0
583804033,Htr3a-Cre_NO152;Ai14-314135.03.02.01,0.693778415471458,0.73508215900891,0.741802094603054,0.812684044813222,0.823678192991655,591527058,591527060,591527062,591527064,591527066,0.693778415471458,0.741802094603054,0.812684044813222,0.823678192991655,0.823678192991655,3,3,3,2,2,2,2,2,2
584561230,Vip-IRES-Cre;Ai14-314157.03.02.01,0.517704007131357,0.560122259094369,0.584827005658934,0.583550470772475,0.603726039182428,591536704,591536708,591536712,591536716,591536720,0.517704007131357,0.584827005658934,0.583550470772475,0.603726039182428,0.603726039182428,3,3,3,3,1,1,1,1,1
584587128,Vip-IRES-Cre;Ai14-314157.04.01.01,0.681935633139945,0.639843421933075,0.712706432182245,0.760295174764185,0.737797367905877,591536556,591536559,591536562,591536565,591536569,0.681935633139945,0.712706432182245,0.760295174764185,0.737797367905877,0.760295174764185,2,2,2,2,2,2,2,2,1
584664194,Oxtr-T2A-Cre;Ai14-314784.02.02.01,0.749204155510332,0.866196240215513,0.541110364026739,0.776242041012063,0.820530536269658,591538450,591538452,591538454,591538456,591538458,0.749204155510332,0.866196240215513,0.776242041012063,0.820530536269658,0.866196240215513,1,1,1,1,1,1,1,1,1
584872371,Htr3a-Cre_NO152;Ai14-314467.03.02.01,0.779529477688138,0.791059261379998,0.78744755218455,0.79318150581324,0.834242095545129,591539302,591539304,591539306,591539308,591539310,0.779529477688138,0.791059261379998,0.79318150581324,0.834242095545129,0.834242095545129,3,3,3,3,3,3,3,3,1
585740198,Htr3a-Cre_NO152;Pvalb-T2A-Dre;Ai66-313946.04.02.01,0.952438152046497,0.963748732963383,0.937650836611039,0.950596313503573,0.957421836381386,591540189,591540191,591540193,591540195,591540197,0.952438152046497,0.963748732963383,0.950596313503573,0.957421836381386,0.963748732963383,1,1,1,0,0,0,0,0,0
585805211,Vipr2-IRES2-Cre;Slc32a1-T2A-FlpO;Ai65-315067.05.01.01,0.953230724463013,0.905970473609694,0.926355359299363,0.985667801569588,0.980263013581736,591765641,591765643,591765645,591765648,591765651,0.953230724463013,0.926355359299363,0.985667801569588,0.980263013581736,0.985667801569588,2,2,2,2,2,2,2,0,0
585832440,Vipr2-IRES2-Cre;Slc32a1-T2A-FlpO;Ai65-315067.05.02.01,0.970532860010493,0.919171811671291,0.942698316695094,0.975587764089672,0.977274928965871,591764972,591764974,591764976,591764978,591764981,0.970532860010493,0.942698316695094,0.975587764089672,0.977274928965871,0.977274928965871,3,2,0,0,0,0,0,0,0
585908787,Chat-IRES-Cre-neo;Ai14-316043.04.01.01,0.676800269518514,0.681080915524702,0.800369081524452,0.816705152071149,0.825344555707796,591763620,591763622,591763624,591763626,591763628,0.676800269518514,0.800369081524452,0.816705152071149,0.825344555707796,0.825344555707796,3,3,2,2,2,1,1,1,1
586072188,Chat-IRES-Cre-neo;Ai14-316042.05.01.01,0.682620429720055,0.710994556089612,0.78026087854133,0.78175775813411,0.794766895671039,591774407,591774409,591774411,591774413,591774415,0.682620429720055,0.78026087854133,0.78175775813411,0.794766895671039,0.794766895671039,3,3,3,1,1,1,1,1,1
586072783,Chat-IRES-Cre-neo;Ai14-316042.06.01.01,0.777087276629795,0.799269373753075,0.830838338023964,0.832382928211597,0.83714827848203,591774119,591774121,591774123,591774125,591774127,0.777087276629795,0.830838338023964,0.832382928211597,0.83714827848203,0.83714827848203,3,2,1,1,1,1,1,1,1
586358539,Htr3a-Cre_NO152;Pvalb-T2A-Dre;Ai66-313949.03.01.01,0.974056493969834,0.971725238551004,0.952716780521953,0.966905982988506,0.97131842738273,591785624,591785627,591785629,591785631,591785633,0.974056493969834,0.971725238551004,0.966905982988506,0.97131842738273,0.974056493969834,0,0,0,0,0,0,0,0,0
586366106,Htr3a-Cre_NO152;Pvalb-T2A-Dre;Ai66-313949.03.02.01,0.974434845115815,0.966584700131771,0.956498190158638,0.976367408498278,0.980362443484396,591787897,591787905,591787907,591787909,591787911,0.974434845115815,0.966584700131771,0.976367408498278,0.980362443484396,0.980362443484396,3,2,0,0,0,0,0,0,0
587096515,Nos1-CreERT2;Sst-IRES-FlpO;Ai65-314232.02.01.01,0.554120332041648,0.567831112544826,0.645604269073204,0.653569887018678,0.668904935251825,592409186,592409188,592409190,592409192,592409194,0.554120332041648,0.645604269073204,0.653569887018678,0.668904935251825,0.668904935251825,3,3,3,3,2,1,1,1,1
588695976,Tlx3-Cre_PL56;Ai14-318845.04.01.01,0.302420774276096,0.361257092593229,0.297450902156566,0.305241041937275,0.304934466575809,592624940,592624942,592624944,592624946,592624948,0.302420774276096,0.361257092593229,0.305241041937275,0.304934466575809,0.361257092593229,1,1,1,1,1,1,1,1,1
588711875,Tlx3-Cre_PL56;Ai14-318845.04.02.01,0.535256503325084,0.527553640342902,0.19559434753206,0.212304447008855,0.399617702902644,592625597,592625599,592625601,592625603,592625605,0.535256503325084,0.527553640342902,0.212304447008855,0.399617702902644,0.535256503325084,0,0,0,0,0,0,0,0,0
589128508,Sim1-Cre_KJ18;Ai14-318533.06.01.01,0.600233764799528,0.596672421448031,0.668369851578332,0.701700491888722,0.694602995188055,592921946,592921951,592921954,592921958,592921962,0.600233764799528,0.668369851578332,0.701700491888722,0.694602995188055,0.701700491888722,2,2,2,2,2,2,2,1,1
589452470,Vipr2-IRES2-Cre;Ai14-319360.03.02.01,0.616489352060111,0.685251375615435,0.595121851890576,0.668647333091186,0.657259896557709,593242917,593242919,593242921,593242923,593242925,0.616489352060111,0.685251375615435,0.668647333091186,0.657259896557709,0.685251375615435,1,1,1,1,1,1,1,1,1
589764355,Sim1-Cre_KJ18;Ai14-318179.06.02.01,0.696281460634739,0.657148931618392,0.547387047141977,0.576891675763091,0.559396941948909,592922288,592922290,592922292,592922294,592922298,0.696281460634739,0.657148931618392,0.576891675763091,0.559396941948909,0.696281460634739,0,0,0,0,0,0,0,0,0
591616101,Vip-IRES-Cre;Ai14-319672.04.01.01,0.448109566230605,0.393594624386745,0.413019785362683,0.34584681711495,0.389163268263822,592938438,592938440,592938442,592938444,592938447,0.448109566230605,0.413019785362683,0.34584681711495,0.389163268263822,0.448109566230605,0,0,0,0,0,0,0,0,0
591626585,Vip-IRES-Cre;Ai14-319672.03.02.01,0.616500178379431,0.641523028626783,0.675756501895398,0.715230620614079,0.693164614740582,592940054,592940058,592940065,592940073,592940077,0.616500178379431,0.675756501895398,0.715230620614079,0.693164614740582,0.715230620614079,2,2,2,2,2,2,2,1,1
592868444,Vip-IRES-Cre;Ai14-322778.05.02.01,0.683611129986078,0.640681206742162,0.594348204579007,0.634488858694349,0.633442842281023,593705231,593705233,593705235,593705237,593705239,0.683611129986078,0.640681206742162,0.634488858694349,0.633442842281023,0.683611129986078,0,0,0,0,0,0,0,0,0
593312584,Gad2-IRES-Cre;Ai14-324791.03.01.01,0.702332208003425,0.718183868172401,0.764455926915578,0.770628673155639,0.831352918718391,597605608,597605610,597605612,597605614,597605616,0.702332208003425,0.764455926915578,0.770628673155639,0.831352918718391,0.831352918718391,3,3,3,3,3,3,3,3,3
593453795,Vipr2-IRES2-Cre;Slc32a1-T2A-FlpO;Ai65-324860.05.01.01,0.967262043029178,0.970168016367775,0.956151916992912,0.979958117148686,0.981541636174755,597605667,597605669,597605671,597605673,597605675,0.967262043029178,0.970168016367775,0.979958117148686,0.981541636174755,0.981541636174755,3,2,2,0,0,0,0,0,0
593618144,Chrna2-Cre_OE25;Pvalb-T2A-Dre;Ai66-324649.05.02.01,0.982554909791514,0.983676915571571,0.966435926726084,0.97419284443749,0.977742399467989,597232580,597232595,597232597,597232599,597232601,0.982554909791514,0.983676915571571,0.97419284443749,0.977742399467989,0.983676915571571,1,0,0,0,0,0,0,0,0
596808392,Vipr2-IRES2-Cre;Slc32a1-T2A-FlpO;Ai65-329542.05.02.01,0.773389775743027,0.713555172769882,0.843408043128529,0.870617591870169,0.870398668451979,599372759,599372761,599372763,599372765,599372767,0.773389775743027,0.843408043128529,0.870617591870169,0.870398668451979,0.870617591870169,2,2,2,2,2,2,1,1,1
603402458,Penk-IRES2-Cre-neo;Ai14-334280.04.01.01,0.73551801548456,0.756285821341677,0.697733048467658,0.711834650791731,0.70609710294638,605236750,605236752,605236754,605236756,605236758,0.73551801548456,0.756285821341677,0.711834650791731,0.70609710294638,0.756285821341677,1,1,1,1,1,0,0,0,0
609775336,Vipr2-IRES2-Cre;Slc32a1-T2A-FlpO;Ai65-344140.05.02.01,0.94483059818467,0.908846394496695,0.961382077576909,0.959461970714425,0.95928883261833,617215778,617215780,617215782,617215784,617215786,0.94483059818467,0.961382077576909,0.959461970714425,0.95928883261833,0.961382077576909,1,1,1,1,0,0,0,0,0
623427407,Nos1-CreERT2;Sst-IRES-FlpO;Ai65-346513.04.02.01,0.758132428255865,0.779296649181095,0.760396026072978,0.789211511994526,0.780509614219673,637923992,637923994,637923996,637923998,637924000,0.758132428255865,0.779296649181095,0.789211511994526,0.780509614219673,0.789211511994526,2,2,1,1,1,1,1,0,0
623474400,Sim1-Cre_KJ18;Ai14-345648.03.02.01,0.51017961867073,0.523942477129219,0.380169990264764,0.449055547453503,0.485662565732226,637923864,637923866,637923868,637923870,637923872,0.51017961867073,0.523942477129219,0.449055547453503,0.485662565732226,0.523942477129219,1,1,1,0,0,0,0,0,0
623960880,Nos1-CreERT2;Sst-IRES-FlpO;Ai65-346515.04.01.01,0.711794210638984,0.750745710653136,0.747926347983121,0.721714213897087,0.746204598494466,637925744,637925746,637925748,637925750,637925752,0.711794210638984,0.750745710653136,0.721714213897087,0.746204598494466,0.750745710653136,1,1,1,1,1,1,1,0,0
628700262,Sim1-Cre_KJ18;Ai14-346506.05.02.01,0.56901854254578,0.62365174147212,0.597161916041584,0.634502113378832,0.667817992499668,637930669,637930671,637930673,637930675,637930677,0.56901854254578,0.62365174147212,0.634502113378832,0.667817992499668,0.667817992499668,3,3,3,3,3,3,3,2,1
