specimen_id,level,template_id,model_id,run_id,explained_variance_ratio
313861608,1,395310469,566281678,566300595,0.968530614937373
313861608,2,395310479,566281680,566300856,0.951977514183922
313861608,3,395310475,566281682,566300842,0.974023371275986
313861608,4,471355161,566281684,566302934,0.974126139629663
313861608,5,395310498,566281686,566304450,0.971204803545251
313861677,1,395310469,566281743,566294247,0.672367597280085
313861677,2,395310479,566281745,566295215,0.687579565860372
313861677,3,395310475,566281747,566295018,0.431767372542924
313861677,4,471355161,566281749,566295841,0.562042883649191
313861677,5,395310498,566281751,566295980,0.543629947298748
313861794,1,395310469,566281780,566296261,0.739910442175059
313861794,2,395310479,566281782,566297041,0.800209241758984
313861794,3,395310475,566281784,566296466,0.824982515325358
313861794,4,471355161,566281786,566297182,0.830142359374035
313861794,5,395310498,566281788,566300177,0.852406949898712
313862134,1,395310469,566282072,566295795,0.947474654483392
313862134,2,395310479,566282074,566296015,0.902512018848051
313862134,3,395310475,566282076,566295887,0.95818627658215
313862134,4,471355161,566282078,566296107,0.965960954761689
313862134,5,395310498,566282080,566296603,0.964164603753062
313862167,1,395310469,566281820,566296985,0.908908087303024
313862167,2,395310479,566281822,566298444,0.827110189836267
313862167,3,395310475,566281824,566297008,0.915922133945387
313862167,4,471355161,566281826,566297722,0.945239563483232
313862167,5,395310498,566281828,566300642,0.943591894807975
313862274,1,395310469,566282105,566296559,0.845470597662831
313862274,2,395310479,566282107,566297537,0.842613871151968
313862274,3,395310475,566282109,566298502,0.835033955496667
313862274,4,471355161,566282111,566300951,0.820873836376403
313862274,5,395310498,566282113,566302785,0.824214153139079
314642645,1,395310469,566282193,566294874,0.685232525094639
314642645,2,395310479,566282195,566295852,0.748375778458534
314642645,3,395310475,566282197,566295262,0.633358939006833
314642645,4,471355161,566282199,566295875,0.711641787324923
314642645,5,395310498,566282201,566296085,0.693951657385294
314800921,1,395310469,566282155,566295380,0.676829058681391
314800921,2,395310479,566282157,566295921,0.549377355698663
314800921,3,395310475,566282159,566295452,0.769043211863638
314800921,4,471355161,566282161,566295899,0.769773445243762
314800921,5,395310498,566282163,566296038,0.779698218061792
314822529,1,395310469,566282269,566295237,0.742650093030387
314822529,2,395310479,566282271,566295864,0.629978500597989
314822529,3,395310475,566282273,566295613,0.848798951910173
314822529,4,471355161,566282275,566295932,0.871046395019947
314822529,5,395310498,566282277,566296027,0.87261539785714
318556138,1,395310469,566282030,566295943,0.947177005952953
318556138,2,395310479,566282032,566296233,0.93800116376996
318556138,3,395310475,566282034,566296222,0.969477684721572
318556138,4,471355161,566282036,566296678,0.969120275460376
318556138,5,395310498,566282038,566297313,0.967283873635648
318733871,1,395310469,566282232,566296372,0.638226820561679
318733871,2,395310479,566282234,566297277,0.664644624881032
318733871,3,395310475,566282236,566296972,0.582199697703125
318733871,4,471355161,566282238,566297442,0.734694934168298
318733871,5,395310498,566282240,566300964,0.739204164135391
320207387,1,395310469,566282497,566297248,0.719041040511848
320207387,2,395310479,566282499,566299821,0.682678069942582
320207387,3,395310475,566282501,566297026,0.894046170447377
320207387,4,471355161,566282503,566298568,0.903569623908939
320207387,5,395310498,566282505,566300582,0.905775028835997
320639930,1,395310469,566282589,566296997,0.70779341355205
320639930,2,395310479,566282591,566299437,0.673501764283986
320639930,3,395310475,566282593,566297194,0.656359516667764
320639930,4,471355161,566282595,566300336,0.718094032934643
320639930,5,395310498,566282597,566301236,0.732117998383992
320668841,1,395310469,566282666,566297053,0.494405746019089
320668841,2,395310479,566282668,566299617,0.60284879175961
320668841,3,395310475,566282670,566297552,0.41477311953382
320668841,4,471355161,566282672,566300349,0.43875759117602
320668841,5,395310498,566282674,566301152,0.424353229124718
320836481,1,395310469,566282723,566296958,0.557285399119401
320836481,2,395310479,566282725,566298581,0.668154594496299
320836481,3,395310475,566282727,566297226,0.48663008082757
320836481,4,471355161,566282729,566299631,0.546852817713915
320836481,5,395310498,566282731,566301508,0.509638139137457
321893798,1,395310469,566282907,566297144,0.503181277847603
321893798,2,395310479,566282909,566299843,0.626705442357511
321893798,3,395310475,566282911,566297644,0.457898400222912
321893798,4,471355161,566282913,566300400,0.304376953985806
321893798,5,395310498,566282915,566301530,0.423112667683492
322197160,1,395310469,566283065,566299642,0.313482793729814
322197160,2,395310479,566283067,566300725,0.387722241907148
322197160,3,395310475,566283069,566300385,0.552632290363783
322197160,4,471355161,566283071,566300912,0.57635141510268
322197160,5,395310498,566283073,566302246,0.586796643424653
322197295,1,395310469,566283136,566295910,0.416751713334748
322197295,2,395310479,566283138,566296096,0.414757672611465
322197295,3,395310475,566283140,566295992,0.422295913173561
322197295,4,471355161,566283142,566296285,0.493670508407547
322197295,5,395310498,566283144,566297459,0.491292300450448
322229594,1,395310469,566283006,566297167,0.718586330155272
322229594,2,395310479,566283008,566299735,0.729198373618441
322229594,3,395310475,566283010,566298457,0.630837841848476
322229594,4,471355161,566283012,566300610,0.690774636029345
322229594,5,395310498,566283014,566302204,0.703493564950063
322246422,1,395310469,566283299,566297590,0.71823745901199
322246422,2,395310479,566283301,566300528,0.741819318581935
322246422,3,395310475,566283303,566299782,0.693872147312639
322246422,4,471355161,566283305,566300815,0.724095396455242
322246422,5,395310498,566283307,566302951,0.701140279633891
322297406,1,395310469,566283337,566297525,0.631218090965934
322297406,2,395310479,566283339,566299564,0.543372932283575
322297406,3,395310475,566283341,566297735,0.645817470957295
322297406,4,471355161,566283343,566300310,0.681911452793646
322297406,5,395310498,566283345,566301622,0.649382355239959
322723785,1,395310469,566283234,566297080,0.765009312111857
322723785,2,395310479,566283236,566300001,0.67594088387182
322723785,3,395310475,566283240,566297752,0.730559151838995
322723785,4,471355161,566283243,566300485,0.806449034976142
322723785,5,395310498,566283246,566301196,0.815766670669226
323834998,1,395310469,566283532,566298159,0.851658752798052
323834998,2,395310479,566283534,566300631,0.802321004376069
323834998,3,395310475,566283536,566299483,0.920417997596475
323834998,4,471355161,566283538,566300739,0.8801207267065
323834998,5,395310498,566283540,566302610,0.876554183025102
323838579,1,395310469,566283630,566297763,0.778451510563961
323838579,2,395310479,566283632,566300298,0.731405056756248
323838579,3,395310475,566283634,566299577,0.842759937212809
323838579,4,471355161,566283636,566300780,0.85183460462915
323838579,5,395310498,566283638,566302223,0.852269990164588
324025297,1,395310469,496416921,496894626,0.455706450615141
324025297,2,395310479,496416923,496894329,0.578899293414614
324025297,3,395310475,496416925,496896498,0.556648330359149
324025297,4,471355161,496416927,496640432,0.522441873100552
324025297,5,395310498,496416929,496896943,0.522501106775842
324032509,1,395310469,566283873,566305420,0.62438814058921
324032509,2,395310479,566283875,566306211,0.707598861539474
324032509,3,395310475,566283877,566305891,0.683554037143342
324032509,4,471355161,566283879,566306751,0.647058556187627
324032509,5,395310498,566283881,566307962,0.71404629459093
324053519,1,395310469,566284043,566302955,0.545805961497935
324053519,2,395310479,566284045,566304293,0.457365438625017
324053519,3,395310475,566284047,566304222,0.534135230602354
324053519,4,471355161,566284049,566304595,0.562507614493946
324053519,5,395310498,566284051,566305121,0.572398134423837
324065524,1,395310469,566284245,566304241,0.775806587776311
324065524,2,395310479,566284247,566304657,0.738960044475977
324065524,3,395310475,566284249,566304278,0.708766298377708
324065524,4,471355161,566284251,566304727,0.760984501463312
324065524,5,395310498,566284253,566305147,0.829233156859017
324466858,1,395310469,566284194,566303998,0.747384243081205
324466858,2,395310479,566284196,566304536,0.752880850674793
324466858,3,395310475,566284198,566304207,0.639817921195934
324466858,4,471355161,566284200,566304628,0.63457647550326
324466858,5,395310498,566284202,566305162,0.712971713325973
324493977,1,395310469,566284334,566302583,0.88399891821359
324493977,2,395310479,566284336,566304038,0.808855690521363
324493977,3,395310475,566284338,566302709,0.830538958796183
324493977,4,471355161,566284340,566307329,0.868255305618236
324493977,5,395310498,566284342,566304524,0.871466524609584
325853048,1,395310469,566284690,566304373,0.56693675482629
325853048,2,395310479,566284692,566308693,0.647942344250163
325853048,3,395310475,566284694,566307890,0.43084934177827
325853048,4,471355161,566284696,566308988,0.461862683820717
325853048,5,395310498,566284698,566309736,0.51816787874468
326774520,1,395310469,566284300,566307754,0.322392888470837
326774520,2,395310479,566284302,566308880,0.348946827816805
326774520,3,395310475,566284305,566308032,0.294402015839259
326774520,4,471355161,566284308,566309154,0.3278089975935
326774520,5,395310498,566284310,566310155,0.310560116583059
327648537,1,395310469,566285446,566304063,0.768957755875457
327648537,2,395310479,566285448,566314260,0.604996977148649
327648537,3,395310475,566285450,566312458,0.946901541279489
327648537,4,471355161,566285452,566314419,0.942194681397546
327648537,5,395310498,566285454,566316700,0.941472798313097
327679841,1,395310469,566285778,566313004,0.721701791277669
327679841,2,395310479,566285780,566314055,0.395609344935848
327679841,3,395310475,566285782,566312782,0.925906996418461
327679841,4,471355161,566285784,566315186,0.936011867781618
327679841,5,395310498,566285787,566305580,0.935698353566213
328015342,1,395310469,566287661,566304255,0.697374219356459
328015342,2,395310479,566287663,566304606,0.693625067304466
328015342,3,395310475,566287666,566304571,0.718349754971862
328015342,4,471355161,566287668,566304772,0.765161588299453
328015342,5,395310498,566287670,566305237,0.771040009582354
328031983,1,395310469,566288169,566303063,0.897916452826303
328031983,2,395310479,566288171,566311136,0.890575346087072
328031983,3,395310475,566288173,566308006,0.894614253267323
328031983,4,471355161,566288176,566312387,0.901108006835782
328031983,5,395310498,566288178,566314266,0.903015056010146
328093618,1,395310469,496416835,496930451,0.0699566446262405
328093618,2,395310479,496416837,496928432,0.0700045727867493
328093618,3,395310475,496416839,496935991,0.0649168539058017
328093618,4,471355161,496416841,496895641,0.0703805151815392
328093618,5,395310498,496416843,496935719,0.0655377940472853
328535908,1,395310469,566286523,566307424,0.424483890914694
328535908,2,395310479,566286525,566308769,0.580670418907921
328535908,3,395310475,566286527,566307978,0.491059250155434
328535908,4,471355161,566286529,566304617,0.467010316864791
328535908,5,395310498,566286531,566305232,0.445473704992666
329224678,1,395310469,566287167,566304181,0.86501146323785
329224678,2,395310479,566287169,566304669,0.837907684126652
329224678,3,395310475,566287171,566304583,0.873078080457935
329224678,4,471355161,566287173,566316210,0.852339799368789
329224678,5,395310498,566287175,566316800,0.877940027054242
397353539,1,395310469,566294374,566309189,0.706713379929118
397353539,2,395310479,566294376,566307349,0.729972051533859
397353539,3,395310475,566294378,566307146,0.680552450154604
397353539,4,471355161,566294380,566307268,0.694086689101455
397353539,5,395310498,566294382,566307932,0.763798966589348
422738880,1,395310469,566293982,566311297,0.648164085940725
422738880,2,395310479,566293984,566312543,0.66413100787929
422738880,3,395310475,566293986,566312311,0.52019800053742
422738880,4,471355161,566293988,566312762,0.596143646499538
422738880,5,395310498,566293990,566314305,0.649174262443046
464079491,1,395310469,566294807,566311280,0.704669429122637
464079491,2,395310479,566294809,566312894,0.639191170541805
464079491,3,395310475,566294811,566311973,0.497563979847872
464079491,4,471355161,566294813,566313016,0.578024850346064
464079491,5,395310498,566294815,566314277,0.547905838106772
464188580,1,395310469,566295639,566314630,0.674068627391846
464188580,2,395310479,566295641,566316155,0.5710269045686
464188580,3,395310475,566295643,566315466,0.883015282454719
464188580,4,471355161,566295645,566316462,0.9058180910857
464188580,5,395310498,566295647,566318094,0.894416689172428
464212183,1,395310469,566292970,566310237,0.80202805121675
464212183,2,395310479,566292972,566310920,0.726597666216641
464212183,3,395310475,566292974,566310254,0.873057841536123
464212183,4,471355161,566292976,566311364,0.879145123810075
464212183,5,395310498,566292978,566312632,0.87414332769094
465924786,1,395310469,566294651,566307736,0.694077058000859
465924786,2,395310479,566294653,566310754,0.652020508909894
465924786,3,395310475,566294655,566310527,0.758572033334824
465924786,4,471355161,566294658,566311022,0.757792852970087
465924786,5,395310498,566294660,566313027,0.758995544168175
467003163,1,395310469,566296618,566310882,0.705833593669252
467003163,2,395310479,566296620,566312247,0.622210105537511
467003163,3,395310475,566296622,566308583,0.876284202390628
467003163,4,471355161,566296624,566312181,0.873075102950483
467003163,5,395310498,566296626,566309417,0.873408196658646
468120757,1,395310469,566297684,566309604,0.767483199169849
468120757,2,395310479,566297686,566308101,0.701197077392755
468120757,3,395310475,566297688,566309646,0.720054333341381
468120757,4,471355161,566297690,566309816,0.732665408945307
468120757,5,395310498,566297692,566308562,0.763514279008678
469704261,1,395310469,566297106,566322298,0.814038508512447
469704261,2,395310479,566297108,566322549,0.720707532908684
469704261,3,395310475,566297110,566321932,0.891923535502807
469704261,4,471355161,566297112,566322590,0.904823039076687
469704261,5,395310498,566297114,566324043,0.908968852352808
469720505,1,395310469,566299524,566312610,0.636572120744626
469720505,2,395310479,566299526,566309256,0.63858851745335
469720505,3,395310475,566299528,566308963,0.543744213904269
469720505,4,471355161,566299530,566314232,0.658891277208586
469720505,5,395310498,566299532,566309658,0.646340522741932
469753383,1,395310469,566299918,566318942,0.614962910146169
469753383,2,395310479,566299920,566319491,0.529673808975437
469753383,3,395310475,566299922,566319220,0.826352144730832
469753383,4,471355161,566299924,566319639,0.821188560952204
469753383,5,395310498,566299926,566320158,0.820212175799142
469803127,1,395310469,566302806,566321695,0.670887138904949
469803127,2,395310479,566302808,566322578,0.738936429190334
469803127,3,395310475,566302810,566322427,0.662303182403654
469803127,4,471355161,566302812,566323239,0.624541063671311
469803127,5,395310498,566302814,566325171,0.573135122239308
469832490,1,395310469,566302633,566319367,0.578344993942325
469832490,2,395310479,566302636,566319606,0.533678102196462
469832490,3,395310475,566302638,566319167,0.589242783084874
469832490,4,471355161,566302640,566319895,0.603778811128007
469832490,5,395310498,566302643,566319871,0.608719205565834
470098860,1,395310469,566302725,566319156,0.697080295902961
470098860,2,395310479,566302727,566319306,0.641383195268262
470098860,3,395310475,566302729,566319102,0.537749902359218
470098860,4,471355161,566302732,566319796,0.699123517520634
470098860,5,395310498,566302734,566319981,0.706817500638985
471087830,1,395310469,566303365,566328986,0.965979358349771
471087830,2,395310479,566303367,566330848,0.938262591226588
471087830,3,395310475,566303369,566330400,0.97653744763795
471087830,4,471355161,566303372,566334887,0.97199538711075
471087830,5,395310498,566303374,566332303,0.969488104391449
471129934,1,395310469,566303774,566318870,0.730849159798455
471129934,2,395310479,566303776,566319550,0.671668002985516
471129934,3,395310475,566303778,566319188,0.809025190012144
471129934,4,471355161,566303780,566321342,0.80983064060105
471129934,5,395310498,566303783,566322256,0.79709791848914
471131311,1,395310469,566303188,566323834,0.766404025696221
471131311,2,395310479,566303190,566325182,0.706938298301612
471131311,3,395310475,566303192,566320671,0.71368491460739
471131311,4,471355161,566303194,566323457,0.758282719027027
471131311,5,395310498,566303196,566322364,0.77478179333994
471141261,1,395310469,566303007,566326075,0.807869940443763
471141261,2,395310479,566303010,566325081,0.461235566945023
471141261,3,395310475,566303013,566324714,0.703263424117576
471141261,4,471355161,566303016,566327165,0.756875464699041
471141261,5,395310498,566303019,566328312,0.797437856843994
471800189,1,395310469,566304387,566322880,0.728768453172663
471800189,2,395310479,566304389,566323611,0.599226207955139
471800189,3,395310475,566304391,566323255,0.810678525309569
471800189,4,471355161,566304393,566323980,0.829207998471816
471800189,5,395310498,566304395,566326509,0.863570566118063
471819401,1,395310469,566303328,566324259,0.770876260096672
471819401,2,395310479,566303330,566325600,0.659644929555254
471819401,3,395310475,566303332,566325228,0.801295547812745
471819401,4,471355161,566303334,566326032,0.843681899885439
471819401,5,395310498,566303336,566326697,0.871942141641244
473011949,1,395310469,566302446,566321978,0.630244944552465
473011949,2,395310479,566302448,566322645,0.622444373565252
473011949,3,395310475,566302450,566322393,0.780665584537503
473011949,4,471355161,566302452,566322812,0.642456727433131
473011949,5,395310498,566302454,566325092,0.657586750069045
473020156,1,395310469,566304488,566323558,0.639458882989526
473020156,2,395310479,566304490,566325401,0.708039958216898
473020156,3,395310475,566304492,566324902,0.701788785706704
473020156,4,471355161,566304494,566325466,0.717576170495445
473020156,5,395310498,566304496,566326674,0.726870129686238
473593847,1,395310469,566304106,566320841,0.804052241769743
473593847,2,395310479,566304108,566321792,0.735002152691815
473593847,3,395310475,566304110,566322447,0.831570112498082
473593847,4,471355161,566304112,566322004,0.778629056119222
473593847,5,395310498,566304114,566323891,0.790149488210672
473642382,1,395310469,566304879,566324574,0.70796895895865
473642382,2,395310479,566304881,566325445,0.676156931108952
473642382,3,395310475,566304883,566325023,0.774555494321671
473642382,4,471355161,566304885,566325250,0.795149765469912
473642382,5,395310498,566304887,566327109,0.799167400375396
473909767,1,395310469,566306246,566328486,0.625016590201723
473909767,2,395310479,566306248,566329076,0.589337600490321
473909767,3,395310475,566306250,566328630,0.761736342082239
473909767,4,471355161,566306252,566328059,0.736106077961128
473909767,5,395310498,566306254,566327232,0.781367973897985
473943881,1,395310469,566305790,566324582,0.688964567420777
473943881,2,395310479,566305792,566325412,0.49324985219079
473943881,3,395310475,566305794,566324700,0.904463674196075
473943881,4,471355161,566305796,566325682,0.897279368068468
473943881,5,395310498,566305798,566327209,0.901333442171861
474283475,1,395310469,566306086,566328741,0.811009152105134
474283475,2,395310479,566306088,566329107,0.741039521463662
474283475,3,395310475,566306090,566327979,0.82511008861376
474283475,4,471355161,566306092,566329193,0.904931633505613
474283475,5,395310498,566306094,566330501,0.910461939591426
474637203,1,395310469,566305852,566323701,0.754537498979975
474637203,2,395310479,566305854,566324758,0.551270339342715
474637203,3,395310475,566305856,566323219,0.947875783252394
474637203,4,471355161,566305858,566323850,0.951900389763704
474637203,5,395310498,566305860,566325374,0.952852445603313
474660482,1,395310469,566305918,566322791,-0.00491619723628172
474660482,2,395310479,566305920,566323581,-0.00494046948962944
474660482,3,395310475,566305922,566322489,-0.00437610935892477
474660482,4,471355161,566305924,566323477,-0.00426073353723495
474660482,5,395310498,566305926,566325065,0.0395699921119507
475057898,1,395310469,566306708,566321013,0.890318258576884
475057898,2,395310479,566306710,566321881,0.897322403478789
475057898,3,395310475,566306712,566321651,0.820358034881536
475057898,4,471355161,566306714,566322501,0.866682527767062
475057898,5,395310498,566306716,566323181,0.859415986969851
475400072,1,395310469,566306436,566322865,0.750796292393819
475400072,2,395310479,566306438,566327379,0.752326994192361
475400072,3,395310475,566306440,566323097,0.566238188449349
475400072,4,471355161,566306442,566323772,0.813438183529146
475400072,5,395310498,566306444,566324661,0.820082485366018
475517090,1,395310469,496421297,497295133,0.768807836745805
475517090,2,395310479,496421299,501530787,0.755089559169911
475517090,3,395310475,496421301,497301698,0.654348584654024
475517090,4,471355161,496421303,497245792,0.663199642469546
475517090,5,395310498,496421305,497306029,0.659753732341407
475542907,1,395310469,566306496,566328497,0.771039911773993
475542907,2,395310479,566306500,566328618,0.783782064139354
475542907,3,395310475,566306503,566328595,0.781968831547015
475542907,4,471355161,566306506,566329394,0.754517827585746
475542907,5,395310498,566306510,566330991,0.758223474036825
475580568,1,395310469,566306172,566326189,0.937428933645562
475580568,2,395310479,566306174,566326583,0.929645997322169
475580568,3,395310475,566306176,566326713,0.941737520327349
475580568,4,471355161,566306178,566327519,0.954368820036701
475580568,5,395310498,566306180,566328531,0.943273293288649
475585413,1,395310469,566307065,566326869,0.708195081803798
475585413,2,395310479,566307067,566325121,0.507921248210788
475585413,3,395310475,566307069,566324528,0.896097360123108
475585413,4,471355161,566307071,566326818,0.891733030746621
475585413,5,395310498,566307073,566326137,0.902670843429477
475586130,1,395310469,566307367,566322382,0.684792532827077
475586130,2,395310479,566307369,566325556,0.663014751833154
475586130,3,395310475,566307371,566322468,0.805969483686632
475586130,4,471355161,566307373,566325266,0.775546246472318
475586130,5,395310498,566307375,566325954,0.795936116696107
475619045,1,395310469,566307695,566325385,0.50159825044527
475619045,2,395310479,566307697,566326157,0.535808594765018
475619045,3,395310475,566307699,566326778,0.569898399392975
475619045,4,471355161,566307701,566327277,0.6300021904676
475619045,5,395310498,566307703,566327433,0.707743932416784
475622680,1,395310469,566308479,566326064,0.80250876315319
475622680,2,395310479,566308481,566326789,0.738653789372035
475622680,3,395310475,566308483,566326752,0.836278762891814
475622680,4,471355161,566308485,566327182,0.889013826636005
475622680,5,395310498,566308487,566327580,0.911534986864433
475622793,1,395310469,566309025,566327410,0.632904197743283
475622793,2,395310479,566309027,566328100,0.564614900755432
475622793,3,395310475,566309029,566327450,0.919828268834377
475622793,4,471355161,566309031,566328542,0.919030781660855
475622793,5,395310498,566309033,566329216,0.918344767021094
475625477,1,395310469,566309109,566326998,0.571585455712853
475625477,2,395310479,566309111,566327777,0.666460498555245
475625477,3,395310475,566309113,566327154,0.633700576927625
475625477,4,471355161,566309115,566328177,0.685064619193613
475625477,5,395310498,566309117,566329137,0.729928608069311
475740357,1,395310469,566308261,566322416,0.784319554569338
475740357,2,395310479,566308263,566322602,0.78400195994443
475740357,3,395310475,566308265,566325103,0.76047450215167
475740357,4,471355161,566308267,566325516,0.792762179609881
475740357,5,395310498,566308269,566326205,0.791750073732326
475838754,1,395310469,566309288,566325210,0.74152849730943
475838754,2,395310479,566309290,566328152,0.707994672816317
475838754,3,395310475,566309292,566326405,0.802139802275005
475838754,4,471355161,566309294,566328422,0.802926071070356
475838754,5,395310498,566309296,566328779,0.833394061464292
475894121,1,395310469,566308615,566332975,0.936870206975598
475894121,2,395310479,566308617,566333424,0.837890572115211
475894121,3,395310475,566308619,566332803,0.9447642075115
475894121,4,471355161,566308621,566331320,0.956836600302295
475894121,5,395310498,566308623,566332855,0.956697652576769
475895240,1,395310469,566309209,566330480,0.953971080258958
475895240,2,395310479,566309211,566331002,0.870837468074608
475895240,3,395310475,566309213,566331120,0.955813621381706
475895240,4,471355161,566309215,566333388,0.953231849909883
475895240,5,395310498,566309217,566331377,0.949550785782702
476100382,1,395310469,566310588,566326443,0.731716826553458
476100382,2,395310479,566310590,566326767,0.744371341875791
476100382,3,395310475,566310592,566326686,0.682267474486189
476100382,4,471355161,566310594,566327297,0.69353194233118
476100382,5,395310498,566310596,566327548,0.698314333199365
476131588,1,395310469,566311993,566329096,0.488577597096919
476131588,2,395310479,566311995,566329269,0.572178971812945
476131588,3,395310475,566311997,566329204,0.412601469632935
476131588,4,471355161,566311999,566330253,0.369828264377399
476131588,5,395310498,566312001,566330633,0.400304190727662
476178907,1,395310469,566312135,566328553,0.657871839523932
476178907,2,395310479,566312138,566328678,0.677748503392804
476178907,3,395310475,566312142,566328520,0.577618382969348
476178907,4,471355161,566312144,566328803,0.64722507207765
476178907,5,395310498,566312147,566329181,0.64487018083728
476263004,1,395310469,566311753,566327954,0.709869577980224
476263004,2,395310479,566311755,566327250,0.609000192512284
476263004,3,395310475,566311757,566327357,0.889200838045628
476263004,4,471355161,566311759,566327596,0.848720383096665
476263004,5,395310498,566311761,566327368,0.878761100882781
476266853,1,395310469,566311688,566330469,0.706232413935987
476266853,2,395310479,566311690,566331131,0.629867038078137
476266853,3,395310475,566311692,566330591,0.806758572784535
476266853,4,471355161,566311694,566331351,0.813069244546508
476266853,5,395310498,566311696,566332782,0.820396187502917
476269122,1,395310469,566312476,566328508,0.619847509871396
476269122,2,395310479,566312478,566329148,0.630953963120758
476269122,3,395310475,566312480,566328959,0.539734101930761
476269122,4,471355161,566312482,566329170,0.656942156142521
476269122,5,395310498,566312484,566329460,0.62720887674041
476557750,1,395310469,566311548,566329737,0.646303587040518
476557750,2,395310479,566311550,566330433,0.626441426217299
476557750,3,395310475,566311552,566330521,0.691858206747484
476557750,4,471355161,566311554,566331224,0.740103134862625
476557750,5,395310498,566311556,566332740,0.742270266281468
476562817,1,395310469,566312411,566331539,0.841249851466587
476562817,2,395310479,566312413,566333318,0.837626304871179
476562817,3,395310475,566312415,566332823,0.84880767775926
476562817,4,471355161,566312417,566333552,0.849177514162012
476562817,5,395310498,566312419,566334898,0.848092502635999
476615310,1,395310469,566312715,566331088,0.629362848903624
476615310,2,395310479,566312717,566333734,0.498092402376406
476615310,3,395310475,566312719,566332669,0.641590097673375
476615310,4,471355161,566312721,566332751,0.64537818212168
476615310,5,395310498,566312723,566333670,0.648716620363386
476686112,1,395310469,566316598,566332431,0.755633395202927
476686112,2,395310479,566316600,566331625,0.753722673615358
476686112,3,395310475,566316602,566332844,0.730147814867633
476686112,4,471355161,566316604,566333502,0.683921565717005
476686112,5,395310498,566316606,566334741,0.759529312349704
476753465,1,395310469,566316513,566330011,0.887782598937552
476753465,2,395310479,566316515,566330545,0.885940252998892
476753465,3,395310475,566316517,566330421,0.830756478743994
476753465,4,471355161,566316519,566331158,0.903346729430971
476753465,5,395310498,566316521,566331815,0.904567546244807
477135941,1,395310469,566320492,566333851,0.79196101887073
477135941,2,395310479,566320494,566333592,0.754725628817067
477135941,3,395310475,566320496,566333659,0.565246271028113
477135941,4,471355161,566320498,566334971,0.650638753003894
477135941,5,395310498,566320500,566335562,0.697589868966112
477490421,1,395310469,566320776,566335031,0.976137929779475
477490421,2,395310479,566320778,566335770,0.957830281473599
477490421,3,395310475,566320780,566335082,0.983005736759717
477490421,4,471355161,566320782,566335640,0.986816570411528
477490421,5,395310498,566320784,566337071,0.985484171003716
477879512,1,395310469,566349887,566358773,0.66730814661786
477879512,2,395310479,566349889,566359233,0.637829455949876
477879512,3,395310475,566349891,566358897,0.923169138930601
477879512,4,471355161,566349893,566359321,0.908449604496313
477879512,5,395310498,566349895,566361884,0.908259234406446
477880128,1,395310469,566351895,566362425,0.750066908233264
477880128,2,395310479,566351898,566363141,0.751252102558391
477880128,3,395310475,566351901,566362520,0.769501001125746
477880128,4,471355161,566351904,566363241,0.761830209753617
477880128,5,395310498,566351906,566363983,0.765948163576125
477991293,1,395310469,489916975,497345971,0.739844527167479
477991293,2,395310479,489916977,566363961,0.651638058472089
477991293,3,395310475,489916979,497346899,0.920708440687999
477991293,4,471355161,489916981,566364025,0.927536154645845
477991293,5,395310498,489916983,566364852,0.922612429083227
478058328,1,395310469,566357254,566368245,0.924162184530256
478058328,2,395310479,566357256,566369561,0.892066953468587
478058328,3,395310475,566357258,566366579,0.975680487475253
478058328,4,471355161,566357260,566367630,0.978825301362236
478058328,5,395310498,566357262,566368721,0.978813572750808
478107198,1,395310469,566357893,566364366,0.582371000318304
478107198,2,395310479,566357895,566364589,0.538399284551098
478107198,3,395310475,566357897,566364525,0.687456050444263
478107198,4,471355161,566357899,566364826,0.756278475788109
478107198,5,395310498,566357901,566364880,0.755180529055481
478396248,1,395310469,566366775,566371211,0.571897241169162
478396248,2,395310479,566366777,566371674,0.826551055493315
478396248,3,395310475,566366779,566371471,0.516964448509542
478396248,4,471355161,566366781,566371945,0.814595011408903
478396248,5,395310498,566366783,566372356,0.813544208544967
478412623,1,395310469,566367581,566372847,0.513921589476013
478412623,2,395310479,566367583,566372960,0.451770659037586
478412623,3,395310475,566367585,566373196,0.582212142128432
478412623,4,471355161,566367587,566373556,0.491560696211658
478412623,5,395310498,566367589,566374089,0.484771941925297
478439166,1,395310469,566369762,566372884,0.723193532614561
478439166,2,395310479,566369764,566373257,0.704859270216411
478439166,3,395310475,566369766,566373086,0.758263080380074
478439166,4,471355161,566369768,566373415,0.753534296892886
478439166,5,395310498,566369770,566373778,0.781607443145471
478447600,1,395310469,566371228,566374867,0.680454260858006
478447600,2,395310479,566371230,566375311,0.714633443710795
478447600,3,395310475,566371232,566374745,0.715465203953217
478447600,4,471355161,566371234,566375143,0.725571594328689
478447600,5,395310498,566371236,566375719,0.768545086830956
478498617,1,395310469,566373461,566376470,0.558611632265765
478498617,2,395310479,566373463,566376693,0.652243594303579
478498617,3,395310475,566373465,566376606,0.672859627396838
478498617,4,471355161,566373467,566376913,0.662744079136909
478498617,5,395310498,566373469,566377050,0.681925927155212
478716304,1,395310469,566377335,566381402,0.754399993499483
478716304,2,395310479,566377337,566382160,0.716552609962788
478716304,3,395310475,566377339,566381663,0.699849024741365
478716304,4,471355161,566377341,566382400,0.764083896838723
478716304,5,395310498,566377343,566383017,0.759565156961027
478793814,1,395310469,566378905,566386734,0.876142488813092
478793814,2,395310479,566378907,566387541,0.866202359694824
478793814,3,395310475,566378909,566386663,0.907489641426623
478793814,4,471355161,566378911,566387866,0.953547544435439
478793814,5,395310498,566378913,566388631,0.951909367076971
478828646,1,395310469,566381429,566388980,0.0121924164126739
478828646,2,395310479,566381431,566389349,0.0104869893631761
478828646,3,395310475,566381433,566388810,-0.00453969136008262
478828646,4,471355161,566381435,566389493,-0.0102935645830079
478828646,5,395310498,566381437,566390206,-0.0205619726129267
478888083,1,395310469,566382732,566388598,0.79432261367544
478888083,2,395310479,566382734,566388861,0.826309650136257
478888083,3,395310475,566382736,566388790,0.655475526807032
478888083,4,471355161,566382738,566389795,0.749224074693878
478888083,5,395310498,566382740,566390873,0.765100778944649
478947222,1,395310469,566385037,566391735,-0.0159980275912199
478947222,2,395310479,566385039,566392242,-0.0178541393742857
478947222,3,395310475,566385041,566391833,-0.0196695573271643
478947222,4,471355161,566385043,566392456,-0.0204741469667293
478947222,5,395310498,566385045,566392847,-0.0204333657772308
478949560,1,395310469,566387636,566400915,0.923180809217247
478949560,2,395310479,566387640,566402661,0.928537952668342
478949560,3,395310475,566387642,566402508,0.92944059123499
478949560,4,471355161,566387644,566405734,0.92695726232684
478949560,5,395310498,566387646,566408492,0.923677919312291
478958894,1,395310469,566388480,566405494,0.955867954257143
478958894,2,395310479,566388482,566410038,0.912231604598571
478958894,3,395310475,566388484,566405808,0.973188133614132
478958894,4,471355161,566388486,566407542,0.976371798017224
478958894,5,395310498,566388488,566412428,0.973933136334609
479179020,1,395310469,480051200,497350770,0.679772067267852
479179020,2,395310479,480051202,566404644,0.706467740730033
479179020,3,395310475,480051204,497548728,0.758271215777737
479179020,4,471355161,480051206,566403771,0.787130211641686
479179020,5,395310498,480051208,566406353,0.771876112798758
479220013,1,395310469,566391268,566405626,0.700617351603107
479220013,2,395310479,566391270,566408870,0.634928547655728
479220013,3,395310475,566391272,566407251,0.897081137177094
479220013,4,471355161,566391274,566409215,0.852505574338473
479220013,5,395310498,566391276,566412114,0.839640586268983
479225080,1,395310469,491766895,497455999,0.572843553948979
479225080,2,395310479,491766897,497517568,0.651274348097384
479225080,3,395310475,491766899,497567655,0.511196097660094
479225080,4,471355161,491766901,497342891,0.552510099912891
479225080,5,395310498,491766903,497581730,0.553877999265024
479225294,1,395310469,480051151,497517865,0.618875660988366
479225294,2,395310479,480051153,566405642,0.64378344118929
479225294,3,395310475,480051155,497589512,0.579121645123708
479225294,4,471355161,480051157,566406689,0.693680436291548
479225294,5,395310498,480051159,566409042,0.69464297027822
479415457,1,395310469,566393020,566418071,0.646767559688845
479415457,2,395310479,566393022,566418524,0.731005992789999
479415457,3,395310475,566393024,566419183,0.585979119058669
479415457,4,471355161,566393026,566418230,0.624550688192526
479415457,5,395310498,566393028,566429406,0.640725318731241
479492633,1,395310469,481101895,497553153,0.565292997341218
479492633,2,395310479,481101897,566414857,0.747332666401248
479492633,3,395310475,481101899,497617246,0.525397753029394
479492633,4,471355161,481101901,566419853,0.657646862146672
479492633,5,395310498,481101903,566428396,0.723526434740373
479492800,1,395310469,480068523,497541576,0.575390269598777
479492800,2,395310479,480068525,566415530,0.543813170181605
479492800,3,395310475,480068527,497616851,0.672290245961283
479492800,4,471355161,480068529,566417151,0.519373744343143
479492800,5,395310498,480068532,566420167,0.553712036020003
479508018,1,395310469,480070786,497553238,0.74148796751094
479508018,2,395310479,480070788,566415950,0.719441684521569
479508018,3,395310475,480070790,497614572,0.772669354878466
479508018,4,471355161,480070793,566411332,0.774301749731553
479508018,5,395310498,480070795,566415923,0.776090948072924
479721491,1,395310469,482520355,497588383,0.72174357829877
479721491,2,395310479,482520357,566411071,0.691012727050691
479721491,3,395310475,482520359,497625053,0.559557400678742
479721491,4,471355161,482520361,566412079,0.75539307832143
479721491,5,395310498,482520363,566418209,0.787418667476199
479722622,1,395310469,482520472,497577040,0.578769173949898
479722622,2,395310479,482520474,566419819,0.606195602948639
479722622,3,395310475,482520476,497618513,0.515925459597545
479722622,4,471355161,482520478,566422265,0.531169876600694
479722622,5,395310498,482520480,566418539,0.603343488705412
479728896,1,395310469,482525583,497588911,0.577730740465215
479728896,2,395310479,482525585,566419841,0.651002009899745
479728896,3,395310475,482525587,498701580,0.609895722494087
479728896,4,471355161,482525589,566423972,0.69833072364244
479728896,5,395310498,482525591,566425463,0.667171392702876
479766169,1,395310469,482578587,497589013,0.708780821452169
479766169,2,395310479,482578589,566409381,0.612797854953917
479766169,3,395310475,482578591,499322442,0.833906931407731
479766169,4,471355161,482578593,566411045,0.746808042257729
479766169,5,395310498,482578595,566412368,0.869053601222248
479770916,1,395310469,482525249,497591480,0.763166345581705
479770916,2,395310479,482525251,566420536,0.625932036467859
479770916,3,395310475,482525253,497623068,0.685024624034556
479770916,4,471355161,482525255,566424917,0.735106625981081
479770916,5,395310498,482525257,566432807,0.737556119925196
480087928,1,395310469,482583549,497624079,0.657500761768645
480087928,2,395310479,482583551,566421076,0.676669083947772
480087928,3,395310475,482583553,500822333,0.490477163230684
480087928,4,471355161,482583555,566423772,0.469230044699638
480087928,5,395310498,482583557,566427334,0.461591565887322
480090260,1,395310469,482655179,500458395,0.678032754923417
480090260,2,395310479,482655181,566419050,0.619194244467761
480090260,3,395310475,482655183,500823506,0.624069213355951
480090260,4,471355161,482655185,566416462,0.570632348193764
480090260,5,395310498,482655187,566419238,0.609478984029676
480169178,1,395310469,482657513,500745477,0.656921725944854
480169178,2,395310479,482657515,566418617,0.77469970884218
480169178,3,395310475,482657517,501167011,0.771686125848004
480169178,4,471355161,482657519,566418640,0.767298220215538
480169178,5,395310498,482657521,566427488,0.806271764337862
480169202,1,395310469,490150672,500749434,0.846046639550874
480169202,2,395310479,490150674,566427322,0.700873065752767
480169202,3,395310475,490150676,500826500,0.768137151168563
480169202,4,471355161,490150678,566433069,0.846724539660069
480169202,5,395310498,490150680,566438005,0.83940003405236
480171386,1,395310469,483108786,500818855,0.694786785010905
480171386,2,395310479,483108788,566421197,0.722972995976181
480171386,3,395310475,483108790,500826407,0.575335340116756
480171386,4,471355161,483108792,566421116,0.515578408939399
480171386,5,395310498,483108794,566421426,0.597399566564229
480268803,1,395310469,483148188,500819103,0.634710570218431
480268803,2,395310479,483148190,566409084,0.689954183634096
480268803,3,395310475,483148192,500825974,0.620202577108619
480268803,4,471355161,483148194,566409337,0.692130727736535
480268803,5,395310498,483148196,566412021,0.709150026755318
480273887,1,395310469,483108917,500819114,0.574946680196764
480273887,2,395310479,483108919,566433267,0.572252703829009
480273887,3,395310475,483108921,500826017,0.353588861746983
480273887,4,471355161,483108923,566429985,0.510508473318596
480273887,5,395310498,483108925,566423945,0.504587538715054
480351780,1,395310469,482529681,500819963,0.470080165016039
480351780,2,395310479,482529683,566418134,0.585285211886889
480351780,3,395310475,482529685,500827057,0.521399490889012
480351780,4,471355161,482529687,566415601,0.513174569120562
480351780,5,395310498,482529689,566417480,0.525316189447367
480353286,1,395310469,483109042,501165821,0.575601360378573
480353286,2,395310479,483109044,566431597,0.580445088201551
480353286,3,395310475,483109046,500824327,0.480227563166043
480353286,4,471355161,483109048,566432364,0.575633564996172
480353286,5,395310498,483109050,566422515,0.523538410711047
480364000,1,395310469,485467471,501165745,0.414620863871058
480364000,2,395310479,485467473,566412938,0.545180434092583
480364000,3,395310475,485467475,500826715,0.356997433983559
480364000,4,471355161,485467477,566415270,0.396458777808173
480364000,5,395310498,485467479,566417822,0.428448762752308
480643417,1,395310469,483147619,500823998,0.766822924063224
480643417,2,395310479,483147621,566415259,0.771629746559175
480643417,3,395310475,483147623,500827205,0.759389772534823
480643417,4,471355161,483147625,566413532,0.747457753343838
480643417,5,395310498,483147627,566415405,0.767414786617725
480647923,1,395310469,483108631,500824009,0.357586629381557
480647923,2,395310479,483108633,566409160,0.480723605601854
480647923,3,395310475,483108635,500827276,0.242615255143344
480647923,4,471355161,483108637,566409751,0.348345719852228
480647923,5,395310498,483108639,566412280,0.347882770364128
480999763,1,395310469,485472340,500826612,0.834127336400519
480999763,2,395310479,485472342,566416161,0.810262800350859
480999763,3,395310475,485472344,500828157,0.832589386894864
480999763,4,471355161,485472346,566412766,0.87028537594385
480999763,5,395310498,485472348,566417997,0.871590588737178
481003593,1,395310469,483066449,500826816,0.788224061510106
481003593,2,395310479,483066451,566425355,0.733938210303385
481003593,3,395310475,483066453,500828213,0.894044354961138
481003593,4,471355161,483066455,566419218,0.914042304536874
481003593,5,395310498,483066457,566426822,0.909644317427966
481003643,1,395310469,485472481,500827127,0.710134495390648
481003643,2,395310479,485472483,566425020,0.676582227140485
481003643,3,395310475,485472485,500828982,0.881388728428991
481003643,4,471355161,485472487,566426543,0.88964915750103
481003643,5,395310498,485472489,566416304,0.862161397279809
481018305,1,395310469,491766408,500827470,0.935486914369491
481018305,2,395310479,491766410,500827301,0.88504515214785
481018305,3,395310475,491766412,500828600,0.964779495415037
481018305,4,471355161,491766414,497349728,0.969674940050553
481018305,5,395310498,491766416,500829739,0.968251565916592
481127173,1,395310469,485475983,500828089,0.944862297646819
481127173,2,395310479,485475985,500828020,0.894669004934353
481127173,3,395310475,485475987,500844975,0.970692905005722
481127173,4,471355161,485475989,497384983,0.970892800355567
481127173,5,395310498,485475991,500863947,0.968045736352499
481136214,1,395310469,483151556,500828304,0.714163054703297
481136214,2,395310479,483151558,566444726,0.612201694245993
481136214,3,395310475,483151560,500829644,0.915370670352573
481136214,4,471355161,483151562,566452365,0.926433457121326
481136214,5,395310498,483151564,566452607,0.930005054413451
482516216,1,395310469,483106840,500829604,0.72717266411838
482516216,2,395310479,483106842,566433210,0.741817979020632
482516216,3,395310475,483106844,500857093,0.841176903879932
482516216,4,471355161,483106846,566439825,0.832891187471661
482516216,5,395310498,483106848,566442546,0.850622356923764
482516631,1,395310469,485479590,566453408,0.43371023472997
482516631,2,395310479,485479592,566450903,0.460227933691334
482516631,3,395310475,485479594,566452389,0.5617157850572
482516631,4,471355161,485479596,566455668,0.588424307593773
482516631,5,395310498,485479598,566454940,0.60856920104259
482654108,1,395310469,484625813,500838384,0.699216882948535
482654108,2,395310479,484625815,566427089,0.574729354692928
482654108,3,395310475,484625817,500887675,0.928516814323702
482654108,4,471355161,484625819,566427798,0.926045646113292
482654108,5,395310498,484625821,566430961,0.927431270697955
482690728,1,395310469,484628261,500844958,0.935669929582252
482690728,2,395310479,484628263,566446775,0.919631698993532
482690728,3,395310475,484628265,500891337,0.933308948812067
482690728,4,471355161,484628267,566445369,0.945145842588319
482690728,5,395310498,484628269,566447214,0.947432480253041
482726727,1,395310469,484629169,500854552,0.612236059555667
482726727,2,395310479,484629171,566441906,0.683150346474462
482726727,3,395310475,484629173,500900638,0.500690745199918
482726727,4,471355161,484629175,566442901,0.70029699375911
482726727,5,395310498,484629177,566447855,0.720792557547951
482764620,1,395310469,484631918,500861967,0.448968897919776
482764620,2,395310479,484631920,566443816,0.451027926426479
482764620,3,395310475,484631922,500912158,0.540500512374929
482764620,4,471355161,484631924,566443282,0.541789740810958
482764620,5,395310498,484631926,566450915,0.606085757520355
482772037,1,395310469,484633254,500862043,0.837221245668731
482772037,2,395310479,484633256,566443097,0.778840902084705
482772037,3,395310475,484633258,500894882,0.916869033808529
482772037,4,471355161,484633260,566444703,0.919799973210757
482772037,5,395310498,484633262,566439489,0.91950637202938
482773968,1,395310469,484633284,500879715,0.630596712994802
482773968,2,395310479,484633286,566451433,0.410541618642556
482773968,3,395310475,484633288,500929630,0.794050380016099
482773968,4,471355161,484633290,566450661,0.782441154653156
482773968,5,395310498,484633292,566448212,0.78236100846146
482809953,1,395310469,485504488,500879650,0.659671114882999
482809953,2,395310479,485504490,566433119,0.620721061525918
482809953,3,395310475,485504492,500920810,0.60260527678329
482809953,4,471355161,485504494,566437515,0.63207750712104
482809953,5,395310498,485504496,566440843,0.67773240963346
483020137,1,395310469,485507720,500905338,0.701689004179396
483020137,2,395310479,485507722,566456735,0.616969599258244
483020137,3,395310475,485507724,500932823,0.837910421596672
483020137,4,471355161,485507726,566456875,0.824590254751058
483020137,5,395310498,485507728,566458240,0.840988008781616
483083617,1,395310469,491766942,500912011,0.710315654799517
483083617,2,395310479,491766944,566440008,0.737461663380043
483083617,3,395310475,491766946,500941651,0.599765283951709
483083617,4,471355161,491766948,566434493,0.653998343805635
483083617,5,395310498,491766950,566437978,0.62575811290722
483101699,1,395310469,485513169,500921300,0.59818562885119
483101699,2,395310479,485513171,566453705,0.556146426024861
483101699,3,395310475,485513173,500940799,0.661178060066722
483101699,4,471355161,485513175,566455571,0.705371279272422
483101699,5,395310498,485513177,566456682,0.704816686338888
484457747,1,395310469,485590914,500928646,0.793015133119042
484457747,2,395310479,485590916,566440039,0.803174008699555
484457747,3,395310475,485590918,500941395,0.812837018506616
484457747,4,471355161,485590920,566440094,0.804932892619925
484457747,5,395310498,485590922,566443576,0.808645298913688
484515166,1,395310469,485591680,500941195,0.741322513221001
484515166,2,395310479,485591682,566456659,0.619543486866978
484515166,3,395310475,485591684,500942403,0.885247910003851
484515166,4,471355161,485591686,566457169,0.873361008742597
484515166,5,395310498,485591688,566460026,0.873106836913641
484635029,1,395310469,485602014,500941858,0.93089969985169
484635029,2,395310479,485602016,500942116,0.909263486372273
484635029,3,395310475,485602018,500943578,0.975321940357799
484635029,4,471355161,485602020,500823721,0.972898814208301
484635029,5,395310498,485602022,500944167,0.970940470915453
484679812,1,395310469,485909110,500941767,0.777578424059579
484679812,2,395310479,485909112,566440571,0.702136027027956
484679812,3,395310475,485909114,500943857,0.70786372893082
484679812,4,471355161,485909116,566440684,0.799028154336752
484679812,5,395310498,485909118,566444627,0.810941670828687
484737013,1,395310469,485610756,500941799,0.665252748549365
484737013,2,395310479,485610758,566452115,0.715304069074899
484737013,3,395310475,485610760,500942898,0.637259378365384
484737013,4,471355161,485610762,566444529,0.644091295379628
484737013,5,395310498,485610764,566453459,0.710381303798676
484742372,1,395310469,485611899,500942062,0.929024326399378
484742372,2,395310479,485611901,500942271,0.870979463808057
484742372,3,395310475,485611903,500944232,0.96037658329043
484742372,4,471355161,485611905,500826552,0.964511712171922
484742372,5,395310498,485611907,500944775,0.963430065210898
485245025,1,395310469,485716701,500943742,0.874703883147636
485245025,2,395310479,485716703,500944385,0.84834451325381
485245025,3,395310475,485716705,500945053,0.949204234268544
485245025,4,471355161,485716707,500827876,0.962140886983841
485245025,5,395310498,485716709,500961495,0.961772725128409
485287944,1,395310469,566402725,566456640,0.701979350405495
485287944,2,395310479,566402727,566458251,0.605659544266998
485287944,3,395310475,566402729,566457130,0.810488628408055
485287944,4,471355161,566402731,566458083,0.876469995309136
485287944,5,395310498,566402733,566459901,0.867894217715088
485339983,1,395310469,566404794,566461302,0.726419402382836
485339983,2,395310479,566404796,566461844,0.649950598953944
485339983,3,395310475,566404798,566462532,0.692196699949901
485339983,4,471355161,566404800,566462365,0.754835825616386
485339983,5,395310498,566404802,566465260,0.800644276973537
485455285,1,395310469,485720547,500944749,0.730889381313773
485455285,2,395310479,485720549,566461789,0.818818322890064
485455285,3,395310475,485720551,500961224,0.854891675846946
485455285,4,471355161,485720553,566464210,0.876218502016555
485455285,5,395310498,485720555,566465452,0.870142423333805
485466109,1,395310469,485720601,500945279,0.872443121898975
485466109,2,395310479,485720603,566455511,0.878736648551434
485466109,3,395310475,485720605,500964172,0.924729056620708
485466109,4,471355161,485720607,566456272,0.940316346691455
485466109,5,395310498,485720609,566457180,0.940405715763963
485468180,1,395310469,485720572,500945184,0.821802851228942
485468180,2,395310479,485720574,566454893,0.750574500082117
485468180,3,395310475,485720576,501166839,0.806758034020708
485468180,4,471355161,485720578,566455284,0.798702964913048
485468180,5,395310498,485720580,566455940,0.803632818882741
485570335,1,395310469,486052315,500945436,0.577477041999692
485570335,2,395310479,486052317,566455657,0.6419916929826
485570335,3,395310475,486052319,500956974,0.504453784823692
485570335,4,471355161,486052321,566455819,0.631780799497661
485570335,5,395310498,486052323,566455928,0.692403647751662
485570372,1,395310469,486052338,500945231,0.639850812084081
485570372,2,395310479,486052340,566455628,0.683803134506207
485570372,3,395310475,486052342,500957563,0.611260066680417
485570372,4,471355161,486052344,566456202,0.725808470004546
485570372,5,395310498,486052346,566456026,0.714347905817183
485574721,1,395310469,486052420,500945980,0.669648860890379
485574721,2,395310479,486052422,566455257,0.600902951262875
485574721,3,395310475,486052424,500959213,0.487073099398698
485574721,4,471355161,486052426,566454921,0.553759256075055
485574721,5,395310498,486052428,566456610,0.625120323303997
485574832,1,395310469,486052397,500947043,0.853404981791349
485574832,2,395310479,486052399,566461800,0.689174947023792
485574832,3,395310475,486052401,501077768,0.800386054882965
485574832,4,471355161,486052403,566461187,0.866544721290672
485574832,5,395310498,486052405,566465193,0.8807637970532
485577686,1,395310469,486051869,500947054,0.684569741072946
485577686,2,395310479,486051871,566458200,0.641109152489893
485577686,3,395310475,486051873,500961482,0.711227968201555
485577686,4,471355161,486051875,566457324,0.75911870402026
485577686,5,395310498,486051877,566460349,0.757144694767978
485578197,1,395310469,486051897,500953844,0.677284250717423
485578197,2,395310479,486051899,566464340,0.593515089304775
485578197,3,395310475,486051901,500962253,0.712977982123066
485578197,4,471355161,486051903,566462512,0.777865024633393
485578197,5,395310498,486051905,566470212,0.761067691544874
485579168,1,395310469,486051925,500954974,0.681164799338152
485579168,2,395310479,486051927,566461971,0.711068867427504
485579168,3,395310475,486051929,500960655,0.597770528786288
485579168,4,471355161,486051931,566463683,0.696882169452465
485579168,5,395310498,486051933,566466159,0.731308283923743
485608017,1,395310469,486052023,500957976,0.733185920793432
485608017,2,395310479,486052025,566462645,0.693295078228022
485608017,3,395310475,486052027,500960426,0.80414227959014
485608017,4,471355161,486052029,566464583,0.812550390670639
485608017,5,395310498,486052031,566470292,0.838022512940441
485835016,1,395310469,486508719,500960758,0.636600504726765
485835016,2,395310479,486508721,566457246,0.547534079913768
485835016,3,395310475,486508723,501167001,0.645164405499628
485835016,4,471355161,486508725,566458179,0.686231392169747
485835016,5,395310498,486508727,566458139,0.710283660326575
485837504,1,395310469,486508687,501077623,0.620244385683473
485837504,2,395310479,486508689,566456434,0.656796781053128
485837504,3,395310475,486508691,501166764,0.547923035149266
485837504,4,471355161,486508693,566457362,0.70630370301871
485837504,5,395310498,486508695,566458072,0.6797553062922
485838981,1,395310469,486508774,501077637,0.836604559588856
485838981,2,395310479,486508776,566460709,0.683767826519944
485838981,3,395310475,486508778,501166821,0.756986100608588
485838981,4,471355161,486508780,566460673,0.84509357278396
485838981,5,395310498,486508782,566462758,0.855827854450398
485880739,1,395310469,486508995,501077607,0.663878546139766
485880739,2,395310479,486508997,566465478,0.583704562182994
485880739,3,395310475,486508999,501167114,0.543825874851786
485880739,4,471355161,486509001,566464856,0.699638162532415
485880739,5,395310498,486509003,566470736,0.629003039076527
485884503,1,395310469,486509273,500961852,0.726828697810191
485884503,2,395310479,486509275,566462746,0.699953983428546
485884503,3,395310475,486509277,501167057,0.675912431884086
485884503,4,471355161,486509279,566463070,0.711592184659737
485884503,5,395310498,486509281,566465612,0.717331135384231
485905411,1,395310469,566406130,566460490,0.611614366145254
485905411,2,395310479,566406132,566461265,0.545213670759091
485905411,3,395310475,566406134,566460864,0.772040657972598
485905411,4,471355161,566406136,566460742,0.775716720981523
485905411,5,395310498,566406138,566464004,0.778242368683273
485931158,1,395310469,486509943,500964680,0.675838414502322
485931158,2,395310479,486509945,566466072,0.682875288567054
485931158,3,395310475,486509947,501167424,0.672580479905342
485931158,4,471355161,486509949,566464511,0.743199404583953
485931158,5,395310498,486509951,566466106,0.763813477614702
485938494,1,395310469,566408289,566482219,0.796044059740521
485938494,2,395310479,566408291,566473949,0.524316454783196
485938494,3,395310475,566408293,566478361,0.898359656675424
485938494,4,471355161,566408295,566487400,0.879704868046381
485938494,5,395310498,566408297,566493899,0.925456254132713
485955227,1,395310469,486512828,501166629,0.673803291409416
485955227,2,395310479,486512830,566471148,0.668664401993056
485955227,3,395310475,486512832,501167494,0.576039699034693
485955227,4,471355161,486512834,566473440,0.682093333465033
485955227,5,395310498,486512836,566479886,0.671972222062592
485958978,1,395310469,486512799,501027456,0.71902293426404
485958978,2,395310479,486512801,566472838,0.611904041405905
485958978,3,395310475,486512803,501167877,0.758394295146226
485958978,4,471355161,486512805,566474518,0.778504633333199
485958978,5,395310498,486512807,566472766,0.756840163497825
486029942,1,395310469,486554023,501047937,0.653851102180086
486029942,2,395310479,486554025,566470573,0.680860285721081
486029942,3,395310475,486554027,501087895,0.638682227906879
486029942,4,471355161,486554029,566471247,0.659003493840287
486029942,5,395310498,486554031,566471118,0.723402253490098
486052980,1,395310469,486556582,501029029,0.781873483548445
486052980,2,395310479,486556584,566481589,0.742674505108907
486052980,3,395310475,486556586,501284132,0.618614694011725
486052980,4,471355161,486556588,566478704,0.718273308078909
486052980,5,395310498,486556590,566482901,0.706637826031345
486108147,1,395310469,486556528,501080970,0.693649727203897
486108147,2,395310479,486556530,566470303,0.690414224953216
486108147,3,395310475,486556532,501080151,0.603711473880207
486108147,4,471355161,486556534,566470412,0.692606705414468
486108147,5,395310498,486556536,566470653,0.689680001679338
486111903,1,395310469,486556796,501046451,0.773196164598971
486111903,2,395310479,486556798,566487546,0.647682894336
486111903,3,395310475,486556800,501100647,0.843658772800912
486111903,4,471355161,486556802,566489246,0.84436834718079
486111903,5,395310498,486556804,566494577,0.857468213864292
486146717,1,395310469,486557266,501083259,0.669743267895125
486146717,2,395310479,486557268,566465219,0.672669089386417
486146717,3,395310475,486557270,501096561,0.706814924645266
486146717,4,471355161,486557272,566463196,0.75703526077197
486146717,5,395310498,486557274,566465517,0.747840061499884
486198953,1,395310469,486908861,501090394,0.692073752093984
486198953,2,395310479,486908863,566465860,0.623501363935986
486198953,3,395310475,486908865,501100064,0.748348586224269
486198953,4,471355161,486908867,566475473,0.764884852058918
486198953,5,395310498,486908869,566482992,0.764899924240678
486239338,1,395310469,486558429,500969873,0.618988051383717
486239338,2,395310479,486558431,566491180,0.724420322109427
486239338,3,395310475,486558433,501077510,0.616521486202134
486239338,4,471355161,486558435,566489265,0.697112092544737
486239338,5,395310498,486558437,566495831,0.699372594876485
486352114,1,395310469,486908930,500970333,0.852548504258104
486352114,2,395310479,486908932,500969557,0.855210728261536
486352114,3,395310475,486908934,500977844,0.932426856500529
486352114,4,471355161,486908936,500941843,0.944259045778824
486352114,5,395310498,486908938,500984636,0.944539178290128
486472847,1,395310469,486909366,500973129,0.711215489897154
486472847,2,395310479,486909368,500973079,0.707432297192683
486472847,3,395310475,486909370,500984330,0.716120226522019
486472847,4,471355161,486909372,500942445,0.720817781630569
486472847,5,395310498,486909374,500984023,0.725996146256049
486500736,1,395310469,486909563,500973279,0.721152368406059
486500736,2,395310479,486909565,500973457,0.699333270567424
486500736,3,395310475,486909567,500981952,0.764108892138634
486500736,4,471355161,486909569,500942640,0.741446029507742
486500736,5,395310498,486909571,500983352,0.751381930548355
486893033,1,395310469,487245699,500990914,0.600823868064465
486893033,2,395310479,487245701,500990826,0.645791074829183
486893033,3,395310475,487245703,500991770,0.536978827345294
486893033,4,471355161,487245705,500944564,0.717214906288589
486893033,5,395310498,487245707,501003913,0.59416090577249
486921382,1,395310469,488166305,500991355,0.646933077253515
486921382,2,395310479,488166307,500991580,0.639406379056994
486921382,3,395310475,488166309,501077368,0.773774409550248
486921382,4,471355161,488166311,501077483,0.800418182511161
486921382,5,395310498,488166313,501077325,0.820237903723265
486941367,1,395310469,488167749,500991528,0.81663324915802
486941367,2,395310479,488167751,500991419,0.748026462758947
486941367,3,395310475,488167753,501104600,0.944636906951155
486941367,4,471355161,488167756,500957962,0.917234510411236
486941367,5,395310498,488167760,501004025,0.903320542481259
487158599,1,395310469,488175112,500994275,0.749564706783726
487158599,2,395310479,488175114,500994594,0.65260515537613
487158599,3,395310475,488175117,501025744,0.893403932443499
487158599,4,471355161,488175119,500955469,0.825643084299458
487158599,5,395310498,488175121,501077247,0.856287032965615
487176969,1,395310469,488176941,500994577,0.870061128872752
487176969,2,395310479,488176945,501077231,0.836046118716833
487176969,3,395310475,488176951,501077260,0.901409777607918
487176969,4,471355161,488176955,501105723,0.834813262685529
487176969,5,395310498,488176957,501077309,0.829813841158076
487306716,1,395310469,488460100,501007197,0.322571081230112
487306716,2,395310479,488460102,501077116,0.330954898700323
487306716,3,395310475,488460104,501023863,0.339327509867391
487306716,4,471355161,488460106,500962222,0.30542450723945
487306716,5,395310498,488460108,501025312,0.311818714440859
487358945,1,395310469,491767831,501076954,0.689221518276615
487358945,2,395310479,491767833,501076944,0.52985767897017
487358945,3,395310475,491767835,501077008,0.646050645971623
487358945,4,471355161,491767837,500964534,0.711921061873396
487358945,5,395310498,491767839,501076963,0.748655181687641
487445455,1,395310469,488461595,501076821,0.710050540742564
487445455,2,395310479,488461597,501076898,0.534807927310355
487445455,3,395310475,488461599,501029435,0.813322683493714
487445455,4,471355161,488461601,501096742,0.834513647492957
487445455,5,395310498,488461603,501076836,0.85424214648724
487663469,1,395310469,488462847,501029062,0.848777490294445
487663469,2,395310479,488462849,501076572,0.605738949177974
487663469,3,395310475,488462851,501076587,0.813006629746024
487663469,4,471355161,488462853,501107627,0.828334863143546
487663469,5,395310498,488462855,501050241,0.849674877109358
487668030,1,395310469,488462997,566505878,0.720127973825961
487668030,2,395310479,488462999,566525332,0.417062666923044
487668030,3,395310475,488463001,566502310,0.755532101502886
487668030,4,471355161,488463003,566518373,0.536763835524456
487668030,5,395310498,488463005,566519821,0.519779246799366
488359338,1,395310469,488761817,501076400,0.755004561322621
488359338,2,395310479,488761819,501076367,0.522176266509581
488359338,3,395310475,488761821,501048693,0.863340740157108
488359338,4,471355161,488761823,500981843,0.881967482509329
488359338,5,395310498,488761825,501055848,0.870764587336807
488380827,1,395310469,488763469,501076274,0.799058136481436
488380827,2,395310479,488763471,501076331,0.614771111180193
488380827,3,395310475,488763473,501054229,0.886343680186593
488380827,4,471355161,488763475,500981811,0.90080049589488
488380827,5,395310498,488763477,501064011,0.919679261737632
488419491,1,395310469,488763407,501076226,0.745926321687025
488419491,2,395310479,488763409,501076235,0.688871073646179
488419491,3,395310475,488763411,501045379,0.826787266404283
488419491,4,471355161,488763413,500980083,0.806827557727899
488419491,5,395310498,488763415,501058475,0.81584131976119
488426904,1,395310469,488763539,501076192,0.754609437421229
488426904,2,395310479,488763541,501076201,0.572392817020846
488426904,3,395310475,488763543,501058582,0.882307633686079
488426904,4,471355161,488763545,500980417,0.900793569497889
488426904,5,395310498,488763547,501288998,0.902289863495762
488430487,1,395310469,489917118,501270787,0.777475755372986
488430487,2,395310479,489917120,501271064,0.548908295523747
488430487,3,395310475,489917122,501284007,0.850828571334303
488430487,4,471355161,489917124,500980098,0.870387783683007
488430487,5,395310498,489917126,501289134,0.895609424991542
488432250,1,395310469,488765006,501270724,0.822853656784597
488432250,2,395310479,488765008,501271050,0.738306005158563
488432250,3,395310475,488765010,501284057,0.715035660718341
488432250,4,471355161,488765012,500980072,0.733518722431734
488432250,5,395310498,488765014,501291672,0.762722549017897
488448839,1,395310469,488766330,501165833,0.797512450212083
488448839,2,395310479,488766332,501270776,0.573726703073261
488448839,3,395310475,488766334,501092654,0.812035603808435
488448839,4,471355161,488766336,500977793,0.875023077393945
488448839,5,395310498,488766338,501092011,0.876621052411012
488495740,1,395310469,489930367,501092168,0.620350998178829
488495740,2,395310479,489930369,501093217,0.715915133217928
488495740,3,395310475,489930371,501283150,0.520247983421366
488495740,4,471355161,489930373,500990688,0.525419157447047
488495740,5,395310498,489930375,501301899,0.539941701552197
488501071,1,395310469,489931666,501270753,0.859635269102241
488501071,2,395310479,489931668,501504763,0.893139183568433
488501071,3,395310475,489931670,501122112,0.878918367078414
488501071,4,471355161,489931672,501525190,0.917863956391319
488501071,5,395310498,489931674,501301889,0.915519934335584
488675026,1,395310469,489932126,501092701,0.714593109087634
488675026,2,395310479,489932128,501093008,0.581588919931827
488675026,3,395310475,489932130,501103120,0.661469799450756
488675026,4,471355161,489932132,501003877,0.698002285413251
488675026,5,395310498,489932134,501115221,0.715071017291329
488676149,1,395310469,489932239,501092513,0.762216869881102
488676149,2,395310479,489932241,501095445,0.197838437424991
488676149,3,395310475,489932243,501108172,0.812055878848892
488676149,4,471355161,489932245,500994180,0.881495880460664
488676149,5,395310498,489932247,501102787,0.892297573595525
488677318,1,395310469,489932202,501094110,0.745483472443587
488677318,2,395310479,489932204,501094314,0.77374307984645
488677318,3,395310475,489932206,501131882,0.627953231489481
488677318,4,471355161,489932208,501076183,0.741729672246068
488677318,5,395310498,489932210,501291840,0.785780369613609
488677994,1,395310469,489932531,501100752,0.918598075840721
488677994,2,395310479,489932533,501101014,0.912543638094345
488677994,3,395310475,489932535,501119272,0.964005292643676
488677994,4,471355161,489932537,500997639,0.960221497479264
488677994,5,395310498,489932539,501132718,0.965015896404148
488681087,1,395310469,489932491,501101572,0.834236819264191
488681087,2,395310479,489932493,501101628,0.800354952583949
488681087,3,395310475,489932495,501128149,0.800904753909873
488681087,4,471355161,489932497,500992187,0.843026974006041
488681087,5,395310498,489932499,501133126,0.842976148816501
488683322,1,395310469,489932754,501101801,0.937634934669065
488683322,2,395310479,489932756,501108528,0.884942241066391
488683322,3,395310475,489932758,501122200,0.937750824160735
488683322,4,471355161,489932760,501007559,0.921313025168147
488683322,5,395310498,489932762,501133058,0.921993356756585
488686369,1,395310469,491515491,501104111,0.687522284389349
488686369,2,395310479,491515493,501102910,0.653499094715118
488686369,3,395310475,491515495,501119135,0.877200149642543
488686369,4,471355161,491515497,501098787,0.884238568493645
488686369,5,395310498,491515499,501129335,0.885502195322279
488688374,1,395310469,489908952,501105096,0.636041400939353
488688374,2,395310479,489908954,501104559,0.603723222116176
488688374,3,395310475,489908956,501123429,0.573660295341537
488688374,4,471355161,489908958,501097082,0.637258143929088
488688374,5,395310498,489908960,501132528,0.663386487222091
488698341,1,395310469,491517411,501108199,0.632053919525941
488698341,2,395310479,491517413,501108450,0.518078892218331
488698341,3,395310475,491517415,501130469,0.571016776466448
488698341,4,471355161,491517417,501289061,0.677171081611252
488698341,5,395310498,491517419,501136607,0.680509825812589
489731121,1,395310469,491524874,501118406,0.690555732695322
489731121,2,395310479,491524876,501118695,0.654813195061181
489731121,3,395310475,491524878,501134858,0.600900592003557
489731121,4,471355161,491524880,501125855,0.76441447297348
489731121,5,395310498,491524882,501138821,0.766453349911844
489751959,1,395310469,491524514,501118463,0.69046637788074
489751959,2,395310479,491524516,501118925,0.640319765394683
489751959,3,395310475,491524518,501136060,0.754445971339301
489751959,4,471355161,491524520,501105713,0.767008066300897
489751959,5,395310498,491524522,501134805,0.769410264377216
489754156,1,395310469,491547163,501124328,0.703559776740981
489754156,2,395310479,491547165,501118554,0.608441510876887
489754156,3,395310475,491547167,501136075,0.822064879867848
489754156,4,471355161,491547169,501124601,0.829240309156681
489754156,5,395310498,491547171,501135213,0.830813983235569
489887491,1,395310469,491547034,501124104,0.706117074403836
489887491,2,395310479,491547036,501125209,0.620272185542295
489887491,3,395310475,491547038,501137820,0.745707772176304
489887491,4,471355161,491547040,501127301,0.750159212177324
489887491,5,395310498,491547042,501140417,0.793787084910317
490149337,1,395310469,491528597,501129333,0.471100939049917
490149337,2,395310479,491528599,501129937,0.459835207776026
490149337,3,395310475,491528601,501140017,0.347958993356427
490149337,4,471355161,491528603,501132143,0.383617002268177
490149337,5,395310498,491528605,501145747,0.409538154288024
490205998,1,395310469,491611752,501131473,0.74494744721901
490205998,2,395310479,491611754,501271260,0.611070759852357
490205998,3,395310475,491611756,501147543,0.751460156326243
490205998,4,471355161,491611758,501133340,0.751929663405196
490205998,5,395310498,491611760,501149996,0.775898924346714
490263438,1,395310469,491765689,501132557,0.815738966988907
490263438,2,395310479,491765691,501132803,0.621507018147556
490263438,3,395310475,491765693,501146791,0.87572239518052
490263438,4,471355161,491765695,501128288,0.928980542316891
490263438,5,395310498,491765697,501146979,0.910371890982463
490264167,1,395310469,491765789,501132850,0.675342300547699
490264167,2,395310479,491765791,501133278,0.570555580125379
490264167,3,395310475,491765793,501140362,0.768847294201572
490264167,4,471355161,491765795,501131974,0.79001475614438
490264167,5,395310498,491765797,501150037,0.868112023058651
490267468,1,395310469,491528416,501133516,0.758335085975399
490267468,2,395310479,491528418,501134308,0.651429612541207
490267468,3,395310475,491528420,501148589,0.775591849800371
490267468,4,471355161,491528422,501131515,0.79903741586308
490267468,5,395310498,491528424,501150360,0.802655335155953
490283519,1,395310469,491619441,501133766,0.566371515843892
490283519,2,395310479,491619443,501134346,0.684824835367439
490283519,3,395310475,491619445,501148008,0.657003254091723
490283519,4,471355161,491619447,501135405,0.65511744287614
490283519,5,395310498,491619449,501148666,0.66015178404039
490376252,1,395310469,491620130,501133747,0.822185865778066
490376252,2,395310479,491620132,501134379,0.710231571302086
490376252,3,395310475,491620135,501147282,0.858093664426577
490376252,4,471355161,491620138,501132792,0.914328695731194
490376252,5,395310498,491620140,501146998,0.906211799678454
490601284,1,395310469,491631048,501134631,0.611182039495479
490601284,2,395310479,491631050,501134833,0.622568538742424
490601284,3,395310475,491631052,501142673,0.556331838696204
490601284,4,471355161,491631054,501135231,0.566551119896791
490601284,5,395310498,491631056,501148761,0.573130542167946
490612844,1,395310469,491629505,501134684,0.683016615135267
490612844,2,395310479,491629507,501134615,0.59692011508445
490612844,3,395310475,491629509,501142096,0.682696868801631
490612844,4,471355161,491629511,501135089,0.708659216791628
490612844,5,395310498,491629513,501149288,0.719143731337272
490626718,1,395310469,491634858,501446506,0.781795859266549
490626718,2,395310479,491634860,501448322,0.667366610888919
490626718,3,395310475,491634864,501479576,0.944237983422562
490626718,4,471355161,491634868,501460430,0.937782279575472
490626718,5,395310498,491634870,501465925,0.939152696211816
490718897,1,395310469,491761653,566593074,0.700548089423767
490718897,2,395310479,491761655,566598448,0.48476650351026
490718897,3,395310475,491761657,566594751,0.854919318955028
490718897,4,471355161,491761659,566598289,0.833828442643386
490718897,5,395310498,491761661,566600765,0.865153087291206
490790207,1,395310469,491761873,501136452,0.779276038868149
490790207,2,395310479,491761875,501136619,0.72611706118759
490790207,3,395310475,491761877,501151665,0.700630899465531
490790207,4,471355161,491761879,501140321,0.797838009995754
490790207,5,395310498,491761881,501150867,0.841346864165974
490916919,1,395310469,491761920,501136530,0.715602550736058
490916919,2,395310479,491761922,501136680,0.599665834431791
490916919,3,395310475,491761924,501152182,0.724805716610241
490916919,4,471355161,491761926,501139197,0.767878258922509
490916919,5,395310498,491761928,501155759,0.787817613251838
490982660,1,395310469,491765397,501137089,0.767225094561252
490982660,2,395310479,491765399,501137472,0.516039898917992
490982660,3,395310475,491765401,501150187,0.861021085214545
490982660,4,471355161,491765403,501140001,0.874217276480453
490982660,5,395310498,491765405,501148748,0.880620638120275
491026389,1,395310469,491762217,501137053,0.781644113886136
491026389,2,395310479,491762219,501137613,0.844432780190301
491026389,3,395310475,491762221,501152783,0.783113869075372
491026389,4,471355161,491762223,501142419,0.739055953712899
491026389,5,395310498,491762225,501295206,0.850963811419369
491038812,1,395310469,491765611,501138853,0.931879349881381
491038812,2,395310479,491765613,501139160,0.935418601900569
491038812,3,395310475,491765615,501296659,0.94232928843393
491038812,4,471355161,491765617,501159628,0.947813169792799
491038812,5,395310498,491765619,501159189,0.946520306142348
497583188,1,395310469,511620534,566575133,0.409950243660691
497583188,2,395310479,511620536,566578456,0.6046230290374
497583188,3,395310475,511620538,566575304,0.383508918398229
497583188,4,471355161,511620540,566578698,0.390004217621066
497583188,5,395310498,511620542,566581704,0.454877801059202
500857324,1,395310469,512291154,566566656,0.589985322910559
500857324,2,395310479,512291156,566575268,0.626921599266201
500857324,3,395310475,512291158,566574987,0.581535631266807
500857324,4,471355161,512291160,566580708,0.630722413906747
500857324,5,395310498,512291162,566586045,0.754901877355807
501282204,1,395310469,511635264,566587242,0.856478739447654
501282204,2,395310479,511635266,566599143,0.844134689800955
501282204,3,395310475,511635268,566591366,0.828843777723135
501282204,4,471355161,511635270,566594124,0.865785720673324
501282204,5,395310498,511635272,566598402,0.877283704104548
501570114,1,395310469,514790919,566594900,0.69512464359152
501570114,2,395310479,514790921,566599031,0.703661086583325
501570114,3,395310475,514790923,566595100,0.762023175017636
501570114,4,471355161,514790925,566598352,0.830584926608742
501570114,5,395310498,514790927,566609228,0.824942018791138
501895840,1,395310469,511610393,566595246,0.693647433891169
501895840,2,395310479,511610395,566601598,0.66378353469847
501895840,3,395310475,511610397,566599158,0.44117394688371
501895840,4,471355161,511610399,566600236,0.517488255436113
501895840,5,395310498,511610401,566606086,0.516555699561268
501940485,1,395310469,513268186,566588162,0.468476925500186
501940485,2,395310479,513268188,566593532,0.457532060139196
501940485,3,395310475,513268190,566592721,0.462527674141094
501940485,4,471355161,513268192,566593493,0.461485491030376
501940485,5,395310498,513268194,566605632,0.428590022406214
501951290,1,395310469,511852780,566590473,0.738664560079009
501951290,2,395310479,511852782,566594154,0.662189292100727
501951290,3,395310475,511852784,566591027,0.479745166925449
501951290,4,471355161,511852786,566594481,0.597168031030961
501951290,5,395310498,511852788,566602527,0.604628744636807
502193385,1,395310469,512192880,566609252,0.732978129101468
502193385,2,395310479,512192882,566612664,0.714260796147958
502193385,3,395310475,512192884,566610304,0.551493476637528
502193385,4,471355161,512192886,566612918,0.688550904528067
502193385,5,395310498,512192888,566613727,0.708233744270756
502245101,1,395310469,511852745,566602565,0.741173770585395
502245101,2,395310479,511852747,566610357,0.784976411662483
502245101,3,395310475,511852749,566609206,0.592612697647221
502245101,4,471355161,511852751,566611178,0.771896667360434
502245101,5,395310498,511852753,566609857,0.789394216366817
502267531,1,395310469,512483770,566598504,0.571799025152831
502267531,2,395310479,512483772,566609315,0.621538389463716
502267531,3,395310475,512483774,566608814,0.598146059492155
502267531,4,471355161,512483776,566613038,0.654208528793426
502267531,5,395310498,512483778,566613667,0.670762518857632
502269786,1,395310469,512192757,566611832,0.729021117597097
502269786,2,395310479,512192759,566612588,0.746794719504092
502269786,3,395310475,512192761,566613051,0.787023433840178
502269786,4,471355161,512192763,566612564,0.837046497252699
502269786,5,395310498,512192766,566614698,0.836944195830284
502382506,1,395310469,514793705,566598169,0.816401826272749
502382506,2,395310479,514793707,566591593,0.798883019096717
502382506,3,395310475,514793709,566591698,0.814168729804396
502382506,4,471355161,514793711,566598836,0.81478256722962
502382506,5,395310498,514793713,566610374,0.828269142204036
502574847,1,395310469,512478025,566599005,0.747015942495588
502574847,2,395310479,512478027,566606661,0.717203994190119
502574847,3,395310475,512478029,566601006,0.770428116756901
502574847,4,471355161,512478031,566609442,0.77572578288913
502574847,5,395310498,512478033,566610272,0.777506451284236
502808270,1,395310469,511601589,566603857,0.617646527979528
502808270,2,395310479,511601591,566604569,0.586867391392724
502808270,3,395310475,511601593,566607213,0.363268186621589
502808270,4,471355161,511601595,566609194,0.568155758839021
502808270,5,395310498,511601597,566611623,0.607604384238064
502887600,1,395310469,511853822,566611653,0.645109547125149
502887600,2,395310479,511853824,566612702,0.596727835859167
502887600,3,395310475,511853826,566611065,0.555699828332212
502887600,4,471355161,511853828,566612683,0.558906114689472
502887600,5,395310498,511853830,566613394,0.576571110489719
503254105,1,395310469,514791171,566613098,0.75446451806354
503254105,2,395310479,514791173,566609398,0.769459562688648
503254105,3,395310475,514791175,566613011,0.826759667914215
503254105,4,471355161,514791177,566617244,0.838027990956586
503254105,5,395310498,514791179,566615135,0.844243705433102
503286448,1,395310469,514788877,566614385,0.793245475049626
503286448,2,395310479,514788881,566615146,0.644663793844791
503286448,3,395310475,514788883,566614335,0.843294520526646
503286448,4,471355161,514788885,566615056,0.857093289739732
503286448,5,395310498,514788887,566617564,0.887635919078389
503814817,1,395310469,514791418,566614293,0.684520400970214
503814817,2,395310479,514791420,566614610,0.609919535380222
503814817,3,395310475,514791422,566614079,0.794253109603882
503814817,4,471355161,514791424,566616186,0.822546344007132
503814817,5,395310498,514791426,566614585,0.84540859704786
504567071,1,395310469,512490407,566599017,0.569965766131278
504567071,2,395310479,512490409,566601405,0.73741434181951
504567071,3,395310475,512490412,566598927,0.616573275201442
504567071,4,471355161,512490414,566599964,0.726633442293856
504567071,5,395310498,512490416,566604605,0.734864912817329
504608602,1,395310469,514806864,566613689,0.559981850145301
504608602,2,395310479,514806866,566614304,0.544721165014378
504608602,3,395310475,514806868,566613957,0.559800431890679
504608602,4,471355161,514806870,566614723,0.560600091603132
504608602,5,395310498,514806872,566616838,0.495838471148692
504615116,1,395310469,511600985,566613621,0.595947699740507
504615116,2,395310479,511600988,566613873,0.572054174385323
504615116,3,395310475,511600990,566614250,0.588115773498403
504615116,4,471355161,511600992,566613777,0.520130634224992
504615116,5,395310498,511600994,566617268,0.507283419485959
505200218,1,395310469,512201166,566616126,0.606636218560159
505200218,2,395310479,512201168,566616775,0.523460376268238
505200218,3,395310475,512201170,566617027,0.531857970863492
505200218,4,471355161,512201172,566617410,0.632900752346774
505200218,5,395310498,512201174,566620281,0.651711830159936
505202906,1,395310469,512197626,566618133,0.711739423319487
505202906,2,395310479,512197628,566619095,0.705978488675744
505202906,3,395310475,512197630,566618685,0.73815412503851
505202906,4,471355161,512197632,566619389,0.751045209681173
505202906,5,395310498,512197634,566621196,0.760499872106686
505798354,1,395310469,512492474,566613483,0.500341986079809
505798354,2,395310479,512492476,566614164,0.630137375847239
505798354,3,395310475,512492478,566613892,0.295981502649093
505798354,4,471355161,512492480,566614454,0.345362401679908
505798354,5,395310498,512492482,566614646,0.371982415296076
508887004,1,395310469,513252674,566610695,0.751579429995393
508887004,2,395310479,513252676,566613076,0.676646201675599
508887004,3,395310475,513252678,566613510,0.657616860115359
508887004,4,471355161,513252680,566614235,0.738375890961546
508887004,5,395310498,513252682,566614681,0.692881695201871
508911693,1,395310469,512501614,566617163,0.562597146788639
508911693,2,395310479,512501616,566618182,0.647853190548525
508911693,3,395310475,512501618,566617552,0.54870978158925
508911693,4,471355161,512501621,566614803,0.644310007735556
508911693,5,395310498,512501624,566619809,0.667453345997663
509003464,1,395310469,512503030,566617837,0.708571537240527
509003464,2,395310479,512503032,566619631,0.617873702185948
509003464,3,395310475,512503035,566618800,0.678749818243797
509003464,4,471355161,512503039,566619458,0.716152447415171
509003464,5,395310498,512503043,566618228,0.818774278327837
509881736,1,395310469,513251312,566619821,0.588405339749836
509881736,2,395310479,513251314,566619575,0.593058465532319
509881736,3,395310475,513251316,566617909,0.584067726859873
509881736,4,471355161,513251319,566620623,0.640557474156557
509881736,5,395310498,513251322,566621330,0.650242670048515
510106222,1,395310469,513252624,566617380,0.703026857002443
510106222,2,395310479,513252626,566617308,0.5598035540264
510106222,3,395310475,513252628,566617593,0.779021274141559
510106222,4,471355161,513252630,566617815,0.784225156822306
510106222,5,395310498,513252632,566617643,0.761768189638631
512322162,1,395310469,513878543,566618215,0.729571664936591
512322162,2,395310479,513878545,566619446,0.689201993309959
512322162,3,395310475,513878547,566617628,0.556493569994357
512322162,4,471355161,513878549,566617174,0.782635104399276
512322162,5,395310498,513878551,566618561,0.835485253031003
513531471,1,395310469,515020568,566621041,0.650339980963253
513531471,2,395310479,515020570,566619173,0.80115585736675
513531471,3,395310475,515020572,566621306,0.857731108511273
513531471,4,471355161,515020574,566621647,0.852443712706351
513531471,5,395310498,515020576,566621459,0.833940136107928
513593674,1,395310469,515020094,566620857,0.779809413220675
513593674,2,395310479,515020096,566622326,0.744573222952225
513593674,3,395310475,515020098,566619190,0.776653656233593
513593674,4,471355161,515020100,566618884,0.830459398201345
513593674,5,395310498,515020102,566619598,0.839618310045612
513832252,1,395310469,515019707,566617862,0.546647261932252
513832252,2,395310479,515019709,566618826,0.69910398130089
513832252,3,395310475,515019711,566618076,0.523027634377531
513832252,4,471355161,515019713,566620803,0.4059149017416
513832252,5,395310498,515019715,566620175,0.575689527341789
514767977,1,395310469,515807192,566618787,0.723551890391402
514767977,2,395310479,515807194,566619305,0.805768049285547
514767977,3,395310475,515807196,566619333,0.774013305671517
514767977,4,471355161,515807198,566619408,0.828413671852308
514767977,5,395310498,515807200,566623090,0.848432045786681
514824979,1,395310469,515807725,566614783,0.751134505267483
514824979,2,395310479,515807728,566616270,0.703438552239613
514824979,3,395310475,515807730,566614939,0.750989539089294
514824979,4,471355161,515807732,566615021,0.784147184063239
514824979,5,395310498,515807734,566617576,0.778589344927914
515059388,1,395310469,515807094,566618981,0.501401791790942
515059388,2,395310479,515807097,566619032,0.572341888444946
515059388,3,395310475,515807100,566619434,0.45502918733396
515059388,4,471355161,515807103,566620390,0.551015236726627
515059388,5,395310498,515807107,566620662,0.621662527190129
515305346,1,395310469,516892741,566621558,0.934810682190484
515305346,2,395310479,516892744,566622980,0.984173964787524
515305346,3,395310475,516892747,566621317,0.925715646666852
515305346,4,471355161,516892749,566626016,0.984232322954583
515305346,5,395310498,516892752,566627070,0.986275830543776
515511110,1,395310469,516879756,566621168,0.578750039146385
515511110,2,395310479,516879758,566620378,0.6024217478072
515511110,3,395310475,516879760,566624508,0.576496205606871
515511110,4,471355161,516879762,566622430,0.657294837271937
515511110,5,395310498,516879764,566620261,0.669468777901252
516916566,1,395310469,518016671,566618844,0.646157041245668
516916566,2,395310479,518016673,566619051,0.692387607372752
516916566,3,395310475,518016675,566620994,0.452021146917069
516916566,4,471355161,518016677,566619586,0.499295913945059
516916566,5,395310498,518016679,566620880,0.531177992825232
518238899,1,395310469,519180205,566621157,0.63423340787675
518238899,2,395310479,519180209,566621931,0.684274814936711
518238899,3,395310475,519180211,566619081,0.568254122122981
518238899,4,471355161,519180213,566621368,0.614722638519132
518238899,5,395310498,519180215,566623153,0.638325264878426
518271679,1,395310469,519191169,566622357,0.577151493402655
518271679,2,395310479,519191171,566621448,0.635860435431267
518271679,3,395310475,519191173,566621146,0.579358799750557
518271679,4,471355161,519191175,566618933,0.684959305464329
518271679,5,395310498,519191177,566624712,0.682719668829143
518750800,1,395310469,520592435,587880527,0.920555766617584
518750800,2,395310479,520592437,587883186,0.607649383472682
518750800,3,395310475,520592439,587881785,0.93594875271072
518750800,4,471355161,520592441,587887285,0.970075375910861
518750800,5,395310498,520592443,587898008,0.9704928934712
519220630,1,395310469,520346196,566622480,0.756541297933991
519220630,2,395310479,520346198,566623642,0.814623352914247
519220630,3,395310475,520346200,566621723,0.809250111298512
519220630,4,471355161,520346202,566621883,0.825554147087997
519220630,5,395310498,520346204,566626204,0.831761623031631
519517188,1,395310469,566432255,566620203,0.748989092011379
519517188,2,395310479,566432257,566621058,0.681916500331174
519517188,3,395310475,566432259,566619558,0.877515735483792
519517188,4,471355161,566432261,566620980,0.833414882914458
519517188,5,395310498,566432263,566619203,0.849350449197006
519549081,1,395310469,520343353,566620770,0.741239992478556
519549081,2,395310479,520343355,566622287,0.73638014586611
519549081,3,395310475,520343357,566624825,0.73304595550118
519549081,4,471355161,520343359,566622497,0.747529967733816
519549081,5,395310498,520343361,566621855,0.74752204394805
521958756,1,395310469,524646189,566624545,0.663897950928426
521958756,2,395310479,524646191,566623140,0.685576935141882
521958756,3,395310475,524646193,566624393,0.668025159838395
521958756,4,471355161,524646195,566625269,0.659761156374816
521958756,5,395310498,524646197,566626987,0.769345225776297
522152249,1,395310469,523495911,566625527,0.62407186543794
522152249,2,395310479,523495913,566626070,0.543117497694419
522152249,3,395310475,523495915,566625391,0.682504059207776
522152249,4,471355161,523495917,566625773,0.708323110383726
522152249,5,395310498,523495919,566628612,0.749232535640253
522723828,1,395310469,523995093,566622786,0.439638656884968
522723828,2,395310479,523995095,566625169,0.434848369519845
522723828,3,395310475,523995097,566624447,0.419914671930735
522723828,4,471355161,523995099,566625038,0.364002290517036
522723828,5,395310498,523995101,566627930,0.400210088738592
523205934,1,395310469,525444077,566627036,0.421051426629027
523205934,2,395310479,525444079,566629009,0.435636238943073
523205934,3,395310475,525444081,566627081,0.626303418276021
523205934,4,471355161,525444083,566629841,0.626186185867496
523205934,5,395310498,525444085,566630339,0.630595973700995
523748610,1,395310469,525635492,587880858,0.695710919544687
523748610,2,395310479,525635494,587883040,0.648643150021526
523748610,3,395310475,525635496,587879135,0.798781909904321
523748610,4,471355161,525635498,587885195,0.84894724604541
523748610,5,395310498,525635500,587898747,0.852363049202996
524693113,1,395310469,526951261,566627900,0.610539726004827
524693113,2,395310479,526951263,566626311,0.672470385508974
524693113,3,395310475,526951265,566626281,0.700238951010938
524693113,4,471355161,526951267,566628225,0.814879877964081
524693113,5,395310498,526951269,566629217,0.826575235358474
524876305,1,395310469,526817071,566627367,0.666973386601191
524876305,2,395310479,526817073,566626620,0.696995520353341
524876305,3,395310475,526817075,566626221,0.750900916699559
524876305,4,471355161,526817077,566626966,0.761970751319391
524876305,5,395310498,526817080,566627710,0.778186603591535
526785742,1,395310469,544523608,587861311,0.819110070981083
526785742,2,395310479,544523610,587861736,0.747368865360179
526785742,3,395310475,544523612,587861529,0.852123678845198
526785742,4,471355161,544523614,587863193,0.823445059967678
526785742,5,395310498,544523616,587865318,0.831561022865003
527464013,1,395310469,529823419,566624344,0.926436515635883
527464013,2,395310479,529823421,566624481,0.818634006732912
527464013,3,395310475,529823423,566623983,0.900755763243174
527464013,4,471355161,529823425,566622878,0.932415196996994
527464013,5,395310498,529823427,566623887,0.926716452134675
527579814,1,395310469,529818513,566627058,0.852376913827407
527579814,2,395310479,529818515,566625724,0.759733811085176
527579814,3,395310475,529818517,566628002,0.897588943247262
527579814,4,471355161,529818519,566629173,0.90452471245355
527579814,5,395310498,529818521,566628739,0.914053088772345
527864026,1,395310469,529884100,587868479,0.525358668032523
527864026,2,395310479,529884102,587877665,0.609050566476008
527864026,3,395310475,529884104,587869869,0.330533636085899
527864026,4,471355161,529884106,587877584,0.425859504288243
527864026,5,395310498,529884108,587877780,0.517430500098851
527869035,1,395310469,529883898,566627537,0.865060630071679
527869035,2,395310479,529883900,566628585,0.839898391801237
527869035,3,395310475,529883902,566625622,0.912171845359707
527869035,4,471355161,529883904,566627674,0.915567967038129
527869035,5,395310498,529883906,566627047,0.915954381815012
528501887,1,395310469,529892272,566623743,0.370338726280407
528501887,2,395310479,529892274,566625751,0.49101165883411
528501887,3,395310475,529892276,566626666,0.338146191015767
528501887,4,471355161,529892278,566625713,0.417658396864515
528501887,5,395310498,529892280,566626654,0.309333241595281
530235049,1,395310469,531102547,566626945,0.811475814480873
530235049,2,395310479,531102549,566627605,0.797535061135972
530235049,3,395310475,531102551,566625655,0.916699531325355
530235049,4,471355161,531102553,566628017,0.907552228232503
530235049,5,395310498,531102555,566628166,0.907349212229473
532355382,1,395310469,538759263,566627292,0.56200934786217
532355382,2,395310479,538759265,566629378,0.579333570847458
532355382,3,395310475,538759267,566629273,0.52291450844803
532355382,4,471355161,538759269,566629792,0.524384027085403
532355382,5,395310498,538759271,566628789,0.636315671622729
554454165,1,395310469,555405419,587918390,0.782390363058764
554454165,2,395310479,555405421,587919094,0.736344020078597
554454165,3,395310475,555405423,587919042,0.750663189785828
554454165,4,471355161,555405425,587920440,0.765420340828683
554454165,5,395310498,555405427,587921041,0.771206338409884
555898896,1,395310469,558557157,587923086,0.648687810974828
555898896,2,395310479,558557159,587929520,0.692064705379745
555898896,3,395310475,558557161,587930393,0.552478899039592
555898896,4,471355161,558557163,587942842,0.62123645179888
555898896,5,395310498,558557165,587946369,0.621322976593449
556369531,1,395310469,557185818,587927515,0.507197838335367
556369531,2,395310479,557185820,587933470,0.486621585973196
556369531,3,395310475,557185822,587934331,0.495661352350169
556369531,4,471355161,557185824,587941186,0.465097807033642
556369531,5,395310498,557185826,587941171,0.482192635585446
558583839,1,395310469,559103973,587937763,0.40665797948256
558583839,2,395310479,559103975,587945441,0.378621154537087
558583839,3,395310475,559103977,587944113,0.458841360041607
558583839,4,471355161,559103979,587945958,0.456471284329013
558583839,5,395310498,559103981,587948230,0.47083248178695
558612809,1,395310469,559192937,587927419,0.676394761066574
558612809,2,395310479,559192939,587937908,0.666339815838255
558612809,3,395310475,559192941,587937341,0.733706904037682
558612809,4,471355161,559192943,587933897,0.733983080116817
558612809,5,395310498,559192945,587941723,0.73116446863712
558660968,1,395310469,559192896,587933010,0.420824892590055
558660968,2,395310479,559192898,587932679,0.320284313377572
558660968,3,395310475,559192900,587930558,0.427049340726053
558660968,4,471355161,559192902,587937214,0.315142029216855
558660968,5,395310498,559192904,587941067,0.560568187788219
560373629,1,395310469,560803776,587962419,0.767722991520919
560373629,2,395310479,560803778,587962739,0.620566558645615
560373629,3,395310475,560803780,587958403,0.872932144539031
560373629,4,471355161,560803782,587960742,0.878404319199201
560373629,5,395310498,560803784,587969517,0.910615263897322
560750295,1,395310469,561761459,587957571,0.458712198941127
560750295,2,395310479,561761461,587959857,0.447499502179564
560750295,3,395310475,561761463,587960484,0.569120240920324
560750295,4,471355161,561761465,587961840,0.425349491780683
560750295,5,395310498,561761467,587965729,0.425819517000572
561519381,1,395310469,561966816,587960873,0.763149996720463
561519381,2,395310479,561966818,587960184,0.606512847240598
561519381,3,395310475,561966820,587957950,0.777786168252158
561519381,4,471355161,561966822,587965815,0.832670013407716
561519381,5,395310498,561966824,587964819,0.830469972394763
561934585,1,395310469,562006491,587956853,0.692665551660974
561934585,2,395310479,562006493,587956416,0.642410168818442
561934585,3,395310475,562006495,587956298,0.767161080439515
561934585,4,471355161,562006497,587959559,0.780470627555479
561934585,5,395310498,562006499,587958043,0.818771040000052
562535995,1,395310469,564084250,564106148,0.807325747513622
562535995,2,395310479,564084253,564105585,0.739077591081149
562535995,3,395310475,564084256,564106273,0.836143414649189
562535995,4,471355161,564084259,564113500,0.884735744951671
562535995,5,395310498,564084261,564114346,0.88840712654845
564346637,1,395310469,566709750,566729233,0.461030845106594
564346637,2,395310479,566709752,566730566,0.505987808660984
564346637,3,395310475,566709754,566729220,0.507339720889768
564346637,4,471355161,566709756,566730447,0.503863488010231
564346637,5,395310498,566709758,566732966,0.556074228042541
565209132,1,395310469,566723847,566747228,0.578697811002032
565209132,2,395310479,566723849,566748367,0.618565448826367
565209132,3,395310475,566723851,566747514,0.680136993914984
565209132,4,471355161,566723853,566748339,0.692793811290367
565209132,5,395310498,566723855,566749298,0.685457112518494
565236919,1,395310469,566724583,566738175,0.491601100854951
565236919,2,395310479,566724585,566739659,0.538712425615213
565236919,3,395310475,566724587,566735276,0.537465890515252
565236919,4,471355161,566724589,566736403,0.621164010680983
565236919,5,395310498,566724591,566738818,0.62450478973252
565778331,1,395310469,566733520,566748190,0.778890243690168
565778331,2,395310479,566733522,566749844,0.7616162517139
565778331,3,395310475,566733524,566748396,0.613295681008727
565778331,4,471355161,566733526,566749105,0.74441958526039
565778331,5,395310498,566733528,566749729,0.823994805815133
565888394,1,395310469,566737683,566751219,0.693234726389118
565888394,2,395310479,566737687,566751946,0.710105598752756
565888394,3,395310475,566737689,566749568,0.781851559663695
565888394,4,471355161,566737692,566750849,0.768747130839125
565888394,5,395310498,566737694,566753509,0.822925098134707
566304697,1,395310469,568427163,568465468,0.683258037839847
566304697,2,395310479,568427165,568467795,0.680965793287586
566304697,3,395310475,568427167,568465654,0.76675999264576
566304697,4,471355161,568427169,568467757,0.772615702529597
566304697,5,395310498,568427171,568477620,0.787558035790206
566305266,1,395310469,568103786,568181940,0.944043130485943
566305266,2,395310479,568103788,568179763,0.960219329067042
566305266,3,395310475,568103791,568178917,0.92130273797607
566305266,4,471355161,568103793,568179899,0.942894883714837
566305266,5,395310498,568103795,568185935,0.93720415268116
566463606,1,395310469,587820603,587995649,0.537722913384164
566463606,2,395310479,587820605,587997463,0.655729360939286
566463606,3,395310475,587820607,587996242,0.675194557919272
566463606,4,471355161,587820609,588000016,0.693874325870273
566463606,5,395310498,587820611,588004830,0.723208794775227
566466395,1,395310469,568080921,568145416,0.753541118262336
566466395,2,395310479,568080926,568151346,0.791209224240858
566466395,3,395310475,568080928,568146903,0.634812038857186
566466395,4,471355161,568080930,568152073,0.795272361127129
566466395,5,395310498,568080932,568159441,0.81392901763327
566563603,1,395310469,568542757,568558183,0.590646884657594
566563603,2,395310479,568542759,568559563,0.603592265793941
566563603,3,395310475,568542761,568559945,0.577519639677091
566563603,4,471355161,568542763,568561716,0.66474104972305
566563603,5,395310498,568542765,568562818,0.668589178518356
566671538,1,395310469,568094834,568152522,0.508060265432186
566671538,2,395310479,568094836,568152894,0.543696902090024
566671538,3,395310475,568094838,568156065,0.652085070331772
566671538,4,471355161,568094840,568151796,0.696474888032243
566671538,5,395310498,568094842,568170660,0.738621520575137
566719275,1,395310469,568093783,568167727,0.695990775239007
566719275,2,395310479,568093785,568176559,0.718925786085386
566719275,3,395310475,568093787,568172669,0.699303110605839
566719275,4,471355161,568093789,568178510,0.703061282819186
566719275,5,395310498,568093791,568175973,0.697556199258157
566761793,1,395310469,568578221,568593255,0.750435965406332
566761793,2,395310479,568578223,568595964,0.747436749749231
566761793,3,395310475,568578225,568593657,0.719948669308931
566761793,4,471355161,568578228,568596013,0.733374093584556
566761793,5,395310498,568578230,568598098,0.7347514115092
567266985,1,395310469,569471526,569483696,0.649330675920915
567266985,2,395310479,569471528,569486816,0.751487991372427
567266985,3,395310475,569471530,569485368,0.683294154591112
567266985,4,471355161,569471532,569487240,0.697445097130567
567266985,5,395310498,569471534,569487667,0.810954255272202
567354967,1,395310469,569476224,569485678,0.514374596065673
567354967,2,395310479,569476226,569482755,0.646777211826921
567354967,3,395310475,569476228,569482217,0.587231291625364
567354967,4,471355161,569476230,569483001,0.689059579751354
567354967,5,395310498,569476232,569483436,0.720882837329322
567399060,1,395310469,569476187,569487491,0.475552687201478
567399060,2,395310479,569476189,569487703,0.607441281517518
567399060,3,395310475,569476191,569487651,0.590758525593642
567399060,4,471355161,569476193,569487824,0.631965983331205
567399060,5,395310498,569476195,569488297,0.68545395885677
569477234,1,395310469,569955790,569960473,0.786103836506464
569477234,2,395310479,569955792,569961431,0.732423814468717
569477234,3,395310475,569955794,569960547,0.920074709074114
569477234,4,471355161,569955796,569961533,0.922491390455874
569477234,5,395310498,569955798,569961962,0.928242734482322
569623233,1,395310469,569896556,569911339,0.937493395225384
569623233,2,395310479,569896558,569912677,0.768730837818594
569623233,3,395310475,569896560,569907223,0.926025243618619
569623233,4,471355161,569896562,569913886,0.951958612688161
569623233,5,395310498,569896564,569923632,0.952990371974143
569670455,1,395310469,569896590,569923643,0.65709460533579
569670455,2,395310479,569896592,569928407,0.680027526736222
569670455,3,395310475,569896594,569923604,0.658397959466097
569670455,4,471355161,569896596,569926206,0.679528261681035
569670455,5,395310498,569896598,569928424,0.704453745422931
569706189,1,395310469,570469769,570489951,0.528496179129035
569706189,2,395310479,570469771,570491538,0.577664754892302
569706189,3,395310475,570469773,570489984,0.492913017970666
569706189,4,471355161,570469775,570499108,0.348510515744302
569706189,5,395310498,570469777,570499199,0.3413178161401
569710450,1,395310469,570469828,570484961,0.677448786465684
569710450,2,395310479,570469837,570486568,0.644977169898098
569710450,3,395310475,570469841,570486553,0.60637667250353
569710450,4,471355161,570469843,570486606,0.637705454736399
569710450,5,395310498,570469845,570487332,0.809678123206101
569739534,1,395310469,571019486,571028130,0.327914342786853
569739534,2,395310479,571019488,571028291,0.324504031556003
569739534,3,395310475,571019490,571028310,0.478693579634774
569739534,4,471355161,571019492,571028363,0.280415198332266
569739534,5,395310498,571019494,571028612,0.300921385226968
569810649,1,395310469,571019396,571028465,0.642867566520487
569810649,2,395310479,571019398,571028868,0.676707690413628
569810649,3,395310475,571019402,571028601,0.662338914145431
569810649,4,471355161,571019405,571028774,0.659051197849089
569810649,5,395310498,571019408,571028992,0.647084677286548
570924514,1,395310469,571868035,571896067,0.640828740313302
570924514,2,395310479,571868037,571899582,0.678066145832004
570924514,3,395310475,571868039,571896447,0.595551118607103
570924514,4,471355161,571868041,571898062,0.629985485193124
570924514,5,395310498,571868043,571900451,0.64393164118918
571292875,1,395310469,573409889,573421548,0.599167860704401
571292875,2,395310479,573409891,573421766,0.580051985127937
571292875,3,395310475,573409893,573421665,0.719079409866104
571292875,4,471355161,573409895,573421950,0.689264808631477
571292875,5,395310498,573409897,573422351,0.773225103840847
571396942,1,395310469,573430539,573449751,0.980546969953089
571396942,2,395310479,573430543,573450306,0.982310109852986
571396942,3,395310475,573430548,573449852,0.960375108937115
571396942,4,471355161,573430554,573449065,0.988811303008001
571396942,5,395310498,573430558,573450013,0.99020175097244
573404307,1,395310469,587845765,588044128,0.97423291710759
573404307,2,395310479,587845767,588044315,0.979031796321129
573404307,3,395310475,587845769,588044429,0.969268684493039
573404307,4,471355161,587845771,588047365,0.972638549088393
573404307,5,395310498,587845773,588047383,0.974312325350055
573976402,1,395310469,587845967,588048557,-0.0195918100783154
573976402,2,395310479,587845969,588050335,-0.0214247454510298
573976402,3,395310475,587845971,588049770,-0.0230930302633153
573976402,4,471355161,587845974,588051175,-0.024000813256433
573976402,5,395310498,587845976,588051943,-0.0276988020476426
575642695,1,395310469,587846946,588045782,0.693088338861002
575642695,2,395310479,587846948,588048462,0.688647390052496
575642695,3,395310475,587846950,588048668,0.693511773477051
575642695,4,471355161,587846952,588051907,0.700660420328135
575642695,5,395310498,587846954,588054260,0.71624419543215
577218602,1,395310469,587847920,588049392,0.10220751666821
577218602,2,395310479,587847922,588050665,0.102392505299436
577218602,3,395310475,587847924,588051504,0.107830460654707
577218602,4,471355161,587847926,588053316,0.120825438343969
577218602,5,395310498,587847928,588053521,0.118327653856701
577369606,1,395310469,587848204,588052314,0.711172355598855
577369606,2,395310479,587848206,588054021,0.712446057347806
577369606,3,395310475,587848209,588054394,0.750796415643207
577369606,4,471355161,587848211,588054818,0.738249879277582
577369606,5,395310498,587848214,588057609,0.82361166437615
578898150,1,395310469,587862688,588056366,0.776043083092314
578898150,2,395310479,587862690,588056677,0.768646964472932
578898150,3,395310475,587862692,588056666,0.812191390896831
578898150,4,471355161,587862694,588059574,0.771243245201285
578898150,5,395310498,587862696,588063912,0.86125722391725
578909807,1,395310469,587862489,588055996,0.671893919135661
578909807,2,395310479,587862491,588056695,0.674816736265102
578909807,3,395310475,587862493,588052272,0.776138648035682
578909807,4,471355161,587862495,588057335,0.804137090839811
578909807,5,395310498,587862497,588059834,0.800548311128935
578929342,1,395310469,587862833,588052261,0.67375554511135
578929342,2,395310479,587862835,588048800,0.664107097066685
578929342,3,395310475,587862837,588053265,0.65257840082761
578929342,4,471355161,587862839,588054351,0.701080017059975
578929342,5,395310498,587862841,588056319,0.703056946106125
578938153,1,395310469,587862755,588056234,0.588128005859946
578938153,2,395310479,587862757,588056858,0.521912400220307
578938153,3,395310475,587862759,588055922,0.543890482436601
578938153,4,471355161,587862761,588056594,0.520768746682069
578938153,5,395310498,587862764,588059811,0.681314716441881
579263604,1,395310469,587863123,588049209,0.43463923620734
579263604,2,395310479,587863125,588049564,0.44019378756843
579263604,3,395310475,587863127,588049439,0.226986721515475
579263604,4,471355161,587863129,588050896,0.320662215077216
579263604,5,395310498,587863131,588051592,0.225556946875035
579611597,1,395310469,587863828,588061362,0.834419166719239
579611597,2,395310479,587863830,588063755,0.755730878126704
579611597,3,395310475,587863832,588061706,0.874944454879536
579611597,4,471355161,587863834,588064039,0.884069847559941
579611597,5,395310498,587863836,588068351,0.884892569044322
579652000,1,395310469,587864128,588057942,0.559526064219789
579652000,2,395310479,587864130,588060323,0.511432988119083
579652000,3,395310475,587864132,588058097,0.434431313401846
579652000,4,471355161,587864134,588055766,0.467979576096781
579652000,5,395310498,587864136,588056736,0.506722484110566
579662784,1,395310469,587864212,588058209,0.741875349437679
579662784,2,395310479,587864214,588059923,0.583529350397858
579662784,3,395310475,587864216,588058364,0.798022187470052
579662784,4,471355161,587864218,588059940,0.821801467320964
579662784,5,395310498,587864220,588064468,0.838622143309351
579672464,1,395310469,587864169,588059965,0.923561740685968
579672464,2,395310479,587864171,588061754,0.933923718911343
579672464,3,395310475,587864173,588063946,0.862093814005756
579672464,4,471355161,587864175,588061743,0.901821775429351
579672464,5,395310498,587864177,588064569,0.912635934374444
579981789,1,395310469,587864383,588059749,0.650067991258544
579981789,2,395310479,587864385,588060995,0.616222129474203
579981789,3,395310475,587864387,588061480,0.733125173379926
579981789,4,471355161,587864389,588065263,0.758872529371051
579981789,5,395310498,587864391,588064532,0.814108425498762
580010290,1,395310469,587864519,588059912,0.830610924884057
580010290,2,395310479,587864521,588061397,0.836340457194709
580010290,3,395310475,587864523,588063961,0.81763976956097
580010290,4,471355161,587864525,588061452,0.825898807073161
580010290,5,395310498,587864527,588063624,0.79811805753935
580014328,1,395310469,587864551,588058262,0.677759442205987
580014328,2,395310479,587864553,588058231,0.741913665759122
580014328,3,395310475,587864555,588058078,0.813188470172361
580014328,4,471355161,587864557,588060580,0.823956133732831
580014328,5,395310498,587864559,588060756,0.876182626818938
580145037,1,395310469,587864629,588067611,0.960126216775331
580145037,2,395310479,587864631,588069082,0.938353133332645
580145037,3,395310475,587864633,588065878,0.933035447766919
580145037,4,471355161,587864635,588070132,0.980592952992038
580145037,5,395310498,587864637,588070224,0.979495352581261
580149939,1,395310469,591248096,591273562,0.57848779460972
580149939,2,395310479,591248098,591275560,0.547466781864103
580149939,3,395310475,591248100,591273968,0.491461362476897
580149939,4,471355161,591248102,591275662,0.540297861688873
580149939,5,395310498,591248104,591280173,0.578752071631223
580194100,1,395310469,587864827,588053414,0.354686030168787
580194100,2,395310479,587864829,588054619,0.555464219707844
580194100,3,395310475,587864831,588054362,0.469332072382089
580194100,4,471355161,587864833,588054884,0.567905519623427
580194100,5,395310498,587864835,588056334,0.619263159689471
580236419,1,395310469,591253502,591280919,0.381870571859883
580236419,2,395310479,591253504,591293195,0.391121572245133
580236419,3,395310475,591253506,591282264,0.302300649356821
580236419,4,471355161,591253508,591293903,0.34567403263944
580236419,5,395310498,591253510,591284934,0.31665817603448
580537822,1,395310469,587864955,588057580,0.789974130839608
580537822,2,395310479,587864957,588057424,0.68982046164436
580537822,3,395310475,587864959,588056641,0.81076935456072
580537822,4,471355161,587864961,588061230,0.824538142515873
580537822,5,395310498,587864963,588060077,0.824797631072731
580895033,1,395310469,587865629,588062003,0.983810807305087
580895033,2,395310479,587865631,588068394,0.988954969075309
580895033,3,395310475,587865633,588065221,0.972065677218419
580895033,4,471355161,587865635,588060017,0.983816449506429
580895033,5,395310498,587865637,588067588,0.983643486774882
581058351,1,395310469,587865710,588061159,0.960797454898202
581058351,2,395310479,587865712,588061049,0.962394062138248
581058351,3,395310475,587865714,588061568,0.953011984741975
581058351,4,471355161,587865716,588060052,0.985715603553226
581058351,5,395310498,587865718,588065637,0.987040052352864
581138223,1,395310469,587865916,588068871,0.704310712405375
581138223,2,395310479,587865918,588069151,0.684020240549061
581138223,3,395310475,587865920,588065205,0.676857493690796
581138223,4,471355161,587865922,588071425,0.73350295156256
581138223,5,395310498,587865924,588071008,0.731551393087556
582644266,1,395310469,591739019,591803333,0.693548552815403
582644266,2,395310479,591739027,591809011,0.699654317713831
582644266,3,395310475,591739033,591806757,0.759200959768342
582644266,4,471355161,591739036,591809223,0.770645140490736
582644266,5,395310498,591739038,591821036,0.777426853616797
583403073,1,395310469,591414579,591422451,0.434105808397148
583403073,2,395310479,591414581,591423514,0.447864669787937
583403073,3,395310475,591414583,591422614,0.454951515935945
583403073,4,471355161,591414585,591423597,0.401121313617748
583403073,5,395310498,591414587,591424689,0.394140495297098
583804033,1,395310469,591527058,591541323,0.693778415471458
583804033,2,395310479,591527060,591542739,0.73508215900891
583804033,3,395310475,591527062,591541475,0.741802094603054
583804033,4,471355161,591527064,591543202,0.812684044813222
583804033,5,395310498,591527066,591544724,0.823678192991655
584561230,1,395310469,591536704,591543926,0.517704007131357
584561230,2,395310479,591536708,591545188,0.560122259094369
584561230,3,395310475,591536712,591544841,0.584827005658934
584561230,4,471355161,591536716,591547279,0.583550470772475
584561230,5,395310498,591536720,591547919,0.603726039182428
584587128,1,395310469,591536556,591545153,0.681935633139945
584587128,2,395310479,591536559,591546166,0.639843421933075
584587128,3,395310475,591536562,591545113,0.712706432182245
584587128,4,471355161,591536565,591545812,0.760295174764185
584587128,5,395310498,591536569,591547956,0.737797367905877
584664194,1,395310469,591538450,591543273,0.749204155510332
584664194,2,395310479,591538452,591544409,0.866196240215513
584664194,3,395310475,591538454,591543227,0.541110364026739
584664194,4,471355161,591538456,591544155,0.776242041012063
584664194,5,395310498,591538458,591545340,0.820530536269658
584872371,1,395310469,591539302,591544824,0.779529477688138
584872371,2,395310479,591539304,591543983,0.791059261379998
584872371,3,395310475,591539306,591546220,0.78744755218455
584872371,4,471355161,591539308,591546475,0.79318150581324
584872371,5,395310498,591539310,591548696,0.834242095545129
585740198,1,395310469,591540189,591549293,0.952438152046497
585740198,2,395310479,591540191,591550635,0.963748732963383
585740198,3,395310475,591540193,591549904,0.937650836611039
585740198,4,471355161,591540195,591556328,0.950596313503573
585740198,5,395310498,591540197,591558830,0.957421836381386
585805211,1,395310469,591765641,591883164,0.953230724463013
585805211,2,395310479,591765643,591884428,0.905970473609694
585805211,3,395310475,591765645,591849532,0.926355359299363
585805211,4,471355161,591765648,591885375,0.985667801569588
585805211,5,395310498,591765651,591862418,0.980263013581736
585832440,1,395310469,591764972,591859373,0.970532860010493
585832440,2,395310479,591764974,591880171,0.919171811671291
585832440,3,395310475,591764976,591879770,0.942698316695094
585832440,4,471355161,591764978,591868648,0.975587764089672
585832440,5,395310498,591764981,591892737,0.977274928965871
585908787,1,395310469,591763620,591828917,0.676800269518514
585908787,2,395310479,591763622,591835703,0.681080915524702
585908787,3,395310475,591763624,591829033,0.800369081524452
585908787,4,471355161,591763626,591837759,0.816705152071149
585908787,5,395310498,591763628,591849010,0.825344555707796
586072188,1,395310469,591774407,591888200,0.682620429720055
586072188,2,395310479,591774409,591899025,0.710994556089612
586072188,3,395310475,591774411,591892994,0.78026087854133
586072188,4,471355161,591774413,591900871,0.78175775813411
586072188,5,395310498,591774415,591905375,0.794766895671039
586072783,1,395310469,591774119,591859648,0.777087276629795
586072783,2,395310479,591774121,591864421,0.799269373753075
586072783,3,395310475,591774123,591861678,0.830838338023964
586072783,4,471355161,591774125,591868491,0.832382928211597
586072783,5,395310498,591774127,591881494,0.83714827848203
586358539,1,395310469,591785624,591884567,0.974056493969834
586358539,2,395310479,591785627,591890856,0.971725238551004
586358539,3,395310475,591785629,591887139,0.952716780521953
586358539,4,471355161,591785631,591901108,0.966905982988506
586358539,5,395310498,591785633,591907305,0.97131842738273
586366106,1,395310469,591787897,591905396,0.974434845115815
586366106,2,395310479,591787905,591906559,0.966584700131771
586366106,3,395310475,591787907,591905454,0.956498190158638
586366106,4,471355161,591787909,591910418,0.976367408498278
586366106,5,395310498,591787911,591920762,0.980362443484396
587096515,1,395310469,592409186,592416334,0.554120332041648
587096515,2,395310479,592409188,592416494,0.567831112544826
587096515,3,395310475,592409190,592416106,0.645604269073204
587096515,4,471355161,592409192,592416557,0.653569887018678
587096515,5,395310498,592409194,592416877,0.668904935251825
588695976,1,395310469,592624940,592653733,0.302420774276096
588695976,2,395310479,592624942,592653995,0.361257092593229
588695976,3,395310475,592624944,592653967,0.297450902156566
588695976,4,471355161,592624946,592652856,0.305241041937275
588695976,5,395310498,592624948,592654811,0.304934466575809
588711875,1,395310469,592625597,592653025,0.535256503325084
588711875,2,395310479,592625599,592653574,0.527553640342902
588711875,3,395310475,592625601,592654315,0.19559434753206
588711875,4,471355161,592625603,592654581,0.212304447008855
588711875,5,395310498,592625605,592654939,0.399617702902644
589128508,1,395310469,592921946,593042272,0.600233764799528
589128508,2,395310479,592921951,593042131,0.596672421448031
589128508,3,395310475,592921954,593042146,0.668369851578332
589128508,4,471355161,592921958,593042842,0.701700491888722
589128508,5,395310498,592921962,593043212,0.694602995188055
589452470,1,395310469,593242917,593244533,0.616489352060111
589452470,2,395310479,593242919,593244604,0.685251375615435
589452470,3,395310475,593242921,593244579,0.595121851890576
589452470,4,471355161,593242923,593244627,0.668647333091186
589452470,5,395310498,593242925,593244697,0.657259896557709
589764355,1,395310469,592922288,593034898,0.696281460634739
589764355,2,395310479,592922290,593041053,0.657148931618392
589764355,3,395310475,592922292,593035956,0.547387047141977
589764355,4,471355161,592922294,593041232,0.576891675763091
589764355,5,395310498,592922298,593039755,0.559396941948909
591616101,1,395310469,592938438,593027606,0.448109566230605
591616101,2,395310479,592938440,593029183,0.393594624386745
591616101,3,395310475,592938442,593026540,0.413019785362683
591616101,4,471355161,592938444,593031747,0.34584681711495
591616101,5,395310498,592938447,593033480,0.389163268263822
591626585,1,395310469,592940054,593042090,0.616500178379431
591626585,2,395310479,592940058,593042650,0.641523028626783
591626585,3,395310475,592940065,593041462,0.675756501895398
591626585,4,471355161,592940073,593042613,0.715230620614079
591626585,5,395310498,592940077,593043297,0.693164614740582
592868444,1,395310469,593705231,593803373,0.683611129986078
592868444,2,395310479,593705233,593805965,0.640681206742162
592868444,3,395310475,593705235,593805341,0.594348204579007
592868444,4,471355161,593705237,593811537,0.634488858694349
592868444,5,395310498,593705239,593817181,0.633442842281023
593312584,1,395310469,597605608,597684046,0.702332208003425
593312584,2,395310479,597605610,597690050,0.718183868172401
593312584,3,395310475,597605612,597685337,0.764455926915578
593312584,4,471355161,597605614,597692940,0.770628673155639
593312584,5,395310498,597605616,597704029,0.831352918718391
593453795,1,395310469,597605667,597670242,0.967262043029178
593453795,2,395310479,597605669,597676668,0.970168016367775
593453795,3,395310475,597605671,597688288,0.956151916992912
593453795,4,471355161,597605673,597699152,0.979958117148686
593453795,5,395310498,597605675,597715138,0.981541636174755
593618144,1,395310469,597232580,597296447,0.982554909791514
593618144,2,395310479,597232595,597282636,0.983676915571571
593618144,3,395310475,597232597,597294709,0.966435926726084
593618144,4,471355161,597232599,597295647,0.97419284443749
593618144,5,395310498,597232601,597287226,0.977742399467989
596808392,1,395310469,599372759,599423728,0.773389775743027
596808392,2,395310479,599372761,599425580,0.713555172769882
596808392,3,395310475,599372763,599423853,0.843408043128529
596808392,4,471355161,599372765,599425528,0.870617591870169
596808392,5,395310498,599372767,599426159,0.870398668451979
603402458,1,395310469,605236750,605292552,0.73551801548456
603402458,2,395310479,605236752,605294865,0.756285821341677
603402458,3,395310475,605236754,605294236,0.697733048467658
603402458,4,471355161,605236756,605296623,0.711834650791731
603402458,5,395310498,605236758,605305674,0.70609710294638
609775336,1,395310469,617215778,617272954,0.94483059818467
609775336,2,395310479,617215780,617278015,0.908846394496695
609775336,3,395310475,617215782,617277986,0.961382077576909
609775336,4,471355161,617215784,617264989,0.959461970714425
609775336,5,395310498,617215786,617284641,0.95928883261833
623427407,1,395310469,637923992,637941867,0.758132428255865
623427407,2,395310479,637923994,637942199,0.779296649181095
623427407,3,395310475,637923996,637944139,0.760396026072978
623427407,4,471355161,637923998,637944864,0.789211511994526
623427407,5,395310498,637924000,637944284,0.780509614219673
623474400,1,395310469,637923864,637939690,0.51017961867073
623474400,2,395310479,637923866,637940708,0.523942477129219
623474400,3,395310475,637923868,637939830,0.380169990264764
623474400,4,471355161,637923870,637941506,0.449055547453503
623474400,5,395310498,637923872,637942024,0.485662565732226
623960880,1,395310469,637925744,637940442,0.711794210638984
623960880,2,395310479,637925746,637941659,0.750745710653136
623960880,3,395310475,637925748,637940352,0.747926347983121
623960880,4,471355161,637925750,637941918,0.721714213897087
623960880,5,395310498,637925752,637941899,0.746204598494466
628700262,1,395310469,637930669,637943706,0.56901854254578
628700262,2,395310479,637930671,637944464,0.62365174147212
628700262,3,395310475,637930673,637944086,0.597161916041584
628700262,4,471355161,637930675,637944585,0.634502113378832
628700262,5,395310498,637930677,637945305,0.667817992499668
