task_id,phase,topology,N,graph_seed,regime,connection_prob,coupling,k,budget_fraction,cycle_proxy,dynamics_aware,feedback_hub,high_degree,module_bridge,random,spectral,leverage_gain_vs_spectral,leverage_gain_vs_feedback_hub,leverage_gain_vs_high_degree,leverage_gain_vs_module_bridge,leverage_gain_vs_cycle_proxy,leverage_gain_vs_random,sel_total_degree,sel_feedback,sel_cycle3,sel_bridge,sel_spectral,coverage1,coverage2,out_neighbor_redundancy,selected_dispersion
0186d850750b552888,er_patch,erdos_renyi,256,43001,sparse_drive,0.05,0.05,32,0.125,0.12101386860013,0.2509024776518345,0.0817931406199932,0.0430880952626466,0.0430880952626466,0.10966232289501929,0.1357594039291143,0.1151430737227202,0.16910933703184128,0.2078143823891879,0.2078143823891879,0.1298886090517045,0.1412401547568152,23.84375,164.40625,6.84375,0.0,0.057441733127092,0.78125,1.0,0.0229986060684997,2.0544354838709675
024734b4369002ab6f,stage4e_topology,modular,256,43003,transition_dense,0.1,0.035,8,0.03125,0.0476346649229526,0.183156818151474,0.0671491920948028,0.0671491920948028,0.0647191032767295,0.07968448789324609,0.0526291169226169,0.1305277012288571,0.1160076260566712,0.1160076260566712,0.1184377148747445,0.1355221532285214,0.10347233025822791,51.625,712.625,167.875,7.5,0.0652781334857297,0.578125,1.0,0.0568941814817917,1.9285714285714288
038d187e64307b03a5,er_patch,erdos_renyi,256,43003,transition_dense,0.1,0.035,32,0.125,0.0827131122350692,0.1357347648590803,0.0642130114138126,0.0741740092635154,0.0741740092635154,0.08952477766433728,0.0741740092635154,0.061560755595564884,0.07152175344526769,0.061560755595564884,0.061560755595564884,0.05302165262401108,0.04620998719474301,50.03125,681.78125,61.3125,0.0,0.0619085128391374,0.96484375,1.0,0.0524485033643871,1.778225806451613
04e1a03173794ab24e,stage4b_replication,scale_free,256,42001,sparse_drive,0.05,0.05,24,0.09375,0.2680511772632599,0.2735411822795868,0.2685336768627167,0.2685336768627167,0.2685336768627167,0.02394677136908281,0.3258357346057892,-0.05229455232620239,0.005007505416870117,0.005007505416870117,0.005007505416870117,0.005490005016326904,0.249594410910504,57.833333333333336,982.125,91.29166666666669,0.0,0.1212624919789957,0.875,1.0,0.0722140273006213,1.4384057971014492
063635fc4540820d81,stage4d_scaling,scale_free,512,44001,transition_mid,0.05,0.035,16,0.03125,0.0421008169651031,0.2574917674064636,0.0552343800663948,0.0480386242270469,0.0480386242270469,0.07287156459642569,0.0599100217223167,0.19758174568414694,0.20225738734006882,0.2094531431794167,0.2094531431794167,0.21539095044136053,0.18462020281003794,45.5625,710.1875,69.375,0.0,0.0341609181156557,0.486328125,1.0,0.0359980959389985,1.9166666666666667
0679928f9dcf4685b8,stage4b_replication,scale_free,256,42003,transition_mid,0.05,0.035,24,0.09375,0.2651533186435699,0.2654212415218353,0.2540439367294311,0.2540439367294311,0.2540439367294311,0.03980782610597085,0.3013103306293487,-0.03588908910751337,0.01137730479240423,0.01137730479240423,0.01137730479240423,0.00026792287826543637,0.2256134154158645,62.54166666666666,1109.8333333333333,102.91666666666669,0.0,0.1291680658362186,0.921875,1.0,0.0846645511231907,1.394927536231884
070af545d0b2526e81,stage4e_topology,modular,256,43001,sparse_drive,0.05,0.05,32,0.125,0.0523314476013183,0.2677291929721832,0.1374706029891967,0.0852358043193817,0.1223066300153732,0.09989594522630792,0.0837573409080505,0.18397185206413275,0.13025858998298653,0.1824933886528015,0.14542256295681003,0.21539774537086492,0.16783324774587532,25.5625,188.75,20.90625,3.15625,0.0619975751725099,0.8515625,1.0,0.0228755228151161,2.290322580645161
0876462fdd9c526387,stage4b_replication,scale_free,256,42004,sparse_drive,0.05,0.05,8,0.03125,0.0280409418046474,0.1744389683008194,0.0323234163224697,0.0323234163224697,0.0323234163224697,0.05011947895400221,0.0331695824861526,0.1412693858146668,0.14211555197834969,0.14211555197834969,0.14211555197834969,0.146398026496172,0.12431948934681719,29.5,327.25,30.875,0.0,0.0620909264071153,0.36328125,0.984375,0.0377954687842658,2.107142857142857
08cb076b1c547276f5,stage4c_atlas_extension,scale_free,256,42005,sparse_drive,0.05,0.05,64,0.25,0.3655671179294586,0.589184045791626,0.4948770403861999,0.3812212347984314,0.3812212347984314,0.20209381100721652,0.3298013210296631,0.2593827247619629,0.09430700540542608,0.20796281099319458,0.20796281099319458,0.22361692786216736,0.38709023478440946,46.0625,670.09375,58.796875,0.0,0.0947990053767434,0.96875,1.0,0.0624364716903994,1.6716269841269842
0acf2ff990b398a6ff,stage4b_replication,scale_free,256,42002,transition_mid,0.05,0.035,64,0.25,0.5603436231613159,0.7063202261924744,0.7087423801422119,0.6907504796981812,0.6907504796981812,0.31106059718877077,0.59596848487854,0.11035174131393433,-0.002422153949737549,0.015569746494293213,0.015569746494293213,0.14597660303115845,0.3952596290037036,45.71875,667.359375,55.828125,0.0,0.0920204644653403,0.9921875,1.0,0.0608043518163842,1.6949404761904765
0b3bd7fdc393edfda2,stage4d_scaling,scale_free,128,44001,transition_mid,0.05,0.035,32,0.25,0.5925670862197876,0.6211444139480591,0.4153673052787781,0.4153673052787781,0.4153673052787781,0.1500768933910876,0.340992271900177,0.2801521420478821,0.205777108669281,0.205777108669281,0.205777108669281,0.028577327728271484,0.4710675205569715,19.96875,145.15625,10.1875,0.0,0.123905278647211,0.8828125,0.9921875,0.0481676765908829,1.7963709677419355
0c2ea3e72b80b9bb4a,stage4d_scaling,scale_free,512,44002,transition_dense,0.1,0.035,64,0.125,0.3772825598716736,0.3205227851867676,0.2437695264816284,0.2437695264816284,0.2437695264816284,0.1877815660554915,0.3181264996528625,0.002396285533905085,0.07675325870513919,0.07675325870513919,0.07675325870513919,-0.056759774684906006,0.13274121913127607,192.90625,9986.578125,1571.28125,0.0,0.0791342775745468,1.0,1.0,0.1391408650641098,1.1865079365079363
0d8ecda7afb479941a,stage4e_topology,modular,256,43001,transition_mid,0.05,0.035,32,0.125,0.0925848186016082,0.1586068272590637,0.1051914021372795,0.1632070243358612,0.1298958361148834,0.08832285786047574,0.0999820753931999,0.058624751865863786,0.053415425121784196,-0.004600197076797513,0.028710991144180298,0.0660220086574555,0.07028396939858796,25.09375,184.0,19.6875,3.25,0.0616043414067761,0.85546875,1.0,0.0235755278063782,2.336693548387097
0eb06faa137b0035fb,stage4c_atlas_extension,scale_free,256,42005,transition_mid,0.05,0.035,24,0.09375,0.2172823846340179,0.353308230638504,0.2444268018007278,0.2444268018007278,0.2444268018007278,0.03527702327119182,0.2172823846340179,0.13602584600448608,0.10888142883777618,0.10888142883777618,0.10888142883777618,0.13602584600448608,0.31803120736731216,66.58333333333333,1245.1666666666667,108.83333333333331,0.0,0.1374774713376404,0.87890625,1.0,0.0948254857174725,1.2934782608695652
0f0978d0fbabbf4e12,stage4e_topology,small_world,256,43002,sparse_drive,0.05,0.05,32,0.125,0.0766281187534332,0.2916032373905182,0.1017077714204788,0.0489116758108139,0.0489116758108139,0.07675669807940716,0.0972303748130798,0.19437286257743838,0.18989546597003937,0.24269156157970428,0.24269156157970428,0.214975118637085,0.21484653931111103,25.71875,185.40625,39.65625,0.0,0.0619019053506634,0.88671875,1.0,0.0218885437719959,2.342741935483871
111de03226fc156c50,stage4c_atlas_extension,scale_free,256,42005,sparse_drive,0.05,0.05,24,0.09375,0.2491219192743301,0.2569325566291809,0.2117206007242202,0.2117206007242202,0.2117206007242202,0.020389804383739787,0.2491219192743301,0.007810637354850797,0.045211955904960716,0.045211955904960716,0.045211955904960716,0.007810637354850797,0.23654275224544113,62.875,1154.9166666666667,102.95833333333331,0.0,0.1311875215714304,0.8828125,1.0,0.090991741366161,1.3442028985507246
11da61ce55e9f2eb19,stage4e_topology,small_world,256,43003,transition_mid,0.05,0.035,64,0.25,0.2857540249824524,0.3311152458190918,0.2768776714801788,0.3088288307189941,0.3088288307189941,0.24087285576388234,0.2707830369472503,0.060332208871841486,0.05423757433891302,0.022286415100097712,0.022286415100097712,0.045361220836639404,0.09024239005520945,26.078125,192.015625,38.4375,0.0,0.0624759955470847,0.9765625,1.0,0.0287720409904108,2.283234126984127
127da34a23182c71e1,er_patch,erdos_renyi,256,43002,transition_mid,0.05,0.035,32,0.125,0.1282398570328951,0.1210495214909315,0.1215662043541669,0.0880743358284235,0.0880743358284235,0.10047280843718906,0.1810898780822754,-0.060040356591343894,-0.0005166828632354042,0.032975185662508,0.032975185662508,-0.007190335541963591,0.020576713053742438,26.0,191.65625,7.65625,0.0,0.0628616773989932,0.77734375,1.0,0.0264109143079823,1.967741935483871
148c419ff2a33cb9ef,stage4e_topology,small_world,256,43003,transition_mid,0.05,0.035,32,0.125,0.0695563182234764,0.2148420065641403,0.1198822110891342,0.0997850447893142,0.0997850447893142,0.08622216084040697,0.1090795770287513,0.10576242953538899,0.09495979547500609,0.11505696177482609,0.11505696177482609,0.1452856883406639,0.1286198457237333,25.59375,184.78125,38.09375,0.0,0.0613463000808011,0.83203125,1.0,0.0252830364505394,2.245967741935484
164e08803dedf078a4,stage4d_scaling,scale_free,512,44002,transition_mid,0.05,0.035,128,0.25,0.2860287427902221,0.679600179195404,0.3459816873073578,0.3357066512107849,0.3357066512107849,0.5284300884231925,0.3166452348232269,0.3629549443721772,0.33361849188804626,0.34389352798461914,0.34389352798461914,0.39357143640518194,0.15117009077221155,56.46875,1187.96875,110.890625,0.0,0.0407719415939341,0.99609375,1.0,0.0316086079701126,1.8885334645669287
16bd3eaf233e48e27f,stage4e_topology,small_world,256,43001,transition_mid,0.05,0.035,32,0.125,0.0829357728362083,0.1409293711185455,0.0890878960490226,0.1358721256256103,0.1358721256256103,0.08098965266253794,0.1380824744701385,0.00284689664840701,0.0518414750695229,0.005057245492935208,0.005057245492935208,0.0579935982823372,0.05993971845600757,25.875,186.96875,36.21875,0.0,0.0613784503725033,0.87109375,1.0,0.0251213363429176,2.256048387096774
190d0461c63a748660,stage4b_replication,scale_free,256,42002,transition_dense,0.1,0.035,16,0.0625,0.113745167851448,0.1338934749364853,0.1374619305133819,0.0960275530815124,0.0960275530815124,0.05972928454866628,0.1027509123086929,0.031142562627792386,-0.003568455576896612,0.037865921854972895,0.037865921854972895,0.020148307085037287,0.07416419038781902,38.6875,448.625,64.0625,0.0,0.0434319121074258,0.69921875,1.0,0.0421900131724771,1.875
1a7eaa347e8c8d11c1,stage4d_scaling,scale_free,512,44002,sparse_drive,0.05,0.05,64,0.125,0.348861962556839,0.5346166491508484,0.4122915267944336,0.4122915267944336,0.4122915267944336,0.052715615544002455,0.2356178611516952,0.2989987879991532,0.1223251223564148,0.1223251223564148,0.1223251223564148,0.1857546865940094,0.48190103360684594,118.4375,3958.609375,385.796875,0.0,0.0867779455624742,0.998046875,1.0,0.085422408346871,1.4459325396825398
1d20dd5d21e2444d1d,stage4e_topology,modular,256,43002,transition_dense,0.1,0.035,8,0.03125,0.0597138591110706,0.1907804459333419,0.1442781090736389,0.1442781090736389,0.1521956324577331,0.09191896847914902,0.0482552051544189,0.142525240778923,0.04650233685970301,0.04650233685970301,0.0385848134756088,0.1310665868222713,0.09886147745419288,52.375,744.5,161.625,8.5,0.0654165720847909,0.58203125,1.0,0.0672740394250091,1.75
2022bf6a79e21ba4e1,stage4c_atlas_extension,scale_free,256,42006,transition_dense,0.1,0.035,32,0.125,0.2727461457252502,0.4611372947692871,0.3273888528347015,0.3273888528347015,0.3273888528347015,0.11349469760898498,0.2727461457252502,0.18839114904403692,0.13374844193458563,0.13374844193458563,0.13374844193458563,0.18839114904403692,0.3476425971603021,91.09375,2380.40625,371.53125,0.0,0.1031643493338487,0.98046875,1.0,0.1206511008034187,1.310483870967742
23173fe2d52b3d7ad3,stage4b_replication,scale_free,256,42003,transition_dense,0.1,0.035,64,0.25,0.3221018016338348,0.6195031404495239,0.3378278017044067,0.3296486139297485,0.3296486139297485,0.3425614102743566,0.3250898718833923,0.29441326856613165,0.28167533874511724,0.28985452651977545,0.28985452651977545,0.29740133881568914,0.2769417301751673,58.453125,1117.125,164.0,0.0,0.0652331435413186,0.99609375,1.0,0.0695036767492829,1.7341269841269842
29b75ecb787866a5b0,stage4c_atlas_extension,scale_free,256,42006,sparse_drive,0.05,0.05,16,0.0625,0.1834836304187774,0.1172466650605201,0.1308324038982391,0.1308324038982391,0.1308324038982391,0.016631834965664852,0.1618811190128326,-0.04463445395231251,-0.013585738837719005,-0.013585738837719005,-0.013585738837719005,-0.06623696535825731,0.10061483009485525,70.6875,1365.125,126.375,0.0,0.1443318284691597,0.8671875,1.0,0.0941843437855761,1.3
2e8f3828a3e9e33f46,stage4b_replication,scale_free,256,42002,sparse_drive,0.05,0.05,16,0.0625,0.1611758768558502,0.17186139523983,0.1611758768558502,0.1272801756858825,0.1272801756858825,0.020203584776027083,0.1272249817848205,0.04463641345500949,0.010685518383979797,0.044581219553947476,0.044581219553947476,0.010685518383979797,0.15165781046380292,27.625,304.1875,27.375,0.0,0.0593917390838775,0.578125,0.99609375,0.0377007111857357,1.925
2fd2706d24963f69cf,stage4c_atlas_extension,scale_free,256,42006,transition_mid,0.05,0.035,32,0.125,0.4083147644996643,0.4758028984069824,0.3117892146110534,0.3117892146110534,0.3117892146110534,0.058414307772181887,0.3159630298614502,0.15983986854553223,0.164013683795929,0.164013683795929,0.164013683795929,0.06748813390731812,0.41738859063480055,50.21875,797.28125,70.4375,0.0,0.1030634951900937,0.921875,1.0,0.0626411138239062,1.596774193548387
3153b5ca78c9a8748c,stage4e_topology,small_world,256,43001,transition_dense,0.1,0.035,32,0.125,0.1286603212356567,0.2100951820611953,0.0865089893341064,0.0992710292339325,0.0992710292339325,0.11983223655261095,0.1171605959534645,0.0929345861077308,0.12358619272708889,0.1108241528272628,0.1108241528272628,0.08143486082553858,0.09026294550858434,51.6875,709.96875,166.59375,0.0,0.0620892961034194,0.9921875,1.0,0.0514829402196774,1.8326612903225807
31c109d6f5c8127af4,stage4c_atlas_extension,scale_free,256,42006,sparse_drive,0.05,0.05,64,0.25,0.5613582134246826,0.719207763671875,0.4991936981678009,0.4991936981678009,0.4991936981678009,0.18054289254359895,0.4955450296401977,0.2236627340316773,0.2200140655040741,0.2200140655040741,0.2200140655040741,0.15784955024719238,0.538664871128276,44.359375,628.671875,56.875,0.0,0.0905168764399376,0.98046875,1.0,0.0574091989758931,1.7118055555555556
321dddaaa491a31c32,stage4e_topology,small_world,256,43002,sparse_drive,0.05,0.05,64,0.25,0.187794417142868,0.2796244919300079,0.2368611842393875,0.2003582119941711,0.2003582119941711,0.1981925820000469,0.2838577330112457,-0.0042332410812378485,0.04276330769062037,0.07926627993583679,0.07926627993583679,0.09183007478713989,0.08143190992996097,26.015625,190.75,38.34375,0.0,0.0621109117399158,0.98828125,1.0,0.0263544901133622,2.256448412698413
3249f9764230520acc,stage4c_atlas_extension,scale_free,256,42006,sparse_drive,0.05,0.05,48,0.1875,0.2462554574012756,0.4111735224723816,0.5248590111732483,0.5248590111732483,0.5248590111732483,0.09850706800352776,0.3712250292301178,0.039948493242263794,-0.1136854887008667,-0.1136854887008667,-0.1136854887008667,0.16491806507110598,0.3126664544688538,51.16666666666666,801.7708333333334,73.47916666666667,0.0,0.1053243426620751,0.9765625,1.0,0.0682418587099402,1.6037234042553192
33bdd2baf5bb59e813,stage4e_topology,modular,256,43003,transition_mid,0.05,0.035,32,0.125,0.0982498973608017,0.1742868423461914,0.1779062151908874,0.1728589534759521,0.08037830889225,0.08812253887299445,0.1114449724555015,0.0628418698906899,-0.0036193728446959894,0.0014278888702393133,0.0939085334539414,0.07603694498538971,0.08616430347319695,30.15625,255.5625,28.40625,4.125,0.0762641082112523,0.87109375,1.0,0.0289076154443681,2.0846774193548385
33e5f5ac8f5d9991f1,stage4e_topology,modular,256,43001,transition_dense,0.1,0.035,32,0.125,0.0244412701576948,0.2111033201217651,0.043413933366537,0.0348315611481666,0.082400158047676,0.06984840310178694,0.0751071274280548,0.13599619269371033,0.1676893867552281,0.1762717589735985,0.1287031620740891,0.18666204996407032,0.14125491701997817,51.03125,704.28125,170.03125,7.0625,0.0625736685408686,0.96875,1.0,0.0536027441510797,1.9012096774193548
3473f4641611e6a098,stage4c_atlas_extension,scale_free,256,42005,transition_mid,0.05,0.035,48,0.1875,0.6237986087799072,0.5908956527709961,0.4907448887825012,0.4907448887825012,0.4907448887825012,0.15380242886021728,0.6359260678291321,-0.045030415058135986,0.10015076398849487,0.10015076398849487,0.10015076398849487,-0.03290295600891113,0.4370932239107788,52.208333333333336,825.1666666666666,71.8125,0.0,0.1071426339745236,0.95703125,1.0,0.072255483754722,1.5806737588652482
35896d40a6b8c2cc9b,stage4d_scaling,scale_free,512,44002,transition_mid,0.05,0.035,16,0.03125,0.0512850135564804,0.104990117251873,0.0568112842738628,0.0568112842738628,0.0568112842738628,0.04306367348181078,0.0512850135564804,0.0537051036953926,0.048178832978010205,0.048178832978010205,0.048178832978010205,0.0537051036953926,0.06192644377006222,37.6875,434.8125,41.375,0.0,0.0281190629420399,0.412109375,1.0,0.0263308019197276,1.9583333333333333
363793ad66d5be9dfb,stage4d_scaling,scale_free,128,44002,transition_dense,0.1,0.035,4,0.03125,0.1124499589204788,0.0769864171743393,0.0413293913006782,0.0413293913006782,0.0413293913006782,0.09851004777010526,0.0413293913006782,0.0356570258736611,0.0356570258736611,0.0356570258736611,0.0356570258736611,-0.03546354174613951,-0.021523630595765966,22.5,167.5,19.25,0.0,0.0687990474581741,0.3046875,0.984375,0.0378086419753086,1.6666666666666667
37f644312525ab0711,stage4b_replication,scale_free,256,42004,sparse_drive,0.05,0.05,16,0.0625,0.1593907326459884,0.1385902762413025,0.1345897018909454,0.1345897018909454,0.1345897018909454,0.022095547319622665,0.0969560444355011,0.04163423180580139,0.004000574350357083,0.004000574350357083,0.004000574350357083,-0.02080045640468592,0.11649472892167982,63.875,1192.1875,112.875,0.0,0.1370166529174918,0.79296875,1.0,0.0883872876992632,1.3
3a508b694c5d9868a3,stage4b_replication,scale_free,256,42004,sparse_drive,0.05,0.05,32,0.125,0.3662141859531402,0.2835354208946228,0.2569350898265838,0.2665146589279175,0.2665146589279175,0.03473169222706924,0.3000050783157348,-0.016469657421112005,0.026600331068038996,0.017020761966705322,0.017020761966705322,-0.0826787650585174,0.24880372866755357,54.34375,834.9375,79.75,0.0,0.116092922791421,0.91796875,1.0,0.0800597811060611,1.5060483870967742
3adb194233f437dff1,er_patch,erdos_renyi,256,43003,transition_dense,0.1,0.035,8,0.03125,0.0472535090520978,0.079573068767786,0.0492796506732702,0.0485082799568772,0.0485082799568772,0.048163698476855595,0.0528860138729214,0.0266870548948646,0.0302934180945158,0.0310647888109088,0.0310647888109088,0.0323195597156882,0.031409370290930404,53.875,777.75,68.25,0.0,0.0661784329525378,0.58203125,1.0,0.0670346413098097,1.8214285714285716
3b07e3acfefaf2be4a,stage4b_replication,scale_free,256,42004,transition_dense,0.1,0.035,16,0.0625,0.1223924905061721,0.1242284327745437,0.105405256152153,0.1478400379419326,0.1478400379419326,0.06643538794014597,0.1305477321147918,-0.00631929934024808,0.018823176622390705,-0.023611605167388888,-0.023611605167388888,0.0018359422683716098,0.05779304483439773,37.6875,460.4375,66.0625,0.0,0.0418382474985114,0.6796875,1.0,0.0499596655716765,1.9
3b22446a8ceb73dbe6,stage4e_topology,modular,256,43001,sparse_drive,0.05,0.05,8,0.03125,0.1195127293467521,0.2949990928173065,0.0194515250623226,0.1310735344886779,0.1121771484613418,0.10991214751265937,0.1142521500587463,0.18074694275856024,0.2755475677549839,0.16392555832862862,0.18282194435596472,0.1754863634705544,0.18508694530464714,25.0,178.125,18.75,3.875,0.0593083736574774,0.390625,0.9921875,0.026594984467422,2.25
3b977c5b2ee2635012,stage4b_replication,scale_free,256,42001,transition_mid,0.05,0.035,24,0.09375,0.2523585855960846,0.2842612266540527,0.4525346159934997,0.4525346159934997,0.4525346159934997,0.038208816316910046,0.3032236099243164,-0.018962383270263727,-0.16827338933944702,-0.16827338933944702,-0.16827338933944702,0.031902641057968084,0.24605241033714265,63.5,1150.625,105.45833333333331,0.0,0.1327315291509072,0.90625,1.0,0.0910833086205568,1.3623188405797102
3d2139cb5e306635de,stage4b_replication,scale_free,256,42004,transition_dense,0.1,0.035,24,0.09375,0.4379697442054748,0.2156680822372436,0.3924173712730407,0.3793494701385498,0.3793494701385498,0.053114566719159435,0.3632668256759643,-0.1475987434387207,-0.17674928903579712,-0.1636813879013062,-0.1636813879013062,-0.2223016619682312,0.16255351551808417,101.04166666666669,2759.083333333333,413.4166666666667,0.0,0.1130865209931952,0.98046875,1.0,0.1420027670573563,1.2065217391304348
3da8ca56c9e77a3b47,stage4e_topology,small_world,256,43002,transition_dense,0.1,0.035,64,0.25,0.2217116951942443,0.3918675184249878,0.3475382626056671,0.2644014358520508,0.2644014358520508,0.2553151841275394,0.4293891787528991,-0.03752166032791132,0.04432925581932068,0.127466082572937,0.127466082572937,0.1701558232307435,0.1365523342974484,51.984375,718.875,165.15625,0.0,0.062480053639448,1.0,1.0,0.058821924266054,1.8060515873015872
41be37f12bc35a2702,stage4c_atlas_extension,scale_free,256,42006,transition_mid,0.05,0.035,8,0.03125,0.0426620319485664,0.1695747971534729,0.0517787933349609,0.0459520742297172,0.0459520742297172,0.036555636121192905,0.0353707000613212,0.1342040970921517,0.11779600381851199,0.1236227229237557,0.1236227229237557,0.1269127652049065,0.13301916103228,21.5,146.375,12.625,0.0,0.0430454256789963,0.28515625,0.953125,0.0302884730140369,2.0357142857142856
42b135fa97dbd9a3fe,stage4c_atlas_extension,scale_free,256,42005,transition_dense,0.1,0.035,8,0.03125,0.0596281662583351,0.092712253332138,0.0803544968366622,0.0803544968366622,0.0803544968366622,0.09429004497360433,0.1217174679040908,-0.029005214571952792,0.01235775649547581,0.01235775649547581,0.01235775649547581,0.033084087073802906,-0.0015777916414663196,62.125,1112.25,183.25,0.0,0.0721515225726508,0.5703125,1.0,0.0942454575860511,1.5714285714285714
4303e44a19403a4b63,stage4b_replication,scale_free,256,42003,transition_mid,0.05,0.035,48,0.1875,0.3538554906845093,0.5601611733436584,0.4219180941581726,0.4616692066192627,0.4616692066192627,0.14378957427106792,0.3468293845653534,0.21333178877830505,0.13824307918548584,0.09849196672439575,0.09849196672439575,0.20630568265914917,0.4163715990725905,50.04166666666666,770.0,72.29166666666667,0.0,0.1039228143754723,0.98046875,1.0,0.0681721553040743,1.601063829787234
447d259083884417e5,stage4b_replication,scale_free,256,42003,transition_dense,0.1,0.035,16,0.0625,0.0802206695079803,0.1388556659221649,0.1130401864647865,0.1130401864647865,0.1130401864647865,0.07693758269306267,0.0968795269727706,0.041976138949394295,0.025815479457378387,0.025815479457378387,0.025815479457378387,0.058634996414184584,0.06191808322910222,44.6875,747.0,107.5625,0.0,0.0496292322842988,0.74609375,1.0,0.0462023710655173,1.8833333333333333
451b87fcda1b7e9766,stage4b_replication,scale_free,256,42002,transition_dense,0.1,0.035,64,0.25,0.436574637889862,0.7908437252044678,0.573012113571167,0.573012113571167,0.573012113571167,0.37633312214165926,0.5086592435836792,0.2821844816207886,0.21783161163330078,0.21783161163330078,0.21783161163330078,0.35426908731460577,0.4145106030628085,57.359375,1106.1875,166.96875,0.0,0.0645714720666199,0.99609375,1.0,0.0685963574111605,1.7405753968253967
472fcbe67ccd21636d,stage4c_atlas_extension,scale_free,256,42005,sparse_drive,0.05,0.05,48,0.1875,0.3956144750118255,0.3415749669075012,0.3425039052963257,0.3425039052963257,0.3425039052963257,0.10405701858690003,0.3795925676822662,-0.03801760077476496,-0.0009289383888244629,-0.0009289383888244629,-0.0009289383888244629,-0.054039508104324285,0.2375179483206012,51.5,805.2083333333334,69.1875,0.0,0.1051131894956367,0.95703125,1.0,0.0706626726666527,1.599290780141844
47920fcab2af2d5d1f,stage4b_replication,scale_free,256,42004,transition_dense,0.1,0.035,8,0.03125,0.0307097770273685,0.1327857971191406,0.0432701632380485,0.0432701632380485,0.0432701632380485,0.08888144535012539,0.0851751491427421,0.047610647976398496,0.0895156338810921,0.0895156338810921,0.0895156338810921,0.1020760200917721,0.04390435176901521,63.625,1233.5,191.25,0.0,0.0714781178450183,0.625,1.0,0.0748286056037174,1.8214285714285716
4890dcba0e0d9c4471,stage4e_topology,small_world,256,43003,sparse_drive,0.05,0.05,32,0.125,0.1271765381097793,0.3073641955852508,0.1181279644370079,0.0953651517629623,0.0953651517629623,0.08866370294708756,0.0632756724953651,0.2440885230898857,0.1892362311482429,0.2119990438222885,0.2119990438222885,0.1801876574754715,0.21870049263816324,25.75,187.46875,39.96875,0.0,0.0617020362470667,0.90625,1.0,0.0201150192205591,2.356854838709677
48d3b404167fad9d60,stage4b_replication,scale_free,256,42002,transition_mid,0.05,0.035,16,0.0625,0.1992014646530151,0.1992014646530151,0.1992014646530151,0.2104143798351287,0.2104143798351287,0.02370280175819057,0.2210844755172729,-0.021883010864257785,0.0,-0.011212915182113592,-0.011212915182113592,0.0,0.17549866289482455,77.875,1605.9375,143.375,0.0,0.1594627342416243,0.85546875,1.0,0.117454030201787,1.05
4b0578bc628216e9f7,stage4e_topology,small_world,256,43002,transition_mid,0.05,0.035,64,0.25,0.2560132145881653,0.3388729095458984,0.2252192348241806,0.2685393691062927,0.2685393691062927,0.25644707726314664,0.2317891418933868,0.10708376765251157,0.11365367472171778,0.07033354043960566,0.07033354043960566,0.0828596949577331,0.08242583228275174,26.109375,191.65625,36.765625,0.0,0.0623900289640267,0.99609375,1.0,0.0272871389425909,2.2291666666666665
4baf2ea69ab8361d4b,er_patch,erdos_renyi,256,43001,transition_mid,0.05,0.035,8,0.03125,0.0852832328528165,0.1191873997449874,0.0777924247086048,0.06361851003021,0.06361851003021,0.07857725559733804,0.06361851003021,0.0555688897147774,0.041394975036382606,0.0555688897147774,0.0555688897147774,0.033904166892170906,0.040610144147649366,27.75,223.0,9.875,0.0,0.0673501308471245,0.37890625,0.9921875,0.0353143907474078,1.8928571428571428
4bd10d1c281337b09d,stage4b_replication,scale_free,256,42001,transition_mid,0.05,0.035,16,0.0625,0.188038483262062,0.1277677416801452,0.1424176692962646,0.1627427339553833,0.1627427339553833,0.028567705565364997,0.1409202218055725,-0.013152480125427302,-0.014649927616119385,-0.03497499227523809,-0.03497499227523809,-0.06027074158191678,0.0992000361147802,69.4375,1345.0,122.875,0.0,0.1441931976995159,0.82421875,1.0,0.0955879926962048,1.275
4bf5b040b37d322404,stage4e_topology,modular,256,43003,transition_mid,0.05,0.035,64,0.25,0.1895408928394317,0.40557861328125,0.3577842116355896,0.2983874082565307,0.2569618821144104,0.24457513308152554,0.3280165493488312,0.07756206393241882,0.0477944016456604,0.1071912050247193,0.1486167311668396,0.2160377204418183,0.16100348019972446,25.5625,188.015625,19.875,3.875,0.0619014620865871,0.98046875,1.0,0.0262548673615015,2.2073412698412698
4d7ef092547dfb99fe,stage4c_atlas_extension,scale_free,256,42006,sparse_drive,0.05,0.05,32,0.125,0.3723294734954834,0.2636928558349609,0.4495065212249756,0.4495065212249756,0.4495065212249756,0.03269793672370719,0.4695451855659485,-0.2058523297309876,-0.1858136653900147,-0.1858136653900147,-0.1858136653900147,-0.10863661766052252,0.2309949191112537,58.96875,992.9375,90.28125,0.0,0.1212502645921023,0.95703125,1.0,0.0828517064854087,1.4556451612903225
4dd56fa116aa9cf265,stage4b_replication,scale_free,256,42004,transition_dense,0.1,0.035,48,0.1875,0.6225491166114807,0.5674140453338623,0.5784277319908142,0.6480721235275269,0.6480721235275269,0.35715002473443747,0.5798655152320862,-0.012451469898223877,-0.011013686656951904,-0.08065807819366455,-0.08065807819366455,-0.05513507127761841,0.21026402059942484,89.89583333333333,2240.8125,339.875,0.0,0.1011816400013163,1.0,1.0,0.1215371667128969,1.325354609929078
4e88a1a6095fc0d809,stage4b_replication,scale_free,256,42004,sparse_drive,0.05,0.05,64,0.25,0.653768002986908,0.4638648629188537,0.6208403706550598,0.6022015810012817,0.6022015810012817,0.21711359987966716,0.4190206229686737,0.04484423995018,-0.1569755077362061,-0.13833671808242803,-0.13833671808242803,-0.18990314006805425,0.24675126303918654,43.75,598.796875,54.53125,0.0,0.0910091386573819,0.98828125,1.0,0.0571629256150646,1.7137896825396826
4e9cc098926ce49eef,stage4b_replication,scale_free,256,42004,sparse_drive,0.05,0.05,48,0.1875,0.5734241008758545,0.5985679030418396,0.4834315478801727,0.663184404373169,0.663184404373169,0.09594473772449416,0.3158493638038635,0.2827185392379761,0.11513635516166693,-0.06461650133132935,-0.06461650133132935,0.025143802165985107,0.5026231653173454,51.5625,780.3125,71.64583333333333,0.0,0.1078239909433156,0.98828125,1.0,0.0696888786112449,1.5833333333333333
5035039b2a0cad4a62,stage4d_scaling,scale_free,128,44001,transition_dense,0.1,0.035,4,0.03125,0.0399393066763877,0.1283585727214813,0.0347691811621189,0.0347691811621189,0.0347691811621189,0.09919127798639232,0.033300407230854,0.09505816549062729,0.0935893915593624,0.0935893915593624,0.0935893915593624,0.08841926604509359,0.029167294735088972,25.75,231.25,39.25,0.0,0.0832025690025568,0.34375,1.0,0.0351851851851851,1.6666666666666667
50fcd1b5d29c84b3b5,stage4e_topology,modular,256,43001,transition_dense,0.1,0.035,8,0.03125,0.0947068780660629,0.2040642499923706,0.0483584031462669,0.0431367456912994,0.0343228355050087,0.07537594967288891,0.0395760685205459,0.1644881814718247,0.1557058468461037,0.16092750430107122,0.1697414144873619,0.1093573719263077,0.1286883003194817,52.25,730.125,179.25,7.25,0.0650879859016941,0.578125,1.0,0.0598487875109066,1.8928571428571428
51c1e086c3ae044734,stage4e_topology,modular,256,43001,transition_mid,0.05,0.035,64,0.25,0.2146419435739517,0.383272647857666,0.3587941527366638,0.2637568414211273,0.2700246572494507,0.25413386011496186,0.4198771119117737,-0.036604464054107666,0.024478495121002197,0.1195158064365387,0.11324799060821533,0.16863070428371432,0.12913878774270415,26.03125,195.9375,20.0,3.765625,0.0630759579375418,0.96875,1.0,0.0275577180603743,2.183531746031746
55a1a46d86e84d580e,stage4b_replication,scale_free,256,42001,transition_dense,0.1,0.035,32,0.125,0.4369080066680908,0.4944562315940857,0.5167684555053711,0.3105706572532654,0.3105706572532654,0.11155931488610801,0.4326730966567993,0.06178313493728638,-0.0223122239112854,0.1838855743408203,0.1838855743408203,0.05754822492599487,0.38289691670797765,95.5625,2512.0625,383.90625,0.0,0.1093444441986883,0.96875,1.0,0.1316157007205877,1.2056451612903225
57133bb968678b4342,stage4c_atlas_extension,scale_free,256,42006,transition_dense,0.1,0.035,48,0.1875,0.6701892018318176,0.6843278408050537,0.6793513894081116,0.6793513894081116,0.6793513894081116,0.3431449979543686,0.6793513894081116,0.004976451396942139,0.004976451396942139,0.004976451396942139,0.004976451396942139,0.014138638973236084,0.3411828428506851,95.0625,2432.645833333333,377.0625,0.0,0.1073260627593409,0.99609375,1.0,0.1352001062956371,1.24822695035461
57f370907868633a1b,er_patch,erdos_renyi,256,43002,sparse_drive,0.05,0.05,64,0.25,0.3475218378007412,0.359409898519516,0.2239408083260059,0.3160921335220337,0.3160921335220337,0.24345022236229852,0.3549684137105942,0.004441484808921814,0.13546909019351008,0.0433177649974823,0.0433177649974823,0.011888060718774796,0.11595967615721747,26.671875,202.34375,7.78125,0.0,0.0642858679841734,0.98828125,1.0,0.0256336030456575,1.96031746031746
5899b48adb7b89040f,stage4c_atlas_extension,scale_free,256,42006,transition_mid,0.05,0.035,64,0.25,0.5105094909667969,0.4776700437068939,0.4017949104309082,0.4017949104309082,0.4017949104309082,0.25172253185883164,0.3673185110092163,0.11035153269767761,0.07587513327598572,0.07587513327598572,0.07587513327598572,-0.032839447259902954,0.22594751184806228,47.9375,700.640625,62.203125,0.0,0.0968111500226604,0.984375,1.0,0.0601506017767748,1.6666666666666667
5a82b497e65ab80851,er_patch,erdos_renyi,256,43003,sparse_drive,0.05,0.05,8,0.03125,0.0625214735046029,0.132840858772397,0.0874195443466305,0.0676349680870771,0.0676349680870771,0.08453076690784653,0.1354180425405502,-0.0025771837681531906,0.04542131442576651,0.06520589068531991,0.06520589068531991,0.07031938526779412,0.048310091864550486,26.875,205.75,6.75,0.0,0.066398038046463,0.39453125,0.9921875,0.0266061325554688,1.8928571428571428
5b40c0847d3bcdce66,er_patch,erdos_renyi,256,43002,sparse_drive,0.05,0.05,32,0.125,0.1405522227287292,0.2105162106454372,0.0489618736319243,0.0596697367727756,0.0596697367727756,0.1231276369653642,0.1494176350533962,0.061098575592041016,0.1615543370135129,0.15084647387266162,0.15084647387266162,0.06996398791670802,0.08738857368007301,25.03125,180.03125,7.3125,0.0,0.0604885492308406,0.83203125,1.0,0.0236825568229778,2.004032258064516
5b436f7dc091d4ae63,stage4e_topology,modular,256,43003,sparse_drive,0.05,0.05,32,0.125,0.1426845788955688,0.2346875667572021,0.1132216677069664,0.1104423031210899,0.1305707842111587,0.08964494010433549,0.0950734540820121,0.13961411267519,0.12146589905023569,0.1242452636361122,0.1041167825460434,0.0920029878616333,0.1450426266528666,23.3125,158.3125,15.3125,3.71875,0.0548090623507667,0.828125,1.0,0.0214005241866816,2.294354838709677
5b4a9f3ea60362498f,stage4d_scaling,scale_free,128,44002,transition_dense,0.1,0.035,16,0.125,0.1969088315963745,0.2862045168876648,0.3127714991569519,0.3127714991569519,0.3127714991569519,0.07136313256341958,0.1969088315963745,0.08929568529129028,-0.02656698226928711,-0.02656698226928711,-0.02656698226928711,0.08929568529129028,0.2148413843242452,41.4375,523.6875,77.125,0.0,0.1352478760024651,0.921875,1.0,0.1106224664535573,1.3666666666666667
5c4f4bc87e212ef91e,stage4d_scaling,scale_free,128,44001,sparse_drive,0.05,0.05,4,0.03125,0.0092406682670116,0.0981852114200592,0.0092406682670116,0.0092406682670116,0.0092406682670116,0.023273992730537388,0.014137640595436,0.0840475708246232,0.0889445431530476,0.0889445431530476,0.0889445431530476,0.0889445431530476,0.07491121868952182,7.5,21.25,1.0,0.0,0.0449002647464491,0.15625,0.6171875,0.0,2.833333333333333
5d380918dc2d822579,stage4e_topology,small_world,256,43001,sparse_drive,0.05,0.05,32,0.125,0.1774190068244934,0.3218393623828888,0.1587302088737487,0.1467968523502349,0.1467968523502349,0.09129427687730636,0.1533284187316894,0.1685109436511994,0.1631091535091401,0.1750425100326539,0.1750425100326539,0.14442035555839539,0.23054508550558245,26.5625,197.84375,38.4375,0.0,0.0636988009661823,0.92578125,1.0,0.0232538220145746,2.280241935483871
65da98e7e78f755d95,stage4d_scaling,scale_free,512,44002,sparse_drive,0.05,0.05,16,0.03125,0.0886250808835029,0.2157346308231353,0.0691335499286651,0.0691335499286651,0.0691335499286651,0.04230262729106467,0.0886250808835029,0.1271095499396324,0.1466010808944702,0.1466010808944702,0.1466010808944702,0.1271095499396324,0.1734320035320706,61.0625,1476.5625,145.5625,0.0,0.0452014624616831,0.5703125,1.0,0.0379190118384711,1.8416666666666663
66e44d3dffbc34d608,stage4e_topology,small_world,256,43001,sparse_drive,0.05,0.05,64,0.25,0.1855197995901107,0.3227946758270263,0.2692389488220215,0.1211682856082916,0.3227521777153015,0.19847077899612484,0.2388701438903808,0.08392453193664551,0.05355572700500483,0.2016263902187347,4.2498111724798004e-05,0.13727487623691562,0.12432389683090148,25.953125,190.484375,37.359375,0.0,0.0620293304211041,0.98828125,1.0,0.0273821022672395,2.251984126984127
67a365b13ed0be1e72,stage4c_atlas_extension,scale_free,256,42006,transition_mid,0.05,0.035,16,0.0625,0.1676701009273529,0.2183531820774078,0.1462616622447967,0.1462616622447967,0.1462616622447967,0.023937205260153818,0.142504334449768,0.0758488476276398,0.07209151983261111,0.07209151983261111,0.07209151983261111,0.050683081150054904,0.19441597681725398,69.375,1329.6875,123.6875,0.0,0.1424939993624635,0.83984375,1.0,0.0862004836051157,1.2916666666666667
68b6166e99e02ba4df,stage4d_scaling,scale_free,128,44001,transition_mid,0.05,0.035,4,0.03125,0.0168086495250463,0.1182431429624557,0.0168086495250463,0.0168086495250463,0.0168086495250463,0.02734929704456586,0.0168156996369361,0.10142744332551959,0.1014344934374094,0.1014344934374094,0.1014344934374094,0.1014344934374094,0.09089384591788983,11.25,53.0,2.25,0.0,0.0681712473348496,0.203125,0.671875,0.0185185185185185,2.333333333333333
69f570419d8d70e132,stage4d_scaling,scale_free,512,44001,transition_dense,0.1,0.035,16,0.03125,0.040080115199089,0.1293182969093322,0.0553637146949768,0.044659998267889,0.044659998267889,0.07873644970823075,0.0611972399055957,0.0681210570037365,0.07395458221435539,0.0846582986414432,0.0846582986414432,0.0892381817102432,0.05058184720110144,152.0,6840.625,1053.0625,0.0,0.0617360998579994,0.86328125,1.0,0.0944411250536066,1.5416666666666667
6a3ded621c966cff19,stage4e_topology,modular,256,43002,transition_dense,0.1,0.035,32,0.125,0.0631980299949646,0.2335918694734573,0.0613950788974761,0.0465278849005699,0.0813036188483238,0.08163113589398557,0.0900158286094665,0.1435760408639908,0.1721967905759812,0.18706398457288742,0.15228825062513351,0.1703938394784927,0.15196073357947174,49.6875,670.65625,147.4375,8.1875,0.0617549435359837,0.96484375,1.0,0.0492607749714779,1.8891129032258065
6a9972c60961f3cdb1,stage4d_scaling,scale_free,512,44002,transition_dense,0.1,0.035,128,0.25,0.3901478946208954,0.7676588892936707,0.4078161120414734,0.4715323448181152,0.4715323448181152,0.4980581454001367,0.4078431129455566,0.35981577634811407,0.35984277725219727,0.2961265444755555,0.2961265444755555,0.37751099467277527,0.26960074389353395,104.0625,3556.484375,543.09375,0.0,0.0420748002083157,1.0,1.0,0.0621443935326387,1.7738681102362204
6bf024f11c7356f0ff,stage4b_replication,scale_free,256,42004,transition_mid,0.05,0.035,48,0.1875,0.5978896617889404,0.3657876253128052,0.6044272184371948,0.592748761177063,0.592748761177063,0.14303894271142775,0.4868659973144531,-0.12107837200164795,-0.23863959312438965,-0.2269611358642578,-0.2269611358642578,-0.23210203647613525,0.22274868260137742,48.208333333333336,711.8333333333334,66.66666666666667,0.0,0.1019823627218107,0.96484375,1.0,0.0633905981752351,1.6347517730496457
6c05de40984be049fa,stage4d_scaling,scale_free,128,44002,transition_mid,0.05,0.035,4,0.03125,0.0340672358870506,0.1008869856595993,0.0340672358870506,0.0340672358870506,0.0340672358870506,0.042189801170024965,0.0340672358870506,0.0668197497725487,0.0668197497725487,0.0668197497725487,0.0668197497725487,0.0668197497725487,0.05869718448957434,7.0,17.75,0.25,0.0,0.0362352612920942,0.15625,0.6015625,0.0166666666666666,2.5
6cb64cccdae1c02164,stage4c_atlas_extension,scale_free,256,42005,transition_mid,0.05,0.035,8,0.03125,0.0265717767179012,0.1792122423648834,0.0265717767179012,0.0265717767179012,0.0265717767179012,0.03990279376739631,0.0502284355461597,0.12898380681872368,0.1526404656469822,0.1526404656469822,0.1526404656469822,0.1526404656469822,0.1393094485974871,24.625,235.375,22.875,0.0,0.053117852380958,0.3046875,0.953125,0.0356237985413203,1.8928571428571428
6ff2f0c1cd558ff1d0,stage4b_replication,scale_free,256,42004,transition_mid,0.05,0.035,24,0.09375,0.1822756975889206,0.1991790384054184,0.2392140030860901,0.3820358514785766,0.3820358514785766,0.033418503066059146,0.3135671317577362,-0.11438809335231781,-0.04003496468067169,-0.1828568130731582,-0.1828568130731582,0.016903340816497803,0.16576053533935925,57.625,960.0,91.25,0.0,0.1237463822558302,0.8984375,1.0,0.0805391291584165,1.434782608695652
7032b041ec24bad5ca,stage4b_replication,scale_free,256,42002,transition_dense,0.1,0.035,8,0.03125,0.0509903281927108,0.109166532754898,0.0608355924487113,0.0608355924487113,0.0608355924487113,0.10139076295308765,0.0701529458165168,0.039013586938381195,0.048330940306186704,0.048330940306186704,0.048330940306186704,0.0581762045621872,0.007775769801810356,62.125,1335.75,203.75,0.0,0.0703051319845102,0.58203125,1.0,0.0833441408549495,1.7142857142857142
713069d90014ed6ddf,stage4e_topology,small_world,256,43003,transition_dense,0.1,0.035,64,0.25,0.2174387872219085,0.5853101015090942,0.3485906720161438,0.1919102072715759,0.1919102072715759,0.27173168072476983,0.164243459701538,0.42106664180755626,0.23671942949295044,0.3933998942375183,0.3933998942375183,0.3678713142871857,0.3135784207843244,52.203125,722.234375,163.65625,0.0,0.0625923615260887,1.0,1.0,0.0581503957141007,1.8060515873015872
724e548866f6d02472,stage4b_replication,scale_free,256,42004,transition_mid,0.05,0.035,8,0.03125,0.0446952804923057,0.1140491515398025,0.0382864102721214,0.0382864102721214,0.0382864102721214,0.05186809232691299,0.0521220788359642,0.06192707270383829,0.0757627412676811,0.0757627412676811,0.0757627412676811,0.0693538710474968,0.06218105921288951,20.625,132.625,9.0,0.0,0.0390456609995639,0.30859375,0.9765625,0.0156741863412031,2.0
725ef3e5a98adb4257,stage4b_replication,scale_free,256,42001,transition_dense,0.1,0.035,64,0.25,0.66880863904953,0.7236359119415283,0.6526728272438049,0.6526728272438049,0.6526728272438049,0.3539693942293525,0.5060338377952576,0.21760207414627075,0.07096308469772339,0.07096308469772339,0.07096308469772339,0.05482727289199829,0.36966651771217585,80.890625,1859.859375,275.3125,0.0,0.0912102171907229,0.99609375,1.0,0.1090325597533782,1.468253968253968
77ebb90184c7dcfcd5,stage4e_topology,modular,256,43002,sparse_drive,0.05,0.05,32,0.125,0.0716631263494491,0.2908027768135071,0.1079598143696785,0.0856529846787452,0.0871917307376861,0.09441309899557376,0.1400151848793029,0.15078759193420418,0.18284296244382858,0.20514979213476187,0.20361104607582098,0.21913965046405798,0.19638967781793332,25.90625,195.1875,19.71875,4.0625,0.0608134813918482,0.83984375,1.0,0.0260308027308523,2.2096774193548385
79aa26b0d8b7d76d1f,er_patch,erdos_renyi,256,43003,transition_dense,0.1,0.035,64,0.25,0.3370594438165426,0.4472362734377384,0.3353097178041935,0.301246952265501,0.301246952265501,0.2683018413372338,0.301098383963108,0.1461378894746304,0.11192655563354492,0.1459893211722374,0.1459893211722374,0.1101768296211958,0.17893443210050464,51.5,709.125,63.21875,0.0,0.0636772938948229,0.99609375,1.0,0.0536450182760025,1.800595238095238
79c8436ead29986a36,stage4b_replication,scale_free,256,42002,sparse_drive,0.05,0.05,64,0.25,0.475990891456604,0.4601549506187439,0.3591843247413635,0.4844259619712829,0.4844259619712829,0.22583498968742785,0.5710073709487915,-0.11085242033004761,0.10097062587738037,-0.024271011352539007,-0.024271011352539007,-0.015835940837860107,0.23431996093131605,45.546875,669.03125,58.28125,0.0,0.0926113692908207,0.9921875,1.0,0.0605776745767948,1.6860119047619049
7d1285b63120a8d1c6,stage4e_topology,modular,256,43003,sparse_drive,0.05,0.05,64,0.25,0.2302891314029693,0.2451208233833313,0.2966552972793579,0.2047104239463806,0.4139683544635772,0.2072423435747623,0.2421988099813461,0.002922013401985196,-0.05153447389602661,0.04041039943695071,-0.16884753108024592,0.014831691980361994,0.03787847980856901,25.296875,185.234375,19.3125,3.90625,0.0616119389194675,0.96875,1.0,0.0247540787205372,2.239583333333333
7e3275f971db303cf8,stage4b_replication,scale_free,256,42004,sparse_drive,0.05,0.05,24,0.09375,0.2746593058109283,0.3278767764568329,0.1675630062818527,0.2613567411899566,0.2613567411899566,0.0219555761723313,0.2405239790678024,0.08735279738903048,0.1603137701749802,0.06652003526687628,0.06652003526687628,0.053217470645904597,0.3059212002845016,58.79166666666666,977.7916666666666,94.54166666666669,0.0,0.1275641713196772,0.90234375,1.0,0.0819056538203271,1.3985507246376812
7e5014c7e53ba274da,stage4d_scaling,scale_free,512,44001,sparse_drive,0.05,0.05,16,0.03125,0.0330181308090686,0.2472536712884903,0.0514129176735878,0.0449716970324516,0.0449716970324516,0.09581503365188832,0.0498598925769329,0.1973937787115574,0.1958407536149025,0.2022819742560387,0.2022819742560387,0.2142355404794217,0.15143863763660198,46.5,770.625,75.8125,0.0,0.0353284775885715,0.51171875,1.0,0.0282846987161888,1.9416666666666669
7f39c38a8dc9eee6cb,stage4e_topology,modular,256,43002,transition_dense,0.1,0.035,64,0.25,0.2737444043159485,0.4816624522209167,0.3832598030567169,0.4604731500148773,0.3239321708679199,0.30416213953867555,0.3323849141597748,0.1492775380611419,0.09840264916419977,0.021189302206039373,0.15773028135299677,0.2079180479049682,0.17750031268224115,50.671875,693.6875,156.578125,7.90625,0.0626385483029931,1.0,1.0,0.0545566513686458,1.8621031746031744
7f7845dafa0dbd4418,stage4c_atlas_extension,scale_free,256,42005,transition_mid,0.05,0.035,16,0.0625,0.1842079758644104,0.2372536212205886,0.140701949596405,0.140701949596405,0.140701949596405,0.02093868341762567,0.2372536212205886,0.0,0.0965516716241836,0.0965516716241836,0.0965516716241836,0.0530456453561782,0.21631493780296293,76.375,1535.25,135.1875,0.0,0.1582918305530723,0.83203125,1.0,0.114203318791758,1.05
800677b813ae50665b,stage4b_replication,scale_free,256,42001,transition_dense,0.1,0.035,8,0.03125,0.0549970418214798,0.140570193529129,0.036841906607151,0.036841906607151,0.036841906607151,0.10123036522418258,0.0405101180076599,0.1000600755214691,0.103728286921978,0.103728286921978,0.103728286921978,0.0855731517076492,0.03933982830494642,63.375,1228.875,187.0,0.0,0.0718907118000703,0.6015625,1.0,0.0748180190763044,1.7142857142857142
80358fed3e7ebf4675,stage4d_scaling,scale_free,512,44001,transition_dense,0.1,0.035,64,0.125,0.2329962849617004,0.3568539917469024,0.2817419171333313,0.2817419171333313,0.2817419171333313,0.18964340677484864,0.2329962849617004,0.123857706785202,0.07511207461357111,0.07511207461357111,0.07511207461357111,0.123857706785202,0.16721058497205377,109.203125,3747.09375,562.859375,0.0,0.0437356778802941,0.994140625,1.0,0.0659144099209085,1.7485119047619049
811c1d407433d59118,er_patch,erdos_renyi,256,43001,sparse_drive,0.05,0.05,8,0.03125,0.0892413295805454,0.1327971797436475,0.0792243350297212,0.0739059466868639,0.0739059466868639,0.08617568097542966,0.0739059466868639,0.05889123305678359,0.05357284471392629,0.05889123305678359,0.05889123305678359,0.043555850163102094,0.046621498768217834,28.875,234.5,9.25,0.0,0.0709694727665895,0.43359375,1.0,0.0294426646677426,2.0
818a033babf75a098c,stage4c_atlas_extension,scale_free,256,42005,transition_dense,0.1,0.035,64,0.25,0.3335165977478027,0.640782356262207,0.5766550302505493,0.5766550302505493,0.5766550302505493,0.35112603893503547,0.3121841847896576,0.32859817147254944,0.06412732601165771,0.06412732601165771,0.06412732601165771,0.30726575851440435,0.28965631732717156,62.8125,1340.59375,196.71875,0.0,0.069508838865845,1.0,1.0,0.0696638715135656,1.6899801587301588
81af83e1b4a6d4eba2,stage4d_scaling,scale_free,512,44001,transition_mid,0.05,0.035,64,0.125,0.3214349150657654,0.4173692166805267,0.3904067873954773,0.3904067873954773,0.3904067873954773,0.14035161281935865,0.3214349150657654,0.0959343016147613,0.026962429285049383,0.026962429285049383,0.026962429285049383,0.0959343016147613,0.277017603861168,125.46875,4250.9375,416.484375,0.0,0.0924404033087616,0.998046875,1.0,0.0933124250144888,1.374503968253968
824175882fddd60417,stage4e_topology,small_world,256,43002,transition_dense,0.1,0.035,32,0.125,0.0620456412434577,0.2049354016780853,0.0732013583183288,0.0925237238407135,0.0925237238407135,0.10988231981173152,0.0840430110692977,0.1208923906087876,0.1317340433597565,0.1124116778373718,0.1124116778373718,0.1428897604346276,0.09505308186635378,52.03125,715.6875,164.21875,0.0,0.0625062168981934,0.97265625,1.0,0.0541402828671393,1.816532258064516
8282535336d9a1aaf8,stage4d_scaling,scale_free,128,44001,sparse_drive,0.05,0.05,32,0.25,0.2959592044353485,0.4351852536201477,0.2283469438552856,0.2283469438552856,0.2283469438552856,0.09734505182132122,0.1973927021026611,0.2377925515174866,0.20683830976486212,0.20683830976486212,0.20683830976486212,0.1392260491847992,0.33784020179882646,20.375,143.28125,9.75,0.0,0.1246759569377162,0.90625,0.9921875,0.0541829831003213,1.804435483870968
830afb21201221370a,stage4b_replication,scale_free,256,42002,sparse_drive,0.05,0.05,24,0.09375,0.259880781173706,0.2845935523509979,0.1611993610858917,0.1611993610858917,0.1611993610858917,0.023369852220639552,0.259880781173706,0.024712771177291926,0.12339419126510623,0.12339419126510623,0.12339419126510623,0.024712771177291926,0.2612237001303584,66.25,1240.0833333333333,108.58333333333331,0.0,0.1352175801612844,0.91015625,1.0,0.0924652015362101,1.322463768115942
84c551bd6daed4d279,stage4b_replication,scale_free,256,42004,transition_mid,0.05,0.035,32,0.125,0.3045783042907715,0.4148206114768982,0.3101807534694671,0.3506930470466614,0.3506930470466614,0.06235281383851538,0.3080795109272003,0.10674110054969788,0.10463985800743109,0.06412756443023682,0.06412756443023682,0.11024230718612671,0.3524677976383828,57.5,949.28125,87.65625,0.0,0.1221733651487824,0.93359375,1.0,0.0801559023574347,1.4455645161290325
85e4166014a0da19a5,stage4d_scaling,scale_free,512,44002,sparse_drive,0.05,0.05,128,0.25,0.2783718705177307,0.6829773783683777,0.2967498898506164,0.2948074638843536,0.2948074638843536,0.3542126351967454,0.4365548491477966,0.2464225292205811,0.3862274885177613,0.3881699144840241,0.3881699144840241,0.404605507850647,0.3287647431716323,57.078125,1233.453125,114.109375,0.0,0.0410666639998862,0.994140625,1.0,0.0332351180713299,1.8849655511811023
861f6327979616d527,stage4e_topology,modular,256,43002,sparse_drive,0.05,0.05,8,0.03125,0.0279158540070056,0.2641667425632477,0.073809377849102,0.038727544248104,0.1530476510524749,0.11843387456610793,0.0386153906583786,0.22555135190486908,0.19035736471414566,0.2254391983151437,0.11111909151077279,0.23625088855624207,0.14573286799713975,23.125,154.625,19.25,2.875,0.0584461867727181,0.34765625,0.98046875,0.0280278566462777,2.2857142857142856
88a4aacd6290009a25,er_patch,erdos_renyi,256,43001,transition_mid,0.05,0.035,32,0.125,0.1095026284456253,0.3037551529705524,0.2018670029938221,0.1570173688232898,0.1570173688232898,0.09687846437736874,0.1955246552824974,0.10823049768805498,0.10188814997673029,0.1467377841472626,0.1467377841472626,0.19425252452492708,0.20687668859318364,31.4375,276.21875,11.84375,0.0,0.0775969039610797,0.81640625,1.0,0.0323152769240313,1.8548387096774197
88b5aad5840850190a,stage4d_scaling,scale_free,512,44001,transition_mid,0.05,0.035,128,0.25,0.3207600116729736,0.6534805297851562,0.4108950495719909,0.3362283706665039,0.3362283706665039,0.5488503063097596,0.3977115750312805,0.25576895475387573,0.24258548021316534,0.31725215911865234,0.31725215911865234,0.3327205181121827,0.10463022347539663,53.4765625,1094.015625,103.03125,0.0,0.0390044161071313,1.0,1.0,0.0311796900233381,1.903666338582677
88cc3f6bae131a335a,er_patch,erdos_renyi,256,43002,transition_dense,0.1,0.035,8,0.03125,0.0458087483420968,0.048212332651019,0.0493467086926102,0.0493467086926102,0.0493467086926102,0.04970917350146914,0.0482032746076583,9.058043360696266e-06,-0.0011343760415912021,-0.0011343760415912021,-0.0011343760415912021,0.0024035843089222006,-0.0014968408504501401,54.625,786.875,73.75,0.0,0.067264074401033,0.55859375,1.0,0.0748594327174799,1.75
89973c3c76b8e87e46,stage4b_replication,scale_free,256,42002,sparse_drive,0.05,0.05,48,0.1875,0.4274730086326599,0.2395693957805633,0.3801416158676147,0.3904735445976257,0.3904735445976257,0.11144088662695134,0.3316285908222198,-0.0920591950416565,-0.1405722200870514,-0.15090414881706238,-0.15090414881706238,-0.1879036128520966,0.12812850915361196,49.79166666666666,781.4583333333334,68.97916666666667,0.0,0.1015540729247159,0.9765625,1.0,0.0682204203695838,1.62145390070922
89fc141eaa2c5b37f7,stage4c_atlas_extension,scale_free,256,42006,transition_mid,0.05,0.035,24,0.09375,0.2935796082019806,0.3218546509742737,0.3492969870567322,0.3438467979431152,0.3438467979431152,0.030586908804252706,0.2935796082019806,0.02827504277229309,-0.027442336082458496,-0.021992146968841497,-0.021992146968841497,0.02827504277229309,0.291267742170021,63.75,1142.2083333333333,106.20833333333331,0.0,0.1320873248792811,0.92578125,1.0,0.089975128964654,1.3369565217391304
8aef248c6e161a9e44,stage4c_atlas_extension,scale_free,256,42006,transition_dense,0.1,0.035,16,0.0625,0.1428191661834716,0.1271485835313797,0.1831667274236679,0.1831667274236679,0.1831667274236679,0.07124370633391659,0.1428191661834716,-0.015670582652091897,-0.05601814389228821,-0.05601814389228821,-0.05601814389228821,-0.015670582652091897,0.05590487719746311,45.625,629.25,89.875,0.0,0.0504901227741359,0.7109375,1.0,0.0555563080667425,1.7916666666666667
8cf371a052b3970210,stage4e_topology,small_world,256,43001,sparse_drive,0.05,0.05,8,0.03125,0.0726442337036132,0.3773123621940613,0.09407439827919,0.0928741097450256,0.0928741097450256,0.1693456985522061,0.1794673651456833,0.197844997048378,0.28323796391487127,0.2844382524490357,0.2844382524490357,0.3046681284904481,0.20796666364185518,25.5,181.75,34.0,0.0,0.0591193583191647,0.3359375,0.88671875,0.0264450403974392,2.2142857142857144
8ea04564abc049ae45,stage4d_scaling,scale_free,128,44002,sparse_drive,0.05,0.05,32,0.25,0.3811466693878174,0.5339932441711426,0.2252461016178131,0.3949207663536072,0.3949207663536072,0.09268524398794395,0.2407651245594024,0.29322811961174017,0.30874714255332947,0.1390724778175354,0.1390724778175354,0.1528465747833252,0.4413080001831986,20.46875,146.25,11.03125,0.0,0.1256722441454458,0.890625,0.9921875,0.0516459053004836,1.7540322580645162
902247d1a4f00f500f,er_patch,erdos_renyi,256,43003,transition_mid,0.05,0.035,64,0.25,0.3919740468263626,0.46833511069417,0.3144073337316513,0.3288364708423614,0.3288364708423614,0.292634345125407,0.3214239031076431,0.14691120758652687,0.1539277769625187,0.1394986398518086,0.1394986398518086,0.07636106386780739,0.17570076556876302,25.578125,189.640625,7.609375,0.0,0.0630046057543467,0.9765625,1.0,0.0246265029274264,1.9677579365079363
90813a4baa232af265,stage4e_topology,modular,256,43003,transition_dense,0.1,0.035,32,0.125,0.0648159608244896,0.1366473734378814,0.0880223363637924,0.0880223363637924,0.1070312708616256,0.09068016824312504,0.0687261894345283,0.06792118400335309,0.04862503707408898,0.04862503707408898,0.029616102576255784,0.07183141261339179,0.04596720519475635,51.3125,707.6875,159.5625,8.25,0.0615197373747117,0.98828125,1.0,0.0525932184677012,1.8387096774193548
90d6cfd83a00dbbf1a,stage4b_replication,scale_free,256,42002,transition_mid,0.05,0.035,32,0.125,0.3124513030052185,0.3657342493534088,0.3134457767009735,0.3134457767009735,0.3134457767009735,0.06529802328441289,0.3637621104717254,0.001972138881683405,0.0522884726524353,0.0522884726524353,0.0522884726524353,0.05328294634819031,0.3004362260689959,59.96875,1054.90625,91.34375,0.0,0.1222333931400183,0.9609375,1.0,0.0846212232163305,1.4475806451612905
90f2b91da55da74b92,stage4e_topology,small_world,256,43001,transition_dense,0.1,0.035,64,0.25,0.3466247916221618,0.5754381418228149,0.3324013650417328,0.3102712631225586,0.3102712631225586,0.26667938427999616,0.2925635278224945,0.28287461400032043,0.24303677678108215,0.26516687870025635,0.26516687870025635,0.22881335020065313,0.3087587575428188,51.796875,712.203125,165.15625,0.0,0.0623635978618554,1.0,1.0,0.0568999513783647,1.7991071428571428
912c4cf49d34a2ed63,stage4b_replication,scale_free,256,42004,transition_dense,0.1,0.035,32,0.125,0.2063469737768173,0.4764379262924194,0.3426610231399536,0.3426610231399536,0.3426610231399536,0.13423034746665502,0.2063469737768173,0.2700909525156021,0.13377690315246576,0.13377690315246576,0.13377690315246576,0.2700909525156021,0.34220757882576436,90.65625,2390.6875,364.15625,0.0,0.1019339636047869,0.98046875,1.0,0.1172375420844576,1.3185483870967742
91577d065d1e86f845,stage4b_replication,scale_free,256,42001,sparse_drive,0.05,0.05,8,0.03125,0.0326829627156257,0.2856296300888061,0.0465013086795806,0.0278442911803722,0.0278442911803722,0.08189865946769712,0.0326829627156257,0.2529466673731804,0.2391283214092255,0.2577853389084339,0.2577853389084339,0.2529466673731804,0.20373097062110898,27.5,281.875,24.5,0.0,0.0589218756639801,0.3359375,0.98046875,0.0430963665293769,1.8928571428571428
94a2bf553d6f6fc0e0,stage4e_topology,small_world,256,43001,transition_mid,0.05,0.035,8,0.03125,0.0636774152517318,0.4367991387844085,0.1047392934560775,0.1059579700231552,0.1059579700231552,0.15094778896309433,0.1622806191444397,0.2745185196399688,0.332059845328331,0.3308411687612533,0.3308411687612533,0.3731217235326767,0.2858513498213142,25.625,181.875,36.625,0.0,0.060330508764976,0.4296875,0.96875,0.0206903820950592,2.4642857142857144
94bfa3b79e2370a9f1,stage4d_scaling,scale_free,128,44002,transition_mid,0.05,0.035,16,0.125,0.3609052300453186,0.2542170286178589,0.2605296671390533,0.3084411025047302,0.3084411025047302,0.05994019913487132,0.3084411025047302,-0.05422407388687134,-0.0063126385211944025,-0.05422407388687134,-0.05422407388687134,-0.10668820142745972,0.19427682948298758,27.5,235.125,18.8125,0.0,0.1743610033186488,0.828125,0.9921875,0.0752283973200211,1.45
956c199dcc737f15bb,stage4c_atlas_extension,scale_free,256,42006,transition_dense,0.1,0.035,24,0.09375,0.3473574221134186,0.3604306578636169,0.3588698804378509,0.2998563647270202,0.2998563647270202,0.04949195700464766,0.3961319923400879,-0.035701334476471,0.0015607774257659912,0.06057429313659668,0.06057429313659668,0.013073235750198309,0.31093870085896924,105.08333333333331,2925.7916666666665,449.2916666666667,0.0,0.1181716658530953,0.98046875,1.0,0.1478147754966134,1.105072463768116
9580e53b24fb99aa72,stage4b_replication,scale_free,256,42003,transition_dense,0.1,0.035,48,0.1875,0.5895484685897827,0.7390159368515015,0.5113502740859985,0.6462652087211609,0.6462652087211609,0.32982993545010686,0.5142787098884583,0.2247372269630432,0.22766566276550293,0.09275072813034058,0.09275072813034058,0.14946746826171875,0.4091860014013946,88.0625,2192.4375,333.375,0.0,0.1000128811012925,1.0,1.0,0.1160096235653261,1.3484042553191489
96d59ee9ed55352751,er_patch,erdos_renyi,256,43001,transition_mid,0.05,0.035,64,0.25,0.353901594877243,0.2926944904029369,0.2828284986317158,0.4037276804447174,0.4037276804447174,0.2841133839392569,0.3681381717324257,-0.07544368132948881,0.009865991771221105,-0.11103319004178053,-0.11103319004178053,-0.06120710447430611,0.008581106463679988,25.390625,185.09375,7.34375,0.0,0.0610153705712654,0.9765625,1.0,0.0255483463160532,1.9816468253968251
9703d5f6a7cf89fad0,stage4b_replication,scale_free,256,42002,transition_mid,0.05,0.035,48,0.1875,0.3405667543411255,0.6379717588424683,0.3053041100502014,0.3218818306922912,0.3218818306922912,0.16699699265882373,0.3980956077575683,0.23987615108489996,0.33266764879226685,0.31608992815017706,0.31608992815017706,0.2974050045013428,0.47097476618364453,50.458333333333336,805.375,69.5,0.0,0.1026860750533737,0.96484375,1.0,0.0690114174622801,1.6125886524822697
9ae0fff0825d3aee6c,stage4e_topology,modular,256,43002,sparse_drive,0.05,0.05,64,0.25,0.1894544661045074,0.2013231515884399,0.2231472432613372,0.2961755990982055,0.3771564364433288,0.2065259215887636,0.4474594593048095,-0.2461363077163696,-0.021824091672897283,-0.0948524475097656,-0.1758332848548889,0.011868685483932523,-0.005202770000323681,26.671875,207.65625,21.796875,4.453125,0.0635751316212801,0.9765625,1.0,0.0269711100792487,2.1592261904761907
9b2f73936354ed48e8,stage4d_scaling,scale_free,128,44001,transition_dense,0.1,0.035,32,0.25,0.6641814112663269,0.6970051527023315,0.6835862994194031,0.7385882139205933,0.7385882139205933,0.2989106155000627,0.5463078022003174,0.15069735050201416,0.013418853282928467,-0.04158306121826172,-0.04158306121826172,0.03282374143600464,0.39809453720226884,39.75,478.75,69.25,0.0,0.1257159903674589,0.984375,1.0,0.1037128052540375,1.4939516129032258
9bd6a00967febf707d,stage4e_topology,modular,256,43002,transition_mid,0.05,0.035,64,0.25,0.2002466917037964,0.4162025153636932,0.2037499248981475,0.3577026724815368,0.2562493085861206,0.23882097005844116,0.3555749058723449,0.06062760949134827,0.21245259046554568,0.05849984288215637,0.15995320677757258,0.2159558236598968,0.17738154530525202,25.546875,190.6875,19.703125,4.0625,0.0608853209961982,0.98828125,1.0,0.0266011055654956,2.219742063492064
9c9f7a03ed6b4f7838,stage4e_topology,small_world,256,43001,transition_mid,0.05,0.035,64,0.25,0.184907391667366,0.3262573480606079,0.232924222946167,0.2477093040943145,0.1989261358976364,0.2451639301143586,0.184512585401535,0.1417447626590729,0.09333312511444092,0.07854804396629342,0.1273312121629715,0.1413499563932419,0.0810934179462493,25.984375,187.359375,36.609375,0.0,0.0619659108056797,0.984375,1.0,0.0286321752116902,2.2455357142857144
9cb7226dbf07f31bbd,stage4b_replication,scale_free,256,42002,transition_dense,0.1,0.035,24,0.09375,0.3829542994499206,0.3663095235824585,0.3829542994499206,0.3829542994499206,0.3829542994499206,0.04789893189445134,0.316764771938324,0.04954475164413452,-0.016644775867462103,-0.016644775867462103,-0.016644775867462103,-0.016644775867462103,0.31841059168800717,105.41666666666669,2920.208333333333,449.5833333333333,0.0,0.1188674355734676,0.9765625,1.0,0.1485409229842058,1.0942028985507246
9cef4db507471f4b78,stage4b_replication,scale_free,256,42001,transition_mid,0.05,0.035,32,0.125,0.2446762174367904,0.3597142100334167,0.3596827387809753,0.3596827387809753,0.3596827387809753,0.06567302206531161,0.2993124723434448,0.06040173768997187,3.147125244140625e-05,3.147125244140625e-05,3.147125244140625e-05,0.11503799259662628,0.2940411879681051,53.4375,883.625,81.8125,0.0,0.1117974595896628,0.9453125,1.0,0.0694764136444413,1.5504032258064515
9d0ed993123f4fe77b,stage4e_topology,modular,256,43002,transition_mid,0.05,0.035,8,0.03125,0.0196467284113168,0.2459885030984878,0.0719106793403625,0.05612638220191,0.1867916285991668,0.10690611862810323,0.0323273241519928,0.213661178946495,0.1740778237581253,0.1898621208965778,0.05919687449932101,0.226341774687171,0.13908238447038457,27.375,210.875,20.625,4.125,0.0642159755992565,0.37890625,0.98828125,0.0307068145962669,2.357142857142857
9f7713b358373dd3c6,stage4e_topology,small_world,256,43001,transition_dense,0.1,0.035,8,0.03125,0.0600967817008495,0.3958595395088196,0.1538818776607513,0.1108221709728241,0.1108221709728241,0.11940180743113157,0.1619466543197631,0.23391288518905648,0.2419776618480683,0.2850373685359955,0.2850373685359955,0.3357627578079701,0.276457732077688,51.5,707.25,163.5,0.0,0.0620436723715346,0.52734375,1.0,0.082594648861932,1.75
9fb830f345b50b6eb7,er_patch,erdos_renyi,256,43003,sparse_drive,0.05,0.05,64,0.25,0.3133019506931305,0.4739753603935241,0.3959246687591076,0.351347267627716,0.351347267627716,0.26858484017429873,0.408469520509243,0.0655058398842811,0.07805069163441652,0.1226280927658081,0.1226280927658081,0.16067340970039362,0.20539052021922538,29.890625,249.75,10.359375,0.0,0.0740544496177175,0.98046875,1.0,0.0293237263325619,1.8804563492063493
a0bdb8b16fb394e07f,er_patch,erdos_renyi,256,43002,transition_mid,0.05,0.035,8,0.03125,0.0685677509754896,0.1365353856235742,0.0882840845733881,0.071142129600048,0.071142129600048,0.07659393621725026,0.0850996673107147,0.05143571831285951,0.0482513010501861,0.0653932560235262,0.0653932560235262,0.0679676346480846,0.05994144940632394,24.0,164.75,7.875,0.0,0.0605652249630631,0.3828125,0.99609375,0.0387056304454841,2.0
a0e48e991881c7cdfc,stage4b_replication,scale_free,256,42001,transition_mid,0.05,0.035,48,0.1875,0.6335256099700928,0.5026581287384033,0.6787997484207153,0.538413405418396,0.538413405418396,0.16004625544883305,0.5774878263473511,-0.07482969760894775,-0.176141619682312,-0.035755276679992676,-0.035755276679992676,-0.13086748123168945,0.34261187328957027,51.5,802.0,73.95833333333333,0.0,0.1071762888219764,0.9765625,1.0,0.0698138566053136,1.5886524822695036
a1b247518bb16c3870,stage4d_scaling,scale_free,512,44002,transition_mid,0.05,0.035,64,0.125,0.3011966645717621,0.4267486333847046,0.2874826788902282,0.2874826788902282,0.2874826788902282,0.1328256000997498,0.2919855117797851,0.1347631216049195,0.13926595449447637,0.13926595449447637,0.13926595449447637,0.1255519688129425,0.2939230332849548,117.046875,3878.203125,384.3125,0.0,0.0862664425959317,0.998046875,1.0,0.0839526375867432,1.4528769841269842
a21df424aae284d308,stage4b_replication,scale_free,256,42002,transition_dense,0.1,0.035,48,0.1875,0.6251818537712097,0.5852471590042114,0.6714911460876465,0.6714911460876465,0.6714911460876465,0.32633551908656955,0.7214202880859375,-0.13617312908172607,-0.08624398708343506,-0.08624398708343506,-0.08624398708343506,-0.03993469476699829,0.2589116399176419,87.29166666666667,2155.875,325.0833333333333,0.0,0.0980501149445594,0.99609375,1.0,0.1175482819151351,1.38031914893617
a469b7f52a7ce2078c,stage4b_replication,scale_free,256,42001,transition_dense,0.1,0.035,24,0.09375,0.3341387212276459,0.4021948575973511,0.3874176144599914,0.3874176144599914,0.3874176144599914,0.056436322280205745,0.3921203911304474,0.010074466466903687,0.014777243137359675,0.014777243137359675,0.014777243137359675,0.0680561363697052,0.34575853531714534,100.875,2746.0,408.9583333333333,0.0,0.1137973902269213,0.95703125,1.0,0.1416960757371984,1.170289855072464
a4ef25b391e3e6e505,stage4e_topology,modular,256,43003,transition_dense,0.1,0.035,64,0.25,0.2506282925605774,0.6440911889076233,0.2875901162624359,0.2194265723228454,0.2488539069890976,0.2764401608146727,0.2930400669574737,0.3510511219501496,0.3565010726451874,0.4246646165847779,0.3952372819185257,0.3934628963470459,0.3676510280929506,50.828125,701.28125,162.203125,7.5625,0.0624740334473621,1.0,1.0,0.0561087495422888,1.875496031746032
a504d43ef179631dfe,stage4b_replication,scale_free,256,42003,transition_mid,0.05,0.035,32,0.125,0.2824671566486358,0.3812434077262878,0.3309877514839172,0.3309877514839172,0.3309877514839172,0.07020603585988278,0.2824671566486358,0.09877625107765198,0.050255656242370605,0.050255656242370605,0.050255656242370605,0.09877625107765198,0.311037371866405,56.90625,950.53125,88.6875,0.0,0.118231094006739,0.953125,1.0,0.0790913843837406,1.4959677419354838
a63a518e95f8bdc47e,stage4e_topology,modular,256,43001,sparse_drive,0.05,0.05,64,0.25,0.3448162078857422,0.3483364582061767,0.3068119883537292,0.2047722041606903,0.3606304228305816,0.2186951080802828,0.2533372640609741,0.09499919414520258,0.04152446985244751,0.1435642540454864,-0.012293964624404907,0.003520250320434515,0.1296413501258939,27.859375,220.984375,20.515625,5.75,0.068044680372501,0.984375,1.0,0.0279266448810102,2.086805555555556
a6744bea4c6c65a979,stage4b_replication,scale_free,256,42004,transition_mid,0.05,0.035,64,0.25,0.5115211009979248,0.4666764438152313,0.5739580988883972,0.634282648563385,0.634282648563385,0.277447352418676,0.5686500668525696,-0.10197362303733826,-0.1072816550731659,-0.1676062047481537,-0.1676062047481537,-0.04484465718269348,0.1892290913965553,43.890625,594.921875,53.75,0.0,0.0910698519301239,0.9765625,1.0,0.0588547126037168,1.7142857142857142
a6f9f03409803a9676,stage4e_topology,small_world,256,43003,transition_mid,0.05,0.035,8,0.03125,0.1082616001367569,0.2126210480928421,0.0941239297389984,0.1091320365667343,0.1091320365667343,0.14215415436774487,0.0786602348089218,0.1339608132839203,0.1184971183538437,0.1034890115261078,0.1034890115261078,0.1043594479560852,0.07046689372509723,26.5,199.75,38.875,0.0,0.0645262811387835,0.39453125,0.96875,0.0254744666936785,2.4285714285714284
a88cb9224094d1dc31,stage4b_replication,scale_free,256,42003,transition_mid,0.05,0.035,64,0.25,0.3991562128067016,0.6539332866668701,0.5863362550735474,0.5863362550735474,0.5863362550735474,0.2769900420680642,0.5463359951972961,0.10759729146957397,0.06759703159332275,0.06759703159332275,0.06759703159332275,0.2547770738601685,0.3769432445988059,46.671875,664.40625,61.203125,0.0,0.0958840823430469,0.984375,1.0,0.060867998526341,1.6716269841269842
a891ad5a4e8e33c29e,er_patch,erdos_renyi,256,43002,sparse_drive,0.05,0.05,8,0.03125,0.0706775700673461,0.1845433786511421,0.0777569469064474,0.0665260832756757,0.0665260832756757,0.08628929639235133,0.095116801559925,0.0894265770912171,0.1067864317446947,0.11801729537546639,0.11801729537546639,0.113865808583796,0.09825408225879076,31.375,271.625,10.25,0.0,0.0782088960126172,0.4140625,0.9921875,0.042283093791443,1.75
ae71a425bd163ef964,stage4c_atlas_extension,scale_free,256,42005,sparse_drive,0.05,0.05,32,0.125,0.2826157808303833,0.327725350856781,0.2452073842287063,0.3346211910247803,0.3346211910247803,0.03437536195269782,0.3196361362934112,0.008089214563369806,0.0825179666280747,-0.006895840167999268,-0.006895840167999268,0.045109570026397705,0.2933499889040832,58.09375,997.75,88.8125,0.0,0.1206287179504844,0.921875,1.0,0.077673551544646,1.4516129032258065
afe5f5f3b881c66928,stage4e_topology,modular,256,43001,transition_mid,0.05,0.035,8,0.03125,0.146703615784645,0.1331967860460281,0.020757008343935,0.1096148267388343,0.1125062406063079,0.0979218115098774,0.1160218641161918,0.017174921929836315,0.11243977770209311,0.02358195930719381,0.02069054543972021,-0.013506829738616888,0.03527497453615071,28.125,221.25,25.5,3.375,0.0656758913171015,0.4140625,0.95703125,0.0263873263586734,2.25
b04cb4aa0692679b3c,stage4b_replication,scale_free,256,42002,sparse_drive,0.05,0.05,32,0.125,0.1898810267448425,0.4768901467323303,0.216598704457283,0.216598704457283,0.216598704457283,0.032652062160195734,0.2500519454479217,0.22683820128440862,0.2602914422750473,0.2602914422750473,0.2602914422750473,0.2870091199874878,0.4442380845721346,60.25,1076.75,94.71875,0.0,0.1226934376227477,0.94140625,1.0,0.0813928763731228,1.4375
b4f3c104dc9f28a5eb,stage4c_atlas_extension,scale_free,256,42005,transition_mid,0.05,0.035,32,0.125,0.405631810426712,0.3794263005256653,0.5073946118354797,0.4324656128883362,0.4324656128883362,0.05750377103686327,0.4511729478836059,-0.07174664735794062,-0.12796831130981445,-0.0530393123626709,-0.0530393123626709,-0.026205509901046697,0.321922529488802,56.34375,952.65625,85.875,0.0,0.117376602971427,0.92578125,1.0,0.0766553786152545,1.4758064516129032
b6721cd61480355241,stage4d_scaling,scale_free,128,44002,sparse_drive,0.05,0.05,4,0.03125,0.0331743508577346,0.1021431982517242,0.0331743508577346,0.0331743508577346,0.0331743508577346,0.034399800730170634,0.0331743508577346,0.0689688473939896,0.0689688473939896,0.0689688473939896,0.0689688473939896,0.0689688473939896,0.06774339752155356,7.0,19.75,1.25,0.0,0.0451227123274811,0.1328125,0.609375,0.0238095238095238,2.6666666666666665
b6f675de5dea168b6f,stage4e_topology,modular,256,43001,transition_dense,0.1,0.035,64,0.25,0.5170316696166992,0.5947990417480469,0.3894374966621399,0.4657699763774872,0.3097992539405823,0.34865544363856316,0.2144013345241546,0.38039770722389227,0.20536154508590698,0.1290290653705597,0.2849997878074646,0.07776737213134766,0.24614359810948372,52.1875,731.375,172.734375,7.765625,0.0633674934367881,1.0,1.0,0.0575325980079474,1.8571428571428568
b7a8da69b8ca52e920,stage4d_scaling,scale_free,512,44001,sparse_drive,0.05,0.05,64,0.125,0.3389947116374969,0.4963218867778778,0.2236386835575103,0.2236386835575103,0.2236386835575103,0.05712940584635358,0.3389947116374969,0.15732717514038091,0.27268320322036754,0.27268320322036754,0.27268320322036754,0.15732717514038091,0.43919248093152424,118.46875,4004.234375,396.671875,0.0,0.0877754276176351,0.99609375,1.0,0.0873062847533062,1.4300595238095235
b7fb2bf40fc1040768,er_patch,erdos_renyi,256,43003,sparse_drive,0.05,0.05,32,0.125,0.1001953706145286,0.2068258747458458,0.1601296886801719,0.1083650477230548,0.1083650477230548,0.14191449471400114,0.0885580778121948,0.118267796933651,0.046696186065673884,0.09846082702279099,0.09846082702279099,0.1066305041313172,0.06491138003184466,23.03125,156.125,6.40625,0.0,0.0572479508465715,0.83203125,1.0,0.0206171469719065,2.030241935483871
ba39e8ad1764ec99ca,stage4e_topology,small_world,256,43003,sparse_drive,0.05,0.05,64,0.25,0.2118737697601318,0.4342511892318725,0.3335593640804291,0.3370242714881897,0.3370242714881897,0.21807547844946382,0.4211101233959198,0.013141065835952703,0.10069182515144343,0.0972269177436828,0.0972269177436828,0.2223774194717407,0.2161757107824087,26.046875,194.15625,38.484375,0.0,0.0625849339252218,0.97265625,1.0,0.0262716986638062,2.251984126984127
baa7adb0d3fc6ff928,stage4b_replication,scale_free,256,42001,transition_mid,0.05,0.035,64,0.25,0.517364501953125,0.5561758875846863,0.5131232738494873,0.5131232738494873,0.5131232738494873,0.29701341851614416,0.5544924139976501,0.0016834735870361328,0.043052613735198975,0.043052613735198975,0.043052613735198975,0.03881138563156128,0.2591624690685421,44.0,618.703125,55.84375,0.0,0.0911808310468328,0.984375,1.0,0.0588846571346764,1.716765873015873
bae4bf8d5d853028b7,stage4c_atlas_extension,scale_free,256,42005,sparse_drive,0.05,0.05,8,0.03125,0.0538829714059829,0.254088431596756,0.0538829714059829,0.0538829714059829,0.0538829714059829,0.04402489395579319,0.0336433947086334,0.2204450368881226,0.20020546019077307,0.20020546019077307,0.20020546019077307,0.20020546019077307,0.2100635376409628,23.875,233.125,21.25,0.0,0.0524896902400682,0.30078125,0.97265625,0.043767438031591,1.8928571428571428
bc5a278eaeede95f99,stage4b_replication,scale_free,256,42003,sparse_drive,0.05,0.05,24,0.09375,0.3246476948261261,0.3461242914199829,0.191268503665924,0.191268503665924,0.191268503665924,0.02135790756437923,0.31540247797966,0.03072181344032293,0.15485578775405892,0.15485578775405892,0.15485578775405892,0.02147659659385681,0.3247663838556037,58.75,1000.5416666666666,99.58333333333331,0.0,0.1256769021283788,0.91796875,1.0,0.0846780661551721,1.3804347826086956
bc9efec7a8b9448acc,stage4b_replication,scale_free,256,42004,transition_dense,0.1,0.035,64,0.25,0.4972332715988159,0.7447463274002075,0.4992004930973053,0.4992004930973053,0.4992004930973053,0.3574766390956938,0.47950479388237,0.2652415335178375,0.24554583430290222,0.24554583430290222,0.24554583430290222,0.2475130558013916,0.3872696883045137,82.1875,1897.734375,282.953125,0.0,0.0918384847160936,1.0,1.0,0.1082699213039038,1.4613095238095235
be054187b8619b925e,stage4b_replication,scale_free,256,42003,sparse_drive,0.05,0.05,48,0.1875,0.4571965634822845,0.5474701523780823,0.5309048295021057,0.2637964487075805,0.2637964487075805,0.09543985326308754,0.4899435043334961,0.05752664804458618,0.016565322875976562,0.28367370367050176,0.28367370367050176,0.09027358889579779,0.4520302991149947,49.79166666666666,744.2083333333334,70.0625,0.0,0.1040143670586879,0.98046875,1.0,0.0706805774028085,1.6054964539007093
bed7146c0901204f0d,stage4b_replication,scale_free,256,42001,sparse_drive,0.05,0.05,64,0.25,0.594835638999939,0.3253557980060577,0.4226266145706177,0.4226266145706177,0.4226266145706177,0.20699943206273017,0.4457913637161255,-0.1204355657100678,-0.09727081656455999,-0.09727081656455999,-0.09727081656455999,-0.2694798409938813,0.11835636594332752,44.34375,617.046875,56.53125,0.0,0.0920672412195258,0.98046875,1.0,0.0597645182974808,1.706845238095238
c01fe0ff135eee0bc4,stage4c_atlas_extension,scale_free,256,42005,transition_dense,0.1,0.035,24,0.09375,0.3488375842571258,0.3449290990829468,0.2672241926193237,0.2896416783332824,0.2896416783332824,0.05080264841672028,0.3590036630630493,-0.014074563980102539,0.0777049064636231,0.05528742074966436,0.05528742074966436,-0.003908485174179022,0.2941264506662265,98.95833333333331,2682.875,405.625,0.0,0.111034918279142,0.97265625,1.0,0.1355474550025123,1.2391304347826086
c1e1bbd6180ee3b287,stage4b_replication,scale_free,256,42003,transition_dense,0.1,0.035,24,0.09375,0.2784836590290069,0.357542484998703,0.2838625907897949,0.2838625907897949,0.2838625907897949,0.05540734622627492,0.3690482974052429,-0.011505812406539917,0.07367989420890808,0.07367989420890808,0.07367989420890808,0.0790588259696961,0.3021351387724281,99.83333333333331,2678.25,411.7916666666667,0.0,0.1135537063485889,0.9921875,1.0,0.1387367123975423,1.1666666666666667
c20db880e8c34c22c4,stage4b_replication,scale_free,256,42003,transition_mid,0.05,0.035,16,0.0625,0.1540671288967132,0.1692700237035751,0.204884260892868,0.204884260892868,0.204884260892868,0.02871341648278753,0.1612026393413543,0.00806738436222082,-0.03561423718929288,-0.03561423718929288,-0.03561423718929288,0.015202894806861905,0.14055660722078758,70.625,1344.125,129.5,0.0,0.147234987844184,0.875,1.0,0.1008276185684592,1.2
c2530ad1d4f0983f37,stage4e_topology,small_world,256,43002,transition_mid,0.05,0.035,8,0.03125,0.1293947696685791,0.3911102414131164,0.0959241762757301,0.1249773353338241,0.1249773353338241,0.1233021592488512,0.155970424413681,0.2351398169994354,0.2951860651373863,0.2661329060792923,0.2661329060792923,0.2617154717445373,0.2678080821642652,27.0,206.375,41.875,0.0,0.0656536765933249,0.37890625,0.9453125,0.0248677578341317,2.2142857142857144
c274d5741a176e7b3a,stage4c_atlas_extension,scale_free,256,42005,transition_dense,0.1,0.035,32,0.125,0.1867842972278595,0.2891097962856293,0.3510783910751343,0.3510783910751343,0.3510783910751343,0.1251964871771633,0.1867842972278595,0.10232549905776978,-0.061968594789505005,-0.061968594789505005,-0.061968594789505005,0.10232549905776978,0.16391330910846597,61.625,1196.875,181.9375,0.0,0.0693885329479804,0.96875,1.0,0.0741262925990719,1.7137096774193548
c276e77d0a0b51c2e7,stage4e_topology,modular,256,43003,transition_mid,0.05,0.035,8,0.03125,0.0450352355837821,0.3707248568534851,0.1123484149575233,0.1123484149575233,0.0712936893105506,0.10943731811130417,0.0429122522473335,0.3278126046061516,0.2583764418959618,0.2583764418959618,0.29943116754293453,0.325689621269703,0.2612875387421809,27.625,218.75,24.0,4.0,0.0648156642002374,0.36328125,0.98828125,0.0371772231648825,2.2142857142857144
c2b940e56143c041b0,stage4e_topology,small_world,256,43003,transition_dense,0.1,0.035,8,0.03125,0.1265457272529602,0.3665413856506347,0.05996984988451,0.1416621208190918,0.1416621208190918,0.11475775786675509,0.2127467989921569,0.1537945866584778,0.3065715357661247,0.2248792648315429,0.2248792648315429,0.2399956583976745,0.25178362778387964,52.875,732.5,156.0,0.0,0.0628897166570882,0.5546875,0.99609375,0.086170158642412,1.6428571428571428
c3e5515bae7eb0bd5d,stage4e_topology,small_world,256,43002,transition_mid,0.05,0.035,32,0.125,0.081428550183773,0.2059681117534637,0.1037537977099418,0.0655808448791503,0.0655808448791503,0.07813059340696778,0.0822049677371978,0.12376314401626588,0.1022143140435219,0.1403872668743134,0.1403872668743134,0.12453956156969069,0.12783751834649593,25.40625,181.65625,37.46875,0.0,0.061259002183977,0.87890625,1.0,0.0241084804896738,2.2963709677419355
c42b1f16d85ada363a,stage4d_scaling,scale_free,512,44001,sparse_drive,0.05,0.05,128,0.25,0.363485038280487,0.5800778865814209,0.3495752215385437,0.2935178875923157,0.2935178875923157,0.3482536906376481,0.311484694480896,0.2685931921005249,0.2305026650428772,0.2865599989891052,0.2865599989891052,0.2165928483009339,0.2318241959437728,58.8359375,1307.421875,122.8125,0.0,0.0429183435595199,1.0,1.0,0.0359823148037056,1.875
c66af477bf8091b69f,stage4c_atlas_extension,scale_free,256,42005,sparse_drive,0.05,0.05,16,0.0625,0.1357799172401428,0.1357799172401428,0.1401973366737365,0.1401973366737365,0.1401973366737365,0.01795303967082868,0.1497082114219665,-0.013928294181823703,-0.0044174194335936945,-0.0044174194335936945,-0.0044174194335936945,0.0,0.11782687756931412,75.6875,1514.25,135.5,0.0,0.1582387010618268,0.83203125,1.0,0.1201211020641652,1.025
c8484ef366b1d180d0,stage4d_scaling,scale_free,512,44002,transition_dense,0.1,0.035,16,0.03125,0.0490763634443283,0.0864574313163757,0.0472893565893173,0.0472893565893173,0.0472893565893173,0.09151116560678924,0.0455413311719894,0.040916100144386305,0.039168074727058404,0.039168074727058404,0.039168074727058404,0.037381067872047403,-0.005053734290413531,137.5,5826.4375,921.5,0.0,0.0560516825983297,0.841796875,1.0,0.0888540746490818,1.6583333333333334
ca68d064f8eb064d48,stage4b_replication,scale_free,256,42003,transition_dense,0.1,0.035,8,0.03125,0.1300371587276458,0.0837431848049163,0.1300371587276458,0.1300371587276458,0.1300371587276458,0.10594072018284346,0.1024118736386299,-0.0186686888337136,-0.04629397392272949,-0.04629397392272949,-0.04629397392272949,-0.04629397392272949,-0.022197535377927166,67.625,1444.375,210.625,0.0,0.0756550630253706,0.6484375,1.0,0.0811037086852641,1.5714285714285714
cb0eac6fc60f3c0550,stage4d_scaling,scale_free,128,44001,transition_dense,0.1,0.035,16,0.125,0.3155817091464996,0.3511043190956116,0.3723874688148498,0.3793820142745971,0.3793820142745971,0.08018357632681725,0.29656583070755,0.05453848838806158,-0.021283149719238226,-0.02827769517898554,-0.02827769517898554,0.035522609949111994,0.2709207427687943,48.9375,681.5,99.75,0.0,0.1545982034864687,0.9140625,1.0,0.1298040991314116,1.2
cba6acd7d8e5a07e32,stage4b_replication,scale_free,256,42001,sparse_drive,0.05,0.05,16,0.0625,0.1729275584220886,0.1873056590557098,0.1309355944395065,0.1121880710124969,0.1121880710124969,0.024334991205250792,0.1144918575882911,0.07281380146741871,0.05637006461620331,0.0751175880432129,0.0751175880432129,0.014378100633621216,0.16297066785045902,26.6875,303.625,24.125,0.0,0.053581798884347,0.5703125,0.99609375,0.026165195818656,2.05
d1981199acfe21b386,er_patch,erdos_renyi,256,43001,transition_dense,0.1,0.035,32,0.125,0.0923582464456558,0.1311759687960147,0.0800317730754613,0.0652699610218405,0.0789638087153434,0.09581150082522069,0.083852894604206,0.0473230741918087,0.0511441957205534,0.0659060077741742,0.0522121600806713,0.03881772235035891,0.03536446797079401,48.84375,644.28125,56.8125,0.0,0.0603754784892368,0.94140625,1.0,0.0511952535777089,1.8266129032258065
d20b50be075c50bee5,stage4b_replication,scale_free,256,42003,sparse_drive,0.05,0.05,64,0.25,0.294003814458847,0.4224229753017425,0.4410486221313476,0.4410486221313476,0.4410486221313476,0.1889027159195393,0.3638309836387634,0.05859199166297907,-0.018625646829605103,-0.018625646829605103,-0.018625646829605103,0.1284191608428955,0.2335202593822032,28.6875,328.078125,28.21875,0.0,0.0586745325769279,0.953125,1.0,0.0325006558025309,1.94593253968254
d35579a856ed0d885d,stage4d_scaling,scale_free,128,44002,sparse_drive,0.05,0.05,16,0.125,0.2908869385719299,0.2378247678279876,0.2319687306880951,0.2030322849750518,0.2030322849750518,0.030566074332455125,0.2030322849750518,0.03479248285293579,0.005856037139892495,0.03479248285293579,0.03479248285293579,-0.05306217074394229,0.20725869349553247,24.9375,210.25,15.5,0.0,0.1545158106952373,0.8046875,0.9921875,0.0651100191844895,1.6333333333333333
d50e29a9b9b7734ced,stage4b_replication,scale_free,256,42002,transition_mid,0.05,0.035,8,0.03125,0.0452012494206428,0.22438845038414,0.0461154356598854,0.0461154356598854,0.0461154356598854,0.048652381286956314,0.0385090932250022,0.18587935715913778,0.17827301472425458,0.17827301472425458,0.17827301472425458,0.1791872009634972,0.17573606909718367,32.625,442.75,41.75,0.0,0.0709081208459971,0.3828125,0.99609375,0.040759805685253,1.8928571428571428
d59c536f4f14175ad8,stage4b_replication,scale_free,256,42002,transition_dense,0.1,0.035,32,0.125,0.3297457695007324,0.3711966872215271,0.314938485622406,0.314938485622406,0.314938485622406,0.12407101504504676,0.3711966872215271,0.0,0.056258201599121094,0.056258201599121094,0.056258201599121094,0.04145091772079468,0.24712567217648035,105.9375,2908.96875,450.3125,0.0,0.1200476381131115,0.99609375,1.0,0.1528057889425174,1.032258064516129
d67835301c890a086b,stage4e_topology,small_world,256,43003,sparse_drive,0.05,0.05,8,0.03125,0.0945181474089622,0.3701876401901245,0.1106325834989547,0.1482938528060913,0.1482938528060913,0.17203550762496883,0.0905796289443969,0.2796080112457276,0.2595550566911698,0.2218937873840332,0.2218937873840332,0.2756694927811623,0.19815213256515568,25.625,190.0,40.0,0.0,0.0611952083808002,0.35546875,0.89453125,0.0208625406684412,2.2857142857142856
da9535e7179644c8ac,stage4c_atlas_extension,scale_free,256,42006,sparse_drive,0.05,0.05,8,0.03125,0.0294498149305582,0.1842739582061767,0.0257620215415954,0.0316982306540012,0.0316982306540012,0.034414030960760976,0.0256393514573574,0.1586346067488193,0.1585119366645813,0.1525757275521755,0.1525757275521755,0.1548241432756185,0.14985992724541572,27.875,313.625,26.625,0.0,0.056987844278903,0.3671875,0.98046875,0.0348362268329464,2.107142857142857
dbd3294d8845024ad3,stage4b_replication,scale_free,256,42001,sparse_drive,0.05,0.05,32,0.125,0.3077300190925598,0.1780205368995666,0.2491975426673889,0.2491975426673889,0.2491975426673889,0.03323076537344599,0.3585454821586609,-0.1805249452590943,-0.0711770057678223,-0.0711770057678223,-0.0711770057678223,-0.12970948219299322,0.1447897715261206,58.5625,984.21875,90.71875,0.0,0.1219803642954139,0.953125,1.0,0.0840250385143906,1.4637096774193548
dcc949a94ffea43be1,er_patch,erdos_renyi,256,43003,transition_mid,0.05,0.035,8,0.03125,0.0633760821074247,0.0972566772252321,0.0930787287652492,0.0722824409604072,0.0722824409604072,0.07852990171522828,0.1321839485317468,-0.03492727130651471,0.0041779484599829,0.024974236264824895,0.024974236264824895,0.0338805951178074,0.018726775510003818,30.875,270.0,10.375,0.0,0.0769461380389948,0.421875,0.99609375,0.0449983774826973,1.9642857142857144
dd4335b460349b42b0,stage4b_replication,scale_free,256,42002,sparse_drive,0.05,0.05,8,0.03125,0.0429928973317146,0.16989266872406,0.0426384061574935,0.0426384061574935,0.0426384061574935,0.06184199702693144,0.0359464809298515,0.1339461877942085,0.1272542625665665,0.1272542625665665,0.1272542625665665,0.1268997713923454,0.10805067169712856,24.375,313.5,22.375,0.0,0.0483251187427706,0.33984375,0.98828125,0.0184211128710123,2.25
ddc1133d92d4caf6ed,stage4e_topology,modular,256,43003,sparse_drive,0.05,0.05,8,0.03125,0.0610735826194286,0.3442339301109314,0.0919698178768158,0.0919698178768158,0.079171672463417,0.12428054551128292,0.054197572171688,0.2900363579392434,0.2522641122341156,0.2522641122341156,0.2650622576475144,0.2831603474915028,0.21995338459964847,27.125,206.0,20.125,4.0,0.0667669720030715,0.40625,0.99609375,0.0242064618733139,2.321428571428572
dde365f54d4148adda,stage4c_atlas_extension,scale_free,256,42005,transition_dense,0.1,0.035,16,0.0625,0.1562157571315765,0.1653651595115661,0.1417866498231887,0.1417866498231887,0.1417866498231887,0.0694910727324895,0.1562157571315765,0.009149402379989596,0.023578509688377408,0.023578509688377408,0.023578509688377408,0.009149402379989596,0.0958740867790766,37.3125,446.4375,65.4375,0.0,0.0424696347529574,0.68359375,1.0,0.0448222912198054,1.9083333333333332
dedc08e73000b1e772,stage4c_atlas_extension,scale_free,256,42006,transition_dense,0.1,0.035,64,0.25,0.3520916700363159,0.7002732753753662,0.3105027079582214,0.322954773902893,0.322954773902893,0.3949519256129861,0.3279769420623779,0.37229633331298834,0.38977056741714483,0.3773185014724732,0.3773185014724732,0.3481816053390503,0.3053213497623801,54.875,996.765625,150.125,0.0,0.061634216294942,0.9921875,1.0,0.0694420229538467,1.7450396825396826
def2f9fef96c08c750,stage4b_replication,scale_free,256,42003,sparse_drive,0.05,0.05,8,0.03125,0.024480827152729,0.0929194390773773,0.024919394403696,0.024919394403696,0.024919394403696,0.042594877857482005,0.0319975838065147,0.06092185527086261,0.0680000446736813,0.0680000446736813,0.0680000446736813,0.06843861192464831,0.0503245612198953,16.875,89.375,7.25,0.0,0.0338091364871735,0.25390625,0.94921875,0.0168062096633525,2.392857142857143
df0598b3819888d8d9,stage4d_scaling,scale_free,128,44002,transition_dense,0.1,0.035,32,0.25,0.5152122378349304,0.6703305840492249,0.5579777359962463,0.4164092540740967,0.4164092540740967,0.307968330103904,0.4019721448421478,0.268358439207077,0.11235284805297852,0.2539213299751282,0.2539213299751282,0.15511834621429443,0.36236225394532084,40.8125,497.53125,69.1875,0.0,0.1290982058049951,1.0,1.0,0.1008840588047118,1.4758064516129032
df0fc3d25dc0a10dc1,stage4c_atlas_extension,scale_free,256,42006,transition_mid,0.05,0.035,48,0.1875,0.5961892604827881,0.4559796452522278,0.6752066612243652,0.6752066612243652,0.6752066612243652,0.16017061239108438,0.5605000853538513,-0.10452044010162354,-0.21922701597213745,-0.21922701597213745,-0.21922701597213745,-0.1402096152305603,0.2958090328611434,52.833333333333336,819.6041666666666,74.95833333333333,0.0,0.1083524055116579,0.98046875,1.0,0.0682771356576218,1.574468085106383
e02cc0e4d20a42d6e4,stage4e_topology,small_world,256,43002,sparse_drive,0.05,0.05,8,0.03125,0.1397647410631179,0.4836390316486358,0.0771105512976646,0.1657445132732391,0.1657445132732391,0.14905660995282227,0.1405695378780365,0.3430694937705993,0.4065284803509712,0.31789451837539673,0.31789451837539673,0.3438742905855179,0.33458242169581354,26.125,191.75,39.0,0.0,0.0631072945598051,0.359375,0.9296875,0.0237441322952743,2.1785714285714284
e181de8373247dad44,er_patch,erdos_renyi,256,43001,transition_dense,0.1,0.035,64,0.25,0.2854932993650436,0.4486827589571476,0.5341525450348854,0.4357962384819984,0.4357962384819984,0.3016266094055027,0.652171328663826,-0.2034885697066784,-0.08546978607773781,0.01288652047514921,0.01288652047514921,0.163189459592104,0.14705614955164492,50.125,677.953125,59.453125,0.0,0.0615477625003809,1.0,1.0,0.0518338879167923,1.8154761904761905
e1fe609014a4120923,stage4b_replication,scale_free,256,42003,transition_mid,0.05,0.035,8,0.03125,0.0408291146159172,0.1226060986518859,0.0285438597202301,0.0285438597202301,0.0285438597202301,0.06135777581948782,0.0323536321520805,0.0902524664998054,0.0940622389316558,0.0940622389316558,0.0940622389316558,0.0817769840359687,0.06124832283239808,21.625,175.5,14.375,0.0,0.0473645006038362,0.265625,0.98046875,0.0345102942211522,2.071428571428572
e387e0db7406d9545c,stage4d_scaling,scale_free,128,44001,transition_mid,0.05,0.035,16,0.125,0.3706987202167511,0.2259596586227417,0.2928454875946045,0.2314282953739166,0.2314282953739166,0.06041037564864379,0.278133749961853,-0.05217409133911133,-0.06688582897186279,-0.005468636751174899,-0.005468636751174899,-0.1447390615940094,0.1655492829740979,21.875,165.75,12.125,0.0,0.1376598992700229,0.6328125,0.96875,0.062393530311394,1.7166666666666666
e44fbc4b2e171b64df,stage4b_replication,scale_free,256,42001,transition_dense,0.1,0.035,48,0.1875,0.6375986337661743,0.6929624080657959,0.6523286700248718,0.6523286700248718,0.6523286700248718,0.30241306871175766,0.6137868165969849,0.07917559146881104,0.04063373804092407,0.04063373804092407,0.04063373804092407,0.05536377429962158,0.39054933935403824,92.39583333333331,2301.7291666666665,346.2916666666667,0.0,0.1047080367125788,1.0,1.0,0.1285773141328374,1.2925531914893618
e4fd8d782622a18427,stage4b_replication,scale_free,256,42001,sparse_drive,0.05,0.05,48,0.1875,0.3217130005359649,0.6061879396438599,0.4460470676422119,0.4861502349376678,0.4861502349376678,0.09294345020316537,0.5686098337173462,0.03757810592651367,0.16014087200164795,0.12003770470619207,0.12003770470619207,0.28447493910789495,0.5132444894406945,50.895833333333336,775.75,71.58333333333333,0.0,0.1061145565673906,0.97265625,1.0,0.071265626578085,1.5859929078014183
e5a4ca2ca205e2f3e5,er_patch,erdos_renyi,256,43002,transition_mid,0.05,0.035,64,0.25,0.3409853279590606,0.3618335835635662,0.3663652241230011,0.332986406981945,0.332986406981945,0.2740250787464902,0.3854838125407696,-0.02365022897720337,-0.004531640559434891,0.028847176581621226,0.028847176581621226,0.020848255604505594,0.08780850481707603,25.71875,188.296875,7.703125,0.0,0.0620684780701416,0.9765625,1.0,0.0258585972441676,1.953373015873016
e6493895833d1811d2,stage4b_replication,scale_free,256,42003,sparse_drive,0.05,0.05,32,0.125,0.2453282177448272,0.2464486509561538,0.3109444975852966,0.3109444975852966,0.3109444975852966,0.03537123341811816,0.2453282177448272,0.0011204332113265991,-0.06449584662914279,-0.06449584662914279,-0.06449584662914279,0.0011204332113265991,0.21107741753803563,55.25,892.25,85.9375,0.0,0.1153524453484488,0.94921875,1.0,0.0770283493546808,1.5060483870967742
e77a5dc4f6e906b4af,stage4c_atlas_extension,scale_free,256,42005,transition_dense,0.1,0.035,48,0.1875,0.6532050371170044,0.5751789808273315,0.6966814398765564,0.6070092916488647,0.6070092916488647,0.3732670131139457,0.6879936456680298,-0.11281466484069824,-0.12150245904922485,-0.0318303108215332,-0.0318303108215332,-0.07802605628967285,0.20191196771338582,91.5,2312.9375,350.7916666666667,0.0,0.102918378311448,1.0,1.0,0.1254226298025829,1.319148936170213
e7c0d26e82e911bfed,stage4b_replication,scale_free,256,42002,transition_mid,0.05,0.035,24,0.09375,0.2966046631336212,0.3256298303604126,0.2947642803192138,0.2947642803192138,0.2947642803192138,0.044529709004564155,0.2966046631336212,0.029025167226791382,0.030865550041198786,0.030865550041198786,0.030865550041198786,0.029025167226791382,0.28110012135584844,64.58333333333333,1203.8333333333333,106.04166666666669,0.0,0.1316556258832306,0.92578125,1.0,0.0902801193468285,1.358695652173913
e7d8c424d3c3912c62,stage4d_scaling,scale_free,128,44002,transition_mid,0.05,0.035,32,0.25,0.4560417532920837,0.4070795774459839,0.4194109141826629,0.4520837366580963,0.4520837366580963,0.16282676882110533,0.4062868952751159,0.0007926821708679754,-0.012331336736679022,-0.04500415921211243,-0.04500415921211243,-0.0489621758460998,0.24425280862487855,18.375,123.9375,8.84375,0.0,0.1123163728034258,0.90625,1.0,0.0422196551004511,1.8588709677419355
e83fc4b039023f22f5,er_patch,erdos_renyi,256,43001,transition_dense,0.1,0.035,8,0.03125,0.0622445736080408,0.0522412490099668,0.0469008721411228,0.0469008721411228,0.0469008721411228,0.049931498680962194,0.0442440640181303,0.0079971849918365,0.0053403768688440045,0.0053403768688440045,0.0053403768688440045,-0.010003324598074001,0.0023097503290046076,50.0,659.125,63.25,0.0,0.0621624540356057,0.625,1.0,0.0663422671494766,1.8571428571428568
e84dabd07bb085823a,stage4d_scaling,scale_free,512,44001,transition_dense,0.1,0.035,128,0.25,0.3145731091499328,0.7690940499305725,0.3073717355728149,0.3073717355728149,0.3073717355728149,0.4413229413330555,0.3541184663772583,0.4149755835533142,0.4617223143577576,0.4617223143577576,0.4617223143577576,0.4545209407806397,0.327771108597517,102.5234375,3418.1171875,525.1171875,0.0,0.0413207589840343,1.0,1.0,0.0622109595891683,1.7851870078740155
e8dfcde4ab4eeb136f,stage4e_topology,modular,256,43002,transition_mid,0.05,0.035,32,0.125,0.0949952751398086,0.1153880208730697,0.1689150035381317,0.1806885749101638,0.1296229660511016,0.0915755425812676,0.1055169478058815,0.009871073067188194,-0.05352698266506202,-0.0653005540370941,-0.014234945178031908,0.020392745733261095,0.023812478291802094,32.96875,305.90625,35.96875,4.84375,0.0824619703429109,0.8984375,1.0,0.0370100259074277,2.0463709677419355
e9d88be9ffa093955c,er_patch,erdos_renyi,256,43002,transition_dense,0.1,0.035,64,0.25,0.3701206594705581,0.4326280280947685,0.4167669489979744,0.4700503796339035,0.4700503796339035,0.2560382575611584,0.5705757737159729,-0.13794774562120438,0.01586107909679413,-0.03742235153913498,-0.03742235153913498,0.06250736862421041,0.17658977053361014,58.46875,904.171875,82.6875,0.0,0.0715415147406017,1.0,1.0,0.0596297109945795,1.7549603174603174
e9dcef090b08c2d1cb,er_patch,erdos_renyi,256,43001,sparse_drive,0.05,0.05,64,0.25,0.286780022084713,0.3665711395442486,0.402378112077713,0.4645924270153045,0.4645924270153045,0.23845340870320794,0.4090402200818062,-0.0424690805375576,-0.03580697253346443,-0.09802128747105593,-0.09802128747105593,0.0797911174595356,0.12811773084104064,31.125,267.328125,11.265625,0.0,0.0763597830296937,0.96875,1.0,0.0318370122598266,1.867063492063492
ea04cf42b26d120312,stage4e_topology,small_world,256,43002,transition_dense,0.1,0.035,8,0.03125,0.1817052364349365,0.3919352889060974,0.1131748631596565,0.1368379294872284,0.1368379294872284,0.11823598633054641,0.1857184618711471,0.2062168270349503,0.2787604257464409,0.255097359418869,0.255097359418869,0.21023005247116092,0.273699302575551,52.25,735.25,175.875,0.0,0.0626392391886253,0.45703125,1.0,0.1071913484033818,1.6071428571428572
ed0ff56336c6777e99,stage4b_replication,scale_free,256,42001,transition_mid,0.05,0.035,8,0.03125,0.0288973078131675,0.11406060308218,0.0284884143620729,0.0274928752332925,0.0274928752332925,0.06555114046204832,0.0288973078131675,0.08516329526901249,0.08557218872010709,0.0865677278488875,0.0865677278488875,0.08516329526901249,0.04850946262013167,16.5,87.625,5.75,0.0,0.0309853886993035,0.23046875,0.9609375,0.0243576597305588,2.2142857142857144
ef58bc857fba42453a,stage4b_replication,scale_free,256,42003,sparse_drive,0.05,0.05,16,0.0625,0.1596142947673797,0.1596142947673797,0.0827274844050407,0.0827274844050407,0.0827274844050407,0.021421052515506706,0.095079056918621,0.06453523784875871,0.076886810362339,0.076886810362339,0.076886810362339,0.0,0.138193242251873,73.4375,1429.6875,140.5,0.0,0.1543121409556087,0.875,1.0,0.1119017161984907,1.125
f0c4201fd5d8b43888,stage4d_scaling,scale_free,128,44001,sparse_drive,0.05,0.05,16,0.125,0.2774995565414428,0.3365447521209717,0.1683382242918014,0.1402905434370041,0.1402905434370041,0.031192361289868083,0.1986583173274994,0.1378864347934723,0.16820652782917028,0.1962542086839676,0.1962542086839676,0.059045195579528864,0.3053523908311036,22.0,159.1875,12.3125,0.0,0.1465156390592185,0.6875,0.96875,0.0710927559918231,1.6
f4d54506af62a822bf,stage4c_atlas_extension,scale_free,256,42006,sparse_drive,0.05,0.05,24,0.09375,0.277678906917572,0.2691024541854858,0.3397859930992126,0.1815840452909469,0.1815840452909469,0.01668194240482985,0.277678906917572,-0.008576452732086237,-0.0706835389137268,0.08751840889453888,0.08751840889453888,-0.008576452732086237,0.25242051178065594,59.41666666666666,1049.9583333333333,98.54166666666669,0.0,0.1234038238546743,0.91015625,1.0,0.0790001842579949,1.427536231884058
f7a5555fca9d792e8a,stage4c_atlas_extension,scale_free,256,42005,transition_mid,0.05,0.035,64,0.25,0.3917357325553894,0.6044090390205383,0.59552001953125,0.6406257748603821,0.6406257748603821,0.2624473818577826,0.5420784950256348,0.062330543994903564,0.00888901948928833,-0.03621673583984375,-0.03621673583984375,0.21267330646514893,0.34196165716275573,43.765625,629.34375,54.34375,0.0,0.0904784953107108,0.9765625,1.0,0.0605094594211532,1.7018849206349207
f8186a1dbe8ea6a787,stage4b_replication,scale_free,256,42004,transition_mid,0.05,0.035,16,0.0625,0.1500354409217834,0.1951351761817932,0.1500323563814163,0.1500323563814163,0.1500323563814163,0.02818203970673489,0.1912720501422882,0.003863126039505005,0.04510281980037692,0.04510281980037692,0.04510281980037692,0.04509973526000982,0.16695313647505833,66.5625,1230.5,111.9375,0.0,0.1398414090604456,0.81640625,1.0,0.0955474448515544,1.3333333333333333
f893fc6729a5d624f4,stage4b_replication,scale_free,256,42003,transition_dense,0.1,0.035,32,0.125,0.2607638239860534,0.4065670073032379,0.2910874187946319,0.2910874187946319,0.2910874187946319,0.12041814636904742,0.2526546120643616,0.15391239523887634,0.11547958850860601,0.11547958850860601,0.11547958850860601,0.1458031833171845,0.2861488609341905,91.4375,2372.03125,360.03125,0.0,0.1032896608887231,0.9921875,1.0,0.1206764856264555,1.3245967741935485
f8fab872f53d869526,er_patch,erdos_renyi,256,43002,transition_dense,0.1,0.035,32,0.125,0.070860062725842,0.1330378968268633,0.0896257869899272,0.0792884901165962,0.0792884901165962,0.09119740081951018,0.0908473301678896,0.042190566658973694,0.043412109836936094,0.053749406710267095,0.053749406710267095,0.06217783410102129,0.04184049600735311,50.9375,702.46875,62.75,0.0,0.0623744458241675,0.9609375,1.0,0.0533584406586997,1.8326612903225807
fa6921d5a812b4354a,stage4b_replication,scale_free,256,42001,transition_dense,0.1,0.035,16,0.0625,0.084571398794651,0.114586554467678,0.1630645990371704,0.1630645990371704,0.1630645990371704,0.07226046721916643,0.1170834824442863,-0.002496927976608304,-0.04847804456949241,-0.04847804456949241,-0.04847804456949241,0.030015155673026997,0.04232608724851157,41.3125,518.5625,73.0,0.0,0.0460366128389522,0.703125,1.0,0.0509109983258943,1.8416666666666663
fa7ce0ee1ef02b0d78,er_patch,erdos_renyi,256,43003,transition_mid,0.05,0.035,32,0.125,0.1125414129346609,0.255146287381649,0.1463514454662799,0.1655072569847107,0.1655072569847107,0.10638120815565341,0.1815486177802086,0.07359766960144043,0.10879484191536912,0.08963903039693832,0.08963903039693832,0.1426048744469881,0.1487650792259956,30.40625,263.84375,10.40625,0.0,0.0756275799089334,0.87109375,1.0,0.0288988340066019,1.8608870967741933
fb0a509fc5434efc47,stage4e_topology,small_world,256,43003,transition_dense,0.1,0.035,32,0.125,0.1165662035346031,0.207426369190216,0.108426496386528,0.0695609226822853,0.0695609226822853,0.10572592681273812,0.076685830950737,0.130740538239479,0.09899987280368801,0.1378654465079307,0.1378654465079307,0.0908601656556129,0.10170044237747788,52.5,729.3125,167.375,0.0,0.0628572648147844,0.984375,1.0,0.0561698189943852,1.8125
fbf0a908d09eeca8ee,stage4c_atlas_extension,scale_free,256,42006,transition_dense,0.1,0.035,8,0.03125,0.0568384006619453,0.1067679822444915,0.0733282342553138,0.0733282342553138,0.0733282342553138,0.09920574887655671,0.038835309445858,0.06793267279863349,0.03343974798917769,0.03343974798917769,0.03343974798917769,0.04992958158254619,0.007562233367934781,64.5,1379.125,198.125,0.0,0.0708323017089043,0.64453125,1.0,0.0813561435776592,1.8214285714285716
