graph,task,coupling,method,score,normalized_score,mask_id
formal-01,delayed_recall,0.035,random_search,0.9115655390433857,0.9115655390433857,e6377f274f4c8a222be1
formal-01,delayed_recall,0.035,local_search,0.9349066913283195,0.9349066913283195,9116b1424e5c07495f7e
formal-01,delayed_recall,0.035,population_search,0.9241195148242222,0.9241195148242222,97e98a32cd2482550971
formal-01,delayed_recall,0.035,specialist_pool_0.035,0.9241195148242222,0.9241195148242222,97e98a32cd2482550971
formal-01,delayed_recall,0.035,specialist_pool_0.05,0.9063981554327961,0.9063981554327961,34e0c6aefb46bc6dab61
formal-01,delayed_recall,0.035,high_degree,0.8803298338212259,0.8803298338212259,b48f9d4b648790dfa8ab
formal-01,delayed_recall,0.035,spectral,0.8941936630169306,0.8941936630169306,79440541c332f7bcb8e8
formal-01,delayed_recall,0.035,input_energy_degree,0.9398937121480735,0.9398937121480735,043205cf6927b16b205e
formal-01,delayed_recall,0.035,input_quota_random,0.9003674373924468,0.9003674373924468,9dee6c096198b3d52a97
formal-01,delayed_recall,0.035,unselected_random_00,0.8904109902395639,0.8904109902395639,e12b3e7c6baecdfb3750
formal-01,delayed_recall,0.035,unselected_random_01,0.9011376266350837,0.9011376266350837,083ea2a6abb907b04cea
formal-01,delayed_recall,0.035,unselected_random_02,0.9115655390433857,0.9115655390433857,e6377f274f4c8a222be1
formal-01,delayed_recall,0.035,unselected_random_03,0.8376726470553844,0.8376726470553844,ba54784b76342b680181
formal-01,delayed_recall,0.035,unselected_random_04,0.8673514876413151,0.8673514876413151,b64ee5b8e1f289a364cf
formal-01,delayed_recall,0.035,unselected_random_05,0.8928428242750919,0.8928428242750919,4248d19a99d24b634310
formal-01,delayed_recall,0.035,unselected_random_06,0.8794696548790412,0.8794696548790412,f7c104f099a104483b88
formal-01,delayed_recall,0.035,unselected_random_07,0.8525204724014885,0.8525204724014885,bb8ab25783c743b8aeda
formal-01,delayed_recall,0.035,group_matched_random_00,0.8891139863961096,0.8891139863961096,dc0e31df3cf329180e92
formal-01,delayed_recall,0.035,group_matched_random_01,0.9152657693439206,0.9152657693439206,fd75071a61fed800c9d5
formal-01,delayed_recall,0.035,group_matched_random_02,0.8973373219288102,0.8973373219288102,7f88eb7c73fc8195da69
formal-01,delayed_recall,0.035,group_matched_random_03,0.9157559659714263,0.9157559659714263,8e9ddfd038a987783040
formal-01,delayed_recall,0.05,random_search,0.9268541497187232,0.9268541497187232,e6377f274f4c8a222be1
formal-01,delayed_recall,0.05,local_search,0.9320987152577299,0.9320987152577299,9116b1424e5c07495f7e
formal-01,delayed_recall,0.05,population_search,0.9137638066939888,0.9137638066939888,97e98a32cd2482550971
formal-01,delayed_recall,0.05,specialist_pool_0.035,0.9137638066939888,0.9137638066939888,97e98a32cd2482550971
formal-01,delayed_recall,0.05,specialist_pool_0.05,0.9230180562770985,0.9230180562770985,34e0c6aefb46bc6dab61
formal-01,delayed_recall,0.05,high_degree,0.8931976210837721,0.8931976210837721,b48f9d4b648790dfa8ab
formal-01,delayed_recall,0.05,spectral,0.8910593598449384,0.8910593598449384,79440541c332f7bcb8e8
formal-01,delayed_recall,0.05,input_energy_degree,0.833983692780436,0.833983692780436,043205cf6927b16b205e
formal-01,delayed_recall,0.05,input_quota_random,0.9016888412456593,0.9016888412456593,9dee6c096198b3d52a97
formal-01,delayed_recall,0.05,unselected_random_00,0.9029735419864385,0.9029735419864385,e12b3e7c6baecdfb3750
formal-01,delayed_recall,0.05,unselected_random_01,0.9169235961268133,0.9169235961268133,083ea2a6abb907b04cea
formal-01,delayed_recall,0.05,unselected_random_02,0.9268541497187232,0.9268541497187232,e6377f274f4c8a222be1
formal-01,delayed_recall,0.05,unselected_random_03,0.8799555415822538,0.8799555415822538,ba54784b76342b680181
formal-01,delayed_recall,0.05,unselected_random_04,0.8983428399723712,0.8983428399723712,b64ee5b8e1f289a364cf
formal-01,delayed_recall,0.05,unselected_random_05,0.8863141238029536,0.8863141238029536,4248d19a99d24b634310
formal-01,delayed_recall,0.05,unselected_random_06,0.8866996922686212,0.8866996922686212,f7c104f099a104483b88
formal-01,delayed_recall,0.05,unselected_random_07,0.9145186464337153,0.9145186464337153,bb8ab25783c743b8aeda
formal-01,delayed_recall,0.05,group_matched_random_00,0.9294318237628038,0.9294318237628038,dc0e31df3cf329180e92
formal-01,delayed_recall,0.05,group_matched_random_01,0.8945721920803371,0.8945721920803371,fd75071a61fed800c9d5
formal-01,delayed_recall,0.05,group_matched_random_02,0.918389854634382,0.918389854634382,7f88eb7c73fc8195da69
formal-01,delayed_recall,0.05,group_matched_random_03,0.913738889212816,0.913738889212816,8e9ddfd038a987783040
formal-01,nonlinear_integration,0.035,random_search,0.986328125,0.97265625,1c3d3e979d08c148396e
formal-01,nonlinear_integration,0.035,local_search,0.982421875,0.96484375,be7d284944d402e01f92
formal-01,nonlinear_integration,0.035,population_search,0.998046875,0.99609375,7183ad7b9633d2a2c56b
formal-01,nonlinear_integration,0.035,specialist_pool_0.035,0.998046875,0.99609375,19653df0442c67353c14
formal-01,nonlinear_integration,0.035,specialist_pool_0.05,0.98046875,0.9609375,21054e9342c92c042b60
formal-01,nonlinear_integration,0.035,high_degree,0.97265625,0.9453125,b48f9d4b648790dfa8ab
formal-01,nonlinear_integration,0.035,spectral,0.953125,0.90625,79440541c332f7bcb8e8
formal-01,nonlinear_integration,0.035,input_energy_degree,0.978515625,0.95703125,df17cdeb56d7d18e4b53
formal-01,nonlinear_integration,0.035,input_quota_random,0.99609375,0.9921875,9618e094657d82fa3b4d
formal-01,nonlinear_integration,0.035,unselected_random_00,0.98046875,0.9609375,5ccf0c6f9d875e8b35d7
formal-01,nonlinear_integration,0.035,unselected_random_01,0.978515625,0.95703125,010b6ee67fd2321bc5ab
formal-01,nonlinear_integration,0.035,unselected_random_02,0.98046875,0.9609375,21054e9342c92c042b60
formal-01,nonlinear_integration,0.035,unselected_random_03,0.98828125,0.9765625,05ef4d528ab8addcc44a
formal-01,nonlinear_integration,0.035,unselected_random_04,0.99609375,0.9921875,207ccaedbc44857a3b41
formal-01,nonlinear_integration,0.035,unselected_random_05,0.998046875,0.99609375,9c8aa2b33a62d3fa0dd3
formal-01,nonlinear_integration,0.035,unselected_random_06,0.998046875,0.99609375,c3cda4e1fed576e05eb0
formal-01,nonlinear_integration,0.035,unselected_random_07,0.986328125,0.97265625,d20e9b0a68bc8af2f1c9
formal-01,nonlinear_integration,0.035,group_matched_random_00,0.99609375,0.9921875,2776db81add876628527
formal-01,nonlinear_integration,0.035,group_matched_random_01,0.994140625,0.98828125,a8b6fc63f035e1959d99
formal-01,nonlinear_integration,0.035,group_matched_random_02,0.984375,0.96875,9b65799dd2d9ed4ac2a1
formal-01,nonlinear_integration,0.035,group_matched_random_03,0.994140625,0.98828125,2c8c2c6c31289aed3355
formal-01,nonlinear_integration,0.05,random_search,1.0,1.0,1c3d3e979d08c148396e
formal-01,nonlinear_integration,0.05,local_search,0.9921875,0.984375,be7d284944d402e01f92
formal-01,nonlinear_integration,0.05,population_search,0.978515625,0.95703125,7183ad7b9633d2a2c56b
formal-01,nonlinear_integration,0.05,specialist_pool_0.035,0.994140625,0.98828125,19653df0442c67353c14
formal-01,nonlinear_integration,0.05,specialist_pool_0.05,0.994140625,0.98828125,21054e9342c92c042b60
formal-01,nonlinear_integration,0.05,high_degree,0.935546875,0.87109375,b48f9d4b648790dfa8ab
formal-01,nonlinear_integration,0.05,spectral,0.91796875,0.8359375,79440541c332f7bcb8e8
formal-01,nonlinear_integration,0.05,input_energy_degree,0.974609375,0.94921875,df17cdeb56d7d18e4b53
formal-01,nonlinear_integration,0.05,input_quota_random,0.98046875,0.9609375,9618e094657d82fa3b4d
formal-01,nonlinear_integration,0.05,unselected_random_00,0.99609375,0.9921875,5ccf0c6f9d875e8b35d7
formal-01,nonlinear_integration,0.05,unselected_random_01,0.986328125,0.97265625,010b6ee67fd2321bc5ab
formal-01,nonlinear_integration,0.05,unselected_random_02,0.994140625,0.98828125,21054e9342c92c042b60
formal-01,nonlinear_integration,0.05,unselected_random_03,0.978515625,0.95703125,05ef4d528ab8addcc44a
formal-01,nonlinear_integration,0.05,unselected_random_04,0.986328125,0.97265625,207ccaedbc44857a3b41
formal-01,nonlinear_integration,0.05,unselected_random_05,0.984375,0.96875,9c8aa2b33a62d3fa0dd3
formal-01,nonlinear_integration,0.05,unselected_random_06,0.98828125,0.9765625,c3cda4e1fed576e05eb0
formal-01,nonlinear_integration,0.05,unselected_random_07,0.99609375,0.9921875,d20e9b0a68bc8af2f1c9
formal-01,nonlinear_integration,0.05,group_matched_random_00,0.99609375,0.9921875,2776db81add876628527
formal-01,nonlinear_integration,0.05,group_matched_random_01,1.0,1.0,a8b6fc63f035e1959d99
formal-01,nonlinear_integration,0.05,group_matched_random_02,1.0,1.0,9b65799dd2d9ed4ac2a1
formal-01,nonlinear_integration,0.05,group_matched_random_03,0.99609375,0.9921875,2c8c2c6c31289aed3355
formal-01,pulse_order,0.035,random_search,0.66015625,0.3203125,552c920a926de7160478
formal-01,pulse_order,0.035,local_search,0.59375,0.1875,62f6bae0ed8d7ebc0a8b
formal-01,pulse_order,0.035,population_search,0.65625,0.3125,41d6dd7fb2e62ee079dd
formal-01,pulse_order,0.035,specialist_pool_0.035,0.64453125,0.2890625,360bc37ff6c551057db1
formal-01,pulse_order,0.035,specialist_pool_0.05,0.5703125,0.140625,29e296d1d1a0564184c7
formal-01,pulse_order,0.035,high_degree,0.626953125,0.25390625,b48f9d4b648790dfa8ab
formal-01,pulse_order,0.035,spectral,0.58984375,0.1796875,79440541c332f7bcb8e8
formal-01,pulse_order,0.035,input_energy_degree,0.6328125,0.265625,2ec8c542274368944e1c
formal-01,pulse_order,0.035,input_quota_random,0.623046875,0.24609375,69ea393e74341683f6e1
formal-01,pulse_order,0.035,unselected_random_00,0.603515625,0.20703125,59332d44bad25345d56c
formal-01,pulse_order,0.035,unselected_random_01,0.638671875,0.27734375,220344fbad59e6f89870
formal-01,pulse_order,0.035,unselected_random_02,0.607421875,0.21484375,d6e261ad79210feb4237
formal-01,pulse_order,0.035,unselected_random_03,0.640625,0.28125,51702442a9deaa8ab743
formal-01,pulse_order,0.035,unselected_random_04,0.658203125,0.31640625,c07c3a43c8313c139a1c
formal-01,pulse_order,0.035,unselected_random_05,0.6328125,0.265625,732681a7f303e7c63b7a
formal-01,pulse_order,0.035,unselected_random_06,0.63671875,0.2734375,405dde1770f13355e84b
formal-01,pulse_order,0.035,unselected_random_07,0.6015625,0.203125,e1d3b1b065b4846b2c4a
formal-01,pulse_order,0.035,group_matched_random_00,0.654296875,0.30859375,3c19f6e8e5765ab97440
formal-01,pulse_order,0.035,group_matched_random_01,0.623046875,0.24609375,4c46319bb40608aeaed7
formal-01,pulse_order,0.035,group_matched_random_02,0.63671875,0.2734375,4c697c14a94bec250f71
formal-01,pulse_order,0.035,group_matched_random_03,0.59375,0.1875,a6eb46d3b86a0e5bef0a
formal-01,pulse_order,0.05,random_search,0.63671875,0.2734375,552c920a926de7160478
formal-01,pulse_order,0.05,local_search,0.66796875,0.3359375,62f6bae0ed8d7ebc0a8b
formal-01,pulse_order,0.05,population_search,0.6015625,0.203125,41d6dd7fb2e62ee079dd
formal-01,pulse_order,0.05,specialist_pool_0.035,0.646484375,0.29296875,360bc37ff6c551057db1
formal-01,pulse_order,0.05,specialist_pool_0.05,0.62890625,0.2578125,29e296d1d1a0564184c7
formal-01,pulse_order,0.05,high_degree,0.62109375,0.2421875,b48f9d4b648790dfa8ab
formal-01,pulse_order,0.05,spectral,0.65625,0.3125,79440541c332f7bcb8e8
formal-01,pulse_order,0.05,input_energy_degree,0.640625,0.28125,2ec8c542274368944e1c
formal-01,pulse_order,0.05,input_quota_random,0.634765625,0.26953125,69ea393e74341683f6e1
formal-01,pulse_order,0.05,unselected_random_00,0.6328125,0.265625,59332d44bad25345d56c
formal-01,pulse_order,0.05,unselected_random_01,0.6328125,0.265625,220344fbad59e6f89870
formal-01,pulse_order,0.05,unselected_random_02,0.666015625,0.33203125,d6e261ad79210feb4237
formal-01,pulse_order,0.05,unselected_random_03,0.662109375,0.32421875,51702442a9deaa8ab743
formal-01,pulse_order,0.05,unselected_random_04,0.609375,0.21875,c07c3a43c8313c139a1c
formal-01,pulse_order,0.05,unselected_random_05,0.64453125,0.2890625,732681a7f303e7c63b7a
formal-01,pulse_order,0.05,unselected_random_06,0.630859375,0.26171875,405dde1770f13355e84b
formal-01,pulse_order,0.05,unselected_random_07,0.62890625,0.2578125,e1d3b1b065b4846b2c4a
formal-01,pulse_order,0.05,group_matched_random_00,0.646484375,0.29296875,3c19f6e8e5765ab97440
formal-01,pulse_order,0.05,group_matched_random_01,0.65625,0.3125,4c46319bb40608aeaed7
formal-01,pulse_order,0.05,group_matched_random_02,0.642578125,0.28515625,4c697c14a94bec250f71
formal-01,pulse_order,0.05,group_matched_random_03,0.591796875,0.18359375,a6eb46d3b86a0e5bef0a
formal-01,interval,0.035,random_search,0.791015625,0.58203125,b7f14eee2f26822f3346
formal-01,interval,0.035,local_search,0.81640625,0.6328125,0e88dac631f0d8c80003
formal-01,interval,0.035,population_search,0.837890625,0.67578125,082acdaa02264b0d6fd3
formal-01,interval,0.035,specialist_pool_0.035,0.837890625,0.67578125,35f1a9529e27be42cf6e
formal-01,interval,0.035,specialist_pool_0.05,0.76953125,0.5390625,0bbd60cb3c3f5c366330
formal-01,interval,0.035,high_degree,0.708984375,0.41796875,b48f9d4b648790dfa8ab
formal-01,interval,0.035,spectral,0.701171875,0.40234375,79440541c332f7bcb8e8
formal-01,interval,0.035,input_energy_degree,0.693359375,0.38671875,043205cf6927b16b205e
formal-01,interval,0.035,input_quota_random,0.716796875,0.43359375,cbcb8d01263ce09f5fd0
formal-01,interval,0.035,unselected_random_00,0.81640625,0.6328125,863db8a8114db68e71c3
formal-01,interval,0.035,unselected_random_01,0.796875,0.59375,89a270396bcdc4a541de
formal-01,interval,0.035,unselected_random_02,0.736328125,0.47265625,669d8c129ecd0a750ecf
formal-01,interval,0.035,unselected_random_03,0.80859375,0.6171875,767f4cfa90e3d20e4bdc
formal-01,interval,0.035,unselected_random_04,0.810546875,0.62109375,fcda063e5d9b5382449c
formal-01,interval,0.035,unselected_random_05,0.791015625,0.58203125,344a254ef80a92d995c3
formal-01,interval,0.035,unselected_random_06,0.80859375,0.6171875,e72779fb42eef43fb25b
formal-01,interval,0.035,unselected_random_07,0.78515625,0.5703125,9c0df783f05c1b492c0e
formal-01,interval,0.035,group_matched_random_00,0.7578125,0.515625,5376721f67b225de1661
formal-01,interval,0.035,group_matched_random_01,0.765625,0.53125,26719c5241a269052c08
formal-01,interval,0.035,group_matched_random_02,0.712890625,0.42578125,ee32878ad757f2179208
formal-01,interval,0.035,group_matched_random_03,0.72265625,0.4453125,7e5adc86b6b236b91ce7
formal-01,interval,0.05,random_search,0.849609375,0.69921875,b7f14eee2f26822f3346
formal-01,interval,0.05,local_search,0.84375,0.6875,0e88dac631f0d8c80003
formal-01,interval,0.05,population_search,0.826171875,0.65234375,082acdaa02264b0d6fd3
formal-01,interval,0.05,specialist_pool_0.035,0.822265625,0.64453125,35f1a9529e27be42cf6e
formal-01,interval,0.05,specialist_pool_0.05,0.8046875,0.609375,0bbd60cb3c3f5c366330
formal-01,interval,0.05,high_degree,0.779296875,0.55859375,b48f9d4b648790dfa8ab
formal-01,interval,0.05,spectral,0.802734375,0.60546875,79440541c332f7bcb8e8
formal-01,interval,0.05,input_energy_degree,0.724609375,0.44921875,043205cf6927b16b205e
formal-01,interval,0.05,input_quota_random,0.853515625,0.70703125,cbcb8d01263ce09f5fd0
formal-01,interval,0.05,unselected_random_00,0.833984375,0.66796875,863db8a8114db68e71c3
formal-01,interval,0.05,unselected_random_01,0.826171875,0.65234375,89a270396bcdc4a541de
formal-01,interval,0.05,unselected_random_02,0.880859375,0.76171875,669d8c129ecd0a750ecf
formal-01,interval,0.05,unselected_random_03,0.873046875,0.74609375,767f4cfa90e3d20e4bdc
formal-01,interval,0.05,unselected_random_04,0.826171875,0.65234375,fcda063e5d9b5382449c
formal-01,interval,0.05,unselected_random_05,0.845703125,0.69140625,344a254ef80a92d995c3
formal-01,interval,0.05,unselected_random_06,0.857421875,0.71484375,e72779fb42eef43fb25b
formal-01,interval,0.05,unselected_random_07,0.857421875,0.71484375,9c0df783f05c1b492c0e
formal-01,interval,0.05,group_matched_random_00,0.8359375,0.671875,5376721f67b225de1661
formal-01,interval,0.05,group_matched_random_01,0.8984375,0.796875,26719c5241a269052c08
formal-01,interval,0.05,group_matched_random_02,0.849609375,0.69921875,ee32878ad757f2179208
formal-01,interval,0.05,group_matched_random_03,0.794921875,0.58984375,7e5adc86b6b236b91ce7
formal-01,evidence_accumulation,0.035,random_search,0.787109375,0.57421875,19fae0cc221abf08c2ac
formal-01,evidence_accumulation,0.035,local_search,0.740234375,0.48046875,4f8babe700a1fb9fff97
formal-01,evidence_accumulation,0.035,population_search,0.78125,0.5625,590bf76b06041234978a
formal-01,evidence_accumulation,0.035,specialist_pool_0.035,0.759765625,0.51953125,1e679dd1491025d79e59
formal-01,evidence_accumulation,0.035,specialist_pool_0.05,0.7578125,0.515625,a1eee063b956f01564c9
formal-01,evidence_accumulation,0.035,high_degree,0.75390625,0.5078125,b48f9d4b648790dfa8ab
formal-01,evidence_accumulation,0.035,spectral,0.748046875,0.49609375,79440541c332f7bcb8e8
formal-01,evidence_accumulation,0.035,input_energy_degree,0.69921875,0.3984375,043205cf6927b16b205e
formal-01,evidence_accumulation,0.035,input_quota_random,0.767578125,0.53515625,95b654abffff8190d869
formal-01,evidence_accumulation,0.035,unselected_random_00,0.763671875,0.52734375,e0ee9e090315a26894a3
formal-01,evidence_accumulation,0.035,unselected_random_01,0.775390625,0.55078125,2449f5c3805074dad753
formal-01,evidence_accumulation,0.035,unselected_random_02,0.7578125,0.515625,61b912099531bcf5f072
formal-01,evidence_accumulation,0.035,unselected_random_03,0.771484375,0.54296875,c8812338ce89936194f3
formal-01,evidence_accumulation,0.035,unselected_random_04,0.75,0.5,af22e8ce842119f24e2e
formal-01,evidence_accumulation,0.035,unselected_random_05,0.740234375,0.48046875,fccc361c3c6c27d368de
formal-01,evidence_accumulation,0.035,unselected_random_06,0.7578125,0.515625,a1eee063b956f01564c9
formal-01,evidence_accumulation,0.035,unselected_random_07,0.78125,0.5625,590bf76b06041234978a
formal-01,evidence_accumulation,0.035,group_matched_random_00,0.8046875,0.609375,c8af47f618763b7c91cd
formal-01,evidence_accumulation,0.035,group_matched_random_01,0.783203125,0.56640625,0db9cbaf31b26f9fd291
formal-01,evidence_accumulation,0.035,group_matched_random_02,0.80078125,0.6015625,4e744d79ab73fefee118
formal-01,evidence_accumulation,0.035,group_matched_random_03,0.80078125,0.6015625,6a5c34dae3f31d5e67ad
formal-01,evidence_accumulation,0.05,random_search,0.83203125,0.6640625,19fae0cc221abf08c2ac
formal-01,evidence_accumulation,0.05,local_search,0.8125,0.625,4f8babe700a1fb9fff97
formal-01,evidence_accumulation,0.05,population_search,0.767578125,0.53515625,590bf76b06041234978a
formal-01,evidence_accumulation,0.05,specialist_pool_0.035,0.78515625,0.5703125,1e679dd1491025d79e59
formal-01,evidence_accumulation,0.05,specialist_pool_0.05,0.787109375,0.57421875,a1eee063b956f01564c9
formal-01,evidence_accumulation,0.05,high_degree,0.7734375,0.546875,b48f9d4b648790dfa8ab
formal-01,evidence_accumulation,0.05,spectral,0.78125,0.5625,79440541c332f7bcb8e8
formal-01,evidence_accumulation,0.05,input_energy_degree,0.70703125,0.4140625,043205cf6927b16b205e
formal-01,evidence_accumulation,0.05,input_quota_random,0.78125,0.5625,95b654abffff8190d869
formal-01,evidence_accumulation,0.05,unselected_random_00,0.802734375,0.60546875,e0ee9e090315a26894a3
formal-01,evidence_accumulation,0.05,unselected_random_01,0.80078125,0.6015625,2449f5c3805074dad753
formal-01,evidence_accumulation,0.05,unselected_random_02,0.7890625,0.578125,61b912099531bcf5f072
formal-01,evidence_accumulation,0.05,unselected_random_03,0.765625,0.53125,c8812338ce89936194f3
formal-01,evidence_accumulation,0.05,unselected_random_04,0.765625,0.53125,af22e8ce842119f24e2e
formal-01,evidence_accumulation,0.05,unselected_random_05,0.775390625,0.55078125,fccc361c3c6c27d368de
formal-01,evidence_accumulation,0.05,unselected_random_06,0.787109375,0.57421875,a1eee063b956f01564c9
formal-01,evidence_accumulation,0.05,unselected_random_07,0.767578125,0.53515625,590bf76b06041234978a
formal-01,evidence_accumulation,0.05,group_matched_random_00,0.75390625,0.5078125,c8af47f618763b7c91cd
formal-01,evidence_accumulation,0.05,group_matched_random_01,0.763671875,0.52734375,0db9cbaf31b26f9fd291
formal-01,evidence_accumulation,0.05,group_matched_random_02,0.78125,0.5625,4e744d79ab73fefee118
formal-01,evidence_accumulation,0.05,group_matched_random_03,0.79296875,0.5859375,6a5c34dae3f31d5e67ad
formal-01,context_recall,0.035,random_search,0.83203125,0.6640625,35d3f52e294e0c816e18
formal-01,context_recall,0.035,local_search,0.80859375,0.6171875,102a66d45051dd8746ab
formal-01,context_recall,0.035,population_search,0.833984375,0.66796875,57d2f69cc2b309e47135
formal-01,context_recall,0.035,specialist_pool_0.035,0.833984375,0.66796875,57d2f69cc2b309e47135
formal-01,context_recall,0.035,specialist_pool_0.05,0.771484375,0.54296875,d14c97a396b96c60bca0
formal-01,context_recall,0.035,high_degree,0.806640625,0.61328125,b48f9d4b648790dfa8ab
formal-01,context_recall,0.035,spectral,0.845703125,0.69140625,79440541c332f7bcb8e8
formal-01,context_recall,0.035,input_energy_degree,0.798828125,0.59765625,fd3a61754b40a273a417
formal-01,context_recall,0.035,input_quota_random,0.873046875,0.74609375,da182c04fe21aaad6ea8
formal-01,context_recall,0.035,unselected_random_00,0.787109375,0.57421875,b68308f173a3cd69561d
formal-01,context_recall,0.035,unselected_random_01,0.84765625,0.6953125,0e8088df713066b0a2f6
formal-01,context_recall,0.035,unselected_random_02,0.818359375,0.63671875,7f185013d3a814aa8472
formal-01,context_recall,0.035,unselected_random_03,0.80078125,0.6015625,9ba47a3ea45b98208298
formal-01,context_recall,0.035,unselected_random_04,0.849609375,0.69921875,97c914ba859b134284f5
formal-01,context_recall,0.035,unselected_random_05,0.81640625,0.6328125,a0cd0ca8d7ea53ce1261
formal-01,context_recall,0.035,unselected_random_06,0.826171875,0.65234375,0cbc78f162dc2f65efa1
formal-01,context_recall,0.035,unselected_random_07,0.85546875,0.7109375,3ff9b1de30c8666491c6
formal-01,context_recall,0.035,group_matched_random_00,0.7890625,0.578125,d6522e32392592314d5d
formal-01,context_recall,0.035,group_matched_random_01,0.826171875,0.65234375,1905252ca3bc6bc3ed9d
formal-01,context_recall,0.035,group_matched_random_02,0.80859375,0.6171875,d8326dbde4e060188dd0
formal-01,context_recall,0.035,group_matched_random_03,0.80859375,0.6171875,252bf0adc126d7c3cc3a
formal-01,context_recall,0.05,random_search,0.888671875,0.77734375,35d3f52e294e0c816e18
formal-01,context_recall,0.05,local_search,0.896484375,0.79296875,102a66d45051dd8746ab
formal-01,context_recall,0.05,population_search,0.9296875,0.859375,57d2f69cc2b309e47135
formal-01,context_recall,0.05,specialist_pool_0.035,0.9296875,0.859375,57d2f69cc2b309e47135
formal-01,context_recall,0.05,specialist_pool_0.05,0.89453125,0.7890625,d14c97a396b96c60bca0
formal-01,context_recall,0.05,high_degree,0.859375,0.71875,b48f9d4b648790dfa8ab
formal-01,context_recall,0.05,spectral,0.857421875,0.71484375,79440541c332f7bcb8e8
formal-01,context_recall,0.05,input_energy_degree,0.87109375,0.7421875,fd3a61754b40a273a417
formal-01,context_recall,0.05,input_quota_random,0.875,0.75,da182c04fe21aaad6ea8
formal-01,context_recall,0.05,unselected_random_00,0.880859375,0.76171875,b68308f173a3cd69561d
formal-01,context_recall,0.05,unselected_random_01,0.888671875,0.77734375,0e8088df713066b0a2f6
formal-01,context_recall,0.05,unselected_random_02,0.880859375,0.76171875,7f185013d3a814aa8472
formal-01,context_recall,0.05,unselected_random_03,0.90625,0.8125,9ba47a3ea45b98208298
formal-01,context_recall,0.05,unselected_random_04,0.8828125,0.765625,97c914ba859b134284f5
formal-01,context_recall,0.05,unselected_random_05,0.919921875,0.83984375,a0cd0ca8d7ea53ce1261
formal-01,context_recall,0.05,unselected_random_06,0.859375,0.71875,0cbc78f162dc2f65efa1
formal-01,context_recall,0.05,unselected_random_07,0.9296875,0.859375,3ff9b1de30c8666491c6
formal-01,context_recall,0.05,group_matched_random_00,0.9296875,0.859375,d6522e32392592314d5d
formal-01,context_recall,0.05,group_matched_random_01,0.90234375,0.8046875,1905252ca3bc6bc3ed9d
formal-01,context_recall,0.05,group_matched_random_02,0.89453125,0.7890625,d8326dbde4e060188dd0
formal-01,context_recall,0.05,group_matched_random_03,0.896484375,0.79296875,252bf0adc126d7c3cc3a
formal-02,delayed_recall,0.035,random_search,0.9184089134580666,0.9184089134580666,ac6ee66492d8d647f917
formal-02,delayed_recall,0.035,local_search,0.9105196942843748,0.9105196942843748,c36fc699ea8611431a24
formal-02,delayed_recall,0.035,population_search,0.9264165868433462,0.9264165868433462,36646d203d60e8582cf9
formal-02,delayed_recall,0.035,specialist_pool_0.035,0.9269579358759541,0.9269579358759541,90c92be143d4fd104a83
formal-02,delayed_recall,0.035,specialist_pool_0.05,0.9279439145271009,0.9279439145271009,529e18a41719ef4b48b0
formal-02,delayed_recall,0.035,high_degree,0.9107064596897401,0.9107064596897401,e4ab880b2428270be98e
formal-02,delayed_recall,0.035,spectral,0.7583756490992445,0.7583756490992445,bf6ce135fd86eb557c52
formal-02,delayed_recall,0.035,input_energy_degree,0.914471662241364,0.914471662241364,7c244817e39889622dd4
formal-02,delayed_recall,0.035,input_quota_random,0.9067004009000076,0.9067004009000076,c44d4ccd7aa4370fc7c7
formal-02,delayed_recall,0.035,unselected_random_00,0.9140835106222996,0.9140835106222996,63c4af67f5c1a655de12
formal-02,delayed_recall,0.035,unselected_random_01,0.9152487239426093,0.9152487239426093,22a097f789ce47481e13
formal-02,delayed_recall,0.035,unselected_random_02,0.9064048566574205,0.9064048566574205,8b6f6fac326e3c142bf2
formal-02,delayed_recall,0.035,unselected_random_03,0.8601847025745852,0.8601847025745852,435baeb6568730fd8834
formal-02,delayed_recall,0.035,unselected_random_04,0.8729872100828172,0.8729872100828172,d747309734ff56213ab2
formal-02,delayed_recall,0.035,unselected_random_05,0.914100055486478,0.914100055486478,b9989d987d10c858d357
formal-02,delayed_recall,0.035,unselected_random_06,0.9029220078508882,0.9029220078508882,f6a72087cd35ebf095b1
formal-02,delayed_recall,0.035,unselected_random_07,0.9124809521136026,0.9124809521136026,b4d771ef7bec6a369270
formal-02,delayed_recall,0.035,group_matched_random_00,0.9176484224607321,0.9176484224607321,d73a628dafd781ebedee
formal-02,delayed_recall,0.035,group_matched_random_01,0.906108928838674,0.906108928838674,f5d2611580086705660c
formal-02,delayed_recall,0.035,group_matched_random_02,0.9295647732837845,0.9295647732837845,a088ce8fb33f885e1817
formal-02,delayed_recall,0.035,group_matched_random_03,0.8975168162289502,0.8975168162289502,b1b58e88cf8331ddbcf6
formal-02,delayed_recall,0.05,random_search,0.9306772443533843,0.9306772443533843,ac6ee66492d8d647f917
formal-02,delayed_recall,0.05,local_search,0.9299254591884569,0.9299254591884569,c36fc699ea8611431a24
formal-02,delayed_recall,0.05,population_search,0.924071427326961,0.924071427326961,36646d203d60e8582cf9
formal-02,delayed_recall,0.05,specialist_pool_0.035,0.9218958173671419,0.9218958173671419,90c92be143d4fd104a83
formal-02,delayed_recall,0.05,specialist_pool_0.05,0.9343610398258897,0.9343610398258897,529e18a41719ef4b48b0
formal-02,delayed_recall,0.05,high_degree,0.9137751642906788,0.9137751642906788,e4ab880b2428270be98e
formal-02,delayed_recall,0.05,spectral,0.9218787954667533,0.9218787954667533,bf6ce135fd86eb557c52
formal-02,delayed_recall,0.05,input_energy_degree,0.9142912978555022,0.9142912978555022,7c244817e39889622dd4
formal-02,delayed_recall,0.05,input_quota_random,0.9266482716613813,0.9266482716613813,c44d4ccd7aa4370fc7c7
formal-02,delayed_recall,0.05,unselected_random_00,0.923302304961324,0.923302304961324,63c4af67f5c1a655de12
formal-02,delayed_recall,0.05,unselected_random_01,0.8959126521291612,0.8959126521291612,22a097f789ce47481e13
formal-02,delayed_recall,0.05,unselected_random_02,0.8968366558653387,0.8968366558653387,8b6f6fac326e3c142bf2
formal-02,delayed_recall,0.05,unselected_random_03,0.8842968631863755,0.8842968631863755,435baeb6568730fd8834
formal-02,delayed_recall,0.05,unselected_random_04,0.8862603097792083,0.8862603097792083,d747309734ff56213ab2
formal-02,delayed_recall,0.05,unselected_random_05,0.9170766725827363,0.9170766725827363,b9989d987d10c858d357
formal-02,delayed_recall,0.05,unselected_random_06,0.8598709148490696,0.8598709148490696,f6a72087cd35ebf095b1
formal-02,delayed_recall,0.05,unselected_random_07,0.8742302500161425,0.8742302500161425,b4d771ef7bec6a369270
formal-02,delayed_recall,0.05,group_matched_random_00,0.8762943734636723,0.8762943734636723,d73a628dafd781ebedee
formal-02,delayed_recall,0.05,group_matched_random_01,0.9317285084494056,0.9317285084494056,f5d2611580086705660c
formal-02,delayed_recall,0.05,group_matched_random_02,0.8993683264777598,0.8993683264777598,a088ce8fb33f885e1817
formal-02,delayed_recall,0.05,group_matched_random_03,0.9204259387900287,0.9204259387900287,b1b58e88cf8331ddbcf6
formal-02,nonlinear_integration,0.035,random_search,1.0,1.0,dc7fe0e9c01bd4d8434b
formal-02,nonlinear_integration,0.035,local_search,0.990234375,0.98046875,a5278c00e69bd3b270e1
formal-02,nonlinear_integration,0.035,population_search,0.99609375,0.9921875,072446ef0ca7a6da3468
formal-02,nonlinear_integration,0.035,specialist_pool_0.035,0.998046875,0.99609375,008f354d6a0852d0cc1c
formal-02,nonlinear_integration,0.035,specialist_pool_0.05,0.99609375,0.9921875,072446ef0ca7a6da3468
formal-02,nonlinear_integration,0.035,high_degree,0.900390625,0.80078125,e4ab880b2428270be98e
formal-02,nonlinear_integration,0.035,spectral,0.927734375,0.85546875,bf6ce135fd86eb557c52
formal-02,nonlinear_integration,0.035,input_energy_degree,0.984375,0.96875,4464cab9e97713a0f477
formal-02,nonlinear_integration,0.035,input_quota_random,0.9921875,0.984375,30074542e37d771d8740
formal-02,nonlinear_integration,0.035,unselected_random_00,0.97265625,0.9453125,43c1414a9adbd158135c
formal-02,nonlinear_integration,0.035,unselected_random_01,0.966796875,0.93359375,1d5465bf2e5b2ca8c543
formal-02,nonlinear_integration,0.035,unselected_random_02,0.974609375,0.94921875,cba215f19409f0ccca7c
formal-02,nonlinear_integration,0.035,unselected_random_03,0.984375,0.96875,d22ff608a114cd34e665
formal-02,nonlinear_integration,0.035,unselected_random_04,0.986328125,0.97265625,2d6fd19cc10dc078a8e6
formal-02,nonlinear_integration,0.035,unselected_random_05,0.97265625,0.9453125,80607959c389cee63073
formal-02,nonlinear_integration,0.035,unselected_random_06,0.974609375,0.94921875,bd8f759a53af634e9a44
formal-02,nonlinear_integration,0.035,unselected_random_07,0.97265625,0.9453125,066a36e1512da5e97f20
formal-02,nonlinear_integration,0.035,group_matched_random_00,0.947265625,0.89453125,0981d2fe8b593e12479b
formal-02,nonlinear_integration,0.035,group_matched_random_01,0.931640625,0.86328125,ff5b16d92a467c486916
formal-02,nonlinear_integration,0.035,group_matched_random_02,0.947265625,0.89453125,06a465b3747b4e288eb2
formal-02,nonlinear_integration,0.035,group_matched_random_03,0.984375,0.96875,726e6f8a4d64be951be2
formal-02,nonlinear_integration,0.05,random_search,0.998046875,0.99609375,dc7fe0e9c01bd4d8434b
formal-02,nonlinear_integration,0.05,local_search,0.984375,0.96875,a5278c00e69bd3b270e1
formal-02,nonlinear_integration,0.05,population_search,0.99609375,0.9921875,072446ef0ca7a6da3468
formal-02,nonlinear_integration,0.05,specialist_pool_0.035,0.998046875,0.99609375,008f354d6a0852d0cc1c
formal-02,nonlinear_integration,0.05,specialist_pool_0.05,0.99609375,0.9921875,072446ef0ca7a6da3468
formal-02,nonlinear_integration,0.05,high_degree,0.921875,0.84375,e4ab880b2428270be98e
formal-02,nonlinear_integration,0.05,spectral,0.9375,0.875,bf6ce135fd86eb557c52
formal-02,nonlinear_integration,0.05,input_energy_degree,0.978515625,0.95703125,4464cab9e97713a0f477
formal-02,nonlinear_integration,0.05,input_quota_random,1.0,1.0,30074542e37d771d8740
formal-02,nonlinear_integration,0.05,unselected_random_00,1.0,1.0,43c1414a9adbd158135c
formal-02,nonlinear_integration,0.05,unselected_random_01,0.9765625,0.953125,1d5465bf2e5b2ca8c543
formal-02,nonlinear_integration,0.05,unselected_random_02,0.9921875,0.984375,cba215f19409f0ccca7c
formal-02,nonlinear_integration,0.05,unselected_random_03,0.998046875,0.99609375,d22ff608a114cd34e665
formal-02,nonlinear_integration,0.05,unselected_random_04,0.998046875,0.99609375,2d6fd19cc10dc078a8e6
formal-02,nonlinear_integration,0.05,unselected_random_05,0.98828125,0.9765625,80607959c389cee63073
formal-02,nonlinear_integration,0.05,unselected_random_06,0.99609375,0.9921875,bd8f759a53af634e9a44
formal-02,nonlinear_integration,0.05,unselected_random_07,0.990234375,0.98046875,066a36e1512da5e97f20
formal-02,nonlinear_integration,0.05,group_matched_random_00,0.994140625,0.98828125,0981d2fe8b593e12479b
formal-02,nonlinear_integration,0.05,group_matched_random_01,0.990234375,0.98046875,ff5b16d92a467c486916
formal-02,nonlinear_integration,0.05,group_matched_random_02,1.0,1.0,06a465b3747b4e288eb2
formal-02,nonlinear_integration,0.05,group_matched_random_03,0.98828125,0.9765625,726e6f8a4d64be951be2
formal-02,pulse_order,0.035,random_search,0.638671875,0.27734375,a131dee627d13443e55f
formal-02,pulse_order,0.035,local_search,0.623046875,0.24609375,074f80398e082ab310eb
formal-02,pulse_order,0.035,population_search,0.583984375,0.16796875,36fabe3348fef5f7ce6b
formal-02,pulse_order,0.035,specialist_pool_0.035,0.6484375,0.296875,cd2918beda52ba1620aa
formal-02,pulse_order,0.035,specialist_pool_0.05,0.595703125,0.19140625,896eed187c95713e0bc6
formal-02,pulse_order,0.035,high_degree,0.626953125,0.25390625,e4ab880b2428270be98e
formal-02,pulse_order,0.035,spectral,0.650390625,0.30078125,bf6ce135fd86eb557c52
formal-02,pulse_order,0.035,input_energy_degree,0.623046875,0.24609375,a996ca865dfa439084ac
formal-02,pulse_order,0.035,input_quota_random,0.625,0.25,8657cd5e23631727ee59
formal-02,pulse_order,0.035,unselected_random_00,0.607421875,0.21484375,1796dcf0fd6e8ab525fd
formal-02,pulse_order,0.035,unselected_random_01,0.607421875,0.21484375,1cd2202554f69168c66d
formal-02,pulse_order,0.035,unselected_random_02,0.6484375,0.296875,cd2918beda52ba1620aa
formal-02,pulse_order,0.035,unselected_random_03,0.638671875,0.27734375,a131dee627d13443e55f
formal-02,pulse_order,0.035,unselected_random_04,0.640625,0.28125,cf405ed4cba68cffc167
formal-02,pulse_order,0.035,unselected_random_05,0.642578125,0.28515625,f116e4f7f3974ac31b8f
formal-02,pulse_order,0.035,unselected_random_06,0.642578125,0.28515625,55a731d78011954e5427
formal-02,pulse_order,0.035,unselected_random_07,0.59375,0.1875,039d423bd48c7ddc97f1
formal-02,pulse_order,0.035,group_matched_random_00,0.619140625,0.23828125,13dd3f7cf9c54b5811c3
formal-02,pulse_order,0.035,group_matched_random_01,0.568359375,0.13671875,8ba998d699e0f4c488f0
formal-02,pulse_order,0.035,group_matched_random_02,0.56640625,0.1328125,9c7fb83a3cca47b9a480
formal-02,pulse_order,0.035,group_matched_random_03,0.5859375,0.171875,cc98ab38f2237ba3dcdd
formal-02,pulse_order,0.05,random_search,0.66015625,0.3203125,a131dee627d13443e55f
formal-02,pulse_order,0.05,local_search,0.625,0.25,074f80398e082ab310eb
formal-02,pulse_order,0.05,population_search,0.64453125,0.2890625,36fabe3348fef5f7ce6b
formal-02,pulse_order,0.05,specialist_pool_0.035,0.619140625,0.23828125,cd2918beda52ba1620aa
formal-02,pulse_order,0.05,specialist_pool_0.05,0.626953125,0.25390625,896eed187c95713e0bc6
formal-02,pulse_order,0.05,high_degree,0.677734375,0.35546875,e4ab880b2428270be98e
formal-02,pulse_order,0.05,spectral,0.626953125,0.25390625,bf6ce135fd86eb557c52
formal-02,pulse_order,0.05,input_energy_degree,0.63671875,0.2734375,a996ca865dfa439084ac
formal-02,pulse_order,0.05,input_quota_random,0.625,0.25,8657cd5e23631727ee59
formal-02,pulse_order,0.05,unselected_random_00,0.6796875,0.359375,1796dcf0fd6e8ab525fd
formal-02,pulse_order,0.05,unselected_random_01,0.65625,0.3125,1cd2202554f69168c66d
formal-02,pulse_order,0.05,unselected_random_02,0.619140625,0.23828125,cd2918beda52ba1620aa
formal-02,pulse_order,0.05,unselected_random_03,0.66015625,0.3203125,a131dee627d13443e55f
formal-02,pulse_order,0.05,unselected_random_04,0.68359375,0.3671875,cf405ed4cba68cffc167
formal-02,pulse_order,0.05,unselected_random_05,0.650390625,0.30078125,f116e4f7f3974ac31b8f
formal-02,pulse_order,0.05,unselected_random_06,0.609375,0.21875,55a731d78011954e5427
formal-02,pulse_order,0.05,unselected_random_07,0.701171875,0.40234375,039d423bd48c7ddc97f1
formal-02,pulse_order,0.05,group_matched_random_00,0.609375,0.21875,13dd3f7cf9c54b5811c3
formal-02,pulse_order,0.05,group_matched_random_01,0.630859375,0.26171875,8ba998d699e0f4c488f0
formal-02,pulse_order,0.05,group_matched_random_02,0.634765625,0.26953125,9c7fb83a3cca47b9a480
formal-02,pulse_order,0.05,group_matched_random_03,0.623046875,0.24609375,cc98ab38f2237ba3dcdd
formal-02,interval,0.035,random_search,0.802734375,0.60546875,b0f5101778e9da047f35
formal-02,interval,0.035,local_search,0.7578125,0.515625,9fc692c47b9e6154df93
formal-02,interval,0.035,population_search,0.8046875,0.609375,07f59fa2a48a0ffd847c
formal-02,interval,0.035,specialist_pool_0.035,0.8046875,0.609375,07f59fa2a48a0ffd847c
formal-02,interval,0.035,specialist_pool_0.05,0.7890625,0.578125,9ffc1da964cb415f4069
formal-02,interval,0.035,high_degree,0.71875,0.4375,e4ab880b2428270be98e
formal-02,interval,0.035,spectral,0.740234375,0.48046875,bf6ce135fd86eb557c52
formal-02,interval,0.035,input_energy_degree,0.666015625,0.33203125,7c244817e39889622dd4
formal-02,interval,0.035,input_quota_random,0.80859375,0.6171875,ae37f0703396b3cc1a6a
formal-02,interval,0.035,unselected_random_00,0.78515625,0.5703125,b9c6140573d0dd3ac0e2
formal-02,interval,0.035,unselected_random_01,0.791015625,0.58203125,bf7d63829dc6dc9e0c78
formal-02,interval,0.035,unselected_random_02,0.73828125,0.4765625,9c0b60b1a55e1491984a
formal-02,interval,0.035,unselected_random_03,0.77734375,0.5546875,9f440d74540b4006db90
formal-02,interval,0.035,unselected_random_04,0.83984375,0.6796875,3df2168e8fc21f5e0f74
formal-02,interval,0.035,unselected_random_05,0.7890625,0.578125,cf78497eeb6ab668a294
formal-02,interval,0.035,unselected_random_06,0.78515625,0.5703125,bde2765bdba6106449a2
formal-02,interval,0.035,unselected_random_07,0.78125,0.5625,11d5ccbe6abe0836d763
formal-02,interval,0.035,group_matched_random_00,0.81640625,0.6328125,2a12c6457ea2c3db1ca0
formal-02,interval,0.035,group_matched_random_01,0.8046875,0.609375,59ebc33ae1f914819605
formal-02,interval,0.035,group_matched_random_02,0.787109375,0.57421875,23930d7096bebb82e701
formal-02,interval,0.035,group_matched_random_03,0.748046875,0.49609375,2be13d70d20c52f4fbf2
formal-02,interval,0.05,random_search,0.876953125,0.75390625,b0f5101778e9da047f35
formal-02,interval,0.05,local_search,0.86328125,0.7265625,9fc692c47b9e6154df93
formal-02,interval,0.05,population_search,0.802734375,0.60546875,07f59fa2a48a0ffd847c
formal-02,interval,0.05,specialist_pool_0.035,0.802734375,0.60546875,07f59fa2a48a0ffd847c
formal-02,interval,0.05,specialist_pool_0.05,0.931640625,0.86328125,9ffc1da964cb415f4069
formal-02,interval,0.05,high_degree,0.8046875,0.609375,e4ab880b2428270be98e
formal-02,interval,0.05,spectral,0.810546875,0.62109375,bf6ce135fd86eb557c52
formal-02,interval,0.05,input_energy_degree,0.740234375,0.48046875,7c244817e39889622dd4
formal-02,interval,0.05,input_quota_random,0.80078125,0.6015625,ae37f0703396b3cc1a6a
formal-02,interval,0.05,unselected_random_00,0.875,0.75,b9c6140573d0dd3ac0e2
formal-02,interval,0.05,unselected_random_01,0.841796875,0.68359375,bf7d63829dc6dc9e0c78
formal-02,interval,0.05,unselected_random_02,0.86328125,0.7265625,9c0b60b1a55e1491984a
formal-02,interval,0.05,unselected_random_03,0.912109375,0.82421875,9f440d74540b4006db90
formal-02,interval,0.05,unselected_random_04,0.85546875,0.7109375,3df2168e8fc21f5e0f74
formal-02,interval,0.05,unselected_random_05,0.830078125,0.66015625,cf78497eeb6ab668a294
formal-02,interval,0.05,unselected_random_06,0.794921875,0.58984375,bde2765bdba6106449a2
formal-02,interval,0.05,unselected_random_07,0.837890625,0.67578125,11d5ccbe6abe0836d763
formal-02,interval,0.05,group_matched_random_00,0.798828125,0.59765625,2a12c6457ea2c3db1ca0
formal-02,interval,0.05,group_matched_random_01,0.81640625,0.6328125,59ebc33ae1f914819605
formal-02,interval,0.05,group_matched_random_02,0.865234375,0.73046875,23930d7096bebb82e701
formal-02,interval,0.05,group_matched_random_03,0.900390625,0.80078125,2be13d70d20c52f4fbf2
formal-02,evidence_accumulation,0.035,random_search,0.78125,0.5625,9c4090b64a203b29efba
formal-02,evidence_accumulation,0.035,local_search,0.78125,0.5625,9c4090b64a203b29efba
formal-02,evidence_accumulation,0.035,population_search,0.755859375,0.51171875,1656e5130f294d125855
formal-02,evidence_accumulation,0.035,specialist_pool_0.035,0.755859375,0.51171875,1656e5130f294d125855
formal-02,evidence_accumulation,0.035,specialist_pool_0.05,0.734375,0.46875,7c28d6cdab877d3a39f6
formal-02,evidence_accumulation,0.035,high_degree,0.748046875,0.49609375,e4ab880b2428270be98e
formal-02,evidence_accumulation,0.035,spectral,0.7578125,0.515625,bf6ce135fd86eb557c52
formal-02,evidence_accumulation,0.035,input_energy_degree,0.677734375,0.35546875,7c244817e39889622dd4
formal-02,evidence_accumulation,0.035,input_quota_random,0.732421875,0.46484375,1b4cadea01e94b5013c1
formal-02,evidence_accumulation,0.035,unselected_random_00,0.74609375,0.4921875,9748bfda32038b90af51
formal-02,evidence_accumulation,0.035,unselected_random_01,0.736328125,0.47265625,f81c5e0645819b7dbf33
formal-02,evidence_accumulation,0.035,unselected_random_02,0.740234375,0.48046875,02e19153f5a873e0b84b
formal-02,evidence_accumulation,0.035,unselected_random_03,0.783203125,0.56640625,3628d863c60621a65a49
formal-02,evidence_accumulation,0.035,unselected_random_04,0.748046875,0.49609375,b7d521c131394d7aad08
formal-02,evidence_accumulation,0.035,unselected_random_05,0.73828125,0.4765625,e214d960f94433db8d78
formal-02,evidence_accumulation,0.035,unselected_random_06,0.78125,0.5625,9c4090b64a203b29efba
formal-02,evidence_accumulation,0.035,unselected_random_07,0.783203125,0.56640625,2b84597863cbfd548d10
formal-02,evidence_accumulation,0.035,group_matched_random_00,0.763671875,0.52734375,86158652c5ffde64b434
formal-02,evidence_accumulation,0.035,group_matched_random_01,0.77734375,0.5546875,37f858ca67833a472e35
formal-02,evidence_accumulation,0.035,group_matched_random_02,0.728515625,0.45703125,68cba63a87fe44e973b2
formal-02,evidence_accumulation,0.035,group_matched_random_03,0.759765625,0.51953125,46ea1e19ccba03330e68
formal-02,evidence_accumulation,0.05,random_search,0.80859375,0.6171875,9c4090b64a203b29efba
formal-02,evidence_accumulation,0.05,local_search,0.80859375,0.6171875,9c4090b64a203b29efba
formal-02,evidence_accumulation,0.05,population_search,0.814453125,0.62890625,1656e5130f294d125855
formal-02,evidence_accumulation,0.05,specialist_pool_0.035,0.814453125,0.62890625,1656e5130f294d125855
formal-02,evidence_accumulation,0.05,specialist_pool_0.05,0.818359375,0.63671875,7c28d6cdab877d3a39f6
formal-02,evidence_accumulation,0.05,high_degree,0.806640625,0.61328125,e4ab880b2428270be98e
formal-02,evidence_accumulation,0.05,spectral,0.72265625,0.4453125,bf6ce135fd86eb557c52
formal-02,evidence_accumulation,0.05,input_energy_degree,0.748046875,0.49609375,7c244817e39889622dd4
formal-02,evidence_accumulation,0.05,input_quota_random,0.798828125,0.59765625,1b4cadea01e94b5013c1
formal-02,evidence_accumulation,0.05,unselected_random_00,0.806640625,0.61328125,9748bfda32038b90af51
formal-02,evidence_accumulation,0.05,unselected_random_01,0.806640625,0.61328125,f81c5e0645819b7dbf33
formal-02,evidence_accumulation,0.05,unselected_random_02,0.767578125,0.53515625,02e19153f5a873e0b84b
formal-02,evidence_accumulation,0.05,unselected_random_03,0.79296875,0.5859375,3628d863c60621a65a49
formal-02,evidence_accumulation,0.05,unselected_random_04,0.78515625,0.5703125,b7d521c131394d7aad08
formal-02,evidence_accumulation,0.05,unselected_random_05,0.794921875,0.58984375,e214d960f94433db8d78
formal-02,evidence_accumulation,0.05,unselected_random_06,0.80859375,0.6171875,9c4090b64a203b29efba
formal-02,evidence_accumulation,0.05,unselected_random_07,0.8203125,0.640625,2b84597863cbfd548d10
formal-02,evidence_accumulation,0.05,group_matched_random_00,0.775390625,0.55078125,86158652c5ffde64b434
formal-02,evidence_accumulation,0.05,group_matched_random_01,0.76953125,0.5390625,37f858ca67833a472e35
formal-02,evidence_accumulation,0.05,group_matched_random_02,0.78125,0.5625,68cba63a87fe44e973b2
formal-02,evidence_accumulation,0.05,group_matched_random_03,0.798828125,0.59765625,46ea1e19ccba03330e68
formal-02,context_recall,0.035,random_search,0.822265625,0.64453125,30bba850645e4ed35b02
formal-02,context_recall,0.035,local_search,0.828125,0.65625,9a5d26cb28e1d36d76b4
formal-02,context_recall,0.035,population_search,0.826171875,0.65234375,4a58ee2a82d82f904529
formal-02,context_recall,0.035,specialist_pool_0.035,0.826171875,0.65234375,4a58ee2a82d82f904529
formal-02,context_recall,0.035,specialist_pool_0.05,0.837890625,0.67578125,8dc8b504a341197a98bd
formal-02,context_recall,0.035,high_degree,0.83984375,0.6796875,e4ab880b2428270be98e
formal-02,context_recall,0.035,spectral,0.8203125,0.640625,bf6ce135fd86eb557c52
formal-02,context_recall,0.035,input_energy_degree,0.76171875,0.5234375,f44f66b1e12f0ca4ed75
formal-02,context_recall,0.035,input_quota_random,0.80859375,0.6171875,d732e25e0f7aa5be54b1
formal-02,context_recall,0.035,unselected_random_00,0.77734375,0.5546875,d553460ccefb85a3d6a3
formal-02,context_recall,0.035,unselected_random_01,0.80078125,0.6015625,08581cfba7adff7a61f9
formal-02,context_recall,0.035,unselected_random_02,0.8125,0.625,f9dabde634e48ba72b4d
formal-02,context_recall,0.035,unselected_random_03,0.80078125,0.6015625,96fac6909d641d38fa50
formal-02,context_recall,0.035,unselected_random_04,0.837890625,0.67578125,8dc8b504a341197a98bd
formal-02,context_recall,0.035,unselected_random_05,0.85546875,0.7109375,d5dbba19643eed572d59
formal-02,context_recall,0.035,unselected_random_06,0.8125,0.625,9469d4101b8fab6cc725
formal-02,context_recall,0.035,unselected_random_07,0.857421875,0.71484375,a15ef0232f1c60176c93
formal-02,context_recall,0.035,group_matched_random_00,0.81640625,0.6328125,1c4e7795976c4a47b16d
formal-02,context_recall,0.035,group_matched_random_01,0.818359375,0.63671875,8cf9631e9ddd20910284
formal-02,context_recall,0.035,group_matched_random_02,0.791015625,0.58203125,1538ecdf78bb55dee4fc
formal-02,context_recall,0.035,group_matched_random_03,0.802734375,0.60546875,46133d3641c6d6ac970b
formal-02,context_recall,0.05,random_search,0.939453125,0.87890625,30bba850645e4ed35b02
formal-02,context_recall,0.05,local_search,0.8828125,0.765625,9a5d26cb28e1d36d76b4
formal-02,context_recall,0.05,population_search,0.8984375,0.796875,4a58ee2a82d82f904529
formal-02,context_recall,0.05,specialist_pool_0.035,0.8984375,0.796875,4a58ee2a82d82f904529
formal-02,context_recall,0.05,specialist_pool_0.05,0.888671875,0.77734375,8dc8b504a341197a98bd
formal-02,context_recall,0.05,high_degree,0.8671875,0.734375,e4ab880b2428270be98e
formal-02,context_recall,0.05,spectral,0.88671875,0.7734375,bf6ce135fd86eb557c52
formal-02,context_recall,0.05,input_energy_degree,0.884765625,0.76953125,f44f66b1e12f0ca4ed75
formal-02,context_recall,0.05,input_quota_random,0.8984375,0.796875,d732e25e0f7aa5be54b1
formal-02,context_recall,0.05,unselected_random_00,0.859375,0.71875,d553460ccefb85a3d6a3
formal-02,context_recall,0.05,unselected_random_01,0.8515625,0.703125,08581cfba7adff7a61f9
formal-02,context_recall,0.05,unselected_random_02,0.890625,0.78125,f9dabde634e48ba72b4d
formal-02,context_recall,0.05,unselected_random_03,0.923828125,0.84765625,96fac6909d641d38fa50
formal-02,context_recall,0.05,unselected_random_04,0.888671875,0.77734375,8dc8b504a341197a98bd
formal-02,context_recall,0.05,unselected_random_05,0.90234375,0.8046875,d5dbba19643eed572d59
formal-02,context_recall,0.05,unselected_random_06,0.912109375,0.82421875,9469d4101b8fab6cc725
formal-02,context_recall,0.05,unselected_random_07,0.880859375,0.76171875,a15ef0232f1c60176c93
formal-02,context_recall,0.05,group_matched_random_00,0.8984375,0.796875,1c4e7795976c4a47b16d
formal-02,context_recall,0.05,group_matched_random_01,0.875,0.75,8cf9631e9ddd20910284
formal-02,context_recall,0.05,group_matched_random_02,0.896484375,0.79296875,1538ecdf78bb55dee4fc
formal-02,context_recall,0.05,group_matched_random_03,0.90234375,0.8046875,46133d3641c6d6ac970b
formal-03,delayed_recall,0.035,random_search,0.8957014325106831,0.8957014325106831,9bcc6fabaa9604b62e93
formal-03,delayed_recall,0.035,local_search,0.899077896297476,0.899077896297476,bfb010e8661d3e878186
formal-03,delayed_recall,0.035,population_search,0.9207536142776334,0.9207536142776334,3a8e8b9d64d576db60a6
formal-03,delayed_recall,0.035,specialist_pool_0.035,0.9207536142776334,0.9207536142776334,3a8e8b9d64d576db60a6
formal-03,delayed_recall,0.035,specialist_pool_0.05,0.8720955302635561,0.8720955302635561,ca7fb364efd7175ced46
formal-03,delayed_recall,0.035,high_degree,0.8209169602555499,0.8209169602555499,566773c5c4eb9342615f
formal-03,delayed_recall,0.035,spectral,0.8490852891882169,0.8490852891882169,c11e1089c73e018a2caa
formal-03,delayed_recall,0.035,input_energy_degree,0.9298954276912534,0.9298954276912534,4eb0e695461717226db4
formal-03,delayed_recall,0.035,input_quota_random,0.8917880824325156,0.8917880824325156,9e14a36076c5e5e177c5
formal-03,delayed_recall,0.035,unselected_random_00,0.915944517554354,0.915944517554354,ec6522a1ba0e4b095281
formal-03,delayed_recall,0.035,unselected_random_01,0.8656756890076511,0.8656756890076511,f1a2f5c1f1f6c7d87bb3
formal-03,delayed_recall,0.035,unselected_random_02,0.9055792059881608,0.9055792059881608,f3f404e2ff0f7100507c
formal-03,delayed_recall,0.035,unselected_random_03,0.8921254229330449,0.8921254229330449,ec691a4601ddb9826589
formal-03,delayed_recall,0.035,unselected_random_04,0.873894471067463,0.873894471067463,a97dc9f68c34c21cf9f2
formal-03,delayed_recall,0.035,unselected_random_05,0.8521707282187849,0.8521707282187849,508fab14106ba5f62821
formal-03,delayed_recall,0.035,unselected_random_06,0.8249253792565834,0.8249253792565834,2446df2db6f95d708061
formal-03,delayed_recall,0.035,unselected_random_07,0.883704163520602,0.883704163520602,d68ef9a99d98dbd9048f
formal-03,delayed_recall,0.035,group_matched_random_00,0.895247566039616,0.895247566039616,c3c185ee4bd1c876af91
formal-03,delayed_recall,0.035,group_matched_random_01,0.8995449995485445,0.8995449995485445,362d2a9af8173c62ffc4
formal-03,delayed_recall,0.035,group_matched_random_02,0.8868996645251372,0.8868996645251372,06ab6de4430b0b810a27
formal-03,delayed_recall,0.035,group_matched_random_03,0.8830038338870793,0.8830038338870793,97bb7f163b1e5db8ab52
formal-03,delayed_recall,0.05,random_search,0.918719817950208,0.918719817950208,9bcc6fabaa9604b62e93
formal-03,delayed_recall,0.05,local_search,0.8643746867265486,0.8643746867265486,bfb010e8661d3e878186
formal-03,delayed_recall,0.05,population_search,0.9270695556758266,0.9270695556758266,3a8e8b9d64d576db60a6
formal-03,delayed_recall,0.05,specialist_pool_0.035,0.9270695556758266,0.9270695556758266,3a8e8b9d64d576db60a6
formal-03,delayed_recall,0.05,specialist_pool_0.05,0.895022780556212,0.895022780556212,ca7fb364efd7175ced46
formal-03,delayed_recall,0.05,high_degree,0.8855975896368384,0.8855975896368384,566773c5c4eb9342615f
formal-03,delayed_recall,0.05,spectral,0.8552732181941215,0.8552732181941215,c11e1089c73e018a2caa
formal-03,delayed_recall,0.05,input_energy_degree,0.8785566731168809,0.8785566731168809,4eb0e695461717226db4
formal-03,delayed_recall,0.05,input_quota_random,0.915637742662794,0.915637742662794,9e14a36076c5e5e177c5
formal-03,delayed_recall,0.05,unselected_random_00,0.8915670761028578,0.8915670761028578,ec6522a1ba0e4b095281
formal-03,delayed_recall,0.05,unselected_random_01,0.8597997334703389,0.8597997334703389,f1a2f5c1f1f6c7d87bb3
formal-03,delayed_recall,0.05,unselected_random_02,0.9195014154133958,0.9195014154133958,f3f404e2ff0f7100507c
formal-03,delayed_recall,0.05,unselected_random_03,0.9070758328335461,0.9070758328335461,ec691a4601ddb9826589
formal-03,delayed_recall,0.05,unselected_random_04,0.9149987547718395,0.9149987547718395,a97dc9f68c34c21cf9f2
formal-03,delayed_recall,0.05,unselected_random_05,0.8831733796471494,0.8831733796471494,508fab14106ba5f62821
formal-03,delayed_recall,0.05,unselected_random_06,0.8765282159904458,0.8765282159904458,2446df2db6f95d708061
formal-03,delayed_recall,0.05,unselected_random_07,0.8993636207385542,0.8993636207385542,d68ef9a99d98dbd9048f
formal-03,delayed_recall,0.05,group_matched_random_00,0.8816030652306586,0.8816030652306586,c3c185ee4bd1c876af91
formal-03,delayed_recall,0.05,group_matched_random_01,0.9014961173391185,0.9014961173391185,362d2a9af8173c62ffc4
formal-03,delayed_recall,0.05,group_matched_random_02,0.8907664782322274,0.8907664782322274,06ab6de4430b0b810a27
formal-03,delayed_recall,0.05,group_matched_random_03,0.8964445153858887,0.8964445153858887,97bb7f163b1e5db8ab52
formal-03,nonlinear_integration,0.035,random_search,0.98828125,0.9765625,0b13f4e711b480ea5f23
formal-03,nonlinear_integration,0.035,local_search,0.955078125,0.91015625,5c01708eba82bdf99da0
formal-03,nonlinear_integration,0.035,population_search,0.998046875,0.99609375,9ca71a0cb78fa0a22b22
formal-03,nonlinear_integration,0.035,specialist_pool_0.035,0.986328125,0.97265625,2b9b4166506c7168a423
formal-03,nonlinear_integration,0.035,specialist_pool_0.05,0.9609375,0.921875,10e449c5e9a01ae59790
formal-03,nonlinear_integration,0.035,high_degree,0.923828125,0.84765625,566773c5c4eb9342615f
formal-03,nonlinear_integration,0.035,spectral,0.90234375,0.8046875,c11e1089c73e018a2caa
formal-03,nonlinear_integration,0.035,input_energy_degree,0.984375,0.96875,559d5e2b64d475f63594
formal-03,nonlinear_integration,0.035,input_quota_random,0.9609375,0.921875,fab839da6a3da713d186
formal-03,nonlinear_integration,0.035,unselected_random_00,0.970703125,0.94140625,1b7fc3c1a22b9df880a1
formal-03,nonlinear_integration,0.035,unselected_random_01,0.97265625,0.9453125,f9d056cc62dc788789cd
formal-03,nonlinear_integration,0.035,unselected_random_02,0.962890625,0.92578125,64e7bcd5ae7575b70f2f
formal-03,nonlinear_integration,0.035,unselected_random_03,0.939453125,0.87890625,ae2c03e113e3679fe546
formal-03,nonlinear_integration,0.035,unselected_random_04,0.9453125,0.890625,830e33d70f538a8ab6a4
formal-03,nonlinear_integration,0.035,unselected_random_05,0.98828125,0.9765625,5bb59071d49138a44c51
formal-03,nonlinear_integration,0.035,unselected_random_06,0.927734375,0.85546875,cce00ffb74a110995616
formal-03,nonlinear_integration,0.035,unselected_random_07,0.962890625,0.92578125,66cb3c5b3f51bb09bd44
formal-03,nonlinear_integration,0.035,group_matched_random_00,0.96875,0.9375,95626d69c2e205e86708
formal-03,nonlinear_integration,0.035,group_matched_random_01,0.9765625,0.953125,5ea97a72c6c407c94665
formal-03,nonlinear_integration,0.035,group_matched_random_02,0.966796875,0.93359375,9aed4f853b96cde3695d
formal-03,nonlinear_integration,0.035,group_matched_random_03,0.9453125,0.890625,524b9c07bbd8c49253ac
formal-03,nonlinear_integration,0.05,random_search,0.998046875,0.99609375,0b13f4e711b480ea5f23
formal-03,nonlinear_integration,0.05,local_search,0.998046875,0.99609375,5c01708eba82bdf99da0
formal-03,nonlinear_integration,0.05,population_search,0.998046875,0.99609375,9ca71a0cb78fa0a22b22
formal-03,nonlinear_integration,0.05,specialist_pool_0.035,0.994140625,0.98828125,2b9b4166506c7168a423
formal-03,nonlinear_integration,0.05,specialist_pool_0.05,1.0,1.0,10e449c5e9a01ae59790
formal-03,nonlinear_integration,0.05,high_degree,0.947265625,0.89453125,566773c5c4eb9342615f
formal-03,nonlinear_integration,0.05,spectral,0.951171875,0.90234375,c11e1089c73e018a2caa
formal-03,nonlinear_integration,0.05,input_energy_degree,0.98828125,0.9765625,559d5e2b64d475f63594
formal-03,nonlinear_integration,0.05,input_quota_random,0.990234375,0.98046875,fab839da6a3da713d186
formal-03,nonlinear_integration,0.05,unselected_random_00,0.98828125,0.9765625,1b7fc3c1a22b9df880a1
formal-03,nonlinear_integration,0.05,unselected_random_01,0.99609375,0.9921875,f9d056cc62dc788789cd
formal-03,nonlinear_integration,0.05,unselected_random_02,0.98046875,0.9609375,64e7bcd5ae7575b70f2f
formal-03,nonlinear_integration,0.05,unselected_random_03,0.98828125,0.9765625,ae2c03e113e3679fe546
formal-03,nonlinear_integration,0.05,unselected_random_04,0.98828125,0.9765625,830e33d70f538a8ab6a4
formal-03,nonlinear_integration,0.05,unselected_random_05,0.994140625,0.98828125,5bb59071d49138a44c51
formal-03,nonlinear_integration,0.05,unselected_random_06,0.978515625,0.95703125,cce00ffb74a110995616
formal-03,nonlinear_integration,0.05,unselected_random_07,1.0,1.0,66cb3c5b3f51bb09bd44
formal-03,nonlinear_integration,0.05,group_matched_random_00,0.9765625,0.953125,95626d69c2e205e86708
formal-03,nonlinear_integration,0.05,group_matched_random_01,0.9921875,0.984375,5ea97a72c6c407c94665
formal-03,nonlinear_integration,0.05,group_matched_random_02,0.98828125,0.9765625,9aed4f853b96cde3695d
formal-03,nonlinear_integration,0.05,group_matched_random_03,0.994140625,0.98828125,524b9c07bbd8c49253ac
formal-03,pulse_order,0.035,random_search,0.619140625,0.23828125,3950690a763d7372572d
formal-03,pulse_order,0.035,local_search,0.619140625,0.23828125,3950690a763d7372572d
formal-03,pulse_order,0.035,population_search,0.63671875,0.2734375,20049207c210684d286e
formal-03,pulse_order,0.035,specialist_pool_0.035,0.64453125,0.2890625,ac3e70e9ea291b7cf6ee
formal-03,pulse_order,0.035,specialist_pool_0.05,0.619140625,0.23828125,3950690a763d7372572d
formal-03,pulse_order,0.035,high_degree,0.62890625,0.2578125,566773c5c4eb9342615f
formal-03,pulse_order,0.035,spectral,0.619140625,0.23828125,c11e1089c73e018a2caa
formal-03,pulse_order,0.035,input_energy_degree,0.54296875,0.0859375,b6f780ee854f339b0f89
formal-03,pulse_order,0.035,input_quota_random,0.634765625,0.26953125,229d333ebb88143eb8b0
formal-03,pulse_order,0.035,unselected_random_00,0.640625,0.28125,e2591c5281745a194589
formal-03,pulse_order,0.035,unselected_random_01,0.60546875,0.2109375,ccb844a40a7a54d320c9
formal-03,pulse_order,0.035,unselected_random_02,0.6640625,0.328125,4754bc2790b32254b938
formal-03,pulse_order,0.035,unselected_random_03,0.603515625,0.20703125,783e2f727b9bc795c6e3
formal-03,pulse_order,0.035,unselected_random_04,0.619140625,0.23828125,3950690a763d7372572d
formal-03,pulse_order,0.035,unselected_random_05,0.642578125,0.28515625,549261ea0c499f88d5b5
formal-03,pulse_order,0.035,unselected_random_06,0.626953125,0.25390625,e4d56c51b9a895857898
formal-03,pulse_order,0.035,unselected_random_07,0.64453125,0.2890625,a1d589f8ba950eb5475b
formal-03,pulse_order,0.035,group_matched_random_00,0.58203125,0.1640625,0b6239ab82afda876c40
formal-03,pulse_order,0.035,group_matched_random_01,0.650390625,0.30078125,b68a3763c30b206d442f
formal-03,pulse_order,0.035,group_matched_random_02,0.591796875,0.18359375,32673dc6320068632a71
formal-03,pulse_order,0.035,group_matched_random_03,0.59375,0.1875,dd29745b8410318c7158
formal-03,pulse_order,0.05,random_search,0.626953125,0.25390625,3950690a763d7372572d
formal-03,pulse_order,0.05,local_search,0.626953125,0.25390625,3950690a763d7372572d
formal-03,pulse_order,0.05,population_search,0.658203125,0.31640625,20049207c210684d286e
formal-03,pulse_order,0.05,specialist_pool_0.035,0.666015625,0.33203125,ac3e70e9ea291b7cf6ee
formal-03,pulse_order,0.05,specialist_pool_0.05,0.626953125,0.25390625,3950690a763d7372572d
formal-03,pulse_order,0.05,high_degree,0.638671875,0.27734375,566773c5c4eb9342615f
formal-03,pulse_order,0.05,spectral,0.66796875,0.3359375,c11e1089c73e018a2caa
formal-03,pulse_order,0.05,input_energy_degree,0.6171875,0.234375,b6f780ee854f339b0f89
formal-03,pulse_order,0.05,input_quota_random,0.64453125,0.2890625,229d333ebb88143eb8b0
formal-03,pulse_order,0.05,unselected_random_00,0.619140625,0.23828125,e2591c5281745a194589
formal-03,pulse_order,0.05,unselected_random_01,0.6015625,0.203125,ccb844a40a7a54d320c9
formal-03,pulse_order,0.05,unselected_random_02,0.62890625,0.2578125,4754bc2790b32254b938
formal-03,pulse_order,0.05,unselected_random_03,0.61328125,0.2265625,783e2f727b9bc795c6e3
formal-03,pulse_order,0.05,unselected_random_04,0.626953125,0.25390625,3950690a763d7372572d
formal-03,pulse_order,0.05,unselected_random_05,0.6484375,0.296875,549261ea0c499f88d5b5
formal-03,pulse_order,0.05,unselected_random_06,0.6484375,0.296875,e4d56c51b9a895857898
formal-03,pulse_order,0.05,unselected_random_07,0.642578125,0.28515625,a1d589f8ba950eb5475b
formal-03,pulse_order,0.05,group_matched_random_00,0.646484375,0.29296875,0b6239ab82afda876c40
formal-03,pulse_order,0.05,group_matched_random_01,0.65625,0.3125,b68a3763c30b206d442f
formal-03,pulse_order,0.05,group_matched_random_02,0.62890625,0.2578125,32673dc6320068632a71
formal-03,pulse_order,0.05,group_matched_random_03,0.603515625,0.20703125,dd29745b8410318c7158
formal-03,interval,0.035,random_search,0.783203125,0.56640625,0409ba6297938a8707cb
formal-03,interval,0.035,local_search,0.783203125,0.56640625,0409ba6297938a8707cb
formal-03,interval,0.035,population_search,0.783203125,0.56640625,0409ba6297938a8707cb
formal-03,interval,0.035,specialist_pool_0.035,0.818359375,0.63671875,5b5e1058afa291885ee5
formal-03,interval,0.035,specialist_pool_0.05,0.75390625,0.5078125,6fc33645542c2881502a
formal-03,interval,0.035,high_degree,0.70703125,0.4140625,566773c5c4eb9342615f
formal-03,interval,0.035,spectral,0.716796875,0.43359375,c11e1089c73e018a2caa
formal-03,interval,0.035,input_energy_degree,0.65625,0.3125,4eb0e695461717226db4
formal-03,interval,0.035,input_quota_random,0.79296875,0.5859375,021c92a8c23cef068eda
formal-03,interval,0.035,unselected_random_00,0.77734375,0.5546875,8a6b4f299ff1cae43953
formal-03,interval,0.035,unselected_random_01,0.82421875,0.6484375,512ffc953a1ba6a5a16e
formal-03,interval,0.035,unselected_random_02,0.830078125,0.66015625,30f662ff88281f2a9b57
formal-03,interval,0.035,unselected_random_03,0.767578125,0.53515625,3b7e4b1788fe1c2341df
formal-03,interval,0.035,unselected_random_04,0.783203125,0.56640625,0409ba6297938a8707cb
formal-03,interval,0.035,unselected_random_05,0.77734375,0.5546875,b9c5bae5601a89e77977
formal-03,interval,0.035,unselected_random_06,0.76171875,0.5234375,cd9ce0be85a872c373a0
formal-03,interval,0.035,unselected_random_07,0.7734375,0.546875,bb8a0a0fc27b37ef3b6e
formal-03,interval,0.035,group_matched_random_00,0.71484375,0.4296875,ce4906ecca6dd13ab216
formal-03,interval,0.035,group_matched_random_01,0.7734375,0.546875,47537f315c4242a13527
formal-03,interval,0.035,group_matched_random_02,0.748046875,0.49609375,05a8275625889ecf58c4
formal-03,interval,0.035,group_matched_random_03,0.736328125,0.47265625,d23bb8722bbd6f86cb22
formal-03,interval,0.05,random_search,0.79296875,0.5859375,0409ba6297938a8707cb
formal-03,interval,0.05,local_search,0.79296875,0.5859375,0409ba6297938a8707cb
formal-03,interval,0.05,population_search,0.79296875,0.5859375,0409ba6297938a8707cb
formal-03,interval,0.05,specialist_pool_0.035,0.833984375,0.66796875,5b5e1058afa291885ee5
formal-03,interval,0.05,specialist_pool_0.05,0.814453125,0.62890625,6fc33645542c2881502a
formal-03,interval,0.05,high_degree,0.796875,0.59375,566773c5c4eb9342615f
formal-03,interval,0.05,spectral,0.80859375,0.6171875,c11e1089c73e018a2caa
formal-03,interval,0.05,input_energy_degree,0.7265625,0.453125,4eb0e695461717226db4
formal-03,interval,0.05,input_quota_random,0.7578125,0.515625,021c92a8c23cef068eda
formal-03,interval,0.05,unselected_random_00,0.8515625,0.703125,8a6b4f299ff1cae43953
formal-03,interval,0.05,unselected_random_01,0.8203125,0.640625,512ffc953a1ba6a5a16e
formal-03,interval,0.05,unselected_random_02,0.8125,0.625,30f662ff88281f2a9b57
formal-03,interval,0.05,unselected_random_03,0.80078125,0.6015625,3b7e4b1788fe1c2341df
formal-03,interval,0.05,unselected_random_04,0.79296875,0.5859375,0409ba6297938a8707cb
formal-03,interval,0.05,unselected_random_05,0.791015625,0.58203125,b9c5bae5601a89e77977
formal-03,interval,0.05,unselected_random_06,0.84765625,0.6953125,cd9ce0be85a872c373a0
formal-03,interval,0.05,unselected_random_07,0.814453125,0.62890625,bb8a0a0fc27b37ef3b6e
formal-03,interval,0.05,group_matched_random_00,0.853515625,0.70703125,ce4906ecca6dd13ab216
formal-03,interval,0.05,group_matched_random_01,0.8125,0.625,47537f315c4242a13527
formal-03,interval,0.05,group_matched_random_02,0.8046875,0.609375,05a8275625889ecf58c4
formal-03,interval,0.05,group_matched_random_03,0.79296875,0.5859375,d23bb8722bbd6f86cb22
formal-03,evidence_accumulation,0.035,random_search,0.736328125,0.47265625,d4b1d7da3bb4f4c1c52a
formal-03,evidence_accumulation,0.035,local_search,0.759765625,0.51953125,3cba9797860a82a5711a
formal-03,evidence_accumulation,0.035,population_search,0.78515625,0.5703125,ce463b344ca9a1a5373f
formal-03,evidence_accumulation,0.035,specialist_pool_0.035,0.775390625,0.55078125,2b0e256e2a56faf057f3
formal-03,evidence_accumulation,0.035,specialist_pool_0.05,0.763671875,0.52734375,a563909345f64c22d4d9
formal-03,evidence_accumulation,0.035,high_degree,0.76953125,0.5390625,566773c5c4eb9342615f
formal-03,evidence_accumulation,0.035,spectral,0.77734375,0.5546875,c11e1089c73e018a2caa
formal-03,evidence_accumulation,0.035,input_energy_degree,0.705078125,0.41015625,4eb0e695461717226db4
formal-03,evidence_accumulation,0.035,input_quota_random,0.724609375,0.44921875,2158e1b6dffce3fcb82c
formal-03,evidence_accumulation,0.035,unselected_random_00,0.755859375,0.51171875,e17c981dd3ddc1ec1d0e
formal-03,evidence_accumulation,0.035,unselected_random_01,0.763671875,0.52734375,5c1a27f7bbe9a782c9c8
formal-03,evidence_accumulation,0.035,unselected_random_02,0.7421875,0.484375,8a78864745da0e7a41a3
formal-03,evidence_accumulation,0.035,unselected_random_03,0.73046875,0.4609375,6d29fcb15733a827c244
formal-03,evidence_accumulation,0.035,unselected_random_04,0.75,0.5,6272632b5e69faa5a891
formal-03,evidence_accumulation,0.035,unselected_random_05,0.740234375,0.48046875,bcf3d33b6b7cdd6738b6
formal-03,evidence_accumulation,0.035,unselected_random_06,0.771484375,0.54296875,14a6ea9f72adde9a09dd
formal-03,evidence_accumulation,0.035,unselected_random_07,0.748046875,0.49609375,f8e576abf6d57771b2a3
formal-03,evidence_accumulation,0.035,group_matched_random_00,0.740234375,0.48046875,09f4b46a7221fb084856
formal-03,evidence_accumulation,0.035,group_matched_random_01,0.767578125,0.53515625,b94b44e0f30c19a5db03
formal-03,evidence_accumulation,0.035,group_matched_random_02,0.755859375,0.51171875,5ec10b4135ca8a57a57d
formal-03,evidence_accumulation,0.035,group_matched_random_03,0.77734375,0.5546875,f9e4c27267161992d3c0
formal-03,evidence_accumulation,0.05,random_search,0.802734375,0.60546875,d4b1d7da3bb4f4c1c52a
formal-03,evidence_accumulation,0.05,local_search,0.822265625,0.64453125,3cba9797860a82a5711a
formal-03,evidence_accumulation,0.05,population_search,0.798828125,0.59765625,ce463b344ca9a1a5373f
formal-03,evidence_accumulation,0.05,specialist_pool_0.035,0.771484375,0.54296875,2b0e256e2a56faf057f3
formal-03,evidence_accumulation,0.05,specialist_pool_0.05,0.791015625,0.58203125,a563909345f64c22d4d9
formal-03,evidence_accumulation,0.05,high_degree,0.78515625,0.5703125,566773c5c4eb9342615f
formal-03,evidence_accumulation,0.05,spectral,0.8125,0.625,c11e1089c73e018a2caa
formal-03,evidence_accumulation,0.05,input_energy_degree,0.740234375,0.48046875,4eb0e695461717226db4
formal-03,evidence_accumulation,0.05,input_quota_random,0.794921875,0.58984375,2158e1b6dffce3fcb82c
formal-03,evidence_accumulation,0.05,unselected_random_00,0.814453125,0.62890625,e17c981dd3ddc1ec1d0e
formal-03,evidence_accumulation,0.05,unselected_random_01,0.783203125,0.56640625,5c1a27f7bbe9a782c9c8
formal-03,evidence_accumulation,0.05,unselected_random_02,0.80078125,0.6015625,8a78864745da0e7a41a3
formal-03,evidence_accumulation,0.05,unselected_random_03,0.7734375,0.546875,6d29fcb15733a827c244
formal-03,evidence_accumulation,0.05,unselected_random_04,0.77734375,0.5546875,6272632b5e69faa5a891
formal-03,evidence_accumulation,0.05,unselected_random_05,0.751953125,0.50390625,bcf3d33b6b7cdd6738b6
formal-03,evidence_accumulation,0.05,unselected_random_06,0.802734375,0.60546875,14a6ea9f72adde9a09dd
formal-03,evidence_accumulation,0.05,unselected_random_07,0.787109375,0.57421875,f8e576abf6d57771b2a3
formal-03,evidence_accumulation,0.05,group_matched_random_00,0.80078125,0.6015625,09f4b46a7221fb084856
formal-03,evidence_accumulation,0.05,group_matched_random_01,0.8125,0.625,b94b44e0f30c19a5db03
formal-03,evidence_accumulation,0.05,group_matched_random_02,0.7890625,0.578125,5ec10b4135ca8a57a57d
formal-03,evidence_accumulation,0.05,group_matched_random_03,0.8125,0.625,f9e4c27267161992d3c0
formal-03,context_recall,0.035,random_search,0.865234375,0.73046875,0face962a0cd1bfa7f71
formal-03,context_recall,0.035,local_search,0.87890625,0.7578125,763fbda0b2fb495bcf38
formal-03,context_recall,0.035,population_search,0.87890625,0.7578125,763fbda0b2fb495bcf38
formal-03,context_recall,0.035,specialist_pool_0.035,0.84375,0.6875,503c799799a0ef3147d8
formal-03,context_recall,0.035,specialist_pool_0.05,0.84765625,0.6953125,9b9dfd865c628c65928c
formal-03,context_recall,0.035,high_degree,0.818359375,0.63671875,566773c5c4eb9342615f
formal-03,context_recall,0.035,spectral,0.8359375,0.671875,c11e1089c73e018a2caa
formal-03,context_recall,0.035,input_energy_degree,0.794921875,0.58984375,1b37134f6e996ea6e023
formal-03,context_recall,0.035,input_quota_random,0.828125,0.65625,7c61185a4465429add77
formal-03,context_recall,0.035,unselected_random_00,0.798828125,0.59765625,c3e8edd963f605a6bf34
formal-03,context_recall,0.035,unselected_random_01,0.84765625,0.6953125,58c1bbd023a06fc0f045
formal-03,context_recall,0.035,unselected_random_02,0.84765625,0.6953125,dab39b9245ecec1c8885
formal-03,context_recall,0.035,unselected_random_03,0.84375,0.6875,741d40eb17863e410b3b
formal-03,context_recall,0.035,unselected_random_04,0.87890625,0.7578125,763fbda0b2fb495bcf38
formal-03,context_recall,0.035,unselected_random_05,0.8515625,0.703125,407d52cc33eb1777fe1b
formal-03,context_recall,0.035,unselected_random_06,0.84765625,0.6953125,9b9dfd865c628c65928c
formal-03,context_recall,0.035,unselected_random_07,0.828125,0.65625,ec6d036691ecae5eecdb
formal-03,context_recall,0.035,group_matched_random_00,0.8203125,0.640625,31481c751492e4b1701d
formal-03,context_recall,0.035,group_matched_random_01,0.828125,0.65625,636cbc11be5aa5bfc136
formal-03,context_recall,0.035,group_matched_random_02,0.83203125,0.6640625,9df4ebabad915eb4ac1b
formal-03,context_recall,0.035,group_matched_random_03,0.859375,0.71875,2dba467aab83487f4309
formal-03,context_recall,0.05,random_search,0.875,0.75,0face962a0cd1bfa7f71
formal-03,context_recall,0.05,local_search,0.90234375,0.8046875,763fbda0b2fb495bcf38
formal-03,context_recall,0.05,population_search,0.90234375,0.8046875,763fbda0b2fb495bcf38
formal-03,context_recall,0.05,specialist_pool_0.035,0.865234375,0.73046875,503c799799a0ef3147d8
formal-03,context_recall,0.05,specialist_pool_0.05,0.8984375,0.796875,9b9dfd865c628c65928c
formal-03,context_recall,0.05,high_degree,0.888671875,0.77734375,566773c5c4eb9342615f
formal-03,context_recall,0.05,spectral,0.88671875,0.7734375,c11e1089c73e018a2caa
formal-03,context_recall,0.05,input_energy_degree,0.88671875,0.7734375,1b37134f6e996ea6e023
formal-03,context_recall,0.05,input_quota_random,0.89453125,0.7890625,7c61185a4465429add77
formal-03,context_recall,0.05,unselected_random_00,0.89453125,0.7890625,c3e8edd963f605a6bf34
formal-03,context_recall,0.05,unselected_random_01,0.845703125,0.69140625,58c1bbd023a06fc0f045
formal-03,context_recall,0.05,unselected_random_02,0.880859375,0.76171875,dab39b9245ecec1c8885
formal-03,context_recall,0.05,unselected_random_03,0.91796875,0.8359375,741d40eb17863e410b3b
formal-03,context_recall,0.05,unselected_random_04,0.90234375,0.8046875,763fbda0b2fb495bcf38
formal-03,context_recall,0.05,unselected_random_05,0.8828125,0.765625,407d52cc33eb1777fe1b
formal-03,context_recall,0.05,unselected_random_06,0.8984375,0.796875,9b9dfd865c628c65928c
formal-03,context_recall,0.05,unselected_random_07,0.939453125,0.87890625,ec6d036691ecae5eecdb
formal-03,context_recall,0.05,group_matched_random_00,0.916015625,0.83203125,31481c751492e4b1701d
formal-03,context_recall,0.05,group_matched_random_01,0.88671875,0.7734375,636cbc11be5aa5bfc136
formal-03,context_recall,0.05,group_matched_random_02,0.875,0.75,9df4ebabad915eb4ac1b
formal-03,context_recall,0.05,group_matched_random_03,0.923828125,0.84765625,2dba467aab83487f4309
formal-04,delayed_recall,0.035,random_search,0.9091198528542674,0.9091198528542674,ad2f710a478b67b2d2bb
formal-04,delayed_recall,0.035,local_search,0.9245178788149964,0.9245178788149964,a3772ddfdb1657d05c17
formal-04,delayed_recall,0.035,population_search,0.9091198528542674,0.9091198528542674,ad2f710a478b67b2d2bb
formal-04,delayed_recall,0.035,specialist_pool_0.035,0.897645064884014,0.897645064884014,b21625da2ac1e9d0fe70
formal-04,delayed_recall,0.035,specialist_pool_0.05,0.8734504719397096,0.8734504719397096,fcdda75db4a49c9b861a
formal-04,delayed_recall,0.035,high_degree,0.8760732525436978,0.8760732525436978,e25c73f463c9ddf71b87
formal-04,delayed_recall,0.035,spectral,0.878266413152913,0.878266413152913,f30ceaada6e3b5b87970
formal-04,delayed_recall,0.035,input_energy_degree,0.9118882097963186,0.9118882097963186,73e194588ba0f1b19cea
formal-04,delayed_recall,0.035,input_quota_random,0.8733191024748834,0.8733191024748834,87f59911e4b69ae8b70e
formal-04,delayed_recall,0.035,unselected_random_00,0.897645064884014,0.897645064884014,b21625da2ac1e9d0fe70
formal-04,delayed_recall,0.035,unselected_random_01,0.9146310893890622,0.9146310893890622,b654d58b2374cf65836d
formal-04,delayed_recall,0.035,unselected_random_02,0.6784929826249899,0.6784929826249899,808dd056f30512954e6f
formal-04,delayed_recall,0.035,unselected_random_03,0.8878120518638846,0.8878120518638846,532293fe0a6964909159
formal-04,delayed_recall,0.035,unselected_random_04,0.8990524053174009,0.8990524053174009,2c7cfea58f0ea6a3f91e
formal-04,delayed_recall,0.035,unselected_random_05,0.8985933344599615,0.8985933344599615,a02df1d44964534b1dc0
formal-04,delayed_recall,0.035,unselected_random_06,0.798389310262672,0.798389310262672,587487609c4aa7cd7044
formal-04,delayed_recall,0.035,unselected_random_07,0.9091198528542674,0.9091198528542674,ad2f710a478b67b2d2bb
formal-04,delayed_recall,0.035,group_matched_random_00,0.8706856287927123,0.8706856287927123,bca2709bdb6cf01f4d48
formal-04,delayed_recall,0.035,group_matched_random_01,0.8927562737202032,0.8927562737202032,bf132666034496967cdb
formal-04,delayed_recall,0.035,group_matched_random_02,0.8806746957612099,0.8806746957612099,d6ee4b94b5374879a2e9
formal-04,delayed_recall,0.035,group_matched_random_03,0.8987972142284512,0.8987972142284512,89428d8eba123c27c077
formal-04,delayed_recall,0.05,random_search,0.9101456197446731,0.9101456197446731,ad2f710a478b67b2d2bb
formal-04,delayed_recall,0.05,local_search,0.9200909766867711,0.9200909766867711,a3772ddfdb1657d05c17
formal-04,delayed_recall,0.05,population_search,0.9101456197446731,0.9101456197446731,ad2f710a478b67b2d2bb
formal-04,delayed_recall,0.05,specialist_pool_0.035,0.88868500077557,0.88868500077557,b21625da2ac1e9d0fe70
formal-04,delayed_recall,0.05,specialist_pool_0.05,0.9186798345553174,0.9186798345553174,fcdda75db4a49c9b861a
formal-04,delayed_recall,0.05,high_degree,0.8902767381021996,0.8902767381021996,e25c73f463c9ddf71b87
formal-04,delayed_recall,0.05,spectral,0.873475753720836,0.873475753720836,f30ceaada6e3b5b87970
formal-04,delayed_recall,0.05,input_energy_degree,0.8862893250392679,0.8862893250392679,73e194588ba0f1b19cea
formal-04,delayed_recall,0.05,input_quota_random,0.9037196679266827,0.9037196679266827,87f59911e4b69ae8b70e
formal-04,delayed_recall,0.05,unselected_random_00,0.88868500077557,0.88868500077557,b21625da2ac1e9d0fe70
formal-04,delayed_recall,0.05,unselected_random_01,0.9227889571428368,0.9227889571428368,b654d58b2374cf65836d
formal-04,delayed_recall,0.05,unselected_random_02,0.9084490234516808,0.9084490234516808,808dd056f30512954e6f
formal-04,delayed_recall,0.05,unselected_random_03,0.9092885189185433,0.9092885189185433,532293fe0a6964909159
formal-04,delayed_recall,0.05,unselected_random_04,0.8768762698107233,0.8768762698107233,2c7cfea58f0ea6a3f91e
formal-04,delayed_recall,0.05,unselected_random_05,0.9223927709380674,0.9223927709380674,a02df1d44964534b1dc0
formal-04,delayed_recall,0.05,unselected_random_06,0.8890428233673104,0.8890428233673104,587487609c4aa7cd7044
formal-04,delayed_recall,0.05,unselected_random_07,0.9101456197446731,0.9101456197446731,ad2f710a478b67b2d2bb
formal-04,delayed_recall,0.05,group_matched_random_00,0.8936264473682245,0.8936264473682245,bca2709bdb6cf01f4d48
formal-04,delayed_recall,0.05,group_matched_random_01,0.907116541013695,0.907116541013695,bf132666034496967cdb
formal-04,delayed_recall,0.05,group_matched_random_02,0.9180460589427579,0.9180460589427579,d6ee4b94b5374879a2e9
formal-04,delayed_recall,0.05,group_matched_random_03,0.8976576733759898,0.8976576733759898,89428d8eba123c27c077
formal-04,nonlinear_integration,0.035,random_search,0.98828125,0.9765625,496a2242347e1657a50c
formal-04,nonlinear_integration,0.035,local_search,0.98046875,0.9609375,619e519c724186518102
formal-04,nonlinear_integration,0.035,population_search,0.990234375,0.98046875,ef8044393e1d8562e8ef
formal-04,nonlinear_integration,0.035,specialist_pool_0.035,1.0,1.0,39fbcc58eb397edd1594
formal-04,nonlinear_integration,0.035,specialist_pool_0.05,0.966796875,0.93359375,0557af82319910b13be1
formal-04,nonlinear_integration,0.035,high_degree,0.884765625,0.76953125,e25c73f463c9ddf71b87
formal-04,nonlinear_integration,0.035,spectral,0.9140625,0.828125,f30ceaada6e3b5b87970
formal-04,nonlinear_integration,0.035,input_energy_degree,0.974609375,0.94921875,bd7c76a15947311d9ae3
formal-04,nonlinear_integration,0.035,input_quota_random,0.96875,0.9375,a7c4e406be8340e24d20
formal-04,nonlinear_integration,0.035,unselected_random_00,0.96484375,0.9296875,ce7f89470f94c941f1aa
formal-04,nonlinear_integration,0.035,unselected_random_01,0.974609375,0.94921875,1f6bd06d683085a2ec66
formal-04,nonlinear_integration,0.035,unselected_random_02,0.955078125,0.91015625,b71323a3a787c1789ddf
formal-04,nonlinear_integration,0.035,unselected_random_03,0.9765625,0.953125,f28933569d153abd4d56
formal-04,nonlinear_integration,0.035,unselected_random_04,0.958984375,0.91796875,26ca0394b7343ce9d8ec
formal-04,nonlinear_integration,0.035,unselected_random_05,0.951171875,0.90234375,7fe369ac60cbf9a1b014
formal-04,nonlinear_integration,0.035,unselected_random_06,0.982421875,0.96484375,9b3c60d2a934df219162
formal-04,nonlinear_integration,0.035,unselected_random_07,0.96484375,0.9296875,7b160faae7e75859fe12
formal-04,nonlinear_integration,0.035,group_matched_random_00,0.978515625,0.95703125,ff639b5482a2abfd07e3
formal-04,nonlinear_integration,0.035,group_matched_random_01,0.970703125,0.94140625,c1bb7e0eac8d8122cb14
formal-04,nonlinear_integration,0.035,group_matched_random_02,0.986328125,0.97265625,66236f10ea818cf27d52
formal-04,nonlinear_integration,0.035,group_matched_random_03,0.96875,0.9375,285f9a8f978eed6aec46
formal-04,nonlinear_integration,0.05,random_search,0.994140625,0.98828125,496a2242347e1657a50c
formal-04,nonlinear_integration,0.05,local_search,0.998046875,0.99609375,619e519c724186518102
formal-04,nonlinear_integration,0.05,population_search,0.990234375,0.98046875,ef8044393e1d8562e8ef
formal-04,nonlinear_integration,0.05,specialist_pool_0.035,0.998046875,0.99609375,39fbcc58eb397edd1594
formal-04,nonlinear_integration,0.05,specialist_pool_0.05,0.99609375,0.9921875,0557af82319910b13be1
formal-04,nonlinear_integration,0.05,high_degree,0.91015625,0.8203125,e25c73f463c9ddf71b87
formal-04,nonlinear_integration,0.05,spectral,0.943359375,0.88671875,f30ceaada6e3b5b87970
formal-04,nonlinear_integration,0.05,input_energy_degree,0.955078125,0.91015625,bd7c76a15947311d9ae3
formal-04,nonlinear_integration,0.05,input_quota_random,0.994140625,0.98828125,a7c4e406be8340e24d20
formal-04,nonlinear_integration,0.05,unselected_random_00,0.994140625,0.98828125,ce7f89470f94c941f1aa
formal-04,nonlinear_integration,0.05,unselected_random_01,0.9921875,0.984375,1f6bd06d683085a2ec66
formal-04,nonlinear_integration,0.05,unselected_random_02,0.9921875,0.984375,b71323a3a787c1789ddf
formal-04,nonlinear_integration,0.05,unselected_random_03,0.99609375,0.9921875,f28933569d153abd4d56
formal-04,nonlinear_integration,0.05,unselected_random_04,0.99609375,0.9921875,26ca0394b7343ce9d8ec
formal-04,nonlinear_integration,0.05,unselected_random_05,0.998046875,0.99609375,7fe369ac60cbf9a1b014
formal-04,nonlinear_integration,0.05,unselected_random_06,0.99609375,0.9921875,9b3c60d2a934df219162
formal-04,nonlinear_integration,0.05,unselected_random_07,0.984375,0.96875,7b160faae7e75859fe12
formal-04,nonlinear_integration,0.05,group_matched_random_00,0.998046875,0.99609375,ff639b5482a2abfd07e3
formal-04,nonlinear_integration,0.05,group_matched_random_01,0.9921875,0.984375,c1bb7e0eac8d8122cb14
formal-04,nonlinear_integration,0.05,group_matched_random_02,0.99609375,0.9921875,66236f10ea818cf27d52
formal-04,nonlinear_integration,0.05,group_matched_random_03,1.0,1.0,285f9a8f978eed6aec46
formal-04,pulse_order,0.035,random_search,0.6484375,0.296875,7ba7cea4fbc17d26438e
formal-04,pulse_order,0.035,local_search,0.609375,0.21875,1f09f032d1e272f7ad79
formal-04,pulse_order,0.035,population_search,0.623046875,0.24609375,f4d11194435dcd19d407
formal-04,pulse_order,0.035,specialist_pool_0.035,0.654296875,0.30859375,b5eca2c4207a33d0a578
formal-04,pulse_order,0.035,specialist_pool_0.05,0.623046875,0.24609375,f4d11194435dcd19d407
formal-04,pulse_order,0.035,high_degree,0.59375,0.1875,e25c73f463c9ddf71b87
formal-04,pulse_order,0.035,spectral,0.630859375,0.26171875,f30ceaada6e3b5b87970
formal-04,pulse_order,0.035,input_energy_degree,0.625,0.25,0ad88132e5c700836d55
formal-04,pulse_order,0.035,input_quota_random,0.646484375,0.29296875,e3c03b4507ecd0c15fc5
formal-04,pulse_order,0.035,unselected_random_00,0.642578125,0.28515625,09ea4114f9d3524c52d5
formal-04,pulse_order,0.035,unselected_random_01,0.6328125,0.265625,af64e9dedfaccdb8a56c
formal-04,pulse_order,0.035,unselected_random_02,0.62890625,0.2578125,6b61241e4ce8fb4b88f9
formal-04,pulse_order,0.035,unselected_random_03,0.65234375,0.3046875,d47866fa1e1fbf2ed27c
formal-04,pulse_order,0.035,unselected_random_04,0.60546875,0.2109375,ed9635423e604a22c1c9
formal-04,pulse_order,0.035,unselected_random_05,0.626953125,0.25390625,b731bfe1a7aa9e15f662
formal-04,pulse_order,0.035,unselected_random_06,0.595703125,0.19140625,79c410a1f3ef37423c28
formal-04,pulse_order,0.035,unselected_random_07,0.546875,0.09375,a0384dea5878be9d96f7
formal-04,pulse_order,0.035,group_matched_random_00,0.638671875,0.27734375,35babce208b0a22ccc9e
formal-04,pulse_order,0.035,group_matched_random_01,0.607421875,0.21484375,782a935691eb8c87a336
formal-04,pulse_order,0.035,group_matched_random_02,0.654296875,0.30859375,0879dbcc41881a42bef3
formal-04,pulse_order,0.035,group_matched_random_03,0.65625,0.3125,658c73cc88589541d565
formal-04,pulse_order,0.05,random_search,0.638671875,0.27734375,7ba7cea4fbc17d26438e
formal-04,pulse_order,0.05,local_search,0.623046875,0.24609375,1f09f032d1e272f7ad79
formal-04,pulse_order,0.05,population_search,0.6484375,0.296875,f4d11194435dcd19d407
formal-04,pulse_order,0.05,specialist_pool_0.035,0.6171875,0.234375,b5eca2c4207a33d0a578
formal-04,pulse_order,0.05,specialist_pool_0.05,0.6484375,0.296875,f4d11194435dcd19d407
formal-04,pulse_order,0.05,high_degree,0.66015625,0.3203125,e25c73f463c9ddf71b87
formal-04,pulse_order,0.05,spectral,0.662109375,0.32421875,f30ceaada6e3b5b87970
formal-04,pulse_order,0.05,input_energy_degree,0.6328125,0.265625,0ad88132e5c700836d55
formal-04,pulse_order,0.05,input_quota_random,0.607421875,0.21484375,e3c03b4507ecd0c15fc5
formal-04,pulse_order,0.05,unselected_random_00,0.609375,0.21875,09ea4114f9d3524c52d5
formal-04,pulse_order,0.05,unselected_random_01,0.650390625,0.30078125,af64e9dedfaccdb8a56c
formal-04,pulse_order,0.05,unselected_random_02,0.6328125,0.265625,6b61241e4ce8fb4b88f9
formal-04,pulse_order,0.05,unselected_random_03,0.62109375,0.2421875,d47866fa1e1fbf2ed27c
formal-04,pulse_order,0.05,unselected_random_04,0.62890625,0.2578125,ed9635423e604a22c1c9
formal-04,pulse_order,0.05,unselected_random_05,0.625,0.25,b731bfe1a7aa9e15f662
formal-04,pulse_order,0.05,unselected_random_06,0.62890625,0.2578125,79c410a1f3ef37423c28
formal-04,pulse_order,0.05,unselected_random_07,0.6875,0.375,a0384dea5878be9d96f7
formal-04,pulse_order,0.05,group_matched_random_00,0.64453125,0.2890625,35babce208b0a22ccc9e
formal-04,pulse_order,0.05,group_matched_random_01,0.646484375,0.29296875,782a935691eb8c87a336
formal-04,pulse_order,0.05,group_matched_random_02,0.6015625,0.203125,0879dbcc41881a42bef3
formal-04,pulse_order,0.05,group_matched_random_03,0.64453125,0.2890625,658c73cc88589541d565
formal-04,interval,0.035,random_search,0.79296875,0.5859375,f71dac94c6e3d90e867f
formal-04,interval,0.035,local_search,0.76171875,0.5234375,8a28786ca81963cbfa48
formal-04,interval,0.035,population_search,0.791015625,0.58203125,899bf59186ab998dd67b
formal-04,interval,0.035,specialist_pool_0.035,0.791015625,0.58203125,899bf59186ab998dd67b
formal-04,interval,0.035,specialist_pool_0.05,0.7890625,0.578125,54be19ebaf9d2298de59
formal-04,interval,0.035,high_degree,0.712890625,0.42578125,e25c73f463c9ddf71b87
formal-04,interval,0.035,spectral,0.701171875,0.40234375,f30ceaada6e3b5b87970
formal-04,interval,0.035,input_energy_degree,0.703125,0.40625,73e194588ba0f1b19cea
formal-04,interval,0.035,input_quota_random,0.740234375,0.48046875,95f0cc21d4a07e316d37
formal-04,interval,0.035,unselected_random_00,0.779296875,0.55859375,a182842d090e74946472
formal-04,interval,0.035,unselected_random_01,0.7890625,0.578125,4e9c93f65a0142dc34c4
formal-04,interval,0.035,unselected_random_02,0.7890625,0.578125,40c5818c5fe2b3400f92
formal-04,interval,0.035,unselected_random_03,0.783203125,0.56640625,f3f66d006875973e6ede
formal-04,interval,0.035,unselected_random_04,0.712890625,0.42578125,849b5abe087c456bfd7f
formal-04,interval,0.035,unselected_random_05,0.765625,0.53125,021d872ee0761514a567
formal-04,interval,0.035,unselected_random_06,0.783203125,0.56640625,4d2418f01b2f8dd8e8a0
formal-04,interval,0.035,unselected_random_07,0.78515625,0.5703125,211ba73cf1be5c94c082
formal-04,interval,0.035,group_matched_random_00,0.73046875,0.4609375,b5b9c6fce302ae993c81
formal-04,interval,0.035,group_matched_random_01,0.763671875,0.52734375,2760760059218eb1813e
formal-04,interval,0.035,group_matched_random_02,0.783203125,0.56640625,70b9dcd7e80cde115970
formal-04,interval,0.035,group_matched_random_03,0.744140625,0.48828125,62bd5af390c10b16fbc7
formal-04,interval,0.05,random_search,0.8359375,0.671875,f71dac94c6e3d90e867f
formal-04,interval,0.05,local_search,0.830078125,0.66015625,8a28786ca81963cbfa48
formal-04,interval,0.05,population_search,0.837890625,0.67578125,899bf59186ab998dd67b
formal-04,interval,0.05,specialist_pool_0.035,0.837890625,0.67578125,899bf59186ab998dd67b
formal-04,interval,0.05,specialist_pool_0.05,0.875,0.75,54be19ebaf9d2298de59
formal-04,interval,0.05,high_degree,0.77734375,0.5546875,e25c73f463c9ddf71b87
formal-04,interval,0.05,spectral,0.775390625,0.55078125,f30ceaada6e3b5b87970
formal-04,interval,0.05,input_energy_degree,0.701171875,0.40234375,73e194588ba0f1b19cea
formal-04,interval,0.05,input_quota_random,0.83984375,0.6796875,95f0cc21d4a07e316d37
formal-04,interval,0.05,unselected_random_00,0.806640625,0.61328125,a182842d090e74946472
formal-04,interval,0.05,unselected_random_01,0.865234375,0.73046875,4e9c93f65a0142dc34c4
formal-04,interval,0.05,unselected_random_02,0.837890625,0.67578125,40c5818c5fe2b3400f92
formal-04,interval,0.05,unselected_random_03,0.8046875,0.609375,f3f66d006875973e6ede
formal-04,interval,0.05,unselected_random_04,0.853515625,0.70703125,849b5abe087c456bfd7f
formal-04,interval,0.05,unselected_random_05,0.798828125,0.59765625,021d872ee0761514a567
formal-04,interval,0.05,unselected_random_06,0.8359375,0.671875,4d2418f01b2f8dd8e8a0
formal-04,interval,0.05,unselected_random_07,0.84765625,0.6953125,211ba73cf1be5c94c082
formal-04,interval,0.05,group_matched_random_00,0.818359375,0.63671875,b5b9c6fce302ae993c81
formal-04,interval,0.05,group_matched_random_01,0.8359375,0.671875,2760760059218eb1813e
formal-04,interval,0.05,group_matched_random_02,0.830078125,0.66015625,70b9dcd7e80cde115970
formal-04,interval,0.05,group_matched_random_03,0.810546875,0.62109375,62bd5af390c10b16fbc7
formal-04,evidence_accumulation,0.035,random_search,0.76953125,0.5390625,5ee20245debff3f45d5d
formal-04,evidence_accumulation,0.035,local_search,0.79296875,0.5859375,4f14ab2f52944e22ace7
formal-04,evidence_accumulation,0.035,population_search,0.771484375,0.54296875,b9f914cc0e33ec277f31
formal-04,evidence_accumulation,0.035,specialist_pool_0.035,0.771484375,0.54296875,b9f914cc0e33ec277f31
formal-04,evidence_accumulation,0.035,specialist_pool_0.05,0.73828125,0.4765625,d713737d77d20b9f0e65
formal-04,evidence_accumulation,0.035,high_degree,0.75,0.5,e25c73f463c9ddf71b87
formal-04,evidence_accumulation,0.035,spectral,0.763671875,0.52734375,f30ceaada6e3b5b87970
formal-04,evidence_accumulation,0.035,input_energy_degree,0.716796875,0.43359375,73e194588ba0f1b19cea
formal-04,evidence_accumulation,0.035,input_quota_random,0.75,0.5,7170b12e0839f161825a
formal-04,evidence_accumulation,0.035,unselected_random_00,0.75390625,0.5078125,f9be4e3f179075fbfc53
formal-04,evidence_accumulation,0.035,unselected_random_01,0.767578125,0.53515625,99b5ca29da800e67b7a6
formal-04,evidence_accumulation,0.035,unselected_random_02,0.759765625,0.51953125,7c1c03746fe43ea1c27a
formal-04,evidence_accumulation,0.035,unselected_random_03,0.787109375,0.57421875,d53810a88cc4bab5a9ff
formal-04,evidence_accumulation,0.035,unselected_random_04,0.765625,0.53125,e6560633909a6e32cb56
formal-04,evidence_accumulation,0.035,unselected_random_05,0.73828125,0.4765625,d713737d77d20b9f0e65
formal-04,evidence_accumulation,0.035,unselected_random_06,0.724609375,0.44921875,e1aae9651837a95ca13b
formal-04,evidence_accumulation,0.035,unselected_random_07,0.755859375,0.51171875,8d5b313a9291b8ee4b0f
formal-04,evidence_accumulation,0.035,group_matched_random_00,0.7578125,0.515625,c165897230ad7f6099c4
formal-04,evidence_accumulation,0.035,group_matched_random_01,0.810546875,0.62109375,bd76fbd264429d718f04
formal-04,evidence_accumulation,0.035,group_matched_random_02,0.7578125,0.515625,3aae54f375cc75bae4f7
formal-04,evidence_accumulation,0.035,group_matched_random_03,0.822265625,0.64453125,4c60b167ca816980c5a0
formal-04,evidence_accumulation,0.05,random_search,0.814453125,0.62890625,5ee20245debff3f45d5d
formal-04,evidence_accumulation,0.05,local_search,0.79296875,0.5859375,4f14ab2f52944e22ace7
formal-04,evidence_accumulation,0.05,population_search,0.78125,0.5625,b9f914cc0e33ec277f31
formal-04,evidence_accumulation,0.05,specialist_pool_0.035,0.78125,0.5625,b9f914cc0e33ec277f31
formal-04,evidence_accumulation,0.05,specialist_pool_0.05,0.783203125,0.56640625,d713737d77d20b9f0e65
formal-04,evidence_accumulation,0.05,high_degree,0.775390625,0.55078125,e25c73f463c9ddf71b87
formal-04,evidence_accumulation,0.05,spectral,0.724609375,0.44921875,f30ceaada6e3b5b87970
formal-04,evidence_accumulation,0.05,input_energy_degree,0.75,0.5,73e194588ba0f1b19cea
formal-04,evidence_accumulation,0.05,input_quota_random,0.763671875,0.52734375,7170b12e0839f161825a
formal-04,evidence_accumulation,0.05,unselected_random_00,0.765625,0.53125,f9be4e3f179075fbfc53
formal-04,evidence_accumulation,0.05,unselected_random_01,0.765625,0.53125,99b5ca29da800e67b7a6
formal-04,evidence_accumulation,0.05,unselected_random_02,0.791015625,0.58203125,7c1c03746fe43ea1c27a
formal-04,evidence_accumulation,0.05,unselected_random_03,0.822265625,0.64453125,d53810a88cc4bab5a9ff
formal-04,evidence_accumulation,0.05,unselected_random_04,0.779296875,0.55859375,e6560633909a6e32cb56
formal-04,evidence_accumulation,0.05,unselected_random_05,0.783203125,0.56640625,d713737d77d20b9f0e65
formal-04,evidence_accumulation,0.05,unselected_random_06,0.796875,0.59375,e1aae9651837a95ca13b
formal-04,evidence_accumulation,0.05,unselected_random_07,0.8046875,0.609375,8d5b313a9291b8ee4b0f
formal-04,evidence_accumulation,0.05,group_matched_random_00,0.82421875,0.6484375,c165897230ad7f6099c4
formal-04,evidence_accumulation,0.05,group_matched_random_01,0.796875,0.59375,bd76fbd264429d718f04
formal-04,evidence_accumulation,0.05,group_matched_random_02,0.81640625,0.6328125,3aae54f375cc75bae4f7
formal-04,evidence_accumulation,0.05,group_matched_random_03,0.794921875,0.58984375,4c60b167ca816980c5a0
formal-04,context_recall,0.035,random_search,0.876953125,0.75390625,b3bf2d97c28c5c2c8a26
formal-04,context_recall,0.035,local_search,0.859375,0.71875,d05a9fdaa0a651d9bd70
formal-04,context_recall,0.035,population_search,0.83203125,0.6640625,440283e8c4661194ac57
formal-04,context_recall,0.035,specialist_pool_0.035,0.83203125,0.6640625,440283e8c4661194ac57
formal-04,context_recall,0.035,specialist_pool_0.05,0.83203125,0.6640625,c434f8536d5964771b96
formal-04,context_recall,0.035,high_degree,0.828125,0.65625,e25c73f463c9ddf71b87
formal-04,context_recall,0.035,spectral,0.8515625,0.703125,f30ceaada6e3b5b87970
formal-04,context_recall,0.035,input_energy_degree,0.783203125,0.56640625,db04135187e498d4d8c4
formal-04,context_recall,0.035,input_quota_random,0.8359375,0.671875,710e971d10022e09b0d1
formal-04,context_recall,0.035,unselected_random_00,0.845703125,0.69140625,c828fe27ab8eb43e2669
formal-04,context_recall,0.035,unselected_random_01,0.83984375,0.6796875,deaed269c1b4c334ad16
formal-04,context_recall,0.035,unselected_random_02,0.837890625,0.67578125,9b6f450fc23620b1041d
formal-04,context_recall,0.035,unselected_random_03,0.80859375,0.6171875,f87d503657a5896ea184
formal-04,context_recall,0.035,unselected_random_04,0.818359375,0.63671875,7a2a9f7014fcc6937f97
formal-04,context_recall,0.035,unselected_random_05,0.876953125,0.75390625,b3bf2d97c28c5c2c8a26
formal-04,context_recall,0.035,unselected_random_06,0.80078125,0.6015625,d8164504e5088ebda23d
formal-04,context_recall,0.035,unselected_random_07,0.822265625,0.64453125,5b758dbad37c0215be45
formal-04,context_recall,0.035,group_matched_random_00,0.77734375,0.5546875,064929d6d689e8e23909
formal-04,context_recall,0.035,group_matched_random_01,0.841796875,0.68359375,be57a0dda4b357cae3a7
formal-04,context_recall,0.035,group_matched_random_02,0.8125,0.625,9aabdd764de41d8fc566
formal-04,context_recall,0.035,group_matched_random_03,0.853515625,0.70703125,b44bd712284ff5730f7b
formal-04,context_recall,0.05,random_search,0.90234375,0.8046875,b3bf2d97c28c5c2c8a26
formal-04,context_recall,0.05,local_search,0.908203125,0.81640625,d05a9fdaa0a651d9bd70
formal-04,context_recall,0.05,population_search,0.955078125,0.91015625,440283e8c4661194ac57
formal-04,context_recall,0.05,specialist_pool_0.035,0.955078125,0.91015625,440283e8c4661194ac57
formal-04,context_recall,0.05,specialist_pool_0.05,0.9375,0.875,c434f8536d5964771b96
formal-04,context_recall,0.05,high_degree,0.857421875,0.71484375,e25c73f463c9ddf71b87
formal-04,context_recall,0.05,spectral,0.88671875,0.7734375,f30ceaada6e3b5b87970
formal-04,context_recall,0.05,input_energy_degree,0.81640625,0.6328125,db04135187e498d4d8c4
formal-04,context_recall,0.05,input_quota_random,0.890625,0.78125,710e971d10022e09b0d1
formal-04,context_recall,0.05,unselected_random_00,0.92578125,0.8515625,c828fe27ab8eb43e2669
formal-04,context_recall,0.05,unselected_random_01,0.900390625,0.80078125,deaed269c1b4c334ad16
formal-04,context_recall,0.05,unselected_random_02,0.91015625,0.8203125,9b6f450fc23620b1041d
formal-04,context_recall,0.05,unselected_random_03,0.923828125,0.84765625,f87d503657a5896ea184
formal-04,context_recall,0.05,unselected_random_04,0.884765625,0.76953125,7a2a9f7014fcc6937f97
formal-04,context_recall,0.05,unselected_random_05,0.90234375,0.8046875,b3bf2d97c28c5c2c8a26
formal-04,context_recall,0.05,unselected_random_06,0.869140625,0.73828125,d8164504e5088ebda23d
formal-04,context_recall,0.05,unselected_random_07,0.876953125,0.75390625,5b758dbad37c0215be45
formal-04,context_recall,0.05,group_matched_random_00,0.8984375,0.796875,064929d6d689e8e23909
formal-04,context_recall,0.05,group_matched_random_01,0.9296875,0.859375,be57a0dda4b357cae3a7
formal-04,context_recall,0.05,group_matched_random_02,0.900390625,0.80078125,9aabdd764de41d8fc566
formal-04,context_recall,0.05,group_matched_random_03,0.8828125,0.765625,b44bd712284ff5730f7b
formal-05,delayed_recall,0.035,random_search,0.9271723851537763,0.9271723851537763,62deaf401080b73aaf3a
formal-05,delayed_recall,0.035,local_search,0.8805944084080297,0.8805944084080297,4c4adc0c7c7714f3a1fd
formal-05,delayed_recall,0.035,population_search,0.8929489461853685,0.8929489461853685,5be0b939edcf03325860
formal-05,delayed_recall,0.035,specialist_pool_0.035,0.9251501737239595,0.9251501737239595,886240d623ed1a93bc35
formal-05,delayed_recall,0.035,specialist_pool_0.05,0.8918130458902289,0.8918130458902289,126004bb8c75b1a6188b
formal-05,delayed_recall,0.035,high_degree,0.8891659345111173,0.8891659345111173,50d5ce3423b8eda4a607
formal-05,delayed_recall,0.035,spectral,0.8873714302635396,0.8873714302635396,01e23119b055f6db94b1
formal-05,delayed_recall,0.035,input_energy_degree,0.9298019723335401,0.9298019723335401,fd1c27431b575f076bf0
formal-05,delayed_recall,0.035,input_quota_random,0.8982240563582564,0.8982240563582564,82b9dcb16016c0aa5002
formal-05,delayed_recall,0.035,unselected_random_00,0.8853929516100939,0.8853929516100939,d6bc42b9cdc2da93ab52
formal-05,delayed_recall,0.035,unselected_random_01,0.8776749582256914,0.8776749582256914,e8c315b628ebe44f6e12
formal-05,delayed_recall,0.035,unselected_random_02,0.8853513299872547,0.8853513299872547,5d0680599b66d54afd05
formal-05,delayed_recall,0.035,unselected_random_03,0.8649542298528572,0.8649542298528572,09f99cd5d46e2a209061
formal-05,delayed_recall,0.035,unselected_random_04,0.8967961270626352,0.8967961270626352,9652a0e9477e9e0a53a2
formal-05,delayed_recall,0.035,unselected_random_05,0.891601792446397,0.891601792446397,51f6134111b354d84958
formal-05,delayed_recall,0.035,unselected_random_06,0.8754691148540359,0.8754691148540359,c852bbb996333c66c1f1
formal-05,delayed_recall,0.035,unselected_random_07,0.8488745967023039,0.8488745967023039,08302a3bc146fa24639c
formal-05,delayed_recall,0.035,group_matched_random_00,0.8896392620653732,0.8896392620653732,6984ed4928dbb83cfe8d
formal-05,delayed_recall,0.035,group_matched_random_01,0.8735841095954049,0.8735841095954049,17c173f9762086eca18e
formal-05,delayed_recall,0.035,group_matched_random_02,0.9248123007162022,0.9248123007162022,92bbcf152b6ebbb15b85
formal-05,delayed_recall,0.035,group_matched_random_03,0.9016904094706745,0.9016904094706745,341c15baa7257e4f707c
formal-05,delayed_recall,0.05,random_search,0.9052602556853597,0.9052602556853597,62deaf401080b73aaf3a
formal-05,delayed_recall,0.05,local_search,0.9298255253055855,0.9298255253055855,4c4adc0c7c7714f3a1fd
formal-05,delayed_recall,0.05,population_search,0.8972059553216903,0.8972059553216903,5be0b939edcf03325860
formal-05,delayed_recall,0.05,specialist_pool_0.035,0.9108659001333762,0.9108659001333762,886240d623ed1a93bc35
formal-05,delayed_recall,0.05,specialist_pool_0.05,0.9086684266492223,0.9086684266492223,126004bb8c75b1a6188b
formal-05,delayed_recall,0.05,high_degree,0.9277576347479154,0.9277576347479154,50d5ce3423b8eda4a607
formal-05,delayed_recall,0.05,spectral,0.9108702639499565,0.9108702639499565,01e23119b055f6db94b1
formal-05,delayed_recall,0.05,input_energy_degree,0.9068151297991008,0.9068151297991008,fd1c27431b575f076bf0
formal-05,delayed_recall,0.05,input_quota_random,0.9117554129829816,0.9117554129829816,82b9dcb16016c0aa5002
formal-05,delayed_recall,0.05,unselected_random_00,0.8948264693338837,0.8948264693338837,d6bc42b9cdc2da93ab52
formal-05,delayed_recall,0.05,unselected_random_01,0.9103587238032489,0.9103587238032489,e8c315b628ebe44f6e12
formal-05,delayed_recall,0.05,unselected_random_02,0.8902123287226447,0.8902123287226447,5d0680599b66d54afd05
formal-05,delayed_recall,0.05,unselected_random_03,0.9183071094229651,0.9183071094229651,09f99cd5d46e2a209061
formal-05,delayed_recall,0.05,unselected_random_04,0.8809347627294463,0.8809347627294463,9652a0e9477e9e0a53a2
formal-05,delayed_recall,0.05,unselected_random_05,0.9096933850415789,0.9096933850415789,51f6134111b354d84958
formal-05,delayed_recall,0.05,unselected_random_06,0.8624407616613545,0.8624407616613545,c852bbb996333c66c1f1
formal-05,delayed_recall,0.05,unselected_random_07,0.8787077455592639,0.8787077455592639,08302a3bc146fa24639c
formal-05,delayed_recall,0.05,group_matched_random_00,0.9141636821735869,0.9141636821735869,6984ed4928dbb83cfe8d
formal-05,delayed_recall,0.05,group_matched_random_01,0.8999306073436057,0.8999306073436057,17c173f9762086eca18e
formal-05,delayed_recall,0.05,group_matched_random_02,0.9092252024512592,0.9092252024512592,92bbcf152b6ebbb15b85
formal-05,delayed_recall,0.05,group_matched_random_03,0.9027888358867794,0.9027888358867794,341c15baa7257e4f707c
formal-05,nonlinear_integration,0.035,random_search,0.994140625,0.98828125,058a2417e6f40b3104c6
formal-05,nonlinear_integration,0.035,local_search,0.9765625,0.953125,12ce6d1f82b300200db8
formal-05,nonlinear_integration,0.035,population_search,0.98828125,0.9765625,0438c49bba6f050e51ff
formal-05,nonlinear_integration,0.035,specialist_pool_0.035,0.978515625,0.95703125,392fa40870ac6436a292
formal-05,nonlinear_integration,0.035,specialist_pool_0.05,0.984375,0.96875,01efb7587b6a21bbc3af
formal-05,nonlinear_integration,0.035,high_degree,0.94921875,0.8984375,73ef6d3c690d8a763f9a
formal-05,nonlinear_integration,0.035,spectral,0.94921875,0.8984375,01e23119b055f6db94b1
formal-05,nonlinear_integration,0.035,input_energy_degree,0.990234375,0.98046875,4557f983ee3b507d720d
formal-05,nonlinear_integration,0.035,input_quota_random,0.951171875,0.90234375,bc98c36ea13d6473a9ec
formal-05,nonlinear_integration,0.035,unselected_random_00,0.982421875,0.96484375,a41346909e903d287e33
formal-05,nonlinear_integration,0.035,unselected_random_01,0.97265625,0.9453125,250997d7ce93453fd2af
formal-05,nonlinear_integration,0.035,unselected_random_02,0.974609375,0.94921875,ce851b1d6c2071ab48d6
formal-05,nonlinear_integration,0.035,unselected_random_03,0.974609375,0.94921875,68c33301f22d6ea26347
formal-05,nonlinear_integration,0.035,unselected_random_04,0.98828125,0.9765625,0438c49bba6f050e51ff
formal-05,nonlinear_integration,0.035,unselected_random_05,0.94921875,0.8984375,a5252974aa61d0a627c6
formal-05,nonlinear_integration,0.035,unselected_random_06,0.998046875,0.99609375,3f9d8c71357baf8f31ff
formal-05,nonlinear_integration,0.035,unselected_random_07,0.98828125,0.9765625,abcb89ee2e8c1a4bdda7
formal-05,nonlinear_integration,0.035,group_matched_random_00,0.986328125,0.97265625,13295109e6fab07a8ade
formal-05,nonlinear_integration,0.035,group_matched_random_01,0.9765625,0.953125,06f0491c54639c3d88ea
formal-05,nonlinear_integration,0.035,group_matched_random_02,0.9921875,0.984375,292ed869522511f1441e
formal-05,nonlinear_integration,0.035,group_matched_random_03,0.953125,0.90625,1d9abe6c9649c44d95e4
formal-05,nonlinear_integration,0.05,random_search,0.998046875,0.99609375,058a2417e6f40b3104c6
formal-05,nonlinear_integration,0.05,local_search,0.994140625,0.98828125,12ce6d1f82b300200db8
formal-05,nonlinear_integration,0.05,population_search,0.9921875,0.984375,0438c49bba6f050e51ff
formal-05,nonlinear_integration,0.05,specialist_pool_0.035,0.984375,0.96875,392fa40870ac6436a292
formal-05,nonlinear_integration,0.05,specialist_pool_0.05,0.99609375,0.9921875,01efb7587b6a21bbc3af
formal-05,nonlinear_integration,0.05,high_degree,0.958984375,0.91796875,73ef6d3c690d8a763f9a
formal-05,nonlinear_integration,0.05,spectral,0.953125,0.90625,01e23119b055f6db94b1
formal-05,nonlinear_integration,0.05,input_energy_degree,0.990234375,0.98046875,4557f983ee3b507d720d
formal-05,nonlinear_integration,0.05,input_quota_random,0.990234375,0.98046875,bc98c36ea13d6473a9ec
formal-05,nonlinear_integration,0.05,unselected_random_00,0.994140625,0.98828125,a41346909e903d287e33
formal-05,nonlinear_integration,0.05,unselected_random_01,1.0,1.0,250997d7ce93453fd2af
formal-05,nonlinear_integration,0.05,unselected_random_02,0.984375,0.96875,ce851b1d6c2071ab48d6
formal-05,nonlinear_integration,0.05,unselected_random_03,0.998046875,0.99609375,68c33301f22d6ea26347
formal-05,nonlinear_integration,0.05,unselected_random_04,0.9921875,0.984375,0438c49bba6f050e51ff
formal-05,nonlinear_integration,0.05,unselected_random_05,0.9921875,0.984375,a5252974aa61d0a627c6
formal-05,nonlinear_integration,0.05,unselected_random_06,0.99609375,0.9921875,3f9d8c71357baf8f31ff
formal-05,nonlinear_integration,0.05,unselected_random_07,0.98828125,0.9765625,abcb89ee2e8c1a4bdda7
formal-05,nonlinear_integration,0.05,group_matched_random_00,1.0,1.0,13295109e6fab07a8ade
formal-05,nonlinear_integration,0.05,group_matched_random_01,0.990234375,0.98046875,06f0491c54639c3d88ea
formal-05,nonlinear_integration,0.05,group_matched_random_02,1.0,1.0,292ed869522511f1441e
formal-05,nonlinear_integration,0.05,group_matched_random_03,0.990234375,0.98046875,1d9abe6c9649c44d95e4
formal-05,pulse_order,0.035,random_search,0.642578125,0.28515625,46aafa7e7c002ecf5a04
formal-05,pulse_order,0.035,local_search,0.677734375,0.35546875,8a057bdeaac3418944b0
formal-05,pulse_order,0.035,population_search,0.677734375,0.35546875,8a057bdeaac3418944b0
formal-05,pulse_order,0.035,specialist_pool_0.035,0.623046875,0.24609375,5558acb0ea1b07e39ffc
formal-05,pulse_order,0.035,specialist_pool_0.05,0.65234375,0.3046875,e60fcc22f6dbb16d145b
formal-05,pulse_order,0.035,high_degree,0.59375,0.1875,73ef6d3c690d8a763f9a
formal-05,pulse_order,0.035,spectral,0.572265625,0.14453125,01e23119b055f6db94b1
formal-05,pulse_order,0.035,input_energy_degree,0.607421875,0.21484375,32deae753c12a4e44f2d
formal-05,pulse_order,0.035,input_quota_random,0.626953125,0.25390625,8fe37be74f70c8731901
formal-05,pulse_order,0.035,unselected_random_00,0.6328125,0.265625,f68d766e85a805fc7ee8
formal-05,pulse_order,0.035,unselected_random_01,0.6171875,0.234375,dcd4916524b366d0c504
formal-05,pulse_order,0.035,unselected_random_02,0.623046875,0.24609375,5558acb0ea1b07e39ffc
formal-05,pulse_order,0.035,unselected_random_03,0.587890625,0.17578125,b259b6f78d7f8d7a7e2f
formal-05,pulse_order,0.035,unselected_random_04,0.615234375,0.23046875,3337293077485e85c157
formal-05,pulse_order,0.035,unselected_random_05,0.63671875,0.2734375,4f240b837fa5a6aae8dc
formal-05,pulse_order,0.035,unselected_random_06,0.59375,0.1875,cce442b6e09ab875b5f6
formal-05,pulse_order,0.035,unselected_random_07,0.677734375,0.35546875,8a057bdeaac3418944b0
formal-05,pulse_order,0.035,group_matched_random_00,0.607421875,0.21484375,3f2e53a60923dc4b3099
formal-05,pulse_order,0.035,group_matched_random_01,0.583984375,0.16796875,7c12234e0c894b1855ca
formal-05,pulse_order,0.035,group_matched_random_02,0.58203125,0.1640625,cc437076978fe1f22116
formal-05,pulse_order,0.035,group_matched_random_03,0.599609375,0.19921875,10683ec2d1f63c572138
formal-05,pulse_order,0.05,random_search,0.609375,0.21875,46aafa7e7c002ecf5a04
formal-05,pulse_order,0.05,local_search,0.609375,0.21875,8a057bdeaac3418944b0
formal-05,pulse_order,0.05,population_search,0.609375,0.21875,8a057bdeaac3418944b0
formal-05,pulse_order,0.05,specialist_pool_0.035,0.646484375,0.29296875,5558acb0ea1b07e39ffc
formal-05,pulse_order,0.05,specialist_pool_0.05,0.6875,0.375,e60fcc22f6dbb16d145b
formal-05,pulse_order,0.05,high_degree,0.68359375,0.3671875,73ef6d3c690d8a763f9a
formal-05,pulse_order,0.05,spectral,0.62890625,0.2578125,01e23119b055f6db94b1
formal-05,pulse_order,0.05,input_energy_degree,0.630859375,0.26171875,32deae753c12a4e44f2d
formal-05,pulse_order,0.05,input_quota_random,0.611328125,0.22265625,8fe37be74f70c8731901
formal-05,pulse_order,0.05,unselected_random_00,0.62890625,0.2578125,f68d766e85a805fc7ee8
formal-05,pulse_order,0.05,unselected_random_01,0.609375,0.21875,dcd4916524b366d0c504
formal-05,pulse_order,0.05,unselected_random_02,0.646484375,0.29296875,5558acb0ea1b07e39ffc
formal-05,pulse_order,0.05,unselected_random_03,0.623046875,0.24609375,b259b6f78d7f8d7a7e2f
formal-05,pulse_order,0.05,unselected_random_04,0.634765625,0.26953125,3337293077485e85c157
formal-05,pulse_order,0.05,unselected_random_05,0.619140625,0.23828125,4f240b837fa5a6aae8dc
formal-05,pulse_order,0.05,unselected_random_06,0.650390625,0.30078125,cce442b6e09ab875b5f6
formal-05,pulse_order,0.05,unselected_random_07,0.609375,0.21875,8a057bdeaac3418944b0
formal-05,pulse_order,0.05,group_matched_random_00,0.6484375,0.296875,3f2e53a60923dc4b3099
formal-05,pulse_order,0.05,group_matched_random_01,0.6171875,0.234375,7c12234e0c894b1855ca
formal-05,pulse_order,0.05,group_matched_random_02,0.658203125,0.31640625,cc437076978fe1f22116
formal-05,pulse_order,0.05,group_matched_random_03,0.658203125,0.31640625,10683ec2d1f63c572138
formal-05,interval,0.035,random_search,0.759765625,0.51953125,86ceca12b4207d386989
formal-05,interval,0.035,local_search,0.775390625,0.55078125,375127f7e19da54c5924
formal-05,interval,0.035,population_search,0.798828125,0.59765625,3b7b684f98a71b7aa963
formal-05,interval,0.035,specialist_pool_0.035,0.775390625,0.55078125,5a908584f4322cb561cb
formal-05,interval,0.035,specialist_pool_0.05,0.765625,0.53125,f61944b366eea53027fd
formal-05,interval,0.035,high_degree,0.787109375,0.57421875,50d5ce3423b8eda4a607
formal-05,interval,0.035,spectral,0.74609375,0.4921875,01e23119b055f6db94b1
formal-05,interval,0.035,input_energy_degree,0.693359375,0.38671875,fd1c27431b575f076bf0
formal-05,interval,0.035,input_quota_random,0.71484375,0.4296875,d1a0eaa7d0e140daebc3
formal-05,interval,0.035,unselected_random_00,0.80859375,0.6171875,7685bb80b4196ab6de6f
formal-05,interval,0.035,unselected_random_01,0.775390625,0.55078125,5a908584f4322cb561cb
formal-05,interval,0.035,unselected_random_02,0.73046875,0.4609375,32f98e1fefd6cd22c1a3
formal-05,interval,0.035,unselected_random_03,0.77734375,0.5546875,0aafec363dc475a99153
formal-05,interval,0.035,unselected_random_04,0.7421875,0.484375,efdfc756bc5fc79c0a11
formal-05,interval,0.035,unselected_random_05,0.791015625,0.58203125,9f4adb9e824d00ecb117
formal-05,interval,0.035,unselected_random_06,0.734375,0.46875,86dff3b57dfd3684ba20
formal-05,interval,0.035,unselected_random_07,0.80078125,0.6015625,45c469b9ac3819a6306a
formal-05,interval,0.035,group_matched_random_00,0.759765625,0.51953125,aeb5ef317e41ee1209d2
formal-05,interval,0.035,group_matched_random_01,0.755859375,0.51171875,89f913c18f3a5c017876
formal-05,interval,0.035,group_matched_random_02,0.763671875,0.52734375,147eec4a987ced91e358
formal-05,interval,0.035,group_matched_random_03,0.787109375,0.57421875,ceb47adbbe06dc6a0619
formal-05,interval,0.05,random_search,0.779296875,0.55859375,86ceca12b4207d386989
formal-05,interval,0.05,local_search,0.828125,0.65625,375127f7e19da54c5924
formal-05,interval,0.05,population_search,0.798828125,0.59765625,3b7b684f98a71b7aa963
formal-05,interval,0.05,specialist_pool_0.035,0.826171875,0.65234375,5a908584f4322cb561cb
formal-05,interval,0.05,specialist_pool_0.05,0.853515625,0.70703125,f61944b366eea53027fd
formal-05,interval,0.05,high_degree,0.84375,0.6875,50d5ce3423b8eda4a607
formal-05,interval,0.05,spectral,0.830078125,0.66015625,01e23119b055f6db94b1
formal-05,interval,0.05,input_energy_degree,0.642578125,0.28515625,fd1c27431b575f076bf0
formal-05,interval,0.05,input_quota_random,0.8203125,0.640625,d1a0eaa7d0e140daebc3
formal-05,interval,0.05,unselected_random_00,0.85546875,0.7109375,7685bb80b4196ab6de6f
formal-05,interval,0.05,unselected_random_01,0.826171875,0.65234375,5a908584f4322cb561cb
formal-05,interval,0.05,unselected_random_02,0.818359375,0.63671875,32f98e1fefd6cd22c1a3
formal-05,interval,0.05,unselected_random_03,0.8046875,0.609375,0aafec363dc475a99153
formal-05,interval,0.05,unselected_random_04,0.85546875,0.7109375,efdfc756bc5fc79c0a11
formal-05,interval,0.05,unselected_random_05,0.796875,0.59375,9f4adb9e824d00ecb117
formal-05,interval,0.05,unselected_random_06,0.822265625,0.64453125,86dff3b57dfd3684ba20
formal-05,interval,0.05,unselected_random_07,0.822265625,0.64453125,45c469b9ac3819a6306a
formal-05,interval,0.05,group_matched_random_00,0.814453125,0.62890625,aeb5ef317e41ee1209d2
formal-05,interval,0.05,group_matched_random_01,0.833984375,0.66796875,89f913c18f3a5c017876
formal-05,interval,0.05,group_matched_random_02,0.822265625,0.64453125,147eec4a987ced91e358
formal-05,interval,0.05,group_matched_random_03,0.857421875,0.71484375,ceb47adbbe06dc6a0619
formal-05,evidence_accumulation,0.035,random_search,0.787109375,0.57421875,64429aa063034ba835df
formal-05,evidence_accumulation,0.035,local_search,0.748046875,0.49609375,94624e33fd2f939088f3
formal-05,evidence_accumulation,0.035,population_search,0.748046875,0.49609375,9ee60e227d6eb85a991c
formal-05,evidence_accumulation,0.035,specialist_pool_0.035,0.779296875,0.55859375,4c50a9fbe5b64d9c89bb
formal-05,evidence_accumulation,0.035,specialist_pool_0.05,0.76953125,0.5390625,888e589912178f458352
formal-05,evidence_accumulation,0.035,high_degree,0.744140625,0.48828125,73ef6d3c690d8a763f9a
formal-05,evidence_accumulation,0.035,spectral,0.744140625,0.48828125,01e23119b055f6db94b1
formal-05,evidence_accumulation,0.035,input_energy_degree,0.724609375,0.44921875,fd1c27431b575f076bf0
formal-05,evidence_accumulation,0.035,input_quota_random,0.794921875,0.58984375,f4029edb5c6b3121b9ea
formal-05,evidence_accumulation,0.035,unselected_random_00,0.74609375,0.4921875,4821efe92bf05ce6abca
formal-05,evidence_accumulation,0.035,unselected_random_01,0.75390625,0.5078125,2a5b41f8b1a47f7ef254
formal-05,evidence_accumulation,0.035,unselected_random_02,0.7265625,0.453125,ba9eca9c25a54dcdf4b8
formal-05,evidence_accumulation,0.035,unselected_random_03,0.748046875,0.49609375,5ffaebb9f0499585adbc
formal-05,evidence_accumulation,0.035,unselected_random_04,0.744140625,0.48828125,556760be6cbce82b286e
formal-05,evidence_accumulation,0.035,unselected_random_05,0.73828125,0.4765625,a62d6a63d27c267104ae
formal-05,evidence_accumulation,0.035,unselected_random_06,0.765625,0.53125,f8135dcec997bd22f154
formal-05,evidence_accumulation,0.035,unselected_random_07,0.73828125,0.4765625,b649be7faed95cd85679
formal-05,evidence_accumulation,0.035,group_matched_random_00,0.79296875,0.5859375,3cbe53d8ebb085299373
formal-05,evidence_accumulation,0.035,group_matched_random_01,0.775390625,0.55078125,c7dfdc3ef7218aaa587f
formal-05,evidence_accumulation,0.035,group_matched_random_02,0.77734375,0.5546875,b9f6abde79bc40f22ee9
formal-05,evidence_accumulation,0.035,group_matched_random_03,0.7578125,0.515625,3c9c1b5bf593f1eba62e
formal-05,evidence_accumulation,0.05,random_search,0.783203125,0.56640625,64429aa063034ba835df
formal-05,evidence_accumulation,0.05,local_search,0.779296875,0.55859375,94624e33fd2f939088f3
formal-05,evidence_accumulation,0.05,population_search,0.78515625,0.5703125,9ee60e227d6eb85a991c
formal-05,evidence_accumulation,0.05,specialist_pool_0.035,0.81640625,0.6328125,4c50a9fbe5b64d9c89bb
formal-05,evidence_accumulation,0.05,specialist_pool_0.05,0.80078125,0.6015625,888e589912178f458352
formal-05,evidence_accumulation,0.05,high_degree,0.79296875,0.5859375,73ef6d3c690d8a763f9a
formal-05,evidence_accumulation,0.05,spectral,0.787109375,0.57421875,01e23119b055f6db94b1
formal-05,evidence_accumulation,0.05,input_energy_degree,0.732421875,0.46484375,fd1c27431b575f076bf0
formal-05,evidence_accumulation,0.05,input_quota_random,0.79296875,0.5859375,f4029edb5c6b3121b9ea
formal-05,evidence_accumulation,0.05,unselected_random_00,0.78515625,0.5703125,4821efe92bf05ce6abca
formal-05,evidence_accumulation,0.05,unselected_random_01,0.794921875,0.58984375,2a5b41f8b1a47f7ef254
formal-05,evidence_accumulation,0.05,unselected_random_02,0.765625,0.53125,ba9eca9c25a54dcdf4b8
formal-05,evidence_accumulation,0.05,unselected_random_03,0.75390625,0.5078125,5ffaebb9f0499585adbc
formal-05,evidence_accumulation,0.05,unselected_random_04,0.8125,0.625,556760be6cbce82b286e
formal-05,evidence_accumulation,0.05,unselected_random_05,0.755859375,0.51171875,a62d6a63d27c267104ae
formal-05,evidence_accumulation,0.05,unselected_random_06,0.814453125,0.62890625,f8135dcec997bd22f154
formal-05,evidence_accumulation,0.05,unselected_random_07,0.76953125,0.5390625,b649be7faed95cd85679
formal-05,evidence_accumulation,0.05,group_matched_random_00,0.791015625,0.58203125,3cbe53d8ebb085299373
formal-05,evidence_accumulation,0.05,group_matched_random_01,0.78125,0.5625,c7dfdc3ef7218aaa587f
formal-05,evidence_accumulation,0.05,group_matched_random_02,0.8046875,0.609375,b9f6abde79bc40f22ee9
formal-05,evidence_accumulation,0.05,group_matched_random_03,0.79296875,0.5859375,3c9c1b5bf593f1eba62e
formal-05,context_recall,0.035,random_search,0.84765625,0.6953125,c0aa26de8b139c4ae92a
formal-05,context_recall,0.035,local_search,0.8671875,0.734375,5ade397313dbc83e295c
formal-05,context_recall,0.035,population_search,0.853515625,0.70703125,4ff99fe02d71f58ca060
formal-05,context_recall,0.035,specialist_pool_0.035,0.837890625,0.67578125,14ab7311ce24b1961e3a
formal-05,context_recall,0.035,specialist_pool_0.05,0.83984375,0.6796875,fc6d2fe034dfc5c3c207
formal-05,context_recall,0.035,high_degree,0.83203125,0.6640625,73ef6d3c690d8a763f9a
formal-05,context_recall,0.035,spectral,0.861328125,0.72265625,01e23119b055f6db94b1
formal-05,context_recall,0.035,input_energy_degree,0.82421875,0.6484375,3e0b771a44c168130071
formal-05,context_recall,0.035,input_quota_random,0.822265625,0.64453125,fcee4db1c6de966f9605
formal-05,context_recall,0.035,unselected_random_00,0.873046875,0.74609375,2260181a9177a0bb1e5d
formal-05,context_recall,0.035,unselected_random_01,0.841796875,0.68359375,43b5b78d21f0654456d9
formal-05,context_recall,0.035,unselected_random_02,0.8515625,0.703125,8702bcd97f349419f1e7
formal-05,context_recall,0.035,unselected_random_03,0.83984375,0.6796875,fc6d2fe034dfc5c3c207
formal-05,context_recall,0.035,unselected_random_04,0.814453125,0.62890625,3a33e94ad280e0ee1391
formal-05,context_recall,0.035,unselected_random_05,0.8359375,0.671875,08de441b5ec12be7d2ed
formal-05,context_recall,0.035,unselected_random_06,0.826171875,0.65234375,fc6c6adf06f3d25bd3cc
formal-05,context_recall,0.035,unselected_random_07,0.845703125,0.69140625,e2da0bb9ce3dc4c0e2e7
formal-05,context_recall,0.035,group_matched_random_00,0.833984375,0.66796875,97c81284c9c2b3e0e6e4
formal-05,context_recall,0.035,group_matched_random_01,0.83203125,0.6640625,30e704d0c7182708b33a
formal-05,context_recall,0.035,group_matched_random_02,0.8203125,0.640625,62b1a422cc0adc4d1f4c
formal-05,context_recall,0.035,group_matched_random_03,0.845703125,0.69140625,6a2c50462ae9fb49b787
formal-05,context_recall,0.05,random_search,0.90625,0.8125,c0aa26de8b139c4ae92a
formal-05,context_recall,0.05,local_search,0.931640625,0.86328125,5ade397313dbc83e295c
formal-05,context_recall,0.05,population_search,0.912109375,0.82421875,4ff99fe02d71f58ca060
formal-05,context_recall,0.05,specialist_pool_0.035,0.880859375,0.76171875,14ab7311ce24b1961e3a
formal-05,context_recall,0.05,specialist_pool_0.05,0.9296875,0.859375,fc6d2fe034dfc5c3c207
formal-05,context_recall,0.05,high_degree,0.884765625,0.76953125,73ef6d3c690d8a763f9a
formal-05,context_recall,0.05,spectral,0.85546875,0.7109375,01e23119b055f6db94b1
formal-05,context_recall,0.05,input_energy_degree,0.826171875,0.65234375,3e0b771a44c168130071
formal-05,context_recall,0.05,input_quota_random,0.935546875,0.87109375,fcee4db1c6de966f9605
formal-05,context_recall,0.05,unselected_random_00,0.875,0.75,2260181a9177a0bb1e5d
formal-05,context_recall,0.05,unselected_random_01,0.9140625,0.828125,43b5b78d21f0654456d9
formal-05,context_recall,0.05,unselected_random_02,0.927734375,0.85546875,8702bcd97f349419f1e7
formal-05,context_recall,0.05,unselected_random_03,0.9296875,0.859375,fc6d2fe034dfc5c3c207
formal-05,context_recall,0.05,unselected_random_04,0.876953125,0.75390625,3a33e94ad280e0ee1391
formal-05,context_recall,0.05,unselected_random_05,0.89453125,0.7890625,08de441b5ec12be7d2ed
formal-05,context_recall,0.05,unselected_random_06,0.890625,0.78125,fc6c6adf06f3d25bd3cc
formal-05,context_recall,0.05,unselected_random_07,0.89453125,0.7890625,e2da0bb9ce3dc4c0e2e7
formal-05,context_recall,0.05,group_matched_random_00,0.931640625,0.86328125,97c81284c9c2b3e0e6e4
formal-05,context_recall,0.05,group_matched_random_01,0.896484375,0.79296875,30e704d0c7182708b33a
formal-05,context_recall,0.05,group_matched_random_02,0.888671875,0.77734375,62b1a422cc0adc4d1f4c
formal-05,context_recall,0.05,group_matched_random_03,0.880859375,0.76171875,6a2c50462ae9fb49b787
formal-06,delayed_recall,0.035,random_search,0.9110740960788084,0.9110740960788084,e94b56ca0b4d56d5864f
formal-06,delayed_recall,0.035,local_search,0.8943060049334236,0.8943060049334236,b979cf08220b590a6237
formal-06,delayed_recall,0.035,population_search,0.9057114552918645,0.9057114552918645,084edbc92d23c65384fd
formal-06,delayed_recall,0.035,specialist_pool_0.035,0.9053493566380307,0.9053493566380307,cfddc282cb1653376044
formal-06,delayed_recall,0.035,specialist_pool_0.05,0.8841397424724108,0.8841397424724108,4d7103d5cac561f79978
formal-06,delayed_recall,0.035,high_degree,0.8965387313054958,0.8965387313054958,5510d2ef2b44bef6a946
formal-06,delayed_recall,0.035,spectral,0.8806588554277001,0.8806588554277001,1aad15428de706542b7c
formal-06,delayed_recall,0.035,input_energy_degree,0.9199813904945858,0.9199813904945858,e84647b63d11f8402cdf
formal-06,delayed_recall,0.035,input_quota_random,0.8866236761623243,0.8866236761623243,a1d5bea355e6c64f0ac5
formal-06,delayed_recall,0.035,unselected_random_00,0.8752935244597749,0.8752935244597749,77000b60a49bdc93377d
formal-06,delayed_recall,0.035,unselected_random_01,0.9046749057856208,0.9046749057856208,7aef81451cf0ac4b7f64
formal-06,delayed_recall,0.035,unselected_random_02,0.9020017090998456,0.9020017090998456,06b84817ef4a15d74471
formal-06,delayed_recall,0.035,unselected_random_03,0.8837907366705791,0.8837907366705791,772e1f6ca7d563f89154
formal-06,delayed_recall,0.035,unselected_random_04,0.8650429532073562,0.8650429532073562,b0fad2c743107f14d584
formal-06,delayed_recall,0.035,unselected_random_05,0.9042090734123922,0.9042090734123922,a89ee58735a1426d0262
formal-06,delayed_recall,0.035,unselected_random_06,0.8295627920929802,0.8295627920929802,b06bc971833696ffa8a4
formal-06,delayed_recall,0.035,unselected_random_07,0.8253336382171943,0.8253336382171943,c994f5cfb821f2b63a40
formal-06,delayed_recall,0.035,group_matched_random_00,0.8567637831997976,0.8567637831997976,7f4ee6fdd2491b8e0ec3
formal-06,delayed_recall,0.035,group_matched_random_01,0.896535507856361,0.896535507856361,8ab26069ae15451b1b6d
formal-06,delayed_recall,0.035,group_matched_random_02,0.8945227558941712,0.8945227558941712,7d5421774dc331c6c8e2
formal-06,delayed_recall,0.035,group_matched_random_03,0.903688449811652,0.903688449811652,bc1e9916459f46871ff1
formal-06,delayed_recall,0.05,random_search,0.917525421905962,0.917525421905962,e94b56ca0b4d56d5864f
formal-06,delayed_recall,0.05,local_search,0.8968548697839622,0.8968548697839622,b979cf08220b590a6237
formal-06,delayed_recall,0.05,population_search,0.9040497767874065,0.9040497767874065,084edbc92d23c65384fd
formal-06,delayed_recall,0.05,specialist_pool_0.035,0.9058181753811998,0.9058181753811998,cfddc282cb1653376044
formal-06,delayed_recall,0.05,specialist_pool_0.05,0.9346978037302522,0.9346978037302522,4d7103d5cac561f79978
formal-06,delayed_recall,0.05,high_degree,0.8639838981319486,0.8639838981319486,5510d2ef2b44bef6a946
formal-06,delayed_recall,0.05,spectral,0.8920192694197028,0.8920192694197028,1aad15428de706542b7c
formal-06,delayed_recall,0.05,input_energy_degree,0.861469774411022,0.861469774411022,e84647b63d11f8402cdf
formal-06,delayed_recall,0.05,input_quota_random,0.9094194585674767,0.9094194585674767,a1d5bea355e6c64f0ac5
formal-06,delayed_recall,0.05,unselected_random_00,0.9155291089366482,0.9155291089366482,77000b60a49bdc93377d
formal-06,delayed_recall,0.05,unselected_random_01,0.8762009309742745,0.8762009309742745,7aef81451cf0ac4b7f64
formal-06,delayed_recall,0.05,unselected_random_02,0.9249879265323981,0.9249879265323981,06b84817ef4a15d74471
formal-06,delayed_recall,0.05,unselected_random_03,0.902641628214799,0.902641628214799,772e1f6ca7d563f89154
formal-06,delayed_recall,0.05,unselected_random_04,0.8985763312957811,0.8985763312957811,b0fad2c743107f14d584
formal-06,delayed_recall,0.05,unselected_random_05,0.9072301831800388,0.9072301831800388,a89ee58735a1426d0262
formal-06,delayed_recall,0.05,unselected_random_06,0.9035368201966578,0.9035368201966578,b06bc971833696ffa8a4
formal-06,delayed_recall,0.05,unselected_random_07,0.9070889669152514,0.9070889669152514,c994f5cfb821f2b63a40
formal-06,delayed_recall,0.05,group_matched_random_00,0.9138531996430865,0.9138531996430865,7f4ee6fdd2491b8e0ec3
formal-06,delayed_recall,0.05,group_matched_random_01,0.8933716964912378,0.8933716964912378,8ab26069ae15451b1b6d
formal-06,delayed_recall,0.05,group_matched_random_02,0.9001254160998844,0.9001254160998844,7d5421774dc331c6c8e2
formal-06,delayed_recall,0.05,group_matched_random_03,0.8931783987678639,0.8931783987678639,bc1e9916459f46871ff1
formal-06,nonlinear_integration,0.035,random_search,0.9765625,0.953125,8b2648d00786b38c79a8
formal-06,nonlinear_integration,0.035,local_search,0.9921875,0.984375,03ad530529c5d3d7f764
formal-06,nonlinear_integration,0.035,population_search,0.978515625,0.95703125,8c2b8d85df0d03e752a9
formal-06,nonlinear_integration,0.035,specialist_pool_0.035,0.986328125,0.97265625,d42b47d4f5a1da28c45e
formal-06,nonlinear_integration,0.035,specialist_pool_0.05,0.96484375,0.9296875,0d1428caeb9b0951d5cb
formal-06,nonlinear_integration,0.035,high_degree,0.912109375,0.82421875,5510d2ef2b44bef6a946
formal-06,nonlinear_integration,0.035,spectral,0.958984375,0.91796875,1aad15428de706542b7c
formal-06,nonlinear_integration,0.035,input_energy_degree,0.96484375,0.9296875,33d5edab4029edb0c421
formal-06,nonlinear_integration,0.035,input_quota_random,0.95703125,0.9140625,46dfc67e1cb29732aa9d
formal-06,nonlinear_integration,0.035,unselected_random_00,0.94140625,0.8828125,c36ec43d58cbc618403b
formal-06,nonlinear_integration,0.035,unselected_random_01,0.96484375,0.9296875,78a0e39e9287cef50f69
formal-06,nonlinear_integration,0.035,unselected_random_02,0.98828125,0.9765625,79cbfc46f45352925a71
formal-06,nonlinear_integration,0.035,unselected_random_03,0.94921875,0.8984375,054550b113d301b88132
formal-06,nonlinear_integration,0.035,unselected_random_04,0.970703125,0.94140625,0fbc2afa8e651c536fe8
formal-06,nonlinear_integration,0.035,unselected_random_05,0.9765625,0.953125,2a7ad1759afbd41a141d
formal-06,nonlinear_integration,0.035,unselected_random_06,0.9765625,0.953125,4321d517363d9e880ad1
formal-06,nonlinear_integration,0.035,unselected_random_07,0.92578125,0.8515625,828ae24ef2ec0039b238
formal-06,nonlinear_integration,0.035,group_matched_random_00,0.931640625,0.86328125,3dd0e508f1af526a4ac1
formal-06,nonlinear_integration,0.035,group_matched_random_01,0.955078125,0.91015625,0c34d10401374b224994
formal-06,nonlinear_integration,0.035,group_matched_random_02,0.970703125,0.94140625,c5a6f58a5e4d6da619e6
formal-06,nonlinear_integration,0.035,group_matched_random_03,0.98046875,0.9609375,b0de8ad6fdbaf8ab8570
formal-06,nonlinear_integration,0.05,random_search,0.9921875,0.984375,8b2648d00786b38c79a8
formal-06,nonlinear_integration,0.05,local_search,0.998046875,0.99609375,03ad530529c5d3d7f764
formal-06,nonlinear_integration,0.05,population_search,0.96875,0.9375,8c2b8d85df0d03e752a9
formal-06,nonlinear_integration,0.05,specialist_pool_0.035,0.982421875,0.96484375,d42b47d4f5a1da28c45e
formal-06,nonlinear_integration,0.05,specialist_pool_0.05,0.994140625,0.98828125,0d1428caeb9b0951d5cb
formal-06,nonlinear_integration,0.05,high_degree,0.955078125,0.91015625,5510d2ef2b44bef6a946
formal-06,nonlinear_integration,0.05,spectral,0.888671875,0.77734375,1aad15428de706542b7c
formal-06,nonlinear_integration,0.05,input_energy_degree,0.982421875,0.96484375,33d5edab4029edb0c421
formal-06,nonlinear_integration,0.05,input_quota_random,0.990234375,0.98046875,46dfc67e1cb29732aa9d
formal-06,nonlinear_integration,0.05,unselected_random_00,0.984375,0.96875,c36ec43d58cbc618403b
formal-06,nonlinear_integration,0.05,unselected_random_01,0.984375,0.96875,78a0e39e9287cef50f69
formal-06,nonlinear_integration,0.05,unselected_random_02,0.99609375,0.9921875,79cbfc46f45352925a71
formal-06,nonlinear_integration,0.05,unselected_random_03,0.994140625,0.98828125,054550b113d301b88132
formal-06,nonlinear_integration,0.05,unselected_random_04,0.99609375,0.9921875,0fbc2afa8e651c536fe8
formal-06,nonlinear_integration,0.05,unselected_random_05,0.984375,0.96875,2a7ad1759afbd41a141d
formal-06,nonlinear_integration,0.05,unselected_random_06,0.986328125,0.97265625,4321d517363d9e880ad1
formal-06,nonlinear_integration,0.05,unselected_random_07,0.994140625,0.98828125,828ae24ef2ec0039b238
formal-06,nonlinear_integration,0.05,group_matched_random_00,0.962890625,0.92578125,3dd0e508f1af526a4ac1
formal-06,nonlinear_integration,0.05,group_matched_random_01,0.9921875,0.984375,0c34d10401374b224994
formal-06,nonlinear_integration,0.05,group_matched_random_02,0.96875,0.9375,c5a6f58a5e4d6da619e6
formal-06,nonlinear_integration,0.05,group_matched_random_03,0.98828125,0.9765625,b0de8ad6fdbaf8ab8570
formal-06,pulse_order,0.035,random_search,0.61328125,0.2265625,a4f5e13ec6ad2c4bd8df
formal-06,pulse_order,0.035,local_search,0.58203125,0.1640625,e3bf3ee5af0668ed91c9
formal-06,pulse_order,0.035,population_search,0.580078125,0.16015625,119a42d5185140d395aa
formal-06,pulse_order,0.035,specialist_pool_0.035,0.599609375,0.19921875,d1b5e1dff730a676442c
formal-06,pulse_order,0.035,specialist_pool_0.05,0.625,0.25,bf621eb2f691848abca5
formal-06,pulse_order,0.035,high_degree,0.623046875,0.24609375,5510d2ef2b44bef6a946
formal-06,pulse_order,0.035,spectral,0.607421875,0.21484375,1aad15428de706542b7c
formal-06,pulse_order,0.035,input_energy_degree,0.58984375,0.1796875,07e7c7178dcc3ae4148f
formal-06,pulse_order,0.035,input_quota_random,0.6171875,0.234375,70ef3fc31624b17e45ef
formal-06,pulse_order,0.035,unselected_random_00,0.66796875,0.3359375,888a9c1f70fddb5d6ebc
formal-06,pulse_order,0.035,unselected_random_01,0.615234375,0.23046875,66a212fd61abb9852737
formal-06,pulse_order,0.035,unselected_random_02,0.62890625,0.2578125,6ebefd35730889b69989
formal-06,pulse_order,0.035,unselected_random_03,0.654296875,0.30859375,20b79af0ea90d70f0072
formal-06,pulse_order,0.035,unselected_random_04,0.61328125,0.2265625,adb2ce5dcffff56b9973
formal-06,pulse_order,0.035,unselected_random_05,0.6484375,0.296875,db4140ed2b92955ec462
formal-06,pulse_order,0.035,unselected_random_06,0.619140625,0.23828125,e561362e29713978edeb
formal-06,pulse_order,0.035,unselected_random_07,0.625,0.25,aba01328d08f9da338f3
formal-06,pulse_order,0.035,group_matched_random_00,0.595703125,0.19140625,c25a5e889ca104faeea8
formal-06,pulse_order,0.035,group_matched_random_01,0.630859375,0.26171875,5eeb5d1e0ba54b3e9d37
formal-06,pulse_order,0.035,group_matched_random_02,0.595703125,0.19140625,c64fd193ca7dd0857d59
formal-06,pulse_order,0.035,group_matched_random_03,0.60546875,0.2109375,7763d0a138a62e72055f
formal-06,pulse_order,0.05,random_search,0.623046875,0.24609375,a4f5e13ec6ad2c4bd8df
formal-06,pulse_order,0.05,local_search,0.650390625,0.30078125,e3bf3ee5af0668ed91c9
formal-06,pulse_order,0.05,population_search,0.66796875,0.3359375,119a42d5185140d395aa
formal-06,pulse_order,0.05,specialist_pool_0.035,0.556640625,0.11328125,d1b5e1dff730a676442c
formal-06,pulse_order,0.05,specialist_pool_0.05,0.630859375,0.26171875,bf621eb2f691848abca5
formal-06,pulse_order,0.05,high_degree,0.70703125,0.4140625,5510d2ef2b44bef6a946
formal-06,pulse_order,0.05,spectral,0.650390625,0.30078125,1aad15428de706542b7c
formal-06,pulse_order,0.05,input_energy_degree,0.60546875,0.2109375,07e7c7178dcc3ae4148f
formal-06,pulse_order,0.05,input_quota_random,0.623046875,0.24609375,70ef3fc31624b17e45ef
formal-06,pulse_order,0.05,unselected_random_00,0.619140625,0.23828125,888a9c1f70fddb5d6ebc
formal-06,pulse_order,0.05,unselected_random_01,0.56640625,0.1328125,66a212fd61abb9852737
formal-06,pulse_order,0.05,unselected_random_02,0.638671875,0.27734375,6ebefd35730889b69989
formal-06,pulse_order,0.05,unselected_random_03,0.62109375,0.2421875,20b79af0ea90d70f0072
formal-06,pulse_order,0.05,unselected_random_04,0.66796875,0.3359375,adb2ce5dcffff56b9973
formal-06,pulse_order,0.05,unselected_random_05,0.61328125,0.2265625,db4140ed2b92955ec462
formal-06,pulse_order,0.05,unselected_random_06,0.64453125,0.2890625,e561362e29713978edeb
formal-06,pulse_order,0.05,unselected_random_07,0.6328125,0.265625,aba01328d08f9da338f3
formal-06,pulse_order,0.05,group_matched_random_00,0.587890625,0.17578125,c25a5e889ca104faeea8
formal-06,pulse_order,0.05,group_matched_random_01,0.625,0.25,5eeb5d1e0ba54b3e9d37
formal-06,pulse_order,0.05,group_matched_random_02,0.6015625,0.203125,c64fd193ca7dd0857d59
formal-06,pulse_order,0.05,group_matched_random_03,0.6171875,0.234375,7763d0a138a62e72055f
formal-06,interval,0.035,random_search,0.779296875,0.55859375,1ab6f5080df1ffc0a3a0
formal-06,interval,0.035,local_search,0.814453125,0.62890625,5306f7c96c5997dda121
formal-06,interval,0.035,population_search,0.796875,0.59375,76dc1d07f697dee61678
formal-06,interval,0.035,specialist_pool_0.035,0.796875,0.59375,76dc1d07f697dee61678
formal-06,interval,0.035,specialist_pool_0.05,0.80859375,0.6171875,7c9ac1572ff8f593218c
formal-06,interval,0.035,high_degree,0.7109375,0.421875,5510d2ef2b44bef6a946
formal-06,interval,0.035,spectral,0.6953125,0.390625,1aad15428de706542b7c
formal-06,interval,0.035,input_energy_degree,0.64453125,0.2890625,e84647b63d11f8402cdf
formal-06,interval,0.035,input_quota_random,0.7890625,0.578125,949ea445691585017f4b
formal-06,interval,0.035,unselected_random_00,0.740234375,0.48046875,18793045847c640952c7
formal-06,interval,0.035,unselected_random_01,0.720703125,0.44140625,a8f2df3becff0bfb0084
formal-06,interval,0.035,unselected_random_02,0.765625,0.53125,1841c9181a45823747b2
formal-06,interval,0.035,unselected_random_03,0.775390625,0.55078125,71126313c080485a586f
formal-06,interval,0.035,unselected_random_04,0.73828125,0.4765625,a712b063a0d62529a70c
formal-06,interval,0.035,unselected_random_05,0.748046875,0.49609375,b1b39ef5074ea29aa09f
formal-06,interval,0.035,unselected_random_06,0.708984375,0.41796875,a0b6135f2a6db9833b47
formal-06,interval,0.035,unselected_random_07,0.72265625,0.4453125,83cd8666e96794f8a74d
formal-06,interval,0.035,group_matched_random_00,0.8046875,0.609375,080f918c5446f054ae33
formal-06,interval,0.035,group_matched_random_01,0.732421875,0.46484375,3caa976c1ae6a9546692
formal-06,interval,0.035,group_matched_random_02,0.806640625,0.61328125,cfe9a371203062be54d9
formal-06,interval,0.035,group_matched_random_03,0.810546875,0.62109375,2042f4366a40483ba770
formal-06,interval,0.05,random_search,0.8515625,0.703125,1ab6f5080df1ffc0a3a0
formal-06,interval,0.05,local_search,0.810546875,0.62109375,5306f7c96c5997dda121
formal-06,interval,0.05,population_search,0.8125,0.625,76dc1d07f697dee61678
formal-06,interval,0.05,specialist_pool_0.035,0.8125,0.625,76dc1d07f697dee61678
formal-06,interval,0.05,specialist_pool_0.05,0.865234375,0.73046875,7c9ac1572ff8f593218c
formal-06,interval,0.05,high_degree,0.822265625,0.64453125,5510d2ef2b44bef6a946
formal-06,interval,0.05,spectral,0.79296875,0.5859375,1aad15428de706542b7c
formal-06,interval,0.05,input_energy_degree,0.693359375,0.38671875,e84647b63d11f8402cdf
formal-06,interval,0.05,input_quota_random,0.8125,0.625,949ea445691585017f4b
formal-06,interval,0.05,unselected_random_00,0.828125,0.65625,18793045847c640952c7
formal-06,interval,0.05,unselected_random_01,0.859375,0.71875,a8f2df3becff0bfb0084
formal-06,interval,0.05,unselected_random_02,0.861328125,0.72265625,1841c9181a45823747b2
formal-06,interval,0.05,unselected_random_03,0.853515625,0.70703125,71126313c080485a586f
formal-06,interval,0.05,unselected_random_04,0.8671875,0.734375,a712b063a0d62529a70c
formal-06,interval,0.05,unselected_random_05,0.806640625,0.61328125,b1b39ef5074ea29aa09f
formal-06,interval,0.05,unselected_random_06,0.837890625,0.67578125,a0b6135f2a6db9833b47
formal-06,interval,0.05,unselected_random_07,0.830078125,0.66015625,83cd8666e96794f8a74d
formal-06,interval,0.05,group_matched_random_00,0.81640625,0.6328125,080f918c5446f054ae33
formal-06,interval,0.05,group_matched_random_01,0.896484375,0.79296875,3caa976c1ae6a9546692
formal-06,interval,0.05,group_matched_random_02,0.8125,0.625,cfe9a371203062be54d9
formal-06,interval,0.05,group_matched_random_03,0.77734375,0.5546875,2042f4366a40483ba770
formal-06,evidence_accumulation,0.035,random_search,0.79296875,0.5859375,e8cb3616aa39710ed2f5
formal-06,evidence_accumulation,0.035,local_search,0.80078125,0.6015625,3b129f66dd1a79bd46b0
formal-06,evidence_accumulation,0.035,population_search,0.73828125,0.4765625,6c5276c508024301d958
formal-06,evidence_accumulation,0.035,specialist_pool_0.035,0.767578125,0.53515625,5d11ab32e7b899d8b4b8
formal-06,evidence_accumulation,0.035,specialist_pool_0.05,0.732421875,0.46484375,7550ce785882ac2af267
formal-06,evidence_accumulation,0.035,high_degree,0.7734375,0.546875,5510d2ef2b44bef6a946
formal-06,evidence_accumulation,0.035,spectral,0.787109375,0.57421875,1aad15428de706542b7c
formal-06,evidence_accumulation,0.035,input_energy_degree,0.72265625,0.4453125,e84647b63d11f8402cdf
formal-06,evidence_accumulation,0.035,input_quota_random,0.74609375,0.4921875,3334c7a25af01b2f7525
formal-06,evidence_accumulation,0.035,unselected_random_00,0.73828125,0.4765625,6c5276c508024301d958
formal-06,evidence_accumulation,0.035,unselected_random_01,0.734375,0.46875,2f40db940adffc8c323b
formal-06,evidence_accumulation,0.035,unselected_random_02,0.79296875,0.5859375,e8cb3616aa39710ed2f5
formal-06,evidence_accumulation,0.035,unselected_random_03,0.76953125,0.5390625,9af3458abe5a6e276f03
formal-06,evidence_accumulation,0.035,unselected_random_04,0.75,0.5,dfcb7897f8127043b441
formal-06,evidence_accumulation,0.035,unselected_random_05,0.7421875,0.484375,f23a154ae93d90125ed5
formal-06,evidence_accumulation,0.035,unselected_random_06,0.736328125,0.47265625,9ce58358def5ce4dc305
formal-06,evidence_accumulation,0.035,unselected_random_07,0.759765625,0.51953125,ff122edfb451bf6591ed
formal-06,evidence_accumulation,0.035,group_matched_random_00,0.705078125,0.41015625,d5a6072dd9c73b1d3043
formal-06,evidence_accumulation,0.035,group_matched_random_01,0.73828125,0.4765625,48c2e0cbdb67181db54e
formal-06,evidence_accumulation,0.035,group_matched_random_02,0.7421875,0.484375,193537d77b0d3739064e
formal-06,evidence_accumulation,0.035,group_matched_random_03,0.740234375,0.48046875,e3b5a7eb27caff92b64f
formal-06,evidence_accumulation,0.05,random_search,0.783203125,0.56640625,e8cb3616aa39710ed2f5
formal-06,evidence_accumulation,0.05,local_search,0.79296875,0.5859375,3b129f66dd1a79bd46b0
formal-06,evidence_accumulation,0.05,population_search,0.81640625,0.6328125,6c5276c508024301d958
formal-06,evidence_accumulation,0.05,specialist_pool_0.035,0.787109375,0.57421875,5d11ab32e7b899d8b4b8
formal-06,evidence_accumulation,0.05,specialist_pool_0.05,0.763671875,0.52734375,7550ce785882ac2af267
formal-06,evidence_accumulation,0.05,high_degree,0.802734375,0.60546875,5510d2ef2b44bef6a946
formal-06,evidence_accumulation,0.05,spectral,0.77734375,0.5546875,1aad15428de706542b7c
formal-06,evidence_accumulation,0.05,input_energy_degree,0.724609375,0.44921875,e84647b63d11f8402cdf
formal-06,evidence_accumulation,0.05,input_quota_random,0.80078125,0.6015625,3334c7a25af01b2f7525
formal-06,evidence_accumulation,0.05,unselected_random_00,0.81640625,0.6328125,6c5276c508024301d958
formal-06,evidence_accumulation,0.05,unselected_random_01,0.783203125,0.56640625,2f40db940adffc8c323b
formal-06,evidence_accumulation,0.05,unselected_random_02,0.783203125,0.56640625,e8cb3616aa39710ed2f5
formal-06,evidence_accumulation,0.05,unselected_random_03,0.80078125,0.6015625,9af3458abe5a6e276f03
formal-06,evidence_accumulation,0.05,unselected_random_04,0.794921875,0.58984375,dfcb7897f8127043b441
formal-06,evidence_accumulation,0.05,unselected_random_05,0.810546875,0.62109375,f23a154ae93d90125ed5
formal-06,evidence_accumulation,0.05,unselected_random_06,0.798828125,0.59765625,9ce58358def5ce4dc305
formal-06,evidence_accumulation,0.05,unselected_random_07,0.798828125,0.59765625,ff122edfb451bf6591ed
formal-06,evidence_accumulation,0.05,group_matched_random_00,0.814453125,0.62890625,d5a6072dd9c73b1d3043
formal-06,evidence_accumulation,0.05,group_matched_random_01,0.794921875,0.58984375,48c2e0cbdb67181db54e
formal-06,evidence_accumulation,0.05,group_matched_random_02,0.796875,0.59375,193537d77b0d3739064e
formal-06,evidence_accumulation,0.05,group_matched_random_03,0.791015625,0.58203125,e3b5a7eb27caff92b64f
formal-06,context_recall,0.035,random_search,0.859375,0.71875,9de72a515e9085f36b80
formal-06,context_recall,0.035,local_search,0.896484375,0.79296875,525565bbbaf1ff816634
formal-06,context_recall,0.035,population_search,0.859375,0.71875,9de72a515e9085f36b80
formal-06,context_recall,0.035,specialist_pool_0.035,0.859375,0.71875,9de72a515e9085f36b80
formal-06,context_recall,0.035,specialist_pool_0.05,0.828125,0.65625,cf9d736033d8eafdc759
formal-06,context_recall,0.035,high_degree,0.82421875,0.6484375,5510d2ef2b44bef6a946
formal-06,context_recall,0.035,spectral,0.86328125,0.7265625,1aad15428de706542b7c
formal-06,context_recall,0.035,input_energy_degree,0.814453125,0.62890625,a537fc4da9af45cee6f1
formal-06,context_recall,0.035,input_quota_random,0.806640625,0.61328125,44d3d280bc4689f92995
formal-06,context_recall,0.035,unselected_random_00,0.87890625,0.7578125,49e1204a081d12304d41
formal-06,context_recall,0.035,unselected_random_01,0.828125,0.65625,cf9d736033d8eafdc759
formal-06,context_recall,0.035,unselected_random_02,0.833984375,0.66796875,43d3aeba3c27fc9e5197
formal-06,context_recall,0.035,unselected_random_03,0.845703125,0.69140625,4278c7aebc119708222e
formal-06,context_recall,0.035,unselected_random_04,0.833984375,0.66796875,4bfe7e9c0996277eb6ba
formal-06,context_recall,0.035,unselected_random_05,0.859375,0.71875,9de72a515e9085f36b80
formal-06,context_recall,0.035,unselected_random_06,0.8515625,0.703125,04419652c48137820edd
formal-06,context_recall,0.035,unselected_random_07,0.8125,0.625,644b98b70b3368203210
formal-06,context_recall,0.035,group_matched_random_00,0.83984375,0.6796875,302738a0954db8620cd3
formal-06,context_recall,0.035,group_matched_random_01,0.8515625,0.703125,f4adc41543c292d9003b
formal-06,context_recall,0.035,group_matched_random_02,0.87109375,0.7421875,7438b1f73affab848acc
formal-06,context_recall,0.035,group_matched_random_03,0.84375,0.6875,edf210b6872a5516167c
formal-06,context_recall,0.05,random_search,0.919921875,0.83984375,9de72a515e9085f36b80
formal-06,context_recall,0.05,local_search,0.9375,0.875,525565bbbaf1ff816634
formal-06,context_recall,0.05,population_search,0.919921875,0.83984375,9de72a515e9085f36b80
formal-06,context_recall,0.05,specialist_pool_0.035,0.919921875,0.83984375,9de72a515e9085f36b80
formal-06,context_recall,0.05,specialist_pool_0.05,0.93359375,0.8671875,cf9d736033d8eafdc759
formal-06,context_recall,0.05,high_degree,0.87890625,0.7578125,5510d2ef2b44bef6a946
formal-06,context_recall,0.05,spectral,0.888671875,0.77734375,1aad15428de706542b7c
formal-06,context_recall,0.05,input_energy_degree,0.84765625,0.6953125,a537fc4da9af45cee6f1
formal-06,context_recall,0.05,input_quota_random,0.9375,0.875,44d3d280bc4689f92995
formal-06,context_recall,0.05,unselected_random_00,0.873046875,0.74609375,49e1204a081d12304d41
formal-06,context_recall,0.05,unselected_random_01,0.93359375,0.8671875,cf9d736033d8eafdc759
formal-06,context_recall,0.05,unselected_random_02,0.908203125,0.81640625,43d3aeba3c27fc9e5197
formal-06,context_recall,0.05,unselected_random_03,0.923828125,0.84765625,4278c7aebc119708222e
formal-06,context_recall,0.05,unselected_random_04,0.9296875,0.859375,4bfe7e9c0996277eb6ba
formal-06,context_recall,0.05,unselected_random_05,0.919921875,0.83984375,9de72a515e9085f36b80
formal-06,context_recall,0.05,unselected_random_06,0.92578125,0.8515625,04419652c48137820edd
formal-06,context_recall,0.05,unselected_random_07,0.927734375,0.85546875,644b98b70b3368203210
formal-06,context_recall,0.05,group_matched_random_00,0.908203125,0.81640625,302738a0954db8620cd3
formal-06,context_recall,0.05,group_matched_random_01,0.908203125,0.81640625,f4adc41543c292d9003b
formal-06,context_recall,0.05,group_matched_random_02,0.912109375,0.82421875,7438b1f73affab848acc
formal-06,context_recall,0.05,group_matched_random_03,0.91796875,0.8359375,edf210b6872a5516167c
formal-07,delayed_recall,0.035,random_search,0.9097665718155743,0.9097665718155743,2c695a80c02eec1fb947
formal-07,delayed_recall,0.035,local_search,0.9124458092394443,0.9124458092394443,005313478b16ebce70b2
formal-07,delayed_recall,0.035,population_search,0.926638613009571,0.926638613009571,88658183c2fe75a869fe
formal-07,delayed_recall,0.035,specialist_pool_0.035,0.9330649380226768,0.9330649380226768,5af58d01973091fc3bfc
formal-07,delayed_recall,0.035,specialist_pool_0.05,0.879821852432078,0.879821852432078,3387f84aa30a1832021b
formal-07,delayed_recall,0.035,high_degree,0.906542416601703,0.906542416601703,18bd84d01bb6b7ad29ad
formal-07,delayed_recall,0.035,spectral,0.89860296823038,0.89860296823038,afd94b5af879bba571e6
formal-07,delayed_recall,0.035,input_energy_degree,0.9312288502954904,0.9312288502954904,f0a8c4fdc7acb6d84c70
formal-07,delayed_recall,0.035,input_quota_random,0.9079165906800517,0.9079165906800517,4ba711081127d60b519e
formal-07,delayed_recall,0.035,unselected_random_00,0.879821852432078,0.879821852432078,3387f84aa30a1832021b
formal-07,delayed_recall,0.035,unselected_random_01,0.9021851203555923,0.9021851203555923,f3e8b344f21b0654c9a9
formal-07,delayed_recall,0.035,unselected_random_02,0.9022488909240345,0.9022488909240345,85716ce14048940f4b38
formal-07,delayed_recall,0.035,unselected_random_03,0.8734008946954284,0.8734008946954284,0fe9db42916ca10a2372
formal-07,delayed_recall,0.035,unselected_random_04,0.8982754383325515,0.8982754383325515,65724aa35fbc9b546a42
formal-07,delayed_recall,0.035,unselected_random_05,0.9050057177889125,0.9050057177889125,9934c502c29a2563ea9f
formal-07,delayed_recall,0.035,unselected_random_06,0.8855177097770155,0.8855177097770155,28a4ad3906fadb4c4d4d
formal-07,delayed_recall,0.035,unselected_random_07,0.8925169268835202,0.8925169268835202,ff6c122d7aa1d542b646
formal-07,delayed_recall,0.035,group_matched_random_00,0.910700583191529,0.910700583191529,9704fd8ecaeb297f24cd
formal-07,delayed_recall,0.035,group_matched_random_01,0.8990306907637011,0.8990306907637011,ca9441cbe0ceb1227c85
formal-07,delayed_recall,0.035,group_matched_random_02,0.8824796283051816,0.8824796283051816,885ffad5cb859f87f222
formal-07,delayed_recall,0.035,group_matched_random_03,0.911861445922626,0.911861445922626,40b248b899c7335ed6a7
formal-07,delayed_recall,0.05,random_search,0.9240115048985276,0.9240115048985276,2c695a80c02eec1fb947
formal-07,delayed_recall,0.05,local_search,0.9155457513262102,0.9155457513262102,005313478b16ebce70b2
formal-07,delayed_recall,0.05,population_search,0.9231308573873959,0.9231308573873959,88658183c2fe75a869fe
formal-07,delayed_recall,0.05,specialist_pool_0.035,0.9073344305450184,0.9073344305450184,5af58d01973091fc3bfc
formal-07,delayed_recall,0.05,specialist_pool_0.05,0.9145417576634475,0.9145417576634475,3387f84aa30a1832021b
formal-07,delayed_recall,0.05,high_degree,0.9044440836498131,0.9044440836498131,18bd84d01bb6b7ad29ad
formal-07,delayed_recall,0.05,spectral,0.8885277402739596,0.8885277402739596,afd94b5af879bba571e6
formal-07,delayed_recall,0.05,input_energy_degree,0.8927875625202271,0.8927875625202271,f0a8c4fdc7acb6d84c70
formal-07,delayed_recall,0.05,input_quota_random,0.9213095064745886,0.9213095064745886,4ba711081127d60b519e
formal-07,delayed_recall,0.05,unselected_random_00,0.9145417576634475,0.9145417576634475,3387f84aa30a1832021b
formal-07,delayed_recall,0.05,unselected_random_01,0.9067124140558916,0.9067124140558916,f3e8b344f21b0654c9a9
formal-07,delayed_recall,0.05,unselected_random_02,0.8970228108940989,0.8970228108940989,85716ce14048940f4b38
formal-07,delayed_recall,0.05,unselected_random_03,0.9099921072964623,0.9099921072964623,0fe9db42916ca10a2372
formal-07,delayed_recall,0.05,unselected_random_04,0.9179694997498687,0.9179694997498687,65724aa35fbc9b546a42
formal-07,delayed_recall,0.05,unselected_random_05,0.9094083313759103,0.9094083313759103,9934c502c29a2563ea9f
formal-07,delayed_recall,0.05,unselected_random_06,0.9249944448218689,0.9249944448218689,28a4ad3906fadb4c4d4d
formal-07,delayed_recall,0.05,unselected_random_07,0.9096945035848205,0.9096945035848205,ff6c122d7aa1d542b646
formal-07,delayed_recall,0.05,group_matched_random_00,0.8924088862350998,0.8924088862350998,9704fd8ecaeb297f24cd
formal-07,delayed_recall,0.05,group_matched_random_01,0.9289148286266085,0.9289148286266085,ca9441cbe0ceb1227c85
formal-07,delayed_recall,0.05,group_matched_random_02,0.9233630880895287,0.9233630880895287,885ffad5cb859f87f222
formal-07,delayed_recall,0.05,group_matched_random_03,0.9304147728847751,0.9304147728847751,40b248b899c7335ed6a7
formal-07,nonlinear_integration,0.035,random_search,0.99609375,0.9921875,0f306596bdca99e0d252
formal-07,nonlinear_integration,0.035,local_search,0.9921875,0.984375,92f08da16962abbf3619
formal-07,nonlinear_integration,0.035,population_search,0.9921875,0.984375,e029a5b41ff3bb591db3
formal-07,nonlinear_integration,0.035,specialist_pool_0.035,0.9921875,0.984375,aefc33fe5a8c3521dba9
formal-07,nonlinear_integration,0.035,specialist_pool_0.05,0.994140625,0.98828125,458a9e5e3331c152eb9a
formal-07,nonlinear_integration,0.035,high_degree,0.947265625,0.89453125,18bd84d01bb6b7ad29ad
formal-07,nonlinear_integration,0.035,spectral,0.9453125,0.890625,afd94b5af879bba571e6
formal-07,nonlinear_integration,0.035,input_energy_degree,0.91015625,0.8203125,2e03e0c86e1de168df2f
formal-07,nonlinear_integration,0.035,input_quota_random,0.947265625,0.89453125,b0a3676caf134c3ff61c
formal-07,nonlinear_integration,0.035,unselected_random_00,0.9921875,0.984375,e6d0a671704656f674ac
formal-07,nonlinear_integration,0.035,unselected_random_01,0.96875,0.9375,1155d44147706f2a6893
formal-07,nonlinear_integration,0.035,unselected_random_02,0.970703125,0.94140625,653af4b8ef2ad5a71bec
formal-07,nonlinear_integration,0.035,unselected_random_03,0.962890625,0.92578125,f5175e7fc8282d365c18
formal-07,nonlinear_integration,0.035,unselected_random_04,0.982421875,0.96484375,fe407a855109a9f1c8f7
formal-07,nonlinear_integration,0.035,unselected_random_05,0.9921875,0.984375,e029a5b41ff3bb591db3
formal-07,nonlinear_integration,0.035,unselected_random_06,0.990234375,0.98046875,8e707fb1281ed3009a1d
formal-07,nonlinear_integration,0.035,unselected_random_07,0.984375,0.96875,bfc010b32338f39eafa6
formal-07,nonlinear_integration,0.035,group_matched_random_00,0.958984375,0.91796875,c07d5d775d4a352b03bf
formal-07,nonlinear_integration,0.035,group_matched_random_01,0.9765625,0.953125,d753e55a6d14b5310f0f
formal-07,nonlinear_integration,0.035,group_matched_random_02,0.990234375,0.98046875,ab8a4ead4b11bf509fb2
formal-07,nonlinear_integration,0.035,group_matched_random_03,0.970703125,0.94140625,78193306e6784948b3f2
formal-07,nonlinear_integration,0.05,random_search,1.0,1.0,0f306596bdca99e0d252
formal-07,nonlinear_integration,0.05,local_search,0.99609375,0.9921875,92f08da16962abbf3619
formal-07,nonlinear_integration,0.05,population_search,0.998046875,0.99609375,e029a5b41ff3bb591db3
formal-07,nonlinear_integration,0.05,specialist_pool_0.035,0.990234375,0.98046875,aefc33fe5a8c3521dba9
formal-07,nonlinear_integration,0.05,specialist_pool_0.05,0.998046875,0.99609375,458a9e5e3331c152eb9a
formal-07,nonlinear_integration,0.05,high_degree,0.9296875,0.859375,18bd84d01bb6b7ad29ad
formal-07,nonlinear_integration,0.05,spectral,0.912109375,0.82421875,afd94b5af879bba571e6
formal-07,nonlinear_integration,0.05,input_energy_degree,0.974609375,0.94921875,2e03e0c86e1de168df2f
formal-07,nonlinear_integration,0.05,input_quota_random,0.986328125,0.97265625,b0a3676caf134c3ff61c
formal-07,nonlinear_integration,0.05,unselected_random_00,0.998046875,0.99609375,e6d0a671704656f674ac
formal-07,nonlinear_integration,0.05,unselected_random_01,0.98828125,0.9765625,1155d44147706f2a6893
formal-07,nonlinear_integration,0.05,unselected_random_02,0.986328125,0.97265625,653af4b8ef2ad5a71bec
formal-07,nonlinear_integration,0.05,unselected_random_03,0.978515625,0.95703125,f5175e7fc8282d365c18
formal-07,nonlinear_integration,0.05,unselected_random_04,0.998046875,0.99609375,fe407a855109a9f1c8f7
formal-07,nonlinear_integration,0.05,unselected_random_05,0.998046875,0.99609375,e029a5b41ff3bb591db3
formal-07,nonlinear_integration,0.05,unselected_random_06,0.986328125,0.97265625,8e707fb1281ed3009a1d
formal-07,nonlinear_integration,0.05,unselected_random_07,0.9921875,0.984375,bfc010b32338f39eafa6
formal-07,nonlinear_integration,0.05,group_matched_random_00,1.0,1.0,c07d5d775d4a352b03bf
formal-07,nonlinear_integration,0.05,group_matched_random_01,0.994140625,0.98828125,d753e55a6d14b5310f0f
formal-07,nonlinear_integration,0.05,group_matched_random_02,0.978515625,0.95703125,ab8a4ead4b11bf509fb2
formal-07,nonlinear_integration,0.05,group_matched_random_03,0.970703125,0.94140625,78193306e6784948b3f2
formal-07,pulse_order,0.035,random_search,0.6171875,0.234375,385531f0af7f62fb610a
formal-07,pulse_order,0.035,local_search,0.6640625,0.328125,4874129ce3a06a07cfbe
formal-07,pulse_order,0.035,population_search,0.623046875,0.24609375,47569f4e3177f3b3a9cf
formal-07,pulse_order,0.035,specialist_pool_0.035,0.623046875,0.24609375,47569f4e3177f3b3a9cf
formal-07,pulse_order,0.035,specialist_pool_0.05,0.560546875,0.12109375,84773be9c38374e92a8f
formal-07,pulse_order,0.035,high_degree,0.61328125,0.2265625,18bd84d01bb6b7ad29ad
formal-07,pulse_order,0.035,spectral,0.630859375,0.26171875,afd94b5af879bba571e6
formal-07,pulse_order,0.035,input_energy_degree,0.654296875,0.30859375,c5be55873d4290fa9edf
formal-07,pulse_order,0.035,input_quota_random,0.61328125,0.2265625,542d0ba6fb01cb8b2dec
formal-07,pulse_order,0.035,unselected_random_00,0.623046875,0.24609375,47569f4e3177f3b3a9cf
formal-07,pulse_order,0.035,unselected_random_01,0.6015625,0.203125,ee7a5b7bbff5a05fa8a2
formal-07,pulse_order,0.035,unselected_random_02,0.6328125,0.265625,587493a434278b8e6aa1
formal-07,pulse_order,0.035,unselected_random_03,0.59765625,0.1953125,bab9aa69c8e81265bcc0
formal-07,pulse_order,0.035,unselected_random_04,0.669921875,0.33984375,ce5e2f04ad9f57e2882c
formal-07,pulse_order,0.035,unselected_random_05,0.607421875,0.21484375,e4de3f8be0b7d44b02c8
formal-07,pulse_order,0.035,unselected_random_06,0.6796875,0.359375,b0c3e5a4b45a814cca19
formal-07,pulse_order,0.035,unselected_random_07,0.65234375,0.3046875,697ed7f6f32e2c9af4ce
formal-07,pulse_order,0.035,group_matched_random_00,0.5859375,0.171875,f1935444f48ce487446f
formal-07,pulse_order,0.035,group_matched_random_01,0.623046875,0.24609375,5ef67f96dee02b8b1fe1
formal-07,pulse_order,0.035,group_matched_random_02,0.640625,0.28125,2978baf66f183edd55f4
formal-07,pulse_order,0.035,group_matched_random_03,0.638671875,0.27734375,811d81a30963f98a0615
formal-07,pulse_order,0.05,random_search,0.654296875,0.30859375,385531f0af7f62fb610a
formal-07,pulse_order,0.05,local_search,0.62109375,0.2421875,4874129ce3a06a07cfbe
formal-07,pulse_order,0.05,population_search,0.625,0.25,47569f4e3177f3b3a9cf
formal-07,pulse_order,0.05,specialist_pool_0.035,0.625,0.25,47569f4e3177f3b3a9cf
formal-07,pulse_order,0.05,specialist_pool_0.05,0.640625,0.28125,84773be9c38374e92a8f
formal-07,pulse_order,0.05,high_degree,0.669921875,0.33984375,18bd84d01bb6b7ad29ad
formal-07,pulse_order,0.05,spectral,0.681640625,0.36328125,afd94b5af879bba571e6
formal-07,pulse_order,0.05,input_energy_degree,0.62890625,0.2578125,c5be55873d4290fa9edf
formal-07,pulse_order,0.05,input_quota_random,0.6171875,0.234375,542d0ba6fb01cb8b2dec
formal-07,pulse_order,0.05,unselected_random_00,0.625,0.25,47569f4e3177f3b3a9cf
formal-07,pulse_order,0.05,unselected_random_01,0.60546875,0.2109375,ee7a5b7bbff5a05fa8a2
formal-07,pulse_order,0.05,unselected_random_02,0.56640625,0.1328125,587493a434278b8e6aa1
formal-07,pulse_order,0.05,unselected_random_03,0.646484375,0.29296875,bab9aa69c8e81265bcc0
formal-07,pulse_order,0.05,unselected_random_04,0.654296875,0.30859375,ce5e2f04ad9f57e2882c
formal-07,pulse_order,0.05,unselected_random_05,0.625,0.25,e4de3f8be0b7d44b02c8
formal-07,pulse_order,0.05,unselected_random_06,0.671875,0.34375,b0c3e5a4b45a814cca19
formal-07,pulse_order,0.05,unselected_random_07,0.662109375,0.32421875,697ed7f6f32e2c9af4ce
formal-07,pulse_order,0.05,group_matched_random_00,0.62109375,0.2421875,f1935444f48ce487446f
formal-07,pulse_order,0.05,group_matched_random_01,0.603515625,0.20703125,5ef67f96dee02b8b1fe1
formal-07,pulse_order,0.05,group_matched_random_02,0.611328125,0.22265625,2978baf66f183edd55f4
formal-07,pulse_order,0.05,group_matched_random_03,0.6640625,0.328125,811d81a30963f98a0615
formal-07,interval,0.035,random_search,0.841796875,0.68359375,d4874691b822d475466e
formal-07,interval,0.035,local_search,0.8125,0.625,75e8e14fb7a2f9242a6d
formal-07,interval,0.035,population_search,0.83203125,0.6640625,68b8c710bb74a260c034
formal-07,interval,0.035,specialist_pool_0.035,0.841796875,0.68359375,063641b3785d361b5747
formal-07,interval,0.035,specialist_pool_0.05,0.79296875,0.5859375,448f367b6aa5257c6ee2
formal-07,interval,0.035,high_degree,0.708984375,0.41796875,18bd84d01bb6b7ad29ad
formal-07,interval,0.035,spectral,0.71875,0.4375,afd94b5af879bba571e6
formal-07,interval,0.035,input_energy_degree,0.673828125,0.34765625,f0a8c4fdc7acb6d84c70
formal-07,interval,0.035,input_quota_random,0.73828125,0.4765625,092ddcd839cba50825e2
formal-07,interval,0.035,unselected_random_00,0.77734375,0.5546875,3f6d1460047e5f7ff67e
formal-07,interval,0.035,unselected_random_01,0.771484375,0.54296875,937d809816b65395bdab
formal-07,interval,0.035,unselected_random_02,0.77734375,0.5546875,821b192840695163553d
formal-07,interval,0.035,unselected_random_03,0.783203125,0.56640625,35b787bc6cbb1afe0240
formal-07,interval,0.035,unselected_random_04,0.794921875,0.58984375,624931f8d58dd6a2af22
formal-07,interval,0.035,unselected_random_05,0.802734375,0.60546875,e8d491e32a6c79ed865a
formal-07,interval,0.035,unselected_random_06,0.841796875,0.68359375,d4874691b822d475466e
formal-07,interval,0.035,unselected_random_07,0.8125,0.625,40403dd94e24138c1981
formal-07,interval,0.035,group_matched_random_00,0.806640625,0.61328125,b518f8ee36c58a277b4a
formal-07,interval,0.035,group_matched_random_01,0.8125,0.625,b5e058081aa91b96b213
formal-07,interval,0.035,group_matched_random_02,0.78125,0.5625,9745acfeca8f47bc2f78
formal-07,interval,0.035,group_matched_random_03,0.798828125,0.59765625,45ddd23523f659467b27
formal-07,interval,0.05,random_search,0.822265625,0.64453125,d4874691b822d475466e
formal-07,interval,0.05,local_search,0.8515625,0.703125,75e8e14fb7a2f9242a6d
formal-07,interval,0.05,population_search,0.86328125,0.7265625,68b8c710bb74a260c034
formal-07,interval,0.05,specialist_pool_0.035,0.826171875,0.65234375,063641b3785d361b5747
formal-07,interval,0.05,specialist_pool_0.05,0.875,0.75,448f367b6aa5257c6ee2
formal-07,interval,0.05,high_degree,0.80859375,0.6171875,18bd84d01bb6b7ad29ad
formal-07,interval,0.05,spectral,0.8125,0.625,afd94b5af879bba571e6
formal-07,interval,0.05,input_energy_degree,0.69140625,0.3828125,f0a8c4fdc7acb6d84c70
formal-07,interval,0.05,input_quota_random,0.8203125,0.640625,092ddcd839cba50825e2
formal-07,interval,0.05,unselected_random_00,0.83203125,0.6640625,3f6d1460047e5f7ff67e
formal-07,interval,0.05,unselected_random_01,0.87109375,0.7421875,937d809816b65395bdab
formal-07,interval,0.05,unselected_random_02,0.833984375,0.66796875,821b192840695163553d
formal-07,interval,0.05,unselected_random_03,0.85546875,0.7109375,35b787bc6cbb1afe0240
formal-07,interval,0.05,unselected_random_04,0.8359375,0.671875,624931f8d58dd6a2af22
formal-07,interval,0.05,unselected_random_05,0.875,0.75,e8d491e32a6c79ed865a
formal-07,interval,0.05,unselected_random_06,0.822265625,0.64453125,d4874691b822d475466e
formal-07,interval,0.05,unselected_random_07,0.861328125,0.72265625,40403dd94e24138c1981
formal-07,interval,0.05,group_matched_random_00,0.873046875,0.74609375,b518f8ee36c58a277b4a
formal-07,interval,0.05,group_matched_random_01,0.841796875,0.68359375,b5e058081aa91b96b213
formal-07,interval,0.05,group_matched_random_02,0.828125,0.65625,9745acfeca8f47bc2f78
formal-07,interval,0.05,group_matched_random_03,0.828125,0.65625,45ddd23523f659467b27
formal-07,evidence_accumulation,0.035,random_search,0.80078125,0.6015625,207e7de71af9917346ad
formal-07,evidence_accumulation,0.035,local_search,0.80078125,0.6015625,207e7de71af9917346ad
formal-07,evidence_accumulation,0.035,population_search,0.80078125,0.6015625,207e7de71af9917346ad
formal-07,evidence_accumulation,0.035,specialist_pool_0.035,0.80078125,0.6015625,207e7de71af9917346ad
formal-07,evidence_accumulation,0.035,specialist_pool_0.05,0.75,0.5,a8f54a32027055c6d355
formal-07,evidence_accumulation,0.035,high_degree,0.75,0.5,18bd84d01bb6b7ad29ad
formal-07,evidence_accumulation,0.035,spectral,0.759765625,0.51953125,afd94b5af879bba571e6
formal-07,evidence_accumulation,0.035,input_energy_degree,0.728515625,0.45703125,f0a8c4fdc7acb6d84c70
formal-07,evidence_accumulation,0.035,input_quota_random,0.771484375,0.54296875,89e43e81bbb90594bcac
formal-07,evidence_accumulation,0.035,unselected_random_00,0.80078125,0.6015625,51ccbce77395a6a0921d
formal-07,evidence_accumulation,0.035,unselected_random_01,0.767578125,0.53515625,7324f686ddd66d31597c
formal-07,evidence_accumulation,0.035,unselected_random_02,0.736328125,0.47265625,d3dd4b4c64c63fec30c3
formal-07,evidence_accumulation,0.035,unselected_random_03,0.794921875,0.58984375,197da88d87e3c73d9c68
formal-07,evidence_accumulation,0.035,unselected_random_04,0.736328125,0.47265625,fc47e37eeb2adc782b51
formal-07,evidence_accumulation,0.035,unselected_random_05,0.810546875,0.62109375,7a9fc22048c7854b8c83
formal-07,evidence_accumulation,0.035,unselected_random_06,0.80078125,0.6015625,207e7de71af9917346ad
formal-07,evidence_accumulation,0.035,unselected_random_07,0.720703125,0.44140625,157a47c209b36ea034c4
formal-07,evidence_accumulation,0.035,group_matched_random_00,0.78515625,0.5703125,0e691d08de0299dbbd0b
formal-07,evidence_accumulation,0.035,group_matched_random_01,0.78515625,0.5703125,278a1df30ee048ef86f4
formal-07,evidence_accumulation,0.035,group_matched_random_02,0.75390625,0.5078125,342238c0cea1bf416a77
formal-07,evidence_accumulation,0.035,group_matched_random_03,0.771484375,0.54296875,bbc194632b71adffd139
formal-07,evidence_accumulation,0.05,random_search,0.8046875,0.609375,207e7de71af9917346ad
formal-07,evidence_accumulation,0.05,local_search,0.8046875,0.609375,207e7de71af9917346ad
formal-07,evidence_accumulation,0.05,population_search,0.8046875,0.609375,207e7de71af9917346ad
formal-07,evidence_accumulation,0.05,specialist_pool_0.035,0.8046875,0.609375,207e7de71af9917346ad
formal-07,evidence_accumulation,0.05,specialist_pool_0.05,0.8125,0.625,a8f54a32027055c6d355
formal-07,evidence_accumulation,0.05,high_degree,0.765625,0.53125,18bd84d01bb6b7ad29ad
formal-07,evidence_accumulation,0.05,spectral,0.74609375,0.4921875,afd94b5af879bba571e6
formal-07,evidence_accumulation,0.05,input_energy_degree,0.736328125,0.47265625,f0a8c4fdc7acb6d84c70
formal-07,evidence_accumulation,0.05,input_quota_random,0.837890625,0.67578125,89e43e81bbb90594bcac
formal-07,evidence_accumulation,0.05,unselected_random_00,0.794921875,0.58984375,51ccbce77395a6a0921d
formal-07,evidence_accumulation,0.05,unselected_random_01,0.775390625,0.55078125,7324f686ddd66d31597c
formal-07,evidence_accumulation,0.05,unselected_random_02,0.806640625,0.61328125,d3dd4b4c64c63fec30c3
formal-07,evidence_accumulation,0.05,unselected_random_03,0.822265625,0.64453125,197da88d87e3c73d9c68
formal-07,evidence_accumulation,0.05,unselected_random_04,0.826171875,0.65234375,fc47e37eeb2adc782b51
formal-07,evidence_accumulation,0.05,unselected_random_05,0.806640625,0.61328125,7a9fc22048c7854b8c83
formal-07,evidence_accumulation,0.05,unselected_random_06,0.8046875,0.609375,207e7de71af9917346ad
formal-07,evidence_accumulation,0.05,unselected_random_07,0.81640625,0.6328125,157a47c209b36ea034c4
formal-07,evidence_accumulation,0.05,group_matched_random_00,0.841796875,0.68359375,0e691d08de0299dbbd0b
formal-07,evidence_accumulation,0.05,group_matched_random_01,0.81640625,0.6328125,278a1df30ee048ef86f4
formal-07,evidence_accumulation,0.05,group_matched_random_02,0.783203125,0.56640625,342238c0cea1bf416a77
formal-07,evidence_accumulation,0.05,group_matched_random_03,0.791015625,0.58203125,bbc194632b71adffd139
formal-07,context_recall,0.035,random_search,0.853515625,0.70703125,2a7f3a47d2e3506ed453
formal-07,context_recall,0.035,local_search,0.865234375,0.73046875,b3496527b1ac635f8d1c
formal-07,context_recall,0.035,population_search,0.857421875,0.71484375,9dea759cd964ad17f418
formal-07,context_recall,0.035,specialist_pool_0.035,0.857421875,0.71484375,9dea759cd964ad17f418
formal-07,context_recall,0.035,specialist_pool_0.05,0.85546875,0.7109375,977daeffed8b6b15383b
formal-07,context_recall,0.035,high_degree,0.84765625,0.6953125,18bd84d01bb6b7ad29ad
formal-07,context_recall,0.035,spectral,0.8359375,0.671875,afd94b5af879bba571e6
formal-07,context_recall,0.035,input_energy_degree,0.775390625,0.55078125,21aa3665a00892853ed0
formal-07,context_recall,0.035,input_quota_random,0.802734375,0.60546875,396a9a8fc81873ba8cb2
formal-07,context_recall,0.035,unselected_random_00,0.8203125,0.640625,1f9adb9038c77dd29f27
formal-07,context_recall,0.035,unselected_random_01,0.810546875,0.62109375,ffaf997709580bee3e2f
formal-07,context_recall,0.035,unselected_random_02,0.865234375,0.73046875,653e8a3aaf9749d663c4
formal-07,context_recall,0.035,unselected_random_03,0.806640625,0.61328125,202bcc998c3fdc7f644d
formal-07,context_recall,0.035,unselected_random_04,0.806640625,0.61328125,140be579053197a95366
formal-07,context_recall,0.035,unselected_random_05,0.853515625,0.70703125,2a7f3a47d2e3506ed453
formal-07,context_recall,0.035,unselected_random_06,0.8203125,0.640625,607d0a2b43ccc973619c
formal-07,context_recall,0.035,unselected_random_07,0.822265625,0.64453125,7e0893aabac7e78193e2
formal-07,context_recall,0.035,group_matched_random_00,0.865234375,0.73046875,a0621cbaeb23c9edcd57
formal-07,context_recall,0.035,group_matched_random_01,0.828125,0.65625,04369051f40a9bc3d269
formal-07,context_recall,0.035,group_matched_random_02,0.83984375,0.6796875,f29878a1eecd9c41cd2b
formal-07,context_recall,0.035,group_matched_random_03,0.83203125,0.6640625,107d5b4d387417f5b918
formal-07,context_recall,0.05,random_search,0.912109375,0.82421875,2a7f3a47d2e3506ed453
formal-07,context_recall,0.05,local_search,0.927734375,0.85546875,b3496527b1ac635f8d1c
formal-07,context_recall,0.05,population_search,0.908203125,0.81640625,9dea759cd964ad17f418
formal-07,context_recall,0.05,specialist_pool_0.035,0.908203125,0.81640625,9dea759cd964ad17f418
formal-07,context_recall,0.05,specialist_pool_0.05,0.9296875,0.859375,977daeffed8b6b15383b
formal-07,context_recall,0.05,high_degree,0.880859375,0.76171875,18bd84d01bb6b7ad29ad
formal-07,context_recall,0.05,spectral,0.90625,0.8125,afd94b5af879bba571e6
formal-07,context_recall,0.05,input_energy_degree,0.853515625,0.70703125,21aa3665a00892853ed0
formal-07,context_recall,0.05,input_quota_random,0.908203125,0.81640625,396a9a8fc81873ba8cb2
formal-07,context_recall,0.05,unselected_random_00,0.90234375,0.8046875,1f9adb9038c77dd29f27
formal-07,context_recall,0.05,unselected_random_01,0.93359375,0.8671875,ffaf997709580bee3e2f
formal-07,context_recall,0.05,unselected_random_02,0.875,0.75,653e8a3aaf9749d663c4
formal-07,context_recall,0.05,unselected_random_03,0.880859375,0.76171875,202bcc998c3fdc7f644d
formal-07,context_recall,0.05,unselected_random_04,0.935546875,0.87109375,140be579053197a95366
formal-07,context_recall,0.05,unselected_random_05,0.912109375,0.82421875,2a7f3a47d2e3506ed453
formal-07,context_recall,0.05,unselected_random_06,0.939453125,0.87890625,607d0a2b43ccc973619c
formal-07,context_recall,0.05,unselected_random_07,0.935546875,0.87109375,7e0893aabac7e78193e2
formal-07,context_recall,0.05,group_matched_random_00,0.92578125,0.8515625,a0621cbaeb23c9edcd57
formal-07,context_recall,0.05,group_matched_random_01,0.884765625,0.76953125,04369051f40a9bc3d269
formal-07,context_recall,0.05,group_matched_random_02,0.90234375,0.8046875,f29878a1eecd9c41cd2b
formal-07,context_recall,0.05,group_matched_random_03,0.8984375,0.796875,107d5b4d387417f5b918
formal-08,delayed_recall,0.035,random_search,0.9292080327973832,0.9292080327973832,2378dd945fb91728e549
formal-08,delayed_recall,0.035,local_search,0.8868693761708139,0.8868693761708139,e3c22bd7bd720ecd2f05
formal-08,delayed_recall,0.035,population_search,0.8778756543865756,0.8778756543865756,e9b5bd2831113da4df6e
formal-08,delayed_recall,0.035,specialist_pool_0.035,0.9172990815515518,0.9172990815515518,8b4795fe32598d0e8c16
formal-08,delayed_recall,0.035,specialist_pool_0.05,0.862620376163804,0.862620376163804,abfe17a58f47d0fc2f17
formal-08,delayed_recall,0.035,high_degree,0.68766357948933,0.68766357948933,447b0b24fb1235511d5a
formal-08,delayed_recall,0.035,spectral,0.8434135989423236,0.8434135989423236,b2013ba5d2c85f018889
formal-08,delayed_recall,0.035,input_energy_degree,0.9286813640486093,0.9286813640486093,2bf43a3b0a7cb7fc4c9b
formal-08,delayed_recall,0.035,input_quota_random,0.8802594596900877,0.8802594596900877,ea21b3ced03f4e571caf
formal-08,delayed_recall,0.035,unselected_random_00,0.862620376163804,0.862620376163804,abfe17a58f47d0fc2f17
formal-08,delayed_recall,0.035,unselected_random_01,0.9250641847717047,0.9250641847717047,d0ccc8690441f6f79ffb
formal-08,delayed_recall,0.035,unselected_random_02,0.8778756543865756,0.8778756543865756,e9b5bd2831113da4df6e
formal-08,delayed_recall,0.035,unselected_random_03,0.8573521209171477,0.8573521209171477,75b1e0396bbfaad21202
formal-08,delayed_recall,0.035,unselected_random_04,0.8980112062672196,0.8980112062672196,64f83c24995a553cc251
formal-08,delayed_recall,0.035,unselected_random_05,0.8722552480590144,0.8722552480590144,bd3ff46988f10793e8da
formal-08,delayed_recall,0.035,unselected_random_06,0.8650242438644349,0.8650242438644349,0c3cd53e56ba19569aed
formal-08,delayed_recall,0.035,unselected_random_07,0.8904070081426233,0.8904070081426233,9e27afe42305b55bd795
formal-08,delayed_recall,0.035,group_matched_random_00,0.8724139149882069,0.8724139149882069,f5b006f40a718b791900
formal-08,delayed_recall,0.035,group_matched_random_01,0.903359269349181,0.903359269349181,c978ee980e048bb19110
formal-08,delayed_recall,0.035,group_matched_random_02,0.8557079489037952,0.8557079489037952,00093d9785dea4980b9a
formal-08,delayed_recall,0.035,group_matched_random_03,0.8665751804331859,0.8665751804331859,fb35973e679de9e6ccd9
formal-08,delayed_recall,0.05,random_search,0.9196831698653407,0.9196831698653407,2378dd945fb91728e549
formal-08,delayed_recall,0.05,local_search,0.9309329573156901,0.9309329573156901,e3c22bd7bd720ecd2f05
formal-08,delayed_recall,0.05,population_search,0.925746466549627,0.925746466549627,e9b5bd2831113da4df6e
formal-08,delayed_recall,0.05,specialist_pool_0.035,0.8821931690947028,0.8821931690947028,8b4795fe32598d0e8c16
formal-08,delayed_recall,0.05,specialist_pool_0.05,0.9237063233624656,0.9237063233624656,abfe17a58f47d0fc2f17
formal-08,delayed_recall,0.05,high_degree,0.9086970883772946,0.9086970883772946,447b0b24fb1235511d5a
formal-08,delayed_recall,0.05,spectral,0.88880307854714,0.88880307854714,b2013ba5d2c85f018889
formal-08,delayed_recall,0.05,input_energy_degree,0.8992152122629595,0.8992152122629595,2bf43a3b0a7cb7fc4c9b
formal-08,delayed_recall,0.05,input_quota_random,0.9135933658350254,0.9135933658350254,ea21b3ced03f4e571caf
formal-08,delayed_recall,0.05,unselected_random_00,0.9237063233624656,0.9237063233624656,abfe17a58f47d0fc2f17
formal-08,delayed_recall,0.05,unselected_random_01,0.8657157665326954,0.8657157665326954,d0ccc8690441f6f79ffb
formal-08,delayed_recall,0.05,unselected_random_02,0.925746466549627,0.925746466549627,e9b5bd2831113da4df6e
formal-08,delayed_recall,0.05,unselected_random_03,0.9013133763675469,0.9013133763675469,75b1e0396bbfaad21202
formal-08,delayed_recall,0.05,unselected_random_04,0.8993371491774166,0.8993371491774166,64f83c24995a553cc251
formal-08,delayed_recall,0.05,unselected_random_05,0.9002053989969472,0.9002053989969472,bd3ff46988f10793e8da
formal-08,delayed_recall,0.05,unselected_random_06,0.8715097878872323,0.8715097878872323,0c3cd53e56ba19569aed
formal-08,delayed_recall,0.05,unselected_random_07,0.888242386674604,0.888242386674604,9e27afe42305b55bd795
formal-08,delayed_recall,0.05,group_matched_random_00,0.9004933442452259,0.9004933442452259,f5b006f40a718b791900
formal-08,delayed_recall,0.05,group_matched_random_01,0.8910177093772043,0.8910177093772043,c978ee980e048bb19110
formal-08,delayed_recall,0.05,group_matched_random_02,0.8353607060519145,0.8353607060519145,00093d9785dea4980b9a
formal-08,delayed_recall,0.05,group_matched_random_03,0.8674085766762858,0.8674085766762858,fb35973e679de9e6ccd9
formal-08,nonlinear_integration,0.035,random_search,0.994140625,0.98828125,67c0a1876e5df283c355
formal-08,nonlinear_integration,0.035,local_search,0.982421875,0.96484375,2f248444496ddc8666d2
formal-08,nonlinear_integration,0.035,population_search,0.9609375,0.921875,502269b091d183e7d2c2
formal-08,nonlinear_integration,0.035,specialist_pool_0.035,0.99609375,0.9921875,44da1c10b18854e5f61c
formal-08,nonlinear_integration,0.035,specialist_pool_0.05,0.974609375,0.94921875,21e92ee56b2792755d22
formal-08,nonlinear_integration,0.035,high_degree,0.876953125,0.75390625,447b0b24fb1235511d5a
formal-08,nonlinear_integration,0.035,spectral,0.8828125,0.765625,b2013ba5d2c85f018889
formal-08,nonlinear_integration,0.035,input_energy_degree,0.98046875,0.9609375,8306709a54fb3049ee92
formal-08,nonlinear_integration,0.035,input_quota_random,0.984375,0.96875,e9408fdd7e94cc43555e
formal-08,nonlinear_integration,0.035,unselected_random_00,0.962890625,0.92578125,384765ba2a9ed47cbc04
formal-08,nonlinear_integration,0.035,unselected_random_01,0.99609375,0.9921875,44da1c10b18854e5f61c
formal-08,nonlinear_integration,0.035,unselected_random_02,0.982421875,0.96484375,417def52b7a340d535f8
formal-08,nonlinear_integration,0.035,unselected_random_03,0.9609375,0.921875,502269b091d183e7d2c2
formal-08,nonlinear_integration,0.035,unselected_random_04,0.982421875,0.96484375,dcb335ec86edfba690e4
formal-08,nonlinear_integration,0.035,unselected_random_05,0.966796875,0.93359375,52ad36e4dd740d737b08
formal-08,nonlinear_integration,0.035,unselected_random_06,0.974609375,0.94921875,47ebb637ada9aaf093dc
formal-08,nonlinear_integration,0.035,unselected_random_07,0.978515625,0.95703125,dfdd4164eb37b3929bf8
formal-08,nonlinear_integration,0.035,group_matched_random_00,0.966796875,0.93359375,b69207aee4b9760218ba
formal-08,nonlinear_integration,0.035,group_matched_random_01,0.97265625,0.9453125,055d79061f9405340d4e
formal-08,nonlinear_integration,0.035,group_matched_random_02,0.94921875,0.8984375,96a3fdafc8fb5d686ac2
formal-08,nonlinear_integration,0.035,group_matched_random_03,0.984375,0.96875,46a0bfb4de0ceb649110
formal-08,nonlinear_integration,0.05,random_search,0.994140625,0.98828125,67c0a1876e5df283c355
formal-08,nonlinear_integration,0.05,local_search,0.990234375,0.98046875,2f248444496ddc8666d2
formal-08,nonlinear_integration,0.05,population_search,0.984375,0.96875,502269b091d183e7d2c2
formal-08,nonlinear_integration,0.05,specialist_pool_0.035,0.970703125,0.94140625,44da1c10b18854e5f61c
formal-08,nonlinear_integration,0.05,specialist_pool_0.05,0.99609375,0.9921875,21e92ee56b2792755d22
formal-08,nonlinear_integration,0.05,high_degree,0.9296875,0.859375,447b0b24fb1235511d5a
formal-08,nonlinear_integration,0.05,spectral,0.896484375,0.79296875,b2013ba5d2c85f018889
formal-08,nonlinear_integration,0.05,input_energy_degree,1.0,1.0,8306709a54fb3049ee92
formal-08,nonlinear_integration,0.05,input_quota_random,0.98828125,0.9765625,e9408fdd7e94cc43555e
formal-08,nonlinear_integration,0.05,unselected_random_00,0.9921875,0.984375,384765ba2a9ed47cbc04
formal-08,nonlinear_integration,0.05,unselected_random_01,0.970703125,0.94140625,44da1c10b18854e5f61c
formal-08,nonlinear_integration,0.05,unselected_random_02,0.986328125,0.97265625,417def52b7a340d535f8
formal-08,nonlinear_integration,0.05,unselected_random_03,0.984375,0.96875,502269b091d183e7d2c2
formal-08,nonlinear_integration,0.05,unselected_random_04,0.97265625,0.9453125,dcb335ec86edfba690e4
formal-08,nonlinear_integration,0.05,unselected_random_05,0.994140625,0.98828125,52ad36e4dd740d737b08
formal-08,nonlinear_integration,0.05,unselected_random_06,0.994140625,0.98828125,47ebb637ada9aaf093dc
formal-08,nonlinear_integration,0.05,unselected_random_07,0.994140625,0.98828125,dfdd4164eb37b3929bf8
formal-08,nonlinear_integration,0.05,group_matched_random_00,0.984375,0.96875,b69207aee4b9760218ba
formal-08,nonlinear_integration,0.05,group_matched_random_01,0.986328125,0.97265625,055d79061f9405340d4e
formal-08,nonlinear_integration,0.05,group_matched_random_02,0.986328125,0.97265625,96a3fdafc8fb5d686ac2
formal-08,nonlinear_integration,0.05,group_matched_random_03,0.98828125,0.9765625,46a0bfb4de0ceb649110
formal-08,pulse_order,0.035,random_search,0.599609375,0.19921875,080f3cd5b5043001d076
formal-08,pulse_order,0.035,local_search,0.6328125,0.265625,b689e17537d00c2d94e4
formal-08,pulse_order,0.035,population_search,0.619140625,0.23828125,ecf5dc7e34f4786d9c51
formal-08,pulse_order,0.035,specialist_pool_0.035,0.611328125,0.22265625,32c59b967cdabce7a0eb
formal-08,pulse_order,0.035,specialist_pool_0.05,0.607421875,0.21484375,0b29afa78f317c61b5e1
formal-08,pulse_order,0.035,high_degree,0.638671875,0.27734375,447b0b24fb1235511d5a
formal-08,pulse_order,0.035,spectral,0.62890625,0.2578125,b2013ba5d2c85f018889
formal-08,pulse_order,0.035,input_energy_degree,0.587890625,0.17578125,96ee35b0b8c1b18aebaa
formal-08,pulse_order,0.035,input_quota_random,0.6015625,0.203125,b0f2b55dd4ecaf1aad3a
formal-08,pulse_order,0.035,unselected_random_00,0.5859375,0.171875,22a29e4782c41bc686e5
formal-08,pulse_order,0.035,unselected_random_01,0.638671875,0.27734375,3cb030e1daf9533dd496
formal-08,pulse_order,0.035,unselected_random_02,0.64453125,0.2890625,ca38a67578da924c50d0
formal-08,pulse_order,0.035,unselected_random_03,0.669921875,0.33984375,635b81229927f38f2edd
formal-08,pulse_order,0.035,unselected_random_04,0.615234375,0.23046875,b01330f2d751ffef80da
formal-08,pulse_order,0.035,unselected_random_05,0.599609375,0.19921875,b0edce037bf9a552dc34
formal-08,pulse_order,0.035,unselected_random_06,0.59765625,0.1953125,700e4554a48b65114b81
formal-08,pulse_order,0.035,unselected_random_07,0.607421875,0.21484375,0b29afa78f317c61b5e1
formal-08,pulse_order,0.035,group_matched_random_00,0.595703125,0.19140625,dd425e34c19977d1b178
formal-08,pulse_order,0.035,group_matched_random_01,0.6015625,0.203125,134b78e67b6c3a117fa8
formal-08,pulse_order,0.035,group_matched_random_02,0.6171875,0.234375,1ff3c1d8d0473498b43c
formal-08,pulse_order,0.035,group_matched_random_03,0.591796875,0.18359375,0e46d0aa96a3f6bbd15d
formal-08,pulse_order,0.05,random_search,0.60546875,0.2109375,080f3cd5b5043001d076
formal-08,pulse_order,0.05,local_search,0.59375,0.1875,b689e17537d00c2d94e4
formal-08,pulse_order,0.05,population_search,0.669921875,0.33984375,ecf5dc7e34f4786d9c51
formal-08,pulse_order,0.05,specialist_pool_0.035,0.64453125,0.2890625,32c59b967cdabce7a0eb
formal-08,pulse_order,0.05,specialist_pool_0.05,0.642578125,0.28515625,0b29afa78f317c61b5e1
formal-08,pulse_order,0.05,high_degree,0.666015625,0.33203125,447b0b24fb1235511d5a
formal-08,pulse_order,0.05,spectral,0.65234375,0.3046875,b2013ba5d2c85f018889
formal-08,pulse_order,0.05,input_energy_degree,0.62890625,0.2578125,96ee35b0b8c1b18aebaa
formal-08,pulse_order,0.05,input_quota_random,0.666015625,0.33203125,b0f2b55dd4ecaf1aad3a
formal-08,pulse_order,0.05,unselected_random_00,0.5859375,0.171875,22a29e4782c41bc686e5
formal-08,pulse_order,0.05,unselected_random_01,0.64453125,0.2890625,3cb030e1daf9533dd496
formal-08,pulse_order,0.05,unselected_random_02,0.6484375,0.296875,ca38a67578da924c50d0
formal-08,pulse_order,0.05,unselected_random_03,0.615234375,0.23046875,635b81229927f38f2edd
formal-08,pulse_order,0.05,unselected_random_04,0.6484375,0.296875,b01330f2d751ffef80da
formal-08,pulse_order,0.05,unselected_random_05,0.615234375,0.23046875,b0edce037bf9a552dc34
formal-08,pulse_order,0.05,unselected_random_06,0.61328125,0.2265625,700e4554a48b65114b81
formal-08,pulse_order,0.05,unselected_random_07,0.642578125,0.28515625,0b29afa78f317c61b5e1
formal-08,pulse_order,0.05,group_matched_random_00,0.6484375,0.296875,dd425e34c19977d1b178
formal-08,pulse_order,0.05,group_matched_random_01,0.640625,0.28125,134b78e67b6c3a117fa8
formal-08,pulse_order,0.05,group_matched_random_02,0.662109375,0.32421875,1ff3c1d8d0473498b43c
formal-08,pulse_order,0.05,group_matched_random_03,0.638671875,0.27734375,0e46d0aa96a3f6bbd15d
formal-08,interval,0.035,random_search,0.8203125,0.640625,73adacda887f20322237
formal-08,interval,0.035,local_search,0.78515625,0.5703125,bcb066f6af06456b57cc
formal-08,interval,0.035,population_search,0.794921875,0.58984375,55b74a8f1c9981237740
formal-08,interval,0.035,specialist_pool_0.035,0.794921875,0.58984375,55b74a8f1c9981237740
formal-08,interval,0.035,specialist_pool_0.05,0.78125,0.5625,a934d7270ab33ea37225
formal-08,interval,0.035,high_degree,0.78515625,0.5703125,447b0b24fb1235511d5a
formal-08,interval,0.035,spectral,0.720703125,0.44140625,b2013ba5d2c85f018889
formal-08,interval,0.035,input_energy_degree,0.61328125,0.2265625,2bf43a3b0a7cb7fc4c9b
formal-08,interval,0.035,input_quota_random,0.759765625,0.51953125,665d94aa908c2b795a67
formal-08,interval,0.035,unselected_random_00,0.736328125,0.47265625,c7905f5b828c89f8316a
formal-08,interval,0.035,unselected_random_01,0.791015625,0.58203125,292783747bff8070114e
formal-08,interval,0.035,unselected_random_02,0.7734375,0.546875,98fd713e245c6ec3d85a
formal-08,interval,0.035,unselected_random_03,0.720703125,0.44140625,2f4942e1999e7e1ab984
formal-08,interval,0.035,unselected_random_04,0.794921875,0.58984375,1ec6b97277ee3fae207f
formal-08,interval,0.035,unselected_random_05,0.751953125,0.50390625,9d9ac681708ab3a9d8d4
formal-08,interval,0.035,unselected_random_06,0.748046875,0.49609375,8764a38db59d4056b77f
formal-08,interval,0.035,unselected_random_07,0.75,0.5,a3a23cf0ee6f1cc714d4
formal-08,interval,0.035,group_matched_random_00,0.76171875,0.5234375,20a59598d4a0518bda9d
formal-08,interval,0.035,group_matched_random_01,0.751953125,0.50390625,3d0df32d613c055870da
formal-08,interval,0.035,group_matched_random_02,0.7734375,0.546875,8f68bf874c5aadb80f87
formal-08,interval,0.035,group_matched_random_03,0.78515625,0.5703125,3f50f53db92417480360
formal-08,interval,0.05,random_search,0.814453125,0.62890625,73adacda887f20322237
formal-08,interval,0.05,local_search,0.837890625,0.67578125,bcb066f6af06456b57cc
formal-08,interval,0.05,population_search,0.822265625,0.64453125,55b74a8f1c9981237740
formal-08,interval,0.05,specialist_pool_0.035,0.822265625,0.64453125,55b74a8f1c9981237740
formal-08,interval,0.05,specialist_pool_0.05,0.806640625,0.61328125,a934d7270ab33ea37225
formal-08,interval,0.05,high_degree,0.798828125,0.59765625,447b0b24fb1235511d5a
formal-08,interval,0.05,spectral,0.763671875,0.52734375,b2013ba5d2c85f018889
formal-08,interval,0.05,input_energy_degree,0.681640625,0.36328125,2bf43a3b0a7cb7fc4c9b
formal-08,interval,0.05,input_quota_random,0.806640625,0.61328125,665d94aa908c2b795a67
formal-08,interval,0.05,unselected_random_00,0.8125,0.625,c7905f5b828c89f8316a
formal-08,interval,0.05,unselected_random_01,0.791015625,0.58203125,292783747bff8070114e
formal-08,interval,0.05,unselected_random_02,0.80078125,0.6015625,98fd713e245c6ec3d85a
formal-08,interval,0.05,unselected_random_03,0.794921875,0.58984375,2f4942e1999e7e1ab984
formal-08,interval,0.05,unselected_random_04,0.728515625,0.45703125,1ec6b97277ee3fae207f
formal-08,interval,0.05,unselected_random_05,0.796875,0.59375,9d9ac681708ab3a9d8d4
formal-08,interval,0.05,unselected_random_06,0.814453125,0.62890625,8764a38db59d4056b77f
formal-08,interval,0.05,unselected_random_07,0.810546875,0.62109375,a3a23cf0ee6f1cc714d4
formal-08,interval,0.05,group_matched_random_00,0.783203125,0.56640625,20a59598d4a0518bda9d
formal-08,interval,0.05,group_matched_random_01,0.796875,0.59375,3d0df32d613c055870da
formal-08,interval,0.05,group_matched_random_02,0.7890625,0.578125,8f68bf874c5aadb80f87
formal-08,interval,0.05,group_matched_random_03,0.794921875,0.58984375,3f50f53db92417480360
formal-08,evidence_accumulation,0.035,random_search,0.748046875,0.49609375,a1a2375ef4c2d53539ef
formal-08,evidence_accumulation,0.035,local_search,0.748046875,0.49609375,885f690df733b40f8a14
formal-08,evidence_accumulation,0.035,population_search,0.75,0.5,266a0c388af7d2dd37b1
formal-08,evidence_accumulation,0.035,specialist_pool_0.035,0.783203125,0.56640625,0fbdadaa1e1b5ef9a76e
formal-08,evidence_accumulation,0.035,specialist_pool_0.05,0.72265625,0.4453125,3e3627ad48b78ad65f7f
formal-08,evidence_accumulation,0.035,high_degree,0.705078125,0.41015625,447b0b24fb1235511d5a
formal-08,evidence_accumulation,0.035,spectral,0.744140625,0.48828125,b2013ba5d2c85f018889
formal-08,evidence_accumulation,0.035,input_energy_degree,0.71484375,0.4296875,2bf43a3b0a7cb7fc4c9b
formal-08,evidence_accumulation,0.035,input_quota_random,0.734375,0.46875,db5a316adaeeec67dbf1
formal-08,evidence_accumulation,0.035,unselected_random_00,0.73828125,0.4765625,f926c2cd47cd036a3506
formal-08,evidence_accumulation,0.035,unselected_random_01,0.791015625,0.58203125,c5dc1a50b9ddccc9d8c7
formal-08,evidence_accumulation,0.035,unselected_random_02,0.7734375,0.546875,f6ecd1426c1e2f14c149
formal-08,evidence_accumulation,0.035,unselected_random_03,0.75,0.5,7a0aeaf0173632bf3881
formal-08,evidence_accumulation,0.035,unselected_random_04,0.75390625,0.5078125,30e38b723cfa0b693321
formal-08,evidence_accumulation,0.035,unselected_random_05,0.712890625,0.42578125,464c2e430df3be267b91
formal-08,evidence_accumulation,0.035,unselected_random_06,0.744140625,0.48828125,48436f841830798add35
formal-08,evidence_accumulation,0.035,unselected_random_07,0.732421875,0.46484375,903833db5ed238104a4d
formal-08,evidence_accumulation,0.035,group_matched_random_00,0.712890625,0.42578125,4c8888ade2d34d3c27f6
formal-08,evidence_accumulation,0.035,group_matched_random_01,0.76953125,0.5390625,c1c02cac2f118b70a872
formal-08,evidence_accumulation,0.035,group_matched_random_02,0.76171875,0.5234375,471e7578f77505f6e944
formal-08,evidence_accumulation,0.035,group_matched_random_03,0.7578125,0.515625,98143130b9e4be159830
formal-08,evidence_accumulation,0.05,random_search,0.822265625,0.64453125,a1a2375ef4c2d53539ef
formal-08,evidence_accumulation,0.05,local_search,0.76953125,0.5390625,885f690df733b40f8a14
formal-08,evidence_accumulation,0.05,population_search,0.80859375,0.6171875,266a0c388af7d2dd37b1
formal-08,evidence_accumulation,0.05,specialist_pool_0.035,0.787109375,0.57421875,0fbdadaa1e1b5ef9a76e
formal-08,evidence_accumulation,0.05,specialist_pool_0.05,0.779296875,0.55859375,3e3627ad48b78ad65f7f
formal-08,evidence_accumulation,0.05,high_degree,0.775390625,0.55078125,447b0b24fb1235511d5a
formal-08,evidence_accumulation,0.05,spectral,0.779296875,0.55859375,b2013ba5d2c85f018889
formal-08,evidence_accumulation,0.05,input_energy_degree,0.7421875,0.484375,2bf43a3b0a7cb7fc4c9b
formal-08,evidence_accumulation,0.05,input_quota_random,0.796875,0.59375,db5a316adaeeec67dbf1
formal-08,evidence_accumulation,0.05,unselected_random_00,0.798828125,0.59765625,f926c2cd47cd036a3506
formal-08,evidence_accumulation,0.05,unselected_random_01,0.79296875,0.5859375,c5dc1a50b9ddccc9d8c7
formal-08,evidence_accumulation,0.05,unselected_random_02,0.775390625,0.55078125,f6ecd1426c1e2f14c149
formal-08,evidence_accumulation,0.05,unselected_random_03,0.78515625,0.5703125,7a0aeaf0173632bf3881
formal-08,evidence_accumulation,0.05,unselected_random_04,0.798828125,0.59765625,30e38b723cfa0b693321
formal-08,evidence_accumulation,0.05,unselected_random_05,0.765625,0.53125,464c2e430df3be267b91
formal-08,evidence_accumulation,0.05,unselected_random_06,0.794921875,0.58984375,48436f841830798add35
formal-08,evidence_accumulation,0.05,unselected_random_07,0.783203125,0.56640625,903833db5ed238104a4d
formal-08,evidence_accumulation,0.05,group_matched_random_00,0.771484375,0.54296875,4c8888ade2d34d3c27f6
formal-08,evidence_accumulation,0.05,group_matched_random_01,0.744140625,0.48828125,c1c02cac2f118b70a872
formal-08,evidence_accumulation,0.05,group_matched_random_02,0.74609375,0.4921875,471e7578f77505f6e944
formal-08,evidence_accumulation,0.05,group_matched_random_03,0.833984375,0.66796875,98143130b9e4be159830
formal-08,context_recall,0.035,random_search,0.89453125,0.7890625,5734c904d28f945ff30f
formal-08,context_recall,0.035,local_search,0.908203125,0.81640625,dd7e0ce7449d92a46a01
formal-08,context_recall,0.035,population_search,0.859375,0.71875,23647abe45cd78fbe73b
formal-08,context_recall,0.035,specialist_pool_0.035,0.859375,0.71875,23647abe45cd78fbe73b
formal-08,context_recall,0.035,specialist_pool_0.05,0.875,0.75,22a5492304a57261303d
formal-08,context_recall,0.035,high_degree,0.8828125,0.765625,447b0b24fb1235511d5a
formal-08,context_recall,0.035,spectral,0.833984375,0.66796875,b2013ba5d2c85f018889
formal-08,context_recall,0.035,input_energy_degree,0.783203125,0.56640625,572b8a911516cd63927a
formal-08,context_recall,0.035,input_quota_random,0.880859375,0.76171875,0ce969a099af57135d64
formal-08,context_recall,0.035,unselected_random_00,0.8515625,0.703125,85ff2b2fd725f0881ee2
formal-08,context_recall,0.035,unselected_random_01,0.84765625,0.6953125,4bbeae59658a1b08be29
formal-08,context_recall,0.035,unselected_random_02,0.861328125,0.72265625,116397831bec8d71433e
formal-08,context_recall,0.035,unselected_random_03,0.83203125,0.6640625,ccca54f907752f837970
formal-08,context_recall,0.035,unselected_random_04,0.89453125,0.7890625,5734c904d28f945ff30f
formal-08,context_recall,0.035,unselected_random_05,0.8984375,0.796875,1c36530ec0ca04e4a8d6
formal-08,context_recall,0.035,unselected_random_06,0.880859375,0.76171875,26216b1787ce3860d455
formal-08,context_recall,0.035,unselected_random_07,0.908203125,0.81640625,f4a1f40ef0befd0c8709
formal-08,context_recall,0.035,group_matched_random_00,0.84765625,0.6953125,2ac453c46a65bea5a1b1
formal-08,context_recall,0.035,group_matched_random_01,0.822265625,0.64453125,0c353292c6c078d8bed7
formal-08,context_recall,0.035,group_matched_random_02,0.90234375,0.8046875,cc79864a95bdf51dc444
formal-08,context_recall,0.035,group_matched_random_03,0.794921875,0.58984375,13d0c9e4013a659e963d
formal-08,context_recall,0.05,random_search,0.927734375,0.85546875,5734c904d28f945ff30f
formal-08,context_recall,0.05,local_search,0.921875,0.84375,dd7e0ce7449d92a46a01
formal-08,context_recall,0.05,population_search,0.90625,0.8125,23647abe45cd78fbe73b
formal-08,context_recall,0.05,specialist_pool_0.035,0.90625,0.8125,23647abe45cd78fbe73b
formal-08,context_recall,0.05,specialist_pool_0.05,0.955078125,0.91015625,22a5492304a57261303d
formal-08,context_recall,0.05,high_degree,0.8515625,0.703125,447b0b24fb1235511d5a
formal-08,context_recall,0.05,spectral,0.861328125,0.72265625,b2013ba5d2c85f018889
formal-08,context_recall,0.05,input_energy_degree,0.837890625,0.67578125,572b8a911516cd63927a
formal-08,context_recall,0.05,input_quota_random,0.923828125,0.84765625,0ce969a099af57135d64
formal-08,context_recall,0.05,unselected_random_00,0.91015625,0.8203125,85ff2b2fd725f0881ee2
formal-08,context_recall,0.05,unselected_random_01,0.880859375,0.76171875,4bbeae59658a1b08be29
formal-08,context_recall,0.05,unselected_random_02,0.91796875,0.8359375,116397831bec8d71433e
formal-08,context_recall,0.05,unselected_random_03,0.896484375,0.79296875,ccca54f907752f837970
formal-08,context_recall,0.05,unselected_random_04,0.927734375,0.85546875,5734c904d28f945ff30f
formal-08,context_recall,0.05,unselected_random_05,0.892578125,0.78515625,1c36530ec0ca04e4a8d6
formal-08,context_recall,0.05,unselected_random_06,0.90625,0.8125,26216b1787ce3860d455
formal-08,context_recall,0.05,unselected_random_07,0.8984375,0.796875,f4a1f40ef0befd0c8709
formal-08,context_recall,0.05,group_matched_random_00,0.927734375,0.85546875,2ac453c46a65bea5a1b1
formal-08,context_recall,0.05,group_matched_random_01,0.8984375,0.796875,0c353292c6c078d8bed7
formal-08,context_recall,0.05,group_matched_random_02,0.90234375,0.8046875,cc79864a95bdf51dc444
formal-08,context_recall,0.05,group_matched_random_03,0.896484375,0.79296875,13d0c9e4013a659e963d
formal-09,delayed_recall,0.035,random_search,0.8990007367971309,0.8990007367971309,a4de834c63c45359580e
formal-09,delayed_recall,0.035,local_search,0.9246555199901723,0.9246555199901723,e48c6383e35f0340e4b6
formal-09,delayed_recall,0.035,population_search,0.8851616894746486,0.8851616894746486,1a2e8853b361096ce039
formal-09,delayed_recall,0.035,specialist_pool_0.035,0.927780877774128,0.927780877774128,90d8e9e38106a8dbe2cc
formal-09,delayed_recall,0.035,specialist_pool_0.05,0.8851616894746486,0.8851616894746486,1a2e8853b361096ce039
formal-09,delayed_recall,0.035,high_degree,0.849109688015625,0.849109688015625,0713659d3f776d9ca432
formal-09,delayed_recall,0.035,spectral,0.8225185395992793,0.8225185395992793,aa9c9906f8ce80b3926f
formal-09,delayed_recall,0.035,input_energy_degree,0.9097977694150865,0.9097977694150865,a769d3831625b94728e0
formal-09,delayed_recall,0.035,input_quota_random,0.883504813361627,0.883504813361627,5513069659cdaafbae9e
formal-09,delayed_recall,0.035,unselected_random_00,0.901651076188297,0.901651076188297,de4d71e52a06e7192050
formal-09,delayed_recall,0.035,unselected_random_01,0.8693373504984497,0.8693373504984497,cfacd30e53fb7ceb5ca2
formal-09,delayed_recall,0.035,unselected_random_02,0.8124712391440261,0.8124712391440261,9095bb3dfd03578f2d4d
formal-09,delayed_recall,0.035,unselected_random_03,0.8875017213827029,0.8875017213827029,a2f84e2cc3c547de695e
formal-09,delayed_recall,0.035,unselected_random_04,0.8639381026201844,0.8639381026201844,15aa8887c50b41685458
formal-09,delayed_recall,0.035,unselected_random_05,0.8617661206560582,0.8617661206560582,ba8293d3c34b2ff9d88a
formal-09,delayed_recall,0.035,unselected_random_06,0.7943824858168794,0.7943824858168794,b3778cfa7f739f69c8dc
formal-09,delayed_recall,0.035,unselected_random_07,0.9021921964737136,0.9021921964737136,ee17eb216edfc29c8879
formal-09,delayed_recall,0.035,group_matched_random_00,0.8882127794011931,0.8882127794011931,90ccf6d0277606a2b0cf
formal-09,delayed_recall,0.035,group_matched_random_01,0.9022819835914785,0.9022819835914785,0df6abae9adb387cd9df
formal-09,delayed_recall,0.035,group_matched_random_02,0.866198582797351,0.866198582797351,2d99d609816fbc303f73
formal-09,delayed_recall,0.035,group_matched_random_03,0.90452781033834,0.90452781033834,618e0aeb37ee8be2972c
formal-09,delayed_recall,0.05,random_search,0.8396241282670402,0.8396241282670402,a4de834c63c45359580e
formal-09,delayed_recall,0.05,local_search,0.8597697433963303,0.8597697433963303,e48c6383e35f0340e4b6
formal-09,delayed_recall,0.05,population_search,0.9033226742331618,0.9033226742331618,1a2e8853b361096ce039
formal-09,delayed_recall,0.05,specialist_pool_0.035,0.9045859493175207,0.9045859493175207,90d8e9e38106a8dbe2cc
formal-09,delayed_recall,0.05,specialist_pool_0.05,0.9033226742331618,0.9033226742331618,1a2e8853b361096ce039
formal-09,delayed_recall,0.05,high_degree,0.9090498439271927,0.9090498439271927,0713659d3f776d9ca432
formal-09,delayed_recall,0.05,spectral,0.893476341769689,0.893476341769689,aa9c9906f8ce80b3926f
formal-09,delayed_recall,0.05,input_energy_degree,0.7060029821862452,0.7060029821862452,a769d3831625b94728e0
formal-09,delayed_recall,0.05,input_quota_random,0.8534211470059447,0.8534211470059447,5513069659cdaafbae9e
formal-09,delayed_recall,0.05,unselected_random_00,0.8985636323890462,0.8985636323890462,de4d71e52a06e7192050
formal-09,delayed_recall,0.05,unselected_random_01,0.8162144649976597,0.8162144649976597,cfacd30e53fb7ceb5ca2
formal-09,delayed_recall,0.05,unselected_random_02,0.8161298364151576,0.8161298364151576,9095bb3dfd03578f2d4d
formal-09,delayed_recall,0.05,unselected_random_03,0.8895395159257528,0.8895395159257528,a2f84e2cc3c547de695e
formal-09,delayed_recall,0.05,unselected_random_04,0.8926159621871839,0.8926159621871839,15aa8887c50b41685458
formal-09,delayed_recall,0.05,unselected_random_05,0.8766475503724831,0.8766475503724831,ba8293d3c34b2ff9d88a
formal-09,delayed_recall,0.05,unselected_random_06,0.8769599394549872,0.8769599394549872,b3778cfa7f739f69c8dc
formal-09,delayed_recall,0.05,unselected_random_07,0.8932467949104808,0.8932467949104808,ee17eb216edfc29c8879
formal-09,delayed_recall,0.05,group_matched_random_00,0.8376572990613134,0.8376572990613134,90ccf6d0277606a2b0cf
formal-09,delayed_recall,0.05,group_matched_random_01,0.8979943272572978,0.8979943272572978,0df6abae9adb387cd9df
formal-09,delayed_recall,0.05,group_matched_random_02,0.8570707689359545,0.8570707689359545,2d99d609816fbc303f73
formal-09,delayed_recall,0.05,group_matched_random_03,0.8854905044217977,0.8854905044217977,618e0aeb37ee8be2972c
formal-09,nonlinear_integration,0.035,random_search,0.98828125,0.9765625,88a717d0308d55d1ab58
formal-09,nonlinear_integration,0.035,local_search,0.99609375,0.9921875,0000b117f2526e595345
formal-09,nonlinear_integration,0.035,population_search,0.974609375,0.94921875,7e41085fbf485f6aa55b
formal-09,nonlinear_integration,0.035,specialist_pool_0.035,0.986328125,0.97265625,afd4f314fcf2981474c1
formal-09,nonlinear_integration,0.035,specialist_pool_0.05,0.943359375,0.88671875,29d886ad225923ac9cc4
formal-09,nonlinear_integration,0.035,high_degree,0.908203125,0.81640625,0713659d3f776d9ca432
formal-09,nonlinear_integration,0.035,spectral,0.9375,0.875,aa9c9906f8ce80b3926f
formal-09,nonlinear_integration,0.035,input_energy_degree,0.98046875,0.9609375,59c82bb35a60872a0e52
formal-09,nonlinear_integration,0.035,input_quota_random,0.962890625,0.92578125,1f9faeb68360de5a631e
formal-09,nonlinear_integration,0.035,unselected_random_00,0.986328125,0.97265625,afd4f314fcf2981474c1
formal-09,nonlinear_integration,0.035,unselected_random_01,0.974609375,0.94921875,7e41085fbf485f6aa55b
formal-09,nonlinear_integration,0.035,unselected_random_02,0.919921875,0.83984375,3dc290d8575ab38efa05
formal-09,nonlinear_integration,0.035,unselected_random_03,0.958984375,0.91796875,b3f880b4748a68067055
formal-09,nonlinear_integration,0.035,unselected_random_04,0.955078125,0.91015625,df58a8cde5622a9b13ef
formal-09,nonlinear_integration,0.035,unselected_random_05,0.978515625,0.95703125,e18bb9d1dd0072b67101
formal-09,nonlinear_integration,0.035,unselected_random_06,0.943359375,0.88671875,29d886ad225923ac9cc4
formal-09,nonlinear_integration,0.035,unselected_random_07,1.0,1.0,678c3946104deb8f0983
formal-09,nonlinear_integration,0.035,group_matched_random_00,0.97265625,0.9453125,a265f7c9e95de95aca2a
formal-09,nonlinear_integration,0.035,group_matched_random_01,0.994140625,0.98828125,c72d2cf88c66893900fd
formal-09,nonlinear_integration,0.035,group_matched_random_02,0.984375,0.96875,0ca130ed52c43be6a173
formal-09,nonlinear_integration,0.035,group_matched_random_03,0.92578125,0.8515625,936d578cf4f5036868e9
formal-09,nonlinear_integration,0.05,random_search,1.0,1.0,88a717d0308d55d1ab58
formal-09,nonlinear_integration,0.05,local_search,1.0,1.0,0000b117f2526e595345
formal-09,nonlinear_integration,0.05,population_search,0.998046875,0.99609375,7e41085fbf485f6aa55b
formal-09,nonlinear_integration,0.05,specialist_pool_0.035,0.990234375,0.98046875,afd4f314fcf2981474c1
formal-09,nonlinear_integration,0.05,specialist_pool_0.05,0.986328125,0.97265625,29d886ad225923ac9cc4
formal-09,nonlinear_integration,0.05,high_degree,0.953125,0.90625,0713659d3f776d9ca432
formal-09,nonlinear_integration,0.05,spectral,0.97265625,0.9453125,aa9c9906f8ce80b3926f
formal-09,nonlinear_integration,0.05,input_energy_degree,0.98046875,0.9609375,59c82bb35a60872a0e52
formal-09,nonlinear_integration,0.05,input_quota_random,0.998046875,0.99609375,1f9faeb68360de5a631e
formal-09,nonlinear_integration,0.05,unselected_random_00,0.990234375,0.98046875,afd4f314fcf2981474c1
formal-09,nonlinear_integration,0.05,unselected_random_01,0.998046875,0.99609375,7e41085fbf485f6aa55b
formal-09,nonlinear_integration,0.05,unselected_random_02,0.958984375,0.91796875,3dc290d8575ab38efa05
formal-09,nonlinear_integration,0.05,unselected_random_03,0.990234375,0.98046875,b3f880b4748a68067055
formal-09,nonlinear_integration,0.05,unselected_random_04,0.9921875,0.984375,df58a8cde5622a9b13ef
formal-09,nonlinear_integration,0.05,unselected_random_05,0.990234375,0.98046875,e18bb9d1dd0072b67101
formal-09,nonlinear_integration,0.05,unselected_random_06,0.986328125,0.97265625,29d886ad225923ac9cc4
formal-09,nonlinear_integration,0.05,unselected_random_07,0.986328125,0.97265625,678c3946104deb8f0983
formal-09,nonlinear_integration,0.05,group_matched_random_00,0.9921875,0.984375,a265f7c9e95de95aca2a
formal-09,nonlinear_integration,0.05,group_matched_random_01,0.97265625,0.9453125,c72d2cf88c66893900fd
formal-09,nonlinear_integration,0.05,group_matched_random_02,0.98828125,0.9765625,0ca130ed52c43be6a173
formal-09,nonlinear_integration,0.05,group_matched_random_03,0.978515625,0.95703125,936d578cf4f5036868e9
formal-09,pulse_order,0.035,random_search,0.580078125,0.16015625,0c1be0e40a110f6ca0e6
formal-09,pulse_order,0.035,local_search,0.580078125,0.16015625,0c1be0e40a110f6ca0e6
formal-09,pulse_order,0.035,population_search,0.58984375,0.1796875,2e230200f580c6cc8bf2
formal-09,pulse_order,0.035,specialist_pool_0.035,0.58984375,0.1796875,2e230200f580c6cc8bf2
formal-09,pulse_order,0.035,specialist_pool_0.05,0.576171875,0.15234375,93f56d0755efc62fefef
formal-09,pulse_order,0.035,high_degree,0.625,0.25,0713659d3f776d9ca432
formal-09,pulse_order,0.035,spectral,0.63671875,0.2734375,aa9c9906f8ce80b3926f
formal-09,pulse_order,0.035,input_energy_degree,0.642578125,0.28515625,84088778a5cfd8f1ca8b
formal-09,pulse_order,0.035,input_quota_random,0.646484375,0.29296875,f9dbf79ffa76745674c6
formal-09,pulse_order,0.035,unselected_random_00,0.580078125,0.16015625,0c1be0e40a110f6ca0e6
formal-09,pulse_order,0.035,unselected_random_01,0.640625,0.28125,798195b60dda92980107
formal-09,pulse_order,0.035,unselected_random_02,0.650390625,0.30078125,cf58f2974f09a61585d6
formal-09,pulse_order,0.035,unselected_random_03,0.5859375,0.171875,d6cf3170a0bfdcf368dc
formal-09,pulse_order,0.035,unselected_random_04,0.607421875,0.21484375,66852ab087b59986daf7
formal-09,pulse_order,0.035,unselected_random_05,0.65234375,0.3046875,db4676cd08e5042dda72
formal-09,pulse_order,0.035,unselected_random_06,0.6328125,0.265625,723f279cbbe41f5862ae
formal-09,pulse_order,0.035,unselected_random_07,0.654296875,0.30859375,2a058fd413b2d702b517
formal-09,pulse_order,0.035,group_matched_random_00,0.60546875,0.2109375,62bc4bfe7c61d15c87b5
formal-09,pulse_order,0.035,group_matched_random_01,0.61328125,0.2265625,ef4a9998aba86cdbc944
formal-09,pulse_order,0.035,group_matched_random_02,0.603515625,0.20703125,22cf74a3a8087a012db8
formal-09,pulse_order,0.035,group_matched_random_03,0.583984375,0.16796875,24c862e500232d0aa45d
formal-09,pulse_order,0.05,random_search,0.619140625,0.23828125,0c1be0e40a110f6ca0e6
formal-09,pulse_order,0.05,local_search,0.619140625,0.23828125,0c1be0e40a110f6ca0e6
formal-09,pulse_order,0.05,population_search,0.58203125,0.1640625,2e230200f580c6cc8bf2
formal-09,pulse_order,0.05,specialist_pool_0.035,0.58203125,0.1640625,2e230200f580c6cc8bf2
formal-09,pulse_order,0.05,specialist_pool_0.05,0.61328125,0.2265625,93f56d0755efc62fefef
formal-09,pulse_order,0.05,high_degree,0.6171875,0.234375,0713659d3f776d9ca432
formal-09,pulse_order,0.05,spectral,0.63671875,0.2734375,aa9c9906f8ce80b3926f
formal-09,pulse_order,0.05,input_energy_degree,0.630859375,0.26171875,84088778a5cfd8f1ca8b
formal-09,pulse_order,0.05,input_quota_random,0.658203125,0.31640625,f9dbf79ffa76745674c6
formal-09,pulse_order,0.05,unselected_random_00,0.619140625,0.23828125,0c1be0e40a110f6ca0e6
formal-09,pulse_order,0.05,unselected_random_01,0.59765625,0.1953125,798195b60dda92980107
formal-09,pulse_order,0.05,unselected_random_02,0.640625,0.28125,cf58f2974f09a61585d6
formal-09,pulse_order,0.05,unselected_random_03,0.623046875,0.24609375,d6cf3170a0bfdcf368dc
formal-09,pulse_order,0.05,unselected_random_04,0.615234375,0.23046875,66852ab087b59986daf7
formal-09,pulse_order,0.05,unselected_random_05,0.591796875,0.18359375,db4676cd08e5042dda72
formal-09,pulse_order,0.05,unselected_random_06,0.630859375,0.26171875,723f279cbbe41f5862ae
formal-09,pulse_order,0.05,unselected_random_07,0.666015625,0.33203125,2a058fd413b2d702b517
formal-09,pulse_order,0.05,group_matched_random_00,0.625,0.25,62bc4bfe7c61d15c87b5
formal-09,pulse_order,0.05,group_matched_random_01,0.6328125,0.265625,ef4a9998aba86cdbc944
formal-09,pulse_order,0.05,group_matched_random_02,0.666015625,0.33203125,22cf74a3a8087a012db8
formal-09,pulse_order,0.05,group_matched_random_03,0.599609375,0.19921875,24c862e500232d0aa45d
formal-09,interval,0.035,random_search,0.78515625,0.5703125,7e7aedaa7294bce16dbb
formal-09,interval,0.035,local_search,0.78515625,0.5703125,7e7aedaa7294bce16dbb
formal-09,interval,0.035,population_search,0.78515625,0.5703125,7e7aedaa7294bce16dbb
formal-09,interval,0.035,specialist_pool_0.035,0.78515625,0.5703125,7e7aedaa7294bce16dbb
formal-09,interval,0.035,specialist_pool_0.05,0.802734375,0.60546875,ad12c38a455f768e76d3
formal-09,interval,0.035,high_degree,0.705078125,0.41015625,0713659d3f776d9ca432
formal-09,interval,0.035,spectral,0.6875,0.375,aa9c9906f8ce80b3926f
formal-09,interval,0.035,input_energy_degree,0.689453125,0.37890625,a769d3831625b94728e0
formal-09,interval,0.035,input_quota_random,0.693359375,0.38671875,40e5f5179a04c70def0b
formal-09,interval,0.035,unselected_random_00,0.783203125,0.56640625,055392ac9f24126d6d13
formal-09,interval,0.035,unselected_random_01,0.75390625,0.5078125,ea2e86d44a04b64543da
formal-09,interval,0.035,unselected_random_02,0.76953125,0.5390625,9f51859b3d23d1c89e98
formal-09,interval,0.035,unselected_random_03,0.796875,0.59375,484a0a2bdc8f2e1c587b
formal-09,interval,0.035,unselected_random_04,0.79296875,0.5859375,06da6d43d8e3870c82cd
formal-09,interval,0.035,unselected_random_05,0.6796875,0.359375,ef0fcc25fcb83dad771b
formal-09,interval,0.035,unselected_random_06,0.744140625,0.48828125,b493d240cc7120227ad6
formal-09,interval,0.035,unselected_random_07,0.78515625,0.5703125,7e7aedaa7294bce16dbb
formal-09,interval,0.035,group_matched_random_00,0.71875,0.4375,9bffc739870115f9dbc4
formal-09,interval,0.035,group_matched_random_01,0.783203125,0.56640625,d0ec2560bf36516eead6
formal-09,interval,0.035,group_matched_random_02,0.791015625,0.58203125,0cb56ddc0354a9783428
formal-09,interval,0.035,group_matched_random_03,0.771484375,0.54296875,6dc04c11cc41da6d7883
formal-09,interval,0.05,random_search,0.833984375,0.66796875,7e7aedaa7294bce16dbb
formal-09,interval,0.05,local_search,0.833984375,0.66796875,7e7aedaa7294bce16dbb
formal-09,interval,0.05,population_search,0.833984375,0.66796875,7e7aedaa7294bce16dbb
formal-09,interval,0.05,specialist_pool_0.035,0.833984375,0.66796875,7e7aedaa7294bce16dbb
formal-09,interval,0.05,specialist_pool_0.05,0.85546875,0.7109375,ad12c38a455f768e76d3
formal-09,interval,0.05,high_degree,0.81640625,0.6328125,0713659d3f776d9ca432
formal-09,interval,0.05,spectral,0.771484375,0.54296875,aa9c9906f8ce80b3926f
formal-09,interval,0.05,input_energy_degree,0.689453125,0.37890625,a769d3831625b94728e0
formal-09,interval,0.05,input_quota_random,0.828125,0.65625,40e5f5179a04c70def0b
formal-09,interval,0.05,unselected_random_00,0.802734375,0.60546875,055392ac9f24126d6d13
formal-09,interval,0.05,unselected_random_01,0.771484375,0.54296875,ea2e86d44a04b64543da
formal-09,interval,0.05,unselected_random_02,0.80078125,0.6015625,9f51859b3d23d1c89e98
formal-09,interval,0.05,unselected_random_03,0.8125,0.625,484a0a2bdc8f2e1c587b
formal-09,interval,0.05,unselected_random_04,0.787109375,0.57421875,06da6d43d8e3870c82cd
formal-09,interval,0.05,unselected_random_05,0.802734375,0.60546875,ef0fcc25fcb83dad771b
formal-09,interval,0.05,unselected_random_06,0.822265625,0.64453125,b493d240cc7120227ad6
formal-09,interval,0.05,unselected_random_07,0.833984375,0.66796875,7e7aedaa7294bce16dbb
formal-09,interval,0.05,group_matched_random_00,0.83203125,0.6640625,9bffc739870115f9dbc4
formal-09,interval,0.05,group_matched_random_01,0.818359375,0.63671875,d0ec2560bf36516eead6
formal-09,interval,0.05,group_matched_random_02,0.84765625,0.6953125,0cb56ddc0354a9783428
formal-09,interval,0.05,group_matched_random_03,0.814453125,0.62890625,6dc04c11cc41da6d7883
formal-09,evidence_accumulation,0.035,random_search,0.78125,0.5625,f5a875c103a47eca708d
formal-09,evidence_accumulation,0.035,local_search,0.765625,0.53125,3dc03986a038eb4a8aef
formal-09,evidence_accumulation,0.035,population_search,0.794921875,0.58984375,31c7e93873b100b795cd
formal-09,evidence_accumulation,0.035,specialist_pool_0.035,0.794921875,0.58984375,31c7e93873b100b795cd
formal-09,evidence_accumulation,0.035,specialist_pool_0.05,0.701171875,0.40234375,0244381745c6fbd61391
formal-09,evidence_accumulation,0.035,high_degree,0.77734375,0.5546875,0713659d3f776d9ca432
formal-09,evidence_accumulation,0.035,spectral,0.76171875,0.5234375,aa9c9906f8ce80b3926f
formal-09,evidence_accumulation,0.035,input_energy_degree,0.76171875,0.5234375,a769d3831625b94728e0
formal-09,evidence_accumulation,0.035,input_quota_random,0.791015625,0.58203125,7ec68ce91fcb7bacf6a8
formal-09,evidence_accumulation,0.035,unselected_random_00,0.76171875,0.5234375,2b0ca6d4eb7c7cdc0cf9
formal-09,evidence_accumulation,0.035,unselected_random_01,0.771484375,0.54296875,ea700a179d3d7587f057
formal-09,evidence_accumulation,0.035,unselected_random_02,0.73046875,0.4609375,8a9d0a6bf56c90132d41
formal-09,evidence_accumulation,0.035,unselected_random_03,0.75,0.5,8ac9702e415c3642924b
formal-09,evidence_accumulation,0.035,unselected_random_04,0.744140625,0.48828125,4133b15fb2817563595c
formal-09,evidence_accumulation,0.035,unselected_random_05,0.74609375,0.4921875,74738ef651ebad82bfda
formal-09,evidence_accumulation,0.035,unselected_random_06,0.75390625,0.5078125,e2cac2c9757d9b0f951b
formal-09,evidence_accumulation,0.035,unselected_random_07,0.734375,0.46875,54d405ef228c5a7a6d3e
formal-09,evidence_accumulation,0.035,group_matched_random_00,0.767578125,0.53515625,8daef104591c04e196ec
formal-09,evidence_accumulation,0.035,group_matched_random_01,0.75,0.5,24a112058469bb62ffc5
formal-09,evidence_accumulation,0.035,group_matched_random_02,0.755859375,0.51171875,f330ef9e57d151aa25dc
formal-09,evidence_accumulation,0.035,group_matched_random_03,0.71484375,0.4296875,7195fc84571778758b79
formal-09,evidence_accumulation,0.05,random_search,0.79296875,0.5859375,f5a875c103a47eca708d
formal-09,evidence_accumulation,0.05,local_search,0.775390625,0.55078125,3dc03986a038eb4a8aef
formal-09,evidence_accumulation,0.05,population_search,0.796875,0.59375,31c7e93873b100b795cd
formal-09,evidence_accumulation,0.05,specialist_pool_0.035,0.796875,0.59375,31c7e93873b100b795cd
formal-09,evidence_accumulation,0.05,specialist_pool_0.05,0.80859375,0.6171875,0244381745c6fbd61391
formal-09,evidence_accumulation,0.05,high_degree,0.8203125,0.640625,0713659d3f776d9ca432
formal-09,evidence_accumulation,0.05,spectral,0.77734375,0.5546875,aa9c9906f8ce80b3926f
formal-09,evidence_accumulation,0.05,input_energy_degree,0.740234375,0.48046875,a769d3831625b94728e0
formal-09,evidence_accumulation,0.05,input_quota_random,0.802734375,0.60546875,7ec68ce91fcb7bacf6a8
formal-09,evidence_accumulation,0.05,unselected_random_00,0.75390625,0.5078125,2b0ca6d4eb7c7cdc0cf9
formal-09,evidence_accumulation,0.05,unselected_random_01,0.7890625,0.578125,ea700a179d3d7587f057
formal-09,evidence_accumulation,0.05,unselected_random_02,0.82421875,0.6484375,8a9d0a6bf56c90132d41
formal-09,evidence_accumulation,0.05,unselected_random_03,0.791015625,0.58203125,8ac9702e415c3642924b
formal-09,evidence_accumulation,0.05,unselected_random_04,0.79296875,0.5859375,4133b15fb2817563595c
formal-09,evidence_accumulation,0.05,unselected_random_05,0.810546875,0.62109375,74738ef651ebad82bfda
formal-09,evidence_accumulation,0.05,unselected_random_06,0.796875,0.59375,e2cac2c9757d9b0f951b
formal-09,evidence_accumulation,0.05,unselected_random_07,0.771484375,0.54296875,54d405ef228c5a7a6d3e
formal-09,evidence_accumulation,0.05,group_matched_random_00,0.7890625,0.578125,8daef104591c04e196ec
formal-09,evidence_accumulation,0.05,group_matched_random_01,0.796875,0.59375,24a112058469bb62ffc5
formal-09,evidence_accumulation,0.05,group_matched_random_02,0.787109375,0.57421875,f330ef9e57d151aa25dc
formal-09,evidence_accumulation,0.05,group_matched_random_03,0.796875,0.59375,7195fc84571778758b79
formal-09,context_recall,0.035,random_search,0.802734375,0.60546875,8e3ae8d142bebe2d0ab4
formal-09,context_recall,0.035,local_search,0.83203125,0.6640625,7fc484d0c1a656d74a75
formal-09,context_recall,0.035,population_search,0.80078125,0.6015625,c20712cf61e46825ed6c
formal-09,context_recall,0.035,specialist_pool_0.035,0.80078125,0.6015625,c20712cf61e46825ed6c
formal-09,context_recall,0.035,specialist_pool_0.05,0.80859375,0.6171875,a65888532f1ab4fcc2e4
formal-09,context_recall,0.035,high_degree,0.875,0.75,0713659d3f776d9ca432
formal-09,context_recall,0.035,spectral,0.841796875,0.68359375,aa9c9906f8ce80b3926f
formal-09,context_recall,0.035,input_energy_degree,0.80078125,0.6015625,c4439f6bc6c222174d6d
formal-09,context_recall,0.035,input_quota_random,0.818359375,0.63671875,9c7f467730bb58338efe
formal-09,context_recall,0.035,unselected_random_00,0.830078125,0.66015625,33a6b83facdc65c904a8
formal-09,context_recall,0.035,unselected_random_01,0.818359375,0.63671875,9ad64e8cd32c30faa5e8
formal-09,context_recall,0.035,unselected_random_02,0.78515625,0.5703125,5228bcaa83b1e3204255
formal-09,context_recall,0.035,unselected_random_03,0.802734375,0.60546875,8e3ae8d142bebe2d0ab4
formal-09,context_recall,0.035,unselected_random_04,0.859375,0.71875,4336b0ae26b37e57b80c
formal-09,context_recall,0.035,unselected_random_05,0.80859375,0.6171875,a65888532f1ab4fcc2e4
formal-09,context_recall,0.035,unselected_random_06,0.84375,0.6875,c2ce90703de1345e7fb2
formal-09,context_recall,0.035,unselected_random_07,0.779296875,0.55859375,4c4567f29210f3d07b8f
formal-09,context_recall,0.035,group_matched_random_00,0.76953125,0.5390625,e14eeaf4d70d6398b23f
formal-09,context_recall,0.035,group_matched_random_01,0.8125,0.625,4632f0c3c0bb0264c53a
formal-09,context_recall,0.035,group_matched_random_02,0.814453125,0.62890625,a33d1cac83033fdbd81b
formal-09,context_recall,0.035,group_matched_random_03,0.806640625,0.61328125,f41d9e1e13b4e2341cc1
formal-09,context_recall,0.05,random_search,0.888671875,0.77734375,8e3ae8d142bebe2d0ab4
formal-09,context_recall,0.05,local_search,0.86328125,0.7265625,7fc484d0c1a656d74a75
formal-09,context_recall,0.05,population_search,0.87109375,0.7421875,c20712cf61e46825ed6c
formal-09,context_recall,0.05,specialist_pool_0.035,0.87109375,0.7421875,c20712cf61e46825ed6c
formal-09,context_recall,0.05,specialist_pool_0.05,0.8671875,0.734375,a65888532f1ab4fcc2e4
formal-09,context_recall,0.05,high_degree,0.84375,0.6875,0713659d3f776d9ca432
formal-09,context_recall,0.05,spectral,0.8984375,0.796875,aa9c9906f8ce80b3926f
formal-09,context_recall,0.05,input_energy_degree,0.802734375,0.60546875,c4439f6bc6c222174d6d
formal-09,context_recall,0.05,input_quota_random,0.89453125,0.7890625,9c7f467730bb58338efe
formal-09,context_recall,0.05,unselected_random_00,0.896484375,0.79296875,33a6b83facdc65c904a8
formal-09,context_recall,0.05,unselected_random_01,0.865234375,0.73046875,9ad64e8cd32c30faa5e8
formal-09,context_recall,0.05,unselected_random_02,0.908203125,0.81640625,5228bcaa83b1e3204255
formal-09,context_recall,0.05,unselected_random_03,0.888671875,0.77734375,8e3ae8d142bebe2d0ab4
formal-09,context_recall,0.05,unselected_random_04,0.84765625,0.6953125,4336b0ae26b37e57b80c
formal-09,context_recall,0.05,unselected_random_05,0.8671875,0.734375,a65888532f1ab4fcc2e4
formal-09,context_recall,0.05,unselected_random_06,0.880859375,0.76171875,c2ce90703de1345e7fb2
formal-09,context_recall,0.05,unselected_random_07,0.908203125,0.81640625,4c4567f29210f3d07b8f
formal-09,context_recall,0.05,group_matched_random_00,0.880859375,0.76171875,e14eeaf4d70d6398b23f
formal-09,context_recall,0.05,group_matched_random_01,0.8671875,0.734375,4632f0c3c0bb0264c53a
formal-09,context_recall,0.05,group_matched_random_02,0.869140625,0.73828125,a33d1cac83033fdbd81b
formal-09,context_recall,0.05,group_matched_random_03,0.873046875,0.74609375,f41d9e1e13b4e2341cc1
formal-10,delayed_recall,0.035,random_search,0.9023911010326151,0.9023911010326151,edc3f6c156802ac55f5d
formal-10,delayed_recall,0.035,local_search,0.9031642867449202,0.9031642867449202,92e95daa5cb8a2fc5f7d
formal-10,delayed_recall,0.035,population_search,0.9051385350772997,0.9051385350772997,ccd10534451f971b25dd
formal-10,delayed_recall,0.035,specialist_pool_0.035,0.9273459910861115,0.9273459910861115,9c03959226635e6179d2
formal-10,delayed_recall,0.035,specialist_pool_0.05,0.9101260564184852,0.9101260564184852,7b0216b149301c68fb29
formal-10,delayed_recall,0.035,high_degree,0.8851846986945108,0.8851846986945108,d969654888e9ca8734d2
formal-10,delayed_recall,0.035,spectral,0.9069010064831958,0.9069010064831958,c6b273f9a8972ee89b74
formal-10,delayed_recall,0.035,input_energy_degree,0.9244450367008334,0.9244450367008334,53b49d25d7232abe9d22
formal-10,delayed_recall,0.035,input_quota_random,0.9084413209121435,0.9084413209121435,650b1519eff45c5071b8
formal-10,delayed_recall,0.035,unselected_random_00,0.8689442496863439,0.8689442496863439,fe49401d186eac972cb3
formal-10,delayed_recall,0.035,unselected_random_01,0.8910519350198047,0.8910519350198047,c4d375193fd6773e49a6
formal-10,delayed_recall,0.035,unselected_random_02,0.9010437885197703,0.9010437885197703,e97f7b87c06b8b373f2b
formal-10,delayed_recall,0.035,unselected_random_03,0.876507463228072,0.876507463228072,89f9ffe9f185cca9da0d
formal-10,delayed_recall,0.035,unselected_random_04,0.8964382171381903,0.8964382171381903,2028aa7390e7eb45b284
formal-10,delayed_recall,0.035,unselected_random_05,0.8276931326191617,0.8276931326191617,c7abcab1f272788af849
formal-10,delayed_recall,0.035,unselected_random_06,0.9012994983888802,0.9012994983888802,4049655b172173fdd944
formal-10,delayed_recall,0.035,unselected_random_07,0.8857609266289204,0.8857609266289204,09096dc38969076542ad
formal-10,delayed_recall,0.035,group_matched_random_00,0.8710919396456749,0.8710919396456749,4aec1380817996440d2e
formal-10,delayed_recall,0.035,group_matched_random_01,0.903849976025354,0.903849976025354,9327a274416d54fbc8f0
formal-10,delayed_recall,0.035,group_matched_random_02,0.908422074453007,0.908422074453007,9a9c72fbc513c8ff8725
formal-10,delayed_recall,0.035,group_matched_random_03,0.8949190970604962,0.8949190970604962,782b505f62c4a2101543
formal-10,delayed_recall,0.05,random_search,0.9165592084443701,0.9165592084443701,edc3f6c156802ac55f5d
formal-10,delayed_recall,0.05,local_search,0.9161231950814599,0.9161231950814599,92e95daa5cb8a2fc5f7d
formal-10,delayed_recall,0.05,population_search,0.9156371763445025,0.9156371763445025,ccd10534451f971b25dd
formal-10,delayed_recall,0.05,specialist_pool_0.035,0.9140771169787234,0.9140771169787234,9c03959226635e6179d2
formal-10,delayed_recall,0.05,specialist_pool_0.05,0.9339824959597122,0.9339824959597122,7b0216b149301c68fb29
formal-10,delayed_recall,0.05,high_degree,0.8792643374334906,0.8792643374334906,d969654888e9ca8734d2
formal-10,delayed_recall,0.05,spectral,0.875047953277702,0.875047953277702,c6b273f9a8972ee89b74
formal-10,delayed_recall,0.05,input_energy_degree,0.9130836390690541,0.9130836390690541,53b49d25d7232abe9d22
formal-10,delayed_recall,0.05,input_quota_random,0.9155827506817336,0.9155827506817336,650b1519eff45c5071b8
formal-10,delayed_recall,0.05,unselected_random_00,0.8979926582037681,0.8979926582037681,fe49401d186eac972cb3
formal-10,delayed_recall,0.05,unselected_random_01,0.9080474341457019,0.9080474341457019,c4d375193fd6773e49a6
formal-10,delayed_recall,0.05,unselected_random_02,0.9196557181434039,0.9196557181434039,e97f7b87c06b8b373f2b
formal-10,delayed_recall,0.05,unselected_random_03,0.906773746560517,0.906773746560517,89f9ffe9f185cca9da0d
formal-10,delayed_recall,0.05,unselected_random_04,0.8973135494706863,0.8973135494706863,2028aa7390e7eb45b284
formal-10,delayed_recall,0.05,unselected_random_05,0.91434935778934,0.91434935778934,c7abcab1f272788af849
formal-10,delayed_recall,0.05,unselected_random_06,0.917677096557973,0.917677096557973,4049655b172173fdd944
formal-10,delayed_recall,0.05,unselected_random_07,0.8772705588980935,0.8772705588980935,09096dc38969076542ad
formal-10,delayed_recall,0.05,group_matched_random_00,0.8750603038494095,0.8750603038494095,4aec1380817996440d2e
formal-10,delayed_recall,0.05,group_matched_random_01,0.9058458350378773,0.9058458350378773,9327a274416d54fbc8f0
formal-10,delayed_recall,0.05,group_matched_random_02,0.9084062033401721,0.9084062033401721,9a9c72fbc513c8ff8725
formal-10,delayed_recall,0.05,group_matched_random_03,0.8976685166108197,0.8976685166108197,782b505f62c4a2101543
formal-10,nonlinear_integration,0.035,random_search,0.98828125,0.9765625,82d9c66754a09db223f4
formal-10,nonlinear_integration,0.035,local_search,0.982421875,0.96484375,0ba31b112d16af41b588
formal-10,nonlinear_integration,0.035,population_search,0.96875,0.9375,a9d0de86676db476b543
formal-10,nonlinear_integration,0.035,specialist_pool_0.035,0.98828125,0.9765625,4206830a36b6d1f8fa12
formal-10,nonlinear_integration,0.035,specialist_pool_0.05,0.994140625,0.98828125,38e3efb86416534085fe
formal-10,nonlinear_integration,0.035,high_degree,0.91796875,0.8359375,d969654888e9ca8734d2
formal-10,nonlinear_integration,0.035,spectral,0.90234375,0.8046875,c6b273f9a8972ee89b74
formal-10,nonlinear_integration,0.035,input_energy_degree,0.97265625,0.9453125,9b177030e5b97adee47d
formal-10,nonlinear_integration,0.035,input_quota_random,0.990234375,0.98046875,1ac82aa4bd185d9cc554
formal-10,nonlinear_integration,0.035,unselected_random_00,0.974609375,0.94921875,568721f6de120a67897c
formal-10,nonlinear_integration,0.035,unselected_random_01,0.97265625,0.9453125,efbefc122f7a79667332
formal-10,nonlinear_integration,0.035,unselected_random_02,0.984375,0.96875,4fd477b7a605c72376d9
formal-10,nonlinear_integration,0.035,unselected_random_03,0.99609375,0.9921875,fb1d56aeb2f427cbb14a
formal-10,nonlinear_integration,0.035,unselected_random_04,0.984375,0.96875,64bf960917e503480106
formal-10,nonlinear_integration,0.035,unselected_random_05,0.970703125,0.94140625,7156cf91cf5cb315c9bb
formal-10,nonlinear_integration,0.035,unselected_random_06,0.96875,0.9375,a9d0de86676db476b543
formal-10,nonlinear_integration,0.035,unselected_random_07,0.98828125,0.9765625,4206830a36b6d1f8fa12
formal-10,nonlinear_integration,0.035,group_matched_random_00,1.0,1.0,403ff85fcfecbcaaaf2b
formal-10,nonlinear_integration,0.035,group_matched_random_01,0.9921875,0.984375,34a4f8cb7f4062e39f66
formal-10,nonlinear_integration,0.035,group_matched_random_02,0.98828125,0.9765625,908e02f39d6ea0fbd4a8
formal-10,nonlinear_integration,0.035,group_matched_random_03,0.9375,0.875,3ab1d2b4521a2f89e95b
formal-10,nonlinear_integration,0.05,random_search,0.98828125,0.9765625,82d9c66754a09db223f4
formal-10,nonlinear_integration,0.05,local_search,0.994140625,0.98828125,0ba31b112d16af41b588
formal-10,nonlinear_integration,0.05,population_search,0.9921875,0.984375,a9d0de86676db476b543
formal-10,nonlinear_integration,0.05,specialist_pool_0.035,0.9921875,0.984375,4206830a36b6d1f8fa12
formal-10,nonlinear_integration,0.05,specialist_pool_0.05,0.99609375,0.9921875,38e3efb86416534085fe
formal-10,nonlinear_integration,0.05,high_degree,0.9609375,0.921875,d969654888e9ca8734d2
formal-10,nonlinear_integration,0.05,spectral,0.9609375,0.921875,c6b273f9a8972ee89b74
formal-10,nonlinear_integration,0.05,input_energy_degree,0.9765625,0.953125,9b177030e5b97adee47d
formal-10,nonlinear_integration,0.05,input_quota_random,0.970703125,0.94140625,1ac82aa4bd185d9cc554
formal-10,nonlinear_integration,0.05,unselected_random_00,0.99609375,0.9921875,568721f6de120a67897c
formal-10,nonlinear_integration,0.05,unselected_random_01,0.990234375,0.98046875,efbefc122f7a79667332
formal-10,nonlinear_integration,0.05,unselected_random_02,0.99609375,0.9921875,4fd477b7a605c72376d9
formal-10,nonlinear_integration,0.05,unselected_random_03,0.978515625,0.95703125,fb1d56aeb2f427cbb14a
formal-10,nonlinear_integration,0.05,unselected_random_04,0.99609375,0.9921875,64bf960917e503480106
formal-10,nonlinear_integration,0.05,unselected_random_05,0.984375,0.96875,7156cf91cf5cb315c9bb
formal-10,nonlinear_integration,0.05,unselected_random_06,0.9921875,0.984375,a9d0de86676db476b543
formal-10,nonlinear_integration,0.05,unselected_random_07,0.9921875,0.984375,4206830a36b6d1f8fa12
formal-10,nonlinear_integration,0.05,group_matched_random_00,0.998046875,0.99609375,403ff85fcfecbcaaaf2b
formal-10,nonlinear_integration,0.05,group_matched_random_01,0.994140625,0.98828125,34a4f8cb7f4062e39f66
formal-10,nonlinear_integration,0.05,group_matched_random_02,0.984375,0.96875,908e02f39d6ea0fbd4a8
formal-10,nonlinear_integration,0.05,group_matched_random_03,0.99609375,0.9921875,3ab1d2b4521a2f89e95b
formal-10,pulse_order,0.035,random_search,0.62890625,0.2578125,5371e4d800c6fff2b879
formal-10,pulse_order,0.035,local_search,0.63671875,0.2734375,c4004714c07d600b9350
formal-10,pulse_order,0.035,population_search,0.62890625,0.2578125,5371e4d800c6fff2b879
formal-10,pulse_order,0.035,specialist_pool_0.035,0.62890625,0.2578125,5371e4d800c6fff2b879
formal-10,pulse_order,0.035,specialist_pool_0.05,0.615234375,0.23046875,63e3bf2104988662ee3f
formal-10,pulse_order,0.035,high_degree,0.611328125,0.22265625,d969654888e9ca8734d2
formal-10,pulse_order,0.035,spectral,0.615234375,0.23046875,c6b273f9a8972ee89b74
formal-10,pulse_order,0.035,input_energy_degree,0.640625,0.28125,cf0fbb9a1df2f97ae228
formal-10,pulse_order,0.035,input_quota_random,0.6484375,0.296875,f3126b364312723dbd2f
formal-10,pulse_order,0.035,unselected_random_00,0.580078125,0.16015625,548352f60b31c46b52d1
formal-10,pulse_order,0.035,unselected_random_01,0.615234375,0.23046875,63e3bf2104988662ee3f
formal-10,pulse_order,0.035,unselected_random_02,0.62109375,0.2421875,81c8c430cf0de93f3024
formal-10,pulse_order,0.035,unselected_random_03,0.650390625,0.30078125,41658645de520c23ebe6
formal-10,pulse_order,0.035,unselected_random_04,0.609375,0.21875,af1ba577c07c99d3b9e2
formal-10,pulse_order,0.035,unselected_random_05,0.62890625,0.2578125,5371e4d800c6fff2b879
formal-10,pulse_order,0.035,unselected_random_06,0.611328125,0.22265625,531949c795c18bec2960
formal-10,pulse_order,0.035,unselected_random_07,0.61328125,0.2265625,da1b3675421ecbb8ecad
formal-10,pulse_order,0.035,group_matched_random_00,0.560546875,0.12109375,e4e7e6b1e06d592e51ea
formal-10,pulse_order,0.035,group_matched_random_01,0.556640625,0.11328125,2ee97a750692773ba734
formal-10,pulse_order,0.035,group_matched_random_02,0.642578125,0.28515625,9ff5532285b10dd3b0ad
formal-10,pulse_order,0.035,group_matched_random_03,0.595703125,0.19140625,c3d8580fb6474ead63c7
formal-10,pulse_order,0.05,random_search,0.62890625,0.2578125,5371e4d800c6fff2b879
formal-10,pulse_order,0.05,local_search,0.65234375,0.3046875,c4004714c07d600b9350
formal-10,pulse_order,0.05,population_search,0.62890625,0.2578125,5371e4d800c6fff2b879
formal-10,pulse_order,0.05,specialist_pool_0.035,0.62890625,0.2578125,5371e4d800c6fff2b879
formal-10,pulse_order,0.05,specialist_pool_0.05,0.609375,0.21875,63e3bf2104988662ee3f
formal-10,pulse_order,0.05,high_degree,0.619140625,0.23828125,d969654888e9ca8734d2
formal-10,pulse_order,0.05,spectral,0.63671875,0.2734375,c6b273f9a8972ee89b74
formal-10,pulse_order,0.05,input_energy_degree,0.626953125,0.25390625,cf0fbb9a1df2f97ae228
formal-10,pulse_order,0.05,input_quota_random,0.583984375,0.16796875,f3126b364312723dbd2f
formal-10,pulse_order,0.05,unselected_random_00,0.642578125,0.28515625,548352f60b31c46b52d1
formal-10,pulse_order,0.05,unselected_random_01,0.609375,0.21875,63e3bf2104988662ee3f
formal-10,pulse_order,0.05,unselected_random_02,0.638671875,0.27734375,81c8c430cf0de93f3024
formal-10,pulse_order,0.05,unselected_random_03,0.62109375,0.2421875,41658645de520c23ebe6
formal-10,pulse_order,0.05,unselected_random_04,0.609375,0.21875,af1ba577c07c99d3b9e2
formal-10,pulse_order,0.05,unselected_random_05,0.62890625,0.2578125,5371e4d800c6fff2b879
formal-10,pulse_order,0.05,unselected_random_06,0.642578125,0.28515625,531949c795c18bec2960
formal-10,pulse_order,0.05,unselected_random_07,0.630859375,0.26171875,da1b3675421ecbb8ecad
formal-10,pulse_order,0.05,group_matched_random_00,0.642578125,0.28515625,e4e7e6b1e06d592e51ea
formal-10,pulse_order,0.05,group_matched_random_01,0.623046875,0.24609375,2ee97a750692773ba734
formal-10,pulse_order,0.05,group_matched_random_02,0.6328125,0.265625,9ff5532285b10dd3b0ad
formal-10,pulse_order,0.05,group_matched_random_03,0.646484375,0.29296875,c3d8580fb6474ead63c7
formal-10,interval,0.035,random_search,0.796875,0.59375,2094beae5d7f09bfaf00
formal-10,interval,0.035,local_search,0.7734375,0.546875,7c99f48bf97a01a27419
formal-10,interval,0.035,population_search,0.8046875,0.609375,af61adbd93936f9b7ae9
formal-10,interval,0.035,specialist_pool_0.035,0.8046875,0.609375,af61adbd93936f9b7ae9
formal-10,interval,0.035,specialist_pool_0.05,0.763671875,0.52734375,c2658f1ffaafa837f288
formal-10,interval,0.035,high_degree,0.681640625,0.36328125,d969654888e9ca8734d2
formal-10,interval,0.035,spectral,0.71875,0.4375,c6b273f9a8972ee89b74
formal-10,interval,0.035,input_energy_degree,0.65234375,0.3046875,53b49d25d7232abe9d22
formal-10,interval,0.035,input_quota_random,0.755859375,0.51171875,738208b05c9188b4f2ed
formal-10,interval,0.035,unselected_random_00,0.716796875,0.43359375,7413f0477294560bdf85
formal-10,interval,0.035,unselected_random_01,0.7734375,0.546875,7c99f48bf97a01a27419
formal-10,interval,0.035,unselected_random_02,0.791015625,0.58203125,012e2fb62808db062ceb
formal-10,interval,0.035,unselected_random_03,0.802734375,0.60546875,04afb3a1a480dd20b136
formal-10,interval,0.035,unselected_random_04,0.748046875,0.49609375,c4854c47448c1f56174b
formal-10,interval,0.035,unselected_random_05,0.7265625,0.453125,c61f4070c1fdfd7a65ed
formal-10,interval,0.035,unselected_random_06,0.767578125,0.53515625,8d3a9745d63d3c1a83b8
formal-10,interval,0.035,unselected_random_07,0.748046875,0.49609375,8f4f53c6b7b57ec2e76e
formal-10,interval,0.035,group_matched_random_00,0.744140625,0.48828125,834119d42bd8072bb944
formal-10,interval,0.035,group_matched_random_01,0.669921875,0.33984375,967de1c51debd3ea68a1
formal-10,interval,0.035,group_matched_random_02,0.751953125,0.50390625,0a699bdcfbd5ed552e3b
formal-10,interval,0.035,group_matched_random_03,0.765625,0.53125,4a18e87e332aa3d49756
formal-10,interval,0.05,random_search,0.841796875,0.68359375,2094beae5d7f09bfaf00
formal-10,interval,0.05,local_search,0.83203125,0.6640625,7c99f48bf97a01a27419
formal-10,interval,0.05,population_search,0.82421875,0.6484375,af61adbd93936f9b7ae9
formal-10,interval,0.05,specialist_pool_0.035,0.82421875,0.6484375,af61adbd93936f9b7ae9
formal-10,interval,0.05,specialist_pool_0.05,0.892578125,0.78515625,c2658f1ffaafa837f288
formal-10,interval,0.05,high_degree,0.80859375,0.6171875,d969654888e9ca8734d2
formal-10,interval,0.05,spectral,0.814453125,0.62890625,c6b273f9a8972ee89b74
formal-10,interval,0.05,input_energy_degree,0.697265625,0.39453125,53b49d25d7232abe9d22
formal-10,interval,0.05,input_quota_random,0.837890625,0.67578125,738208b05c9188b4f2ed
formal-10,interval,0.05,unselected_random_00,0.86328125,0.7265625,7413f0477294560bdf85
formal-10,interval,0.05,unselected_random_01,0.83203125,0.6640625,7c99f48bf97a01a27419
formal-10,interval,0.05,unselected_random_02,0.845703125,0.69140625,012e2fb62808db062ceb
formal-10,interval,0.05,unselected_random_03,0.84765625,0.6953125,04afb3a1a480dd20b136
formal-10,interval,0.05,unselected_random_04,0.849609375,0.69921875,c4854c47448c1f56174b
formal-10,interval,0.05,unselected_random_05,0.85546875,0.7109375,c61f4070c1fdfd7a65ed
formal-10,interval,0.05,unselected_random_06,0.8203125,0.640625,8d3a9745d63d3c1a83b8
formal-10,interval,0.05,unselected_random_07,0.837890625,0.67578125,8f4f53c6b7b57ec2e76e
formal-10,interval,0.05,group_matched_random_00,0.8359375,0.671875,834119d42bd8072bb944
formal-10,interval,0.05,group_matched_random_01,0.880859375,0.76171875,967de1c51debd3ea68a1
formal-10,interval,0.05,group_matched_random_02,0.859375,0.71875,0a699bdcfbd5ed552e3b
formal-10,interval,0.05,group_matched_random_03,0.853515625,0.70703125,4a18e87e332aa3d49756
formal-10,evidence_accumulation,0.035,random_search,0.78515625,0.5703125,776aabd03f2680200579
formal-10,evidence_accumulation,0.035,local_search,0.783203125,0.56640625,ecbf15fc68f8a033c875
formal-10,evidence_accumulation,0.035,population_search,0.77734375,0.5546875,1b4f5865b0ced3db457c
formal-10,evidence_accumulation,0.035,specialist_pool_0.035,0.78125,0.5625,d56dd3964f3062ba0fbb
formal-10,evidence_accumulation,0.035,specialist_pool_0.05,0.765625,0.53125,5f315b77aa2ce2789178
formal-10,evidence_accumulation,0.035,high_degree,0.73046875,0.4609375,d969654888e9ca8734d2
formal-10,evidence_accumulation,0.035,spectral,0.75,0.5,c6b273f9a8972ee89b74
formal-10,evidence_accumulation,0.035,input_energy_degree,0.712890625,0.42578125,53b49d25d7232abe9d22
formal-10,evidence_accumulation,0.035,input_quota_random,0.779296875,0.55859375,2c3128186fa5b8fad080
formal-10,evidence_accumulation,0.035,unselected_random_00,0.783203125,0.56640625,ecbf15fc68f8a033c875
formal-10,evidence_accumulation,0.035,unselected_random_01,0.77734375,0.5546875,daf487aff3efed9fafc1
formal-10,evidence_accumulation,0.035,unselected_random_02,0.748046875,0.49609375,ec9f32d5459861229ccf
formal-10,evidence_accumulation,0.035,unselected_random_03,0.76953125,0.5390625,5f4e3e023c34b6a7b718
formal-10,evidence_accumulation,0.035,unselected_random_04,0.755859375,0.51171875,20c11df64b535eac073e
formal-10,evidence_accumulation,0.035,unselected_random_05,0.78515625,0.5703125,97e2d622bfffc28eec4b
formal-10,evidence_accumulation,0.035,unselected_random_06,0.76953125,0.5390625,22fb8eb89f26078062bd
formal-10,evidence_accumulation,0.035,unselected_random_07,0.767578125,0.53515625,1995e7891ac0683e1473
formal-10,evidence_accumulation,0.035,group_matched_random_00,0.73828125,0.4765625,98d73590749317437755
formal-10,evidence_accumulation,0.035,group_matched_random_01,0.798828125,0.59765625,b3a7549015170485bc76
formal-10,evidence_accumulation,0.035,group_matched_random_02,0.759765625,0.51953125,97316953ee343ce9b894
formal-10,evidence_accumulation,0.035,group_matched_random_03,0.783203125,0.56640625,379699f0f02df543e288
formal-10,evidence_accumulation,0.05,random_search,0.7890625,0.578125,776aabd03f2680200579
formal-10,evidence_accumulation,0.05,local_search,0.80859375,0.6171875,ecbf15fc68f8a033c875
formal-10,evidence_accumulation,0.05,population_search,0.80859375,0.6171875,1b4f5865b0ced3db457c
formal-10,evidence_accumulation,0.05,specialist_pool_0.035,0.7890625,0.578125,d56dd3964f3062ba0fbb
formal-10,evidence_accumulation,0.05,specialist_pool_0.05,0.7734375,0.546875,5f315b77aa2ce2789178
formal-10,evidence_accumulation,0.05,high_degree,0.787109375,0.57421875,d969654888e9ca8734d2
formal-10,evidence_accumulation,0.05,spectral,0.759765625,0.51953125,c6b273f9a8972ee89b74
formal-10,evidence_accumulation,0.05,input_energy_degree,0.716796875,0.43359375,53b49d25d7232abe9d22
formal-10,evidence_accumulation,0.05,input_quota_random,0.802734375,0.60546875,2c3128186fa5b8fad080
formal-10,evidence_accumulation,0.05,unselected_random_00,0.80859375,0.6171875,ecbf15fc68f8a033c875
formal-10,evidence_accumulation,0.05,unselected_random_01,0.8203125,0.640625,daf487aff3efed9fafc1
formal-10,evidence_accumulation,0.05,unselected_random_02,0.787109375,0.57421875,ec9f32d5459861229ccf
formal-10,evidence_accumulation,0.05,unselected_random_03,0.77734375,0.5546875,5f4e3e023c34b6a7b718
formal-10,evidence_accumulation,0.05,unselected_random_04,0.80078125,0.6015625,20c11df64b535eac073e
formal-10,evidence_accumulation,0.05,unselected_random_05,0.794921875,0.58984375,97e2d622bfffc28eec4b
formal-10,evidence_accumulation,0.05,unselected_random_06,0.802734375,0.60546875,22fb8eb89f26078062bd
formal-10,evidence_accumulation,0.05,unselected_random_07,0.814453125,0.62890625,1995e7891ac0683e1473
formal-10,evidence_accumulation,0.05,group_matched_random_00,0.81640625,0.6328125,98d73590749317437755
formal-10,evidence_accumulation,0.05,group_matched_random_01,0.828125,0.65625,b3a7549015170485bc76
formal-10,evidence_accumulation,0.05,group_matched_random_02,0.767578125,0.53515625,97316953ee343ce9b894
formal-10,evidence_accumulation,0.05,group_matched_random_03,0.783203125,0.56640625,379699f0f02df543e288
formal-10,context_recall,0.035,random_search,0.857421875,0.71484375,43687202c2cffee663d2
formal-10,context_recall,0.035,local_search,0.8515625,0.703125,56a630368ba95e54879b
formal-10,context_recall,0.035,population_search,0.859375,0.71875,338178bcde87b81558c0
formal-10,context_recall,0.035,specialist_pool_0.035,0.859375,0.71875,338178bcde87b81558c0
formal-10,context_recall,0.035,specialist_pool_0.05,0.826171875,0.65234375,ac121b5b0e45daa3005a
formal-10,context_recall,0.035,high_degree,0.8046875,0.609375,d969654888e9ca8734d2
formal-10,context_recall,0.035,spectral,0.78125,0.5625,c6b273f9a8972ee89b74
formal-10,context_recall,0.035,input_energy_degree,0.763671875,0.52734375,4ea302689f45ba315009
formal-10,context_recall,0.035,input_quota_random,0.833984375,0.66796875,49d638ff1e10d1e3e4ab
formal-10,context_recall,0.035,unselected_random_00,0.83203125,0.6640625,7fa7c12fb5736c25489e
formal-10,context_recall,0.035,unselected_random_01,0.84375,0.6875,8e7c96ea107e5c52025e
formal-10,context_recall,0.035,unselected_random_02,0.818359375,0.63671875,8799f1b5afaac746a07e
formal-10,context_recall,0.035,unselected_random_03,0.833984375,0.66796875,93453f1617ff37d7c0fe
formal-10,context_recall,0.035,unselected_random_04,0.794921875,0.58984375,d2f8c34a4912daadfe28
formal-10,context_recall,0.035,unselected_random_05,0.806640625,0.61328125,0aa7a03039b50baaf848
formal-10,context_recall,0.035,unselected_random_06,0.814453125,0.62890625,79be1b6829d3224ab84c
formal-10,context_recall,0.035,unselected_random_07,0.86328125,0.7265625,d364a64e6f5f25e257b4
formal-10,context_recall,0.035,group_matched_random_00,0.859375,0.71875,7531f2b6baa12d7ae20a
formal-10,context_recall,0.035,group_matched_random_01,0.853515625,0.70703125,f2565f4e937b37159c83
formal-10,context_recall,0.035,group_matched_random_02,0.81640625,0.6328125,75f5156c7979d59cb6cf
formal-10,context_recall,0.035,group_matched_random_03,0.80078125,0.6015625,a23c33c019dca25bdfdc
formal-10,context_recall,0.05,random_search,0.892578125,0.78515625,43687202c2cffee663d2
formal-10,context_recall,0.05,local_search,0.900390625,0.80078125,56a630368ba95e54879b
formal-10,context_recall,0.05,population_search,0.892578125,0.78515625,338178bcde87b81558c0
formal-10,context_recall,0.05,specialist_pool_0.035,0.892578125,0.78515625,338178bcde87b81558c0
formal-10,context_recall,0.05,specialist_pool_0.05,0.908203125,0.81640625,ac121b5b0e45daa3005a
formal-10,context_recall,0.05,high_degree,0.8828125,0.765625,d969654888e9ca8734d2
formal-10,context_recall,0.05,spectral,0.830078125,0.66015625,c6b273f9a8972ee89b74
formal-10,context_recall,0.05,input_energy_degree,0.85546875,0.7109375,4ea302689f45ba315009
formal-10,context_recall,0.05,input_quota_random,0.892578125,0.78515625,49d638ff1e10d1e3e4ab
formal-10,context_recall,0.05,unselected_random_00,0.927734375,0.85546875,7fa7c12fb5736c25489e
formal-10,context_recall,0.05,unselected_random_01,0.916015625,0.83203125,8e7c96ea107e5c52025e
formal-10,context_recall,0.05,unselected_random_02,0.88671875,0.7734375,8799f1b5afaac746a07e
formal-10,context_recall,0.05,unselected_random_03,0.88671875,0.7734375,93453f1617ff37d7c0fe
formal-10,context_recall,0.05,unselected_random_04,0.931640625,0.86328125,d2f8c34a4912daadfe28
formal-10,context_recall,0.05,unselected_random_05,0.92578125,0.8515625,0aa7a03039b50baaf848
formal-10,context_recall,0.05,unselected_random_06,0.8984375,0.796875,79be1b6829d3224ab84c
formal-10,context_recall,0.05,unselected_random_07,0.9140625,0.828125,d364a64e6f5f25e257b4
formal-10,context_recall,0.05,group_matched_random_00,0.904296875,0.80859375,7531f2b6baa12d7ae20a
formal-10,context_recall,0.05,group_matched_random_01,0.861328125,0.72265625,f2565f4e937b37159c83
formal-10,context_recall,0.05,group_matched_random_02,0.888671875,0.77734375,75f5156c7979d59cb6cf
formal-10,context_recall,0.05,group_matched_random_03,0.892578125,0.78515625,a23c33c019dca25bdfdc
formal-11,delayed_recall,0.035,random_search,0.8879587967998452,0.8879587967998452,49676a47dbb53f67910b
formal-11,delayed_recall,0.035,local_search,0.8980127535389392,0.8980127535389392,e76ac2395e8ba8273338
formal-11,delayed_recall,0.035,population_search,0.9189855334527864,0.9189855334527864,0d25020651ac16a359e8
formal-11,delayed_recall,0.035,specialist_pool_0.035,0.9125657759854807,0.9125657759854807,b83e9ea653a4ec6a4fbe
formal-11,delayed_recall,0.035,specialist_pool_0.05,0.8727011818804276,0.8727011818804276,1b3d54a64e08a4508235
formal-11,delayed_recall,0.035,high_degree,0.8335641116528641,0.8335641116528641,0fbb87fd9d7481cf8700
formal-11,delayed_recall,0.035,spectral,0.8101402729448159,0.8101402729448159,ca2ba083c4dcec6078c0
formal-11,delayed_recall,0.035,input_energy_degree,0.9261941306708257,0.9261941306708257,10987ea3f3b717077da2
formal-11,delayed_recall,0.035,input_quota_random,0.909576580294494,0.909576580294494,80b20526bcfabbcc04ab
formal-11,delayed_recall,0.035,unselected_random_00,0.8500285054487196,0.8500285054487196,79d717d213c5fcdb3766
formal-11,delayed_recall,0.035,unselected_random_01,0.8727011818804276,0.8727011818804276,1b3d54a64e08a4508235
formal-11,delayed_recall,0.035,unselected_random_02,0.8508093524675623,0.8508093524675623,6f53039d5df759d23903
formal-11,delayed_recall,0.035,unselected_random_03,0.888681234402206,0.888681234402206,1adf9d31ee8001aa3321
formal-11,delayed_recall,0.035,unselected_random_04,0.8928500561688114,0.8928500561688114,17301e4c1fbc17b2d967
formal-11,delayed_recall,0.035,unselected_random_05,0.8678839259427157,0.8678839259427157,245734366be3a51dbf6a
formal-11,delayed_recall,0.035,unselected_random_06,0.8833209917045837,0.8833209917045837,86921841933e7198e6c4
formal-11,delayed_recall,0.035,unselected_random_07,0.9051942828013272,0.9051942828013272,4fcc3a6b146d40e3d797
formal-11,delayed_recall,0.035,group_matched_random_00,0.8894250482686316,0.8894250482686316,4af2e35f3e556e450059
formal-11,delayed_recall,0.035,group_matched_random_01,0.8331134887398044,0.8331134887398044,bdefae393d94b8d26fcd
formal-11,delayed_recall,0.035,group_matched_random_02,0.8741522831851313,0.8741522831851313,e470b078a5114c98f7e1
formal-11,delayed_recall,0.035,group_matched_random_03,0.7801298477433128,0.7801298477433128,52d18b0efa504b3c6cee
formal-11,delayed_recall,0.05,random_search,0.8936606895109231,0.8936606895109231,49676a47dbb53f67910b
formal-11,delayed_recall,0.05,local_search,0.895280677595303,0.895280677595303,e76ac2395e8ba8273338
formal-11,delayed_recall,0.05,population_search,0.8922624690817982,0.8922624690817982,0d25020651ac16a359e8
formal-11,delayed_recall,0.05,specialist_pool_0.035,0.887907546880703,0.887907546880703,b83e9ea653a4ec6a4fbe
formal-11,delayed_recall,0.05,specialist_pool_0.05,0.9113808667042875,0.9113808667042875,1b3d54a64e08a4508235
formal-11,delayed_recall,0.05,high_degree,0.9046000795386492,0.9046000795386492,0fbb87fd9d7481cf8700
formal-11,delayed_recall,0.05,spectral,0.8960110693776681,0.8960110693776681,ca2ba083c4dcec6078c0
formal-11,delayed_recall,0.05,input_energy_degree,0.8644967467896436,0.8644967467896436,10987ea3f3b717077da2
formal-11,delayed_recall,0.05,input_quota_random,0.8780129595885998,0.8780129595885998,80b20526bcfabbcc04ab
formal-11,delayed_recall,0.05,unselected_random_00,0.8763667262141542,0.8763667262141542,79d717d213c5fcdb3766
formal-11,delayed_recall,0.05,unselected_random_01,0.9113808667042875,0.9113808667042875,1b3d54a64e08a4508235
formal-11,delayed_recall,0.05,unselected_random_02,0.851711941959068,0.851711941959068,6f53039d5df759d23903
formal-11,delayed_recall,0.05,unselected_random_03,0.8816190138229536,0.8816190138229536,1adf9d31ee8001aa3321
formal-11,delayed_recall,0.05,unselected_random_04,0.8835827589388627,0.8835827589388627,17301e4c1fbc17b2d967
formal-11,delayed_recall,0.05,unselected_random_05,0.8694156264323705,0.8694156264323705,245734366be3a51dbf6a
formal-11,delayed_recall,0.05,unselected_random_06,0.9094966658233173,0.9094966658233173,86921841933e7198e6c4
formal-11,delayed_recall,0.05,unselected_random_07,0.8889954030888343,0.8889954030888343,4fcc3a6b146d40e3d797
formal-11,delayed_recall,0.05,group_matched_random_00,0.8802107786577857,0.8802107786577857,4af2e35f3e556e450059
formal-11,delayed_recall,0.05,group_matched_random_01,0.8899448833379489,0.8899448833379489,bdefae393d94b8d26fcd
formal-11,delayed_recall,0.05,group_matched_random_02,0.9034931485278221,0.9034931485278221,e470b078a5114c98f7e1
formal-11,delayed_recall,0.05,group_matched_random_03,0.9132013451171608,0.9132013451171608,52d18b0efa504b3c6cee
formal-11,nonlinear_integration,0.035,random_search,0.998046875,0.99609375,b51b8d7cfd358d12c058
formal-11,nonlinear_integration,0.035,local_search,0.994140625,0.98828125,238fc6a4c48d1c6dfa4b
formal-11,nonlinear_integration,0.035,population_search,0.990234375,0.98046875,9ecac31115874fce4443
formal-11,nonlinear_integration,0.035,specialist_pool_0.035,0.984375,0.96875,9b0e1413346b8ea12dc0
formal-11,nonlinear_integration,0.035,specialist_pool_0.05,0.96484375,0.9296875,3ab6c7c1d3f0ee004079
formal-11,nonlinear_integration,0.035,high_degree,0.90234375,0.8046875,0fbb87fd9d7481cf8700
formal-11,nonlinear_integration,0.035,spectral,0.912109375,0.82421875,ca2ba083c4dcec6078c0
formal-11,nonlinear_integration,0.035,input_energy_degree,0.970703125,0.94140625,c494633920b8d42afb7f
formal-11,nonlinear_integration,0.035,input_quota_random,0.990234375,0.98046875,6de01439aba186e57cf5
formal-11,nonlinear_integration,0.035,unselected_random_00,0.984375,0.96875,9b0e1413346b8ea12dc0
formal-11,nonlinear_integration,0.035,unselected_random_01,0.97265625,0.9453125,e40a876dfefbf50f1663
formal-11,nonlinear_integration,0.035,unselected_random_02,0.98046875,0.9609375,e1492535a60f2c8868b8
formal-11,nonlinear_integration,0.035,unselected_random_03,0.96484375,0.9296875,3ab6c7c1d3f0ee004079
formal-11,nonlinear_integration,0.035,unselected_random_04,0.986328125,0.97265625,3f1284b645b9794c312b
formal-11,nonlinear_integration,0.035,unselected_random_05,0.9765625,0.953125,9ff06910fc1bc695d881
formal-11,nonlinear_integration,0.035,unselected_random_06,0.982421875,0.96484375,0420898d0f15f1a257b0
formal-11,nonlinear_integration,0.035,unselected_random_07,1.0,1.0,4a843977f688fc4c4198
formal-11,nonlinear_integration,0.035,group_matched_random_00,0.994140625,0.98828125,7e62cd5d9676fe454539
formal-11,nonlinear_integration,0.035,group_matched_random_01,0.98828125,0.9765625,1a3b9ba65580dca1730b
formal-11,nonlinear_integration,0.035,group_matched_random_02,0.958984375,0.91796875,28252ea8e329935f0421
formal-11,nonlinear_integration,0.035,group_matched_random_03,0.9609375,0.921875,5771590fdecaea7ee72a
formal-11,nonlinear_integration,0.05,random_search,0.994140625,0.98828125,b51b8d7cfd358d12c058
formal-11,nonlinear_integration,0.05,local_search,1.0,1.0,238fc6a4c48d1c6dfa4b
formal-11,nonlinear_integration,0.05,population_search,0.998046875,0.99609375,9ecac31115874fce4443
formal-11,nonlinear_integration,0.05,specialist_pool_0.035,0.986328125,0.97265625,9b0e1413346b8ea12dc0
formal-11,nonlinear_integration,0.05,specialist_pool_0.05,0.99609375,0.9921875,3ab6c7c1d3f0ee004079
formal-11,nonlinear_integration,0.05,high_degree,0.92578125,0.8515625,0fbb87fd9d7481cf8700
formal-11,nonlinear_integration,0.05,spectral,0.916015625,0.83203125,ca2ba083c4dcec6078c0
formal-11,nonlinear_integration,0.05,input_energy_degree,0.98046875,0.9609375,c494633920b8d42afb7f
formal-11,nonlinear_integration,0.05,input_quota_random,0.9765625,0.953125,6de01439aba186e57cf5
formal-11,nonlinear_integration,0.05,unselected_random_00,0.986328125,0.97265625,9b0e1413346b8ea12dc0
formal-11,nonlinear_integration,0.05,unselected_random_01,0.99609375,0.9921875,e40a876dfefbf50f1663
formal-11,nonlinear_integration,0.05,unselected_random_02,0.984375,0.96875,e1492535a60f2c8868b8
formal-11,nonlinear_integration,0.05,unselected_random_03,0.99609375,0.9921875,3ab6c7c1d3f0ee004079
formal-11,nonlinear_integration,0.05,unselected_random_04,0.982421875,0.96484375,3f1284b645b9794c312b
formal-11,nonlinear_integration,0.05,unselected_random_05,0.994140625,0.98828125,9ff06910fc1bc695d881
formal-11,nonlinear_integration,0.05,unselected_random_06,0.99609375,0.9921875,0420898d0f15f1a257b0
formal-11,nonlinear_integration,0.05,unselected_random_07,0.9765625,0.953125,4a843977f688fc4c4198
formal-11,nonlinear_integration,0.05,group_matched_random_00,0.990234375,0.98046875,7e62cd5d9676fe454539
formal-11,nonlinear_integration,0.05,group_matched_random_01,1.0,1.0,1a3b9ba65580dca1730b
formal-11,nonlinear_integration,0.05,group_matched_random_02,0.955078125,0.91015625,28252ea8e329935f0421
formal-11,nonlinear_integration,0.05,group_matched_random_03,0.994140625,0.98828125,5771590fdecaea7ee72a
formal-11,pulse_order,0.035,random_search,0.595703125,0.19140625,87717e630fa12446f63c
formal-11,pulse_order,0.035,local_search,0.615234375,0.23046875,782bae92b98d8052df37
formal-11,pulse_order,0.035,population_search,0.685546875,0.37109375,33a6eeb2249f8ccd95f5
formal-11,pulse_order,0.035,specialist_pool_0.035,0.677734375,0.35546875,acdb6b19292a84a23df1
formal-11,pulse_order,0.035,specialist_pool_0.05,0.568359375,0.13671875,7769689a1ec4f025c5ca
formal-11,pulse_order,0.035,high_degree,0.662109375,0.32421875,0fbb87fd9d7481cf8700
formal-11,pulse_order,0.035,spectral,0.63671875,0.2734375,ca2ba083c4dcec6078c0
formal-11,pulse_order,0.035,input_energy_degree,0.5859375,0.171875,e6cee9d0c1de574164fc
formal-11,pulse_order,0.035,input_quota_random,0.615234375,0.23046875,28a613d8b19e44d45a66
formal-11,pulse_order,0.035,unselected_random_00,0.59765625,0.1953125,38e9d31a7e1f25a938a4
formal-11,pulse_order,0.035,unselected_random_01,0.59765625,0.1953125,81399d22199253180068
formal-11,pulse_order,0.035,unselected_random_02,0.591796875,0.18359375,9ca50cdd0bc4b30017ab
formal-11,pulse_order,0.035,unselected_random_03,0.556640625,0.11328125,74d4ecd42bd8bb841986
formal-11,pulse_order,0.035,unselected_random_04,0.591796875,0.18359375,d365672e5dd5b9c8052b
formal-11,pulse_order,0.035,unselected_random_05,0.6015625,0.203125,e1b467a980863012662e
formal-11,pulse_order,0.035,unselected_random_06,0.6328125,0.265625,cc1ca8404925e911fcf7
formal-11,pulse_order,0.035,unselected_random_07,0.587890625,0.17578125,d5c5f6842affa03c2039
formal-11,pulse_order,0.035,group_matched_random_00,0.615234375,0.23046875,62ed3e3d83652f26e74f
formal-11,pulse_order,0.035,group_matched_random_01,0.5859375,0.171875,e63c8aba95f21fea5f13
formal-11,pulse_order,0.035,group_matched_random_02,0.62890625,0.2578125,7613691cdd00af341601
formal-11,pulse_order,0.035,group_matched_random_03,0.650390625,0.30078125,d5bce5a91f8e5d7c9d9e
formal-11,pulse_order,0.05,random_search,0.654296875,0.30859375,87717e630fa12446f63c
formal-11,pulse_order,0.05,local_search,0.64453125,0.2890625,782bae92b98d8052df37
formal-11,pulse_order,0.05,population_search,0.62109375,0.2421875,33a6eeb2249f8ccd95f5
formal-11,pulse_order,0.05,specialist_pool_0.035,0.609375,0.21875,acdb6b19292a84a23df1
formal-11,pulse_order,0.05,specialist_pool_0.05,0.69921875,0.3984375,7769689a1ec4f025c5ca
formal-11,pulse_order,0.05,high_degree,0.60546875,0.2109375,0fbb87fd9d7481cf8700
formal-11,pulse_order,0.05,spectral,0.666015625,0.33203125,ca2ba083c4dcec6078c0
formal-11,pulse_order,0.05,input_energy_degree,0.607421875,0.21484375,e6cee9d0c1de574164fc
formal-11,pulse_order,0.05,input_quota_random,0.623046875,0.24609375,28a613d8b19e44d45a66
formal-11,pulse_order,0.05,unselected_random_00,0.62109375,0.2421875,38e9d31a7e1f25a938a4
formal-11,pulse_order,0.05,unselected_random_01,0.61328125,0.2265625,81399d22199253180068
formal-11,pulse_order,0.05,unselected_random_02,0.638671875,0.27734375,9ca50cdd0bc4b30017ab
formal-11,pulse_order,0.05,unselected_random_03,0.587890625,0.17578125,74d4ecd42bd8bb841986
formal-11,pulse_order,0.05,unselected_random_04,0.62890625,0.2578125,d365672e5dd5b9c8052b
formal-11,pulse_order,0.05,unselected_random_05,0.623046875,0.24609375,e1b467a980863012662e
formal-11,pulse_order,0.05,unselected_random_06,0.66796875,0.3359375,cc1ca8404925e911fcf7
formal-11,pulse_order,0.05,unselected_random_07,0.607421875,0.21484375,d5c5f6842affa03c2039
formal-11,pulse_order,0.05,group_matched_random_00,0.6328125,0.265625,62ed3e3d83652f26e74f
formal-11,pulse_order,0.05,group_matched_random_01,0.59375,0.1875,e63c8aba95f21fea5f13
formal-11,pulse_order,0.05,group_matched_random_02,0.609375,0.21875,7613691cdd00af341601
formal-11,pulse_order,0.05,group_matched_random_03,0.634765625,0.26953125,d5bce5a91f8e5d7c9d9e
formal-11,interval,0.035,random_search,0.755859375,0.51171875,7ff49e4cbd50eb85a18d
formal-11,interval,0.035,local_search,0.76953125,0.5390625,2c5634e4e60e193a2f02
formal-11,interval,0.035,population_search,0.744140625,0.48828125,677b8ee9276e6d37b38a
formal-11,interval,0.035,specialist_pool_0.035,0.740234375,0.48046875,ddf31f3ac1d6ab7dbfcf
formal-11,interval,0.035,specialist_pool_0.05,0.7421875,0.484375,0d02e17e7c1352e9bf4f
formal-11,interval,0.035,high_degree,0.705078125,0.41015625,0fbb87fd9d7481cf8700
formal-11,interval,0.035,spectral,0.7109375,0.421875,ca2ba083c4dcec6078c0
formal-11,interval,0.035,input_energy_degree,0.673828125,0.34765625,10987ea3f3b717077da2
formal-11,interval,0.035,input_quota_random,0.716796875,0.43359375,ed550a35449fef8632f6
formal-11,interval,0.035,unselected_random_00,0.744140625,0.48828125,677b8ee9276e6d37b38a
formal-11,interval,0.035,unselected_random_01,0.744140625,0.48828125,3b2df9c8269ddadba7b6
formal-11,interval,0.035,unselected_random_02,0.708984375,0.41796875,e1e91148e5cbbc53a904
formal-11,interval,0.035,unselected_random_03,0.748046875,0.49609375,bf0038b552a8ba1a2e6d
formal-11,interval,0.035,unselected_random_04,0.7265625,0.453125,acbdc953965485b6c71a
formal-11,interval,0.035,unselected_random_05,0.787109375,0.57421875,197edb8e76b325b06ff2
formal-11,interval,0.035,unselected_random_06,0.818359375,0.63671875,5a28f206ef5fbb300f2b
formal-11,interval,0.035,unselected_random_07,0.736328125,0.47265625,72a345ef7dc7de54af6b
formal-11,interval,0.035,group_matched_random_00,0.75,0.5,8c6f79ab87e989d799e9
formal-11,interval,0.035,group_matched_random_01,0.77734375,0.5546875,ec9c65bd97a7eff40cad
formal-11,interval,0.035,group_matched_random_02,0.7734375,0.546875,e97f2538050665391826
formal-11,interval,0.035,group_matched_random_03,0.7578125,0.515625,a2a14ccdf2e5e1f4c540
formal-11,interval,0.05,random_search,0.857421875,0.71484375,7ff49e4cbd50eb85a18d
formal-11,interval,0.05,local_search,0.833984375,0.66796875,2c5634e4e60e193a2f02
formal-11,interval,0.05,population_search,0.765625,0.53125,677b8ee9276e6d37b38a
formal-11,interval,0.05,specialist_pool_0.035,0.78125,0.5625,ddf31f3ac1d6ab7dbfcf
formal-11,interval,0.05,specialist_pool_0.05,0.857421875,0.71484375,0d02e17e7c1352e9bf4f
formal-11,interval,0.05,high_degree,0.8359375,0.671875,0fbb87fd9d7481cf8700
formal-11,interval,0.05,spectral,0.841796875,0.68359375,ca2ba083c4dcec6078c0
formal-11,interval,0.05,input_energy_degree,0.701171875,0.40234375,10987ea3f3b717077da2
formal-11,interval,0.05,input_quota_random,0.77734375,0.5546875,ed550a35449fef8632f6
formal-11,interval,0.05,unselected_random_00,0.765625,0.53125,677b8ee9276e6d37b38a
formal-11,interval,0.05,unselected_random_01,0.783203125,0.56640625,3b2df9c8269ddadba7b6
formal-11,interval,0.05,unselected_random_02,0.82421875,0.6484375,e1e91148e5cbbc53a904
formal-11,interval,0.05,unselected_random_03,0.857421875,0.71484375,bf0038b552a8ba1a2e6d
formal-11,interval,0.05,unselected_random_04,0.849609375,0.69921875,acbdc953965485b6c71a
formal-11,interval,0.05,unselected_random_05,0.787109375,0.57421875,197edb8e76b325b06ff2
formal-11,interval,0.05,unselected_random_06,0.833984375,0.66796875,5a28f206ef5fbb300f2b
formal-11,interval,0.05,unselected_random_07,0.826171875,0.65234375,72a345ef7dc7de54af6b
formal-11,interval,0.05,group_matched_random_00,0.806640625,0.61328125,8c6f79ab87e989d799e9
formal-11,interval,0.05,group_matched_random_01,0.7890625,0.578125,ec9c65bd97a7eff40cad
formal-11,interval,0.05,group_matched_random_02,0.810546875,0.62109375,e97f2538050665391826
formal-11,interval,0.05,group_matched_random_03,0.794921875,0.58984375,a2a14ccdf2e5e1f4c540
formal-11,evidence_accumulation,0.035,random_search,0.78515625,0.5703125,774f65436ccfcbf98cb2
formal-11,evidence_accumulation,0.035,local_search,0.78515625,0.5703125,774f65436ccfcbf98cb2
formal-11,evidence_accumulation,0.035,population_search,0.78515625,0.5703125,774f65436ccfcbf98cb2
formal-11,evidence_accumulation,0.035,specialist_pool_0.035,0.78515625,0.5703125,774f65436ccfcbf98cb2
formal-11,evidence_accumulation,0.035,specialist_pool_0.05,0.7578125,0.515625,a9d0f91adbbb9e8a9163
formal-11,evidence_accumulation,0.035,high_degree,0.7578125,0.515625,0fbb87fd9d7481cf8700
formal-11,evidence_accumulation,0.035,spectral,0.779296875,0.55859375,ca2ba083c4dcec6078c0
formal-11,evidence_accumulation,0.035,input_energy_degree,0.71875,0.4375,10987ea3f3b717077da2
formal-11,evidence_accumulation,0.035,input_quota_random,0.7421875,0.484375,7f2ccebe5867faf56443
formal-11,evidence_accumulation,0.035,unselected_random_00,0.76171875,0.5234375,75fa26e9d8cc1c182ccb
formal-11,evidence_accumulation,0.035,unselected_random_01,0.767578125,0.53515625,c45e787cf8f10faa2505
formal-11,evidence_accumulation,0.035,unselected_random_02,0.728515625,0.45703125,7377fccfd5ce92f86193
formal-11,evidence_accumulation,0.035,unselected_random_03,0.73046875,0.4609375,4984881fd8b534d36253
formal-11,evidence_accumulation,0.035,unselected_random_04,0.78515625,0.5703125,774f65436ccfcbf98cb2
formal-11,evidence_accumulation,0.035,unselected_random_05,0.75,0.5,32c9205158c7b2557c28
formal-11,evidence_accumulation,0.035,unselected_random_06,0.763671875,0.52734375,df809ba0c368c8664423
formal-11,evidence_accumulation,0.035,unselected_random_07,0.765625,0.53125,80ecd449554656581938
formal-11,evidence_accumulation,0.035,group_matched_random_00,0.787109375,0.57421875,54dc90e6e9af71932f06
formal-11,evidence_accumulation,0.035,group_matched_random_01,0.79296875,0.5859375,9b8befc79eb589e275d6
formal-11,evidence_accumulation,0.035,group_matched_random_02,0.755859375,0.51171875,5cdb381f83621f504e3e
formal-11,evidence_accumulation,0.035,group_matched_random_03,0.736328125,0.47265625,5cd5fe247c69460ab54e
formal-11,evidence_accumulation,0.05,random_search,0.802734375,0.60546875,774f65436ccfcbf98cb2
formal-11,evidence_accumulation,0.05,local_search,0.802734375,0.60546875,774f65436ccfcbf98cb2
formal-11,evidence_accumulation,0.05,population_search,0.802734375,0.60546875,774f65436ccfcbf98cb2
formal-11,evidence_accumulation,0.05,specialist_pool_0.035,0.802734375,0.60546875,774f65436ccfcbf98cb2
formal-11,evidence_accumulation,0.05,specialist_pool_0.05,0.806640625,0.61328125,a9d0f91adbbb9e8a9163
formal-11,evidence_accumulation,0.05,high_degree,0.80078125,0.6015625,0fbb87fd9d7481cf8700
formal-11,evidence_accumulation,0.05,spectral,0.8125,0.625,ca2ba083c4dcec6078c0
formal-11,evidence_accumulation,0.05,input_energy_degree,0.744140625,0.48828125,10987ea3f3b717077da2
formal-11,evidence_accumulation,0.05,input_quota_random,0.80859375,0.6171875,7f2ccebe5867faf56443
formal-11,evidence_accumulation,0.05,unselected_random_00,0.759765625,0.51953125,75fa26e9d8cc1c182ccb
formal-11,evidence_accumulation,0.05,unselected_random_01,0.796875,0.59375,c45e787cf8f10faa2505
formal-11,evidence_accumulation,0.05,unselected_random_02,0.771484375,0.54296875,7377fccfd5ce92f86193
formal-11,evidence_accumulation,0.05,unselected_random_03,0.751953125,0.50390625,4984881fd8b534d36253
formal-11,evidence_accumulation,0.05,unselected_random_04,0.802734375,0.60546875,774f65436ccfcbf98cb2
formal-11,evidence_accumulation,0.05,unselected_random_05,0.76953125,0.5390625,32c9205158c7b2557c28
formal-11,evidence_accumulation,0.05,unselected_random_06,0.775390625,0.55078125,df809ba0c368c8664423
formal-11,evidence_accumulation,0.05,unselected_random_07,0.7734375,0.546875,80ecd449554656581938
formal-11,evidence_accumulation,0.05,group_matched_random_00,0.796875,0.59375,54dc90e6e9af71932f06
formal-11,evidence_accumulation,0.05,group_matched_random_01,0.791015625,0.58203125,9b8befc79eb589e275d6
formal-11,evidence_accumulation,0.05,group_matched_random_02,0.802734375,0.60546875,5cdb381f83621f504e3e
formal-11,evidence_accumulation,0.05,group_matched_random_03,0.83203125,0.6640625,5cd5fe247c69460ab54e
formal-11,context_recall,0.035,random_search,0.91015625,0.8203125,8fe0a1f687367bd1ea1e
formal-11,context_recall,0.035,local_search,0.873046875,0.74609375,bf20c3b1144ee36a8d2d
formal-11,context_recall,0.035,population_search,0.8828125,0.765625,ac6ffeea73585d99949f
formal-11,context_recall,0.035,specialist_pool_0.035,0.87109375,0.7421875,6bdb72d0b64e76ffaea8
formal-11,context_recall,0.035,specialist_pool_0.05,0.82421875,0.6484375,dcb7fc531d12287865a4
formal-11,context_recall,0.035,high_degree,0.888671875,0.77734375,0fbb87fd9d7481cf8700
formal-11,context_recall,0.035,spectral,0.84375,0.6875,ca2ba083c4dcec6078c0
formal-11,context_recall,0.035,input_energy_degree,0.80859375,0.6171875,99e1c80a77522e712f80
formal-11,context_recall,0.035,input_quota_random,0.86328125,0.7265625,21039c10f8d51419c833
formal-11,context_recall,0.035,unselected_random_00,0.876953125,0.75390625,5ac666e570b2f14495ac
formal-11,context_recall,0.035,unselected_random_01,0.837890625,0.67578125,e9773f1c689919563636
formal-11,context_recall,0.035,unselected_random_02,0.841796875,0.68359375,dabd94e4b3e6128b1097
formal-11,context_recall,0.035,unselected_random_03,0.841796875,0.68359375,f39a1688712aff24f6e8
formal-11,context_recall,0.035,unselected_random_04,0.8671875,0.734375,33e481f7d84bf19bb009
formal-11,context_recall,0.035,unselected_random_05,0.849609375,0.69921875,e7faf45c113c0847af6f
formal-11,context_recall,0.035,unselected_random_06,0.845703125,0.69140625,79a6b4d03f7665406646
formal-11,context_recall,0.035,unselected_random_07,0.91015625,0.8203125,8fe0a1f687367bd1ea1e
formal-11,context_recall,0.035,group_matched_random_00,0.830078125,0.66015625,704aa81b7e79df283519
formal-11,context_recall,0.035,group_matched_random_01,0.861328125,0.72265625,476e989997b5bde68b49
formal-11,context_recall,0.035,group_matched_random_02,0.84765625,0.6953125,10dc545544dc34f7cde0
formal-11,context_recall,0.035,group_matched_random_03,0.830078125,0.66015625,3db8971911c49d1eab13
formal-11,context_recall,0.05,random_search,0.88671875,0.7734375,8fe0a1f687367bd1ea1e
formal-11,context_recall,0.05,local_search,0.9296875,0.859375,bf20c3b1144ee36a8d2d
formal-11,context_recall,0.05,population_search,0.90234375,0.8046875,ac6ffeea73585d99949f
formal-11,context_recall,0.05,specialist_pool_0.035,0.85546875,0.7109375,6bdb72d0b64e76ffaea8
formal-11,context_recall,0.05,specialist_pool_0.05,0.91796875,0.8359375,dcb7fc531d12287865a4
formal-11,context_recall,0.05,high_degree,0.8671875,0.734375,0fbb87fd9d7481cf8700
formal-11,context_recall,0.05,spectral,0.896484375,0.79296875,ca2ba083c4dcec6078c0
formal-11,context_recall,0.05,input_energy_degree,0.875,0.75,99e1c80a77522e712f80
formal-11,context_recall,0.05,input_quota_random,0.8984375,0.796875,21039c10f8d51419c833
formal-11,context_recall,0.05,unselected_random_00,0.888671875,0.77734375,5ac666e570b2f14495ac
formal-11,context_recall,0.05,unselected_random_01,0.859375,0.71875,e9773f1c689919563636
formal-11,context_recall,0.05,unselected_random_02,0.900390625,0.80078125,dabd94e4b3e6128b1097
formal-11,context_recall,0.05,unselected_random_03,0.869140625,0.73828125,f39a1688712aff24f6e8
formal-11,context_recall,0.05,unselected_random_04,0.91015625,0.8203125,33e481f7d84bf19bb009
formal-11,context_recall,0.05,unselected_random_05,0.88671875,0.7734375,e7faf45c113c0847af6f
formal-11,context_recall,0.05,unselected_random_06,0.912109375,0.82421875,79a6b4d03f7665406646
formal-11,context_recall,0.05,unselected_random_07,0.88671875,0.7734375,8fe0a1f687367bd1ea1e
formal-11,context_recall,0.05,group_matched_random_00,0.919921875,0.83984375,704aa81b7e79df283519
formal-11,context_recall,0.05,group_matched_random_01,0.884765625,0.76953125,476e989997b5bde68b49
formal-11,context_recall,0.05,group_matched_random_02,0.892578125,0.78515625,10dc545544dc34f7cde0
formal-11,context_recall,0.05,group_matched_random_03,0.927734375,0.85546875,3db8971911c49d1eab13
formal-12,delayed_recall,0.035,random_search,0.8642699106995264,0.8642699106995264,dc1397261bb3afbde368
formal-12,delayed_recall,0.035,local_search,0.8642699106995264,0.8642699106995264,dc1397261bb3afbde368
formal-12,delayed_recall,0.035,population_search,0.8642699106995264,0.8642699106995264,dc1397261bb3afbde368
formal-12,delayed_recall,0.035,specialist_pool_0.035,0.906941947290465,0.906941947290465,c5edb28c143b785fb398
formal-12,delayed_recall,0.035,specialist_pool_0.05,0.8871973943880918,0.8871973943880918,03b0c255e61122b926fc
formal-12,delayed_recall,0.035,high_degree,0.8685228786609132,0.8685228786609132,959d8726d71c4e4d45b4
formal-12,delayed_recall,0.035,spectral,0.8468265261129511,0.8468265261129511,ea6c2970cf082a9cd06c
formal-12,delayed_recall,0.035,input_energy_degree,0.9238300401672659,0.9238300401672659,1d599940ad0bf2248eb2
formal-12,delayed_recall,0.035,input_quota_random,0.895952173674206,0.895952173674206,7b612ac2cf187fe93793
formal-12,delayed_recall,0.035,unselected_random_00,0.8642699106995264,0.8642699106995264,dc1397261bb3afbde368
formal-12,delayed_recall,0.035,unselected_random_01,0.8531759979238295,0.8531759979238295,905ffee2ead48700212d
formal-12,delayed_recall,0.035,unselected_random_02,0.8937288574148575,0.8937288574148575,1a9f1af358d38cbec1c4
formal-12,delayed_recall,0.035,unselected_random_03,0.9100125347826327,0.9100125347826327,e388fbb2d64292e46d5a
formal-12,delayed_recall,0.035,unselected_random_04,0.8962355374160533,0.8962355374160533,e6e15ffdee8ebd5935e2
formal-12,delayed_recall,0.035,unselected_random_05,0.8871973943880918,0.8871973943880918,03b0c255e61122b926fc
formal-12,delayed_recall,0.035,unselected_random_06,0.9159398358190193,0.9159398358190193,a06c417cdd44c9680b1d
formal-12,delayed_recall,0.035,unselected_random_07,0.8290312264147714,0.8290312264147714,1f6971a9d24c8adbaf14
formal-12,delayed_recall,0.035,group_matched_random_00,0.8713482286319727,0.8713482286319727,1f3d410e58f1ae8ab969
formal-12,delayed_recall,0.035,group_matched_random_01,0.9015554888928874,0.9015554888928874,7c85baa4f1b81da7806a
formal-12,delayed_recall,0.035,group_matched_random_02,0.8367346889800642,0.8367346889800642,d64bb6825ca81ea13a05
formal-12,delayed_recall,0.035,group_matched_random_03,0.8938185744816102,0.8938185744816102,18b3b0a27a260cf8510c
formal-12,delayed_recall,0.05,random_search,0.9233149599797807,0.9233149599797807,dc1397261bb3afbde368
formal-12,delayed_recall,0.05,local_search,0.9233149599797807,0.9233149599797807,dc1397261bb3afbde368
formal-12,delayed_recall,0.05,population_search,0.9233149599797807,0.9233149599797807,dc1397261bb3afbde368
formal-12,delayed_recall,0.05,specialist_pool_0.035,0.8702313047830676,0.8702313047830676,c5edb28c143b785fb398
formal-12,delayed_recall,0.05,specialist_pool_0.05,0.9232352037590582,0.9232352037590582,03b0c255e61122b926fc
formal-12,delayed_recall,0.05,high_degree,0.900958380164553,0.900958380164553,959d8726d71c4e4d45b4
formal-12,delayed_recall,0.05,spectral,0.8190650804279138,0.8190650804279138,ea6c2970cf082a9cd06c
formal-12,delayed_recall,0.05,input_energy_degree,0.8256442929597787,0.8256442929597787,1d599940ad0bf2248eb2
formal-12,delayed_recall,0.05,input_quota_random,0.9073086783979271,0.9073086783979271,7b612ac2cf187fe93793
formal-12,delayed_recall,0.05,unselected_random_00,0.9233149599797807,0.9233149599797807,dc1397261bb3afbde368
formal-12,delayed_recall,0.05,unselected_random_01,0.9098484280445505,0.9098484280445505,905ffee2ead48700212d
formal-12,delayed_recall,0.05,unselected_random_02,0.8809104604372673,0.8809104604372673,1a9f1af358d38cbec1c4
formal-12,delayed_recall,0.05,unselected_random_03,0.8805436970771157,0.8805436970771157,e388fbb2d64292e46d5a
formal-12,delayed_recall,0.05,unselected_random_04,0.8984855282573438,0.8984855282573438,e6e15ffdee8ebd5935e2
formal-12,delayed_recall,0.05,unselected_random_05,0.9232352037590582,0.9232352037590582,03b0c255e61122b926fc
formal-12,delayed_recall,0.05,unselected_random_06,0.9158227208806485,0.9158227208806485,a06c417cdd44c9680b1d
formal-12,delayed_recall,0.05,unselected_random_07,0.8851549572408483,0.8851549572408483,1f6971a9d24c8adbaf14
formal-12,delayed_recall,0.05,group_matched_random_00,0.876536503475324,0.876536503475324,1f3d410e58f1ae8ab969
formal-12,delayed_recall,0.05,group_matched_random_01,0.9138707610335361,0.9138707610335361,7c85baa4f1b81da7806a
formal-12,delayed_recall,0.05,group_matched_random_02,0.8630990106085881,0.8630990106085881,d64bb6825ca81ea13a05
formal-12,delayed_recall,0.05,group_matched_random_03,0.9128298494796384,0.9128298494796384,18b3b0a27a260cf8510c
formal-12,nonlinear_integration,0.035,random_search,0.994140625,0.98828125,d263d679982273a5c406
formal-12,nonlinear_integration,0.035,local_search,0.982421875,0.96484375,14474f4db3f176fff078
formal-12,nonlinear_integration,0.035,population_search,0.982421875,0.96484375,14474f4db3f176fff078
formal-12,nonlinear_integration,0.035,specialist_pool_0.035,0.9921875,0.984375,39869050f3c0be6852e9
formal-12,nonlinear_integration,0.035,specialist_pool_0.05,0.98828125,0.9765625,1caa6d29fbc549f32a59
formal-12,nonlinear_integration,0.035,high_degree,0.8828125,0.765625,959d8726d71c4e4d45b4
formal-12,nonlinear_integration,0.035,spectral,0.8984375,0.796875,ea6c2970cf082a9cd06c
formal-12,nonlinear_integration,0.035,input_energy_degree,0.97265625,0.9453125,7e1a621bcd9f4b31a01c
formal-12,nonlinear_integration,0.035,input_quota_random,0.978515625,0.95703125,25e3c6a802ae9f4be8fa
formal-12,nonlinear_integration,0.035,unselected_random_00,0.986328125,0.97265625,22da93c5197761b12131
formal-12,nonlinear_integration,0.035,unselected_random_01,0.986328125,0.97265625,80aad67eba8f4c217612
formal-12,nonlinear_integration,0.035,unselected_random_02,0.9921875,0.984375,31aaf36a8cd7bf3d05d4
formal-12,nonlinear_integration,0.035,unselected_random_03,0.978515625,0.95703125,7028d4f90dfb7d2bed4a
formal-12,nonlinear_integration,0.035,unselected_random_04,0.982421875,0.96484375,14474f4db3f176fff078
formal-12,nonlinear_integration,0.035,unselected_random_05,0.97265625,0.9453125,31913a60b912773720ee
formal-12,nonlinear_integration,0.035,unselected_random_06,0.953125,0.90625,a5e914f166d96bc3cf98
formal-12,nonlinear_integration,0.035,unselected_random_07,0.974609375,0.94921875,7e0e8128fee2fcf157ca
formal-12,nonlinear_integration,0.035,group_matched_random_00,0.998046875,0.99609375,09f8b239b2cbe3c06622
formal-12,nonlinear_integration,0.035,group_matched_random_01,0.982421875,0.96484375,3d2137a55328e3610b9c
formal-12,nonlinear_integration,0.035,group_matched_random_02,0.935546875,0.87109375,d01e7c48b33d5b215be9
formal-12,nonlinear_integration,0.035,group_matched_random_03,0.978515625,0.95703125,81b3c434cc353a7d817a
formal-12,nonlinear_integration,0.05,random_search,0.9921875,0.984375,d263d679982273a5c406
formal-12,nonlinear_integration,0.05,local_search,0.990234375,0.98046875,14474f4db3f176fff078
formal-12,nonlinear_integration,0.05,population_search,0.990234375,0.98046875,14474f4db3f176fff078
formal-12,nonlinear_integration,0.05,specialist_pool_0.035,0.98046875,0.9609375,39869050f3c0be6852e9
formal-12,nonlinear_integration,0.05,specialist_pool_0.05,0.98828125,0.9765625,1caa6d29fbc549f32a59
formal-12,nonlinear_integration,0.05,high_degree,0.93359375,0.8671875,959d8726d71c4e4d45b4
formal-12,nonlinear_integration,0.05,spectral,0.916015625,0.83203125,ea6c2970cf082a9cd06c
formal-12,nonlinear_integration,0.05,input_energy_degree,0.943359375,0.88671875,7e1a621bcd9f4b31a01c
formal-12,nonlinear_integration,0.05,input_quota_random,0.98828125,0.9765625,25e3c6a802ae9f4be8fa
formal-12,nonlinear_integration,0.05,unselected_random_00,0.998046875,0.99609375,22da93c5197761b12131
formal-12,nonlinear_integration,0.05,unselected_random_01,0.994140625,0.98828125,80aad67eba8f4c217612
formal-12,nonlinear_integration,0.05,unselected_random_02,0.99609375,0.9921875,31aaf36a8cd7bf3d05d4
formal-12,nonlinear_integration,0.05,unselected_random_03,0.99609375,0.9921875,7028d4f90dfb7d2bed4a
formal-12,nonlinear_integration,0.05,unselected_random_04,0.990234375,0.98046875,14474f4db3f176fff078
formal-12,nonlinear_integration,0.05,unselected_random_05,0.982421875,0.96484375,31913a60b912773720ee
formal-12,nonlinear_integration,0.05,unselected_random_06,0.9921875,0.984375,a5e914f166d96bc3cf98
formal-12,nonlinear_integration,0.05,unselected_random_07,0.98828125,0.9765625,7e0e8128fee2fcf157ca
formal-12,nonlinear_integration,0.05,group_matched_random_00,0.99609375,0.9921875,09f8b239b2cbe3c06622
formal-12,nonlinear_integration,0.05,group_matched_random_01,0.998046875,0.99609375,3d2137a55328e3610b9c
formal-12,nonlinear_integration,0.05,group_matched_random_02,0.9765625,0.953125,d01e7c48b33d5b215be9
formal-12,nonlinear_integration,0.05,group_matched_random_03,0.984375,0.96875,81b3c434cc353a7d817a
formal-12,pulse_order,0.035,random_search,0.640625,0.28125,2832c4340ebd447f1cc7
formal-12,pulse_order,0.035,local_search,0.658203125,0.31640625,4866b148b5bc37a41c10
formal-12,pulse_order,0.035,population_search,0.63671875,0.2734375,577dc7333f888833974e
formal-12,pulse_order,0.035,specialist_pool_0.035,0.64453125,0.2890625,c752d69dafdbbdceb6f1
formal-12,pulse_order,0.035,specialist_pool_0.05,0.6328125,0.265625,51492e3b80b9b56cf3c4
formal-12,pulse_order,0.035,high_degree,0.623046875,0.24609375,959d8726d71c4e4d45b4
formal-12,pulse_order,0.035,spectral,0.63671875,0.2734375,ea6c2970cf082a9cd06c
formal-12,pulse_order,0.035,input_energy_degree,0.611328125,0.22265625,120048d5fcbdad75c604
formal-12,pulse_order,0.035,input_quota_random,0.6640625,0.328125,5111d7a87080544eadf9
formal-12,pulse_order,0.035,unselected_random_00,0.595703125,0.19140625,6941fd5181c4013b9049
formal-12,pulse_order,0.035,unselected_random_01,0.638671875,0.27734375,7e410f02c029ad63152b
formal-12,pulse_order,0.035,unselected_random_02,0.6328125,0.265625,51492e3b80b9b56cf3c4
formal-12,pulse_order,0.035,unselected_random_03,0.685546875,0.37109375,0ff9011b54fdee949219
formal-12,pulse_order,0.035,unselected_random_04,0.6015625,0.203125,a119c86db1a62f70f8a9
formal-12,pulse_order,0.035,unselected_random_05,0.63671875,0.2734375,0aea879e725887768a72
formal-12,pulse_order,0.035,unselected_random_06,0.615234375,0.23046875,79bd82cc2d7ef34f3fed
formal-12,pulse_order,0.035,unselected_random_07,0.603515625,0.20703125,3d7dbceab8d0f03555e4
formal-12,pulse_order,0.035,group_matched_random_00,0.62890625,0.2578125,8b512762df9f0bdb6830
formal-12,pulse_order,0.035,group_matched_random_01,0.6796875,0.359375,c938f339d2a300052cea
formal-12,pulse_order,0.035,group_matched_random_02,0.607421875,0.21484375,b1a375cdbdaa3a7d021e
formal-12,pulse_order,0.035,group_matched_random_03,0.625,0.25,d83be8ef1b22b7b6c792
formal-12,pulse_order,0.05,random_search,0.65234375,0.3046875,2832c4340ebd447f1cc7
formal-12,pulse_order,0.05,local_search,0.666015625,0.33203125,4866b148b5bc37a41c10
formal-12,pulse_order,0.05,population_search,0.681640625,0.36328125,577dc7333f888833974e
formal-12,pulse_order,0.05,specialist_pool_0.035,0.640625,0.28125,c752d69dafdbbdceb6f1
formal-12,pulse_order,0.05,specialist_pool_0.05,0.669921875,0.33984375,51492e3b80b9b56cf3c4
formal-12,pulse_order,0.05,high_degree,0.65234375,0.3046875,959d8726d71c4e4d45b4
formal-12,pulse_order,0.05,spectral,0.658203125,0.31640625,ea6c2970cf082a9cd06c
formal-12,pulse_order,0.05,input_energy_degree,0.61328125,0.2265625,120048d5fcbdad75c604
formal-12,pulse_order,0.05,input_quota_random,0.6640625,0.328125,5111d7a87080544eadf9
formal-12,pulse_order,0.05,unselected_random_00,0.603515625,0.20703125,6941fd5181c4013b9049
formal-12,pulse_order,0.05,unselected_random_01,0.642578125,0.28515625,7e410f02c029ad63152b
formal-12,pulse_order,0.05,unselected_random_02,0.669921875,0.33984375,51492e3b80b9b56cf3c4
formal-12,pulse_order,0.05,unselected_random_03,0.625,0.25,0ff9011b54fdee949219
formal-12,pulse_order,0.05,unselected_random_04,0.6015625,0.203125,a119c86db1a62f70f8a9
formal-12,pulse_order,0.05,unselected_random_05,0.61328125,0.2265625,0aea879e725887768a72
formal-12,pulse_order,0.05,unselected_random_06,0.615234375,0.23046875,79bd82cc2d7ef34f3fed
formal-12,pulse_order,0.05,unselected_random_07,0.62109375,0.2421875,3d7dbceab8d0f03555e4
formal-12,pulse_order,0.05,group_matched_random_00,0.666015625,0.33203125,8b512762df9f0bdb6830
formal-12,pulse_order,0.05,group_matched_random_01,0.607421875,0.21484375,c938f339d2a300052cea
formal-12,pulse_order,0.05,group_matched_random_02,0.640625,0.28125,b1a375cdbdaa3a7d021e
formal-12,pulse_order,0.05,group_matched_random_03,0.623046875,0.24609375,d83be8ef1b22b7b6c792
formal-12,interval,0.035,random_search,0.771484375,0.54296875,0f99d69f008fc35e08d1
formal-12,interval,0.035,local_search,0.791015625,0.58203125,1389855d2e9f321f378b
formal-12,interval,0.035,population_search,0.771484375,0.54296875,0f99d69f008fc35e08d1
formal-12,interval,0.035,specialist_pool_0.035,0.771484375,0.54296875,0f99d69f008fc35e08d1
formal-12,interval,0.035,specialist_pool_0.05,0.736328125,0.47265625,cefd5240a20002363963
formal-12,interval,0.035,high_degree,0.6953125,0.390625,959d8726d71c4e4d45b4
formal-12,interval,0.035,spectral,0.701171875,0.40234375,ea6c2970cf082a9cd06c
formal-12,interval,0.035,input_energy_degree,0.703125,0.40625,1d599940ad0bf2248eb2
formal-12,interval,0.035,input_quota_random,0.771484375,0.54296875,bc5cda44cb28ec83ece8
formal-12,interval,0.035,unselected_random_00,0.748046875,0.49609375,607610417f87017e738b
formal-12,interval,0.035,unselected_random_01,0.740234375,0.48046875,4aec57d83a5abc81ee3d
formal-12,interval,0.035,unselected_random_02,0.76171875,0.5234375,cbda5400af1f1fd383e3
formal-12,interval,0.035,unselected_random_03,0.771484375,0.54296875,0f99d69f008fc35e08d1
formal-12,interval,0.035,unselected_random_04,0.814453125,0.62890625,1ab3749c22275094ecf0
formal-12,interval,0.035,unselected_random_05,0.7734375,0.546875,bf5b190b02a6720dd413
formal-12,interval,0.035,unselected_random_06,0.701171875,0.40234375,eeeeabe2b5b9fd8c1c8b
formal-12,interval,0.035,unselected_random_07,0.78125,0.5625,30ff34349fe5f9758510
formal-12,interval,0.035,group_matched_random_00,0.712890625,0.42578125,ee906fcb0ed1cdc682d3
formal-12,interval,0.035,group_matched_random_01,0.73828125,0.4765625,0b25f65274c6b94252cb
formal-12,interval,0.035,group_matched_random_02,0.748046875,0.49609375,f59faa9a4b73a7cf4a56
formal-12,interval,0.035,group_matched_random_03,0.775390625,0.55078125,5f4a8104478edcf32be2
formal-12,interval,0.05,random_search,0.822265625,0.64453125,0f99d69f008fc35e08d1
formal-12,interval,0.05,local_search,0.77734375,0.5546875,1389855d2e9f321f378b
formal-12,interval,0.05,population_search,0.822265625,0.64453125,0f99d69f008fc35e08d1
formal-12,interval,0.05,specialist_pool_0.035,0.822265625,0.64453125,0f99d69f008fc35e08d1
formal-12,interval,0.05,specialist_pool_0.05,0.869140625,0.73828125,cefd5240a20002363963
formal-12,interval,0.05,high_degree,0.76171875,0.5234375,959d8726d71c4e4d45b4
formal-12,interval,0.05,spectral,0.775390625,0.55078125,ea6c2970cf082a9cd06c
formal-12,interval,0.05,input_energy_degree,0.7109375,0.421875,1d599940ad0bf2248eb2
formal-12,interval,0.05,input_quota_random,0.830078125,0.66015625,bc5cda44cb28ec83ece8
formal-12,interval,0.05,unselected_random_00,0.802734375,0.60546875,607610417f87017e738b
formal-12,interval,0.05,unselected_random_01,0.783203125,0.56640625,4aec57d83a5abc81ee3d
formal-12,interval,0.05,unselected_random_02,0.86328125,0.7265625,cbda5400af1f1fd383e3
formal-12,interval,0.05,unselected_random_03,0.822265625,0.64453125,0f99d69f008fc35e08d1
formal-12,interval,0.05,unselected_random_04,0.86328125,0.7265625,1ab3749c22275094ecf0
formal-12,interval,0.05,unselected_random_05,0.873046875,0.74609375,bf5b190b02a6720dd413
formal-12,interval,0.05,unselected_random_06,0.830078125,0.66015625,eeeeabe2b5b9fd8c1c8b
formal-12,interval,0.05,unselected_random_07,0.84375,0.6875,30ff34349fe5f9758510
formal-12,interval,0.05,group_matched_random_00,0.876953125,0.75390625,ee906fcb0ed1cdc682d3
formal-12,interval,0.05,group_matched_random_01,0.8515625,0.703125,0b25f65274c6b94252cb
formal-12,interval,0.05,group_matched_random_02,0.876953125,0.75390625,f59faa9a4b73a7cf4a56
formal-12,interval,0.05,group_matched_random_03,0.859375,0.71875,5f4a8104478edcf32be2
formal-12,evidence_accumulation,0.035,random_search,0.787109375,0.57421875,0068a929371e583f7789
formal-12,evidence_accumulation,0.035,local_search,0.787109375,0.57421875,0068a929371e583f7789
formal-12,evidence_accumulation,0.035,population_search,0.787109375,0.57421875,0068a929371e583f7789
formal-12,evidence_accumulation,0.035,specialist_pool_0.035,0.787109375,0.57421875,0068a929371e583f7789
formal-12,evidence_accumulation,0.035,specialist_pool_0.05,0.79296875,0.5859375,662f0e49d26252f91b7f
formal-12,evidence_accumulation,0.035,high_degree,0.7734375,0.546875,959d8726d71c4e4d45b4
formal-12,evidence_accumulation,0.035,spectral,0.744140625,0.48828125,ea6c2970cf082a9cd06c
formal-12,evidence_accumulation,0.035,input_energy_degree,0.765625,0.53125,1d599940ad0bf2248eb2
formal-12,evidence_accumulation,0.035,input_quota_random,0.765625,0.53125,923797dd566167b1816f
formal-12,evidence_accumulation,0.035,unselected_random_00,0.763671875,0.52734375,b99233e75921b4279d25
formal-12,evidence_accumulation,0.035,unselected_random_01,0.80859375,0.6171875,34f455b2ffc06e4187e1
formal-12,evidence_accumulation,0.035,unselected_random_02,0.75,0.5,94f690f628c5f4ab84be
formal-12,evidence_accumulation,0.035,unselected_random_03,0.787109375,0.57421875,0068a929371e583f7789
formal-12,evidence_accumulation,0.035,unselected_random_04,0.76953125,0.5390625,05edaed3bd7bd9ad40bd
formal-12,evidence_accumulation,0.035,unselected_random_05,0.78125,0.5625,e0861d10096b53733f8c
formal-12,evidence_accumulation,0.035,unselected_random_06,0.79296875,0.5859375,662f0e49d26252f91b7f
formal-12,evidence_accumulation,0.035,unselected_random_07,0.798828125,0.59765625,35851c553b919c376fbe
formal-12,evidence_accumulation,0.035,group_matched_random_00,0.783203125,0.56640625,3a1fe42b57a09736fd41
formal-12,evidence_accumulation,0.035,group_matched_random_01,0.755859375,0.51171875,a1168db268941452230b
formal-12,evidence_accumulation,0.035,group_matched_random_02,0.771484375,0.54296875,2805fb007d373ba988c7
formal-12,evidence_accumulation,0.035,group_matched_random_03,0.75,0.5,7017e294c4414dd4af78
formal-12,evidence_accumulation,0.05,random_search,0.814453125,0.62890625,0068a929371e583f7789
formal-12,evidence_accumulation,0.05,local_search,0.814453125,0.62890625,0068a929371e583f7789
formal-12,evidence_accumulation,0.05,population_search,0.814453125,0.62890625,0068a929371e583f7789
formal-12,evidence_accumulation,0.05,specialist_pool_0.035,0.814453125,0.62890625,0068a929371e583f7789
formal-12,evidence_accumulation,0.05,specialist_pool_0.05,0.802734375,0.60546875,662f0e49d26252f91b7f
formal-12,evidence_accumulation,0.05,high_degree,0.78515625,0.5703125,959d8726d71c4e4d45b4
formal-12,evidence_accumulation,0.05,spectral,0.78515625,0.5703125,ea6c2970cf082a9cd06c
formal-12,evidence_accumulation,0.05,input_energy_degree,0.732421875,0.46484375,1d599940ad0bf2248eb2
formal-12,evidence_accumulation,0.05,input_quota_random,0.796875,0.59375,923797dd566167b1816f
formal-12,evidence_accumulation,0.05,unselected_random_00,0.806640625,0.61328125,b99233e75921b4279d25
formal-12,evidence_accumulation,0.05,unselected_random_01,0.7578125,0.515625,34f455b2ffc06e4187e1
formal-12,evidence_accumulation,0.05,unselected_random_02,0.83203125,0.6640625,94f690f628c5f4ab84be
formal-12,evidence_accumulation,0.05,unselected_random_03,0.814453125,0.62890625,0068a929371e583f7789
formal-12,evidence_accumulation,0.05,unselected_random_04,0.80859375,0.6171875,05edaed3bd7bd9ad40bd
formal-12,evidence_accumulation,0.05,unselected_random_05,0.802734375,0.60546875,e0861d10096b53733f8c
formal-12,evidence_accumulation,0.05,unselected_random_06,0.802734375,0.60546875,662f0e49d26252f91b7f
formal-12,evidence_accumulation,0.05,unselected_random_07,0.751953125,0.50390625,35851c553b919c376fbe
formal-12,evidence_accumulation,0.05,group_matched_random_00,0.794921875,0.58984375,3a1fe42b57a09736fd41
formal-12,evidence_accumulation,0.05,group_matched_random_01,0.783203125,0.56640625,a1168db268941452230b
formal-12,evidence_accumulation,0.05,group_matched_random_02,0.765625,0.53125,2805fb007d373ba988c7
formal-12,evidence_accumulation,0.05,group_matched_random_03,0.791015625,0.58203125,7017e294c4414dd4af78
formal-12,context_recall,0.035,random_search,0.873046875,0.74609375,cd23a298096b4630dff6
formal-12,context_recall,0.035,local_search,0.890625,0.78125,c970ed3b808fe9fbf707
formal-12,context_recall,0.035,population_search,0.822265625,0.64453125,3130ce6f5fcbbe1734a7
formal-12,context_recall,0.035,specialist_pool_0.035,0.822265625,0.64453125,3130ce6f5fcbbe1734a7
formal-12,context_recall,0.035,specialist_pool_0.05,0.865234375,0.73046875,254646433ea35c6de9b4
formal-12,context_recall,0.035,high_degree,0.8515625,0.703125,959d8726d71c4e4d45b4
formal-12,context_recall,0.035,spectral,0.83984375,0.6796875,ea6c2970cf082a9cd06c
formal-12,context_recall,0.035,input_energy_degree,0.7734375,0.546875,526862776a785846e4a9
formal-12,context_recall,0.035,input_quota_random,0.87109375,0.7421875,4d4fff73378611ebd45d
formal-12,context_recall,0.035,unselected_random_00,0.86328125,0.7265625,4b93ab157c27453581d1
formal-12,context_recall,0.035,unselected_random_01,0.85546875,0.7109375,db76aaea0bed39e9c376
formal-12,context_recall,0.035,unselected_random_02,0.830078125,0.66015625,8f51fd7a2ebac59f5200
formal-12,context_recall,0.035,unselected_random_03,0.83984375,0.6796875,9f14b3acd17166e4391f
formal-12,context_recall,0.035,unselected_random_04,0.857421875,0.71484375,f82a2497f753d31f90a3
formal-12,context_recall,0.035,unselected_random_05,0.81640625,0.6328125,84de2779a468b4464f1c
formal-12,context_recall,0.035,unselected_random_06,0.84765625,0.6953125,30cc279e082600b8b5ab
formal-12,context_recall,0.035,unselected_random_07,0.84375,0.6875,7b5ce935f0ea74fa98ce
formal-12,context_recall,0.035,group_matched_random_00,0.83203125,0.6640625,8fc588226c03b441ba4f
formal-12,context_recall,0.035,group_matched_random_01,0.828125,0.65625,4c09ff7d9652db0411df
formal-12,context_recall,0.035,group_matched_random_02,0.818359375,0.63671875,a3440ad4148bd7f3ee39
formal-12,context_recall,0.035,group_matched_random_03,0.833984375,0.66796875,8ae0e06a3720a4323474
formal-12,context_recall,0.05,random_search,0.890625,0.78125,cd23a298096b4630dff6
formal-12,context_recall,0.05,local_search,0.9140625,0.828125,c970ed3b808fe9fbf707
formal-12,context_recall,0.05,population_search,0.900390625,0.80078125,3130ce6f5fcbbe1734a7
formal-12,context_recall,0.05,specialist_pool_0.035,0.900390625,0.80078125,3130ce6f5fcbbe1734a7
formal-12,context_recall,0.05,specialist_pool_0.05,0.931640625,0.86328125,254646433ea35c6de9b4
formal-12,context_recall,0.05,high_degree,0.85546875,0.7109375,959d8726d71c4e4d45b4
formal-12,context_recall,0.05,spectral,0.873046875,0.74609375,ea6c2970cf082a9cd06c
formal-12,context_recall,0.05,input_energy_degree,0.8828125,0.765625,526862776a785846e4a9
formal-12,context_recall,0.05,input_quota_random,0.900390625,0.80078125,4d4fff73378611ebd45d
formal-12,context_recall,0.05,unselected_random_00,0.947265625,0.89453125,4b93ab157c27453581d1
formal-12,context_recall,0.05,unselected_random_01,0.880859375,0.76171875,db76aaea0bed39e9c376
formal-12,context_recall,0.05,unselected_random_02,0.91015625,0.8203125,8f51fd7a2ebac59f5200
formal-12,context_recall,0.05,unselected_random_03,0.89453125,0.7890625,9f14b3acd17166e4391f
formal-12,context_recall,0.05,unselected_random_04,0.890625,0.78125,f82a2497f753d31f90a3
formal-12,context_recall,0.05,unselected_random_05,0.931640625,0.86328125,84de2779a468b4464f1c
formal-12,context_recall,0.05,unselected_random_06,0.890625,0.78125,30cc279e082600b8b5ab
formal-12,context_recall,0.05,unselected_random_07,0.9375,0.875,7b5ce935f0ea74fa98ce
formal-12,context_recall,0.05,group_matched_random_00,0.9375,0.875,8fc588226c03b441ba4f
formal-12,context_recall,0.05,group_matched_random_01,0.939453125,0.87890625,4c09ff7d9652db0411df
formal-12,context_recall,0.05,group_matched_random_02,0.912109375,0.82421875,a3440ad4148bd7f3ee39
formal-12,context_recall,0.05,group_matched_random_03,0.92578125,0.8515625,8ae0e06a3720a4323474
