graph,task,coupling,readout,method,score,normalized_score,mask_count
formal-01,delayed_recall,0.035,state_matched,random_search,0.9115655390433857,0.9115655390433857,1
formal-01,delayed_recall,0.035,cross_state_readout,random_search,-15.519899160543087,-15.519899160543087,1
formal-01,delayed_recall,0.05,state_matched,random_search,0.9268541497187232,0.9268541497187232,1
formal-01,delayed_recall,0.05,cross_state_readout,random_search,-3.0037511391694407,-3.0037511391694407,1
formal-01,delayed_recall,0.035,state_matched,local_search,0.9349066913283195,0.9349066913283195,1
formal-01,delayed_recall,0.035,cross_state_readout,local_search,-5.492588763160119,-5.492588763160119,1
formal-01,delayed_recall,0.05,state_matched,local_search,0.9320987152577299,0.9320987152577299,1
formal-01,delayed_recall,0.05,cross_state_readout,local_search,-1.6090453462083105,-1.6090453462083105,1
formal-01,delayed_recall,0.035,state_matched,population_search,0.9241195148242222,0.9241195148242222,1
formal-01,delayed_recall,0.035,cross_state_readout,population_search,-7.84788015087355,-7.84788015087355,1
formal-01,delayed_recall,0.05,state_matched,population_search,0.9137638066939888,0.9137638066939888,1
formal-01,delayed_recall,0.05,cross_state_readout,population_search,-4.952217495321697,-4.952217495321697,1
formal-01,delayed_recall,0.035,state_matched,specialist_pool_0.035,0.9241195148242222,0.9241195148242222,1
formal-01,delayed_recall,0.035,cross_state_readout,specialist_pool_0.035,-7.84788015087355,-7.84788015087355,1
formal-01,delayed_recall,0.05,state_matched,specialist_pool_0.035,0.9137638066939888,0.9137638066939888,1
formal-01,delayed_recall,0.05,cross_state_readout,specialist_pool_0.035,-4.952217495321697,-4.952217495321697,1
formal-01,delayed_recall,0.035,state_matched,specialist_pool_0.05,0.9063981554327961,0.9063981554327961,1
formal-01,delayed_recall,0.035,cross_state_readout,specialist_pool_0.05,0.10908527712744098,0.10908527712744098,1
formal-01,delayed_recall,0.05,state_matched,specialist_pool_0.05,0.9230180562770985,0.9230180562770985,1
formal-01,delayed_recall,0.05,cross_state_readout,specialist_pool_0.05,-3.0728589794247076,-3.0728589794247076,1
formal-01,delayed_recall,0.035,state_matched,high_degree,0.8803298338212259,0.8803298338212259,1
formal-01,delayed_recall,0.035,cross_state_readout,high_degree,-5.133286194274828,-5.133286194274828,1
formal-01,delayed_recall,0.05,state_matched,high_degree,0.8931976210837721,0.8931976210837721,1
formal-01,delayed_recall,0.05,cross_state_readout,high_degree,-4.7350379127559306,-4.7350379127559306,1
formal-01,delayed_recall,0.035,state_matched,spectral,0.8941936630169306,0.8941936630169306,1
formal-01,delayed_recall,0.035,cross_state_readout,spectral,-18.31066739695626,-18.31066739695626,1
formal-01,delayed_recall,0.05,state_matched,spectral,0.8910593598449384,0.8910593598449384,1
formal-01,delayed_recall,0.05,cross_state_readout,spectral,-0.4617803451924145,-0.4617803451924145,1
formal-01,delayed_recall,0.035,state_matched,input_energy_degree,0.9398937121480735,0.9398937121480735,1
formal-01,delayed_recall,0.035,cross_state_readout,input_energy_degree,-15.071032616245855,-15.071032616245855,1
formal-01,delayed_recall,0.05,state_matched,input_energy_degree,0.833983692780436,0.833983692780436,1
formal-01,delayed_recall,0.05,cross_state_readout,input_energy_degree,-2.7698344548709573,-2.7698344548709573,1
formal-01,delayed_recall,0.035,state_matched,input_quota_random,0.9003674373924468,0.9003674373924468,1
formal-01,delayed_recall,0.035,cross_state_readout,input_quota_random,-6.788727532262518,-6.788727532262518,1
formal-01,delayed_recall,0.05,state_matched,input_quota_random,0.9016888412456593,0.9016888412456593,1
formal-01,delayed_recall,0.05,cross_state_readout,input_quota_random,-14.022612615748637,-14.022612615748637,1
formal-01,delayed_recall,0.035,state_matched,unselected_random,0.8791214052712942,0.8791214052712942,8
formal-01,delayed_recall,0.035,cross_state_readout,unselected_random,-10.671706026077414,-10.671706026077414,8
formal-01,delayed_recall,0.05,state_matched,unselected_random,0.9015727664864862,0.9015727664864862,8
formal-01,delayed_recall,0.05,cross_state_readout,unselected_random,-6.227870744202224,-6.227870744202224,8
formal-01,delayed_recall,0.035,state_matched,group_matched_random,0.9043682609100666,0.9043682609100666,4
formal-01,delayed_recall,0.035,cross_state_readout,group_matched_random,-7.127387204953379,-7.127387204953379,4
formal-01,delayed_recall,0.05,state_matched,group_matched_random,0.9140331899225846,0.9140331899225846,4
formal-01,delayed_recall,0.05,cross_state_readout,group_matched_random,-2.6508307390517563,-2.6508307390517563,4
formal-02,delayed_recall,0.035,state_matched,random_search,0.9184089134580666,0.9184089134580666,1
formal-02,delayed_recall,0.035,cross_state_readout,random_search,-4.802420345534346,-4.802420345534346,1
formal-02,delayed_recall,0.05,state_matched,random_search,0.9306772443533843,0.9306772443533843,1
formal-02,delayed_recall,0.05,cross_state_readout,random_search,-1.0159398964558384,-1.0159398964558384,1
formal-02,delayed_recall,0.035,state_matched,local_search,0.9105196942843748,0.9105196942843748,1
formal-02,delayed_recall,0.035,cross_state_readout,local_search,-24.92451398788822,-24.92451398788822,1
formal-02,delayed_recall,0.05,state_matched,local_search,0.9299254591884569,0.9299254591884569,1
formal-02,delayed_recall,0.05,cross_state_readout,local_search,-11.897307194331514,-11.897307194331514,1
formal-02,delayed_recall,0.035,state_matched,population_search,0.9264165868433462,0.9264165868433462,1
formal-02,delayed_recall,0.035,cross_state_readout,population_search,-9.732890320498853,-9.732890320498853,1
formal-02,delayed_recall,0.05,state_matched,population_search,0.924071427326961,0.924071427326961,1
formal-02,delayed_recall,0.05,cross_state_readout,population_search,-1.949381226607212,-1.949381226607212,1
formal-02,delayed_recall,0.035,state_matched,specialist_pool_0.035,0.9269579358759541,0.9269579358759541,1
formal-02,delayed_recall,0.035,cross_state_readout,specialist_pool_0.035,-32.61562179430858,-32.61562179430858,1
formal-02,delayed_recall,0.05,state_matched,specialist_pool_0.035,0.9218958173671419,0.9218958173671419,1
formal-02,delayed_recall,0.05,cross_state_readout,specialist_pool_0.035,-3.1962807241979894,-3.1962807241979894,1
formal-02,delayed_recall,0.035,state_matched,specialist_pool_0.05,0.9279439145271009,0.9279439145271009,1
formal-02,delayed_recall,0.035,cross_state_readout,specialist_pool_0.05,-6.105398895666663,-6.105398895666663,1
formal-02,delayed_recall,0.05,state_matched,specialist_pool_0.05,0.9343610398258897,0.9343610398258897,1
formal-02,delayed_recall,0.05,cross_state_readout,specialist_pool_0.05,-2.585713440409669,-2.585713440409669,1
formal-02,delayed_recall,0.035,state_matched,high_degree,0.9107064596897401,0.9107064596897401,1
formal-02,delayed_recall,0.035,cross_state_readout,high_degree,-10.145716891901955,-10.145716891901955,1
formal-02,delayed_recall,0.05,state_matched,high_degree,0.9137751642906788,0.9137751642906788,1
formal-02,delayed_recall,0.05,cross_state_readout,high_degree,-1.7725124036568682,-1.7725124036568682,1
formal-02,delayed_recall,0.035,state_matched,spectral,0.7583756490992445,0.7583756490992445,1
formal-02,delayed_recall,0.035,cross_state_readout,spectral,-4.457678939887584,-4.457678939887584,1
formal-02,delayed_recall,0.05,state_matched,spectral,0.9218787954667533,0.9218787954667533,1
formal-02,delayed_recall,0.05,cross_state_readout,spectral,-7.516709090231629,-7.516709090231629,1
formal-02,delayed_recall,0.035,state_matched,input_energy_degree,0.914471662241364,0.914471662241364,1
formal-02,delayed_recall,0.035,cross_state_readout,input_energy_degree,-24.272288082639196,-24.272288082639196,1
formal-02,delayed_recall,0.05,state_matched,input_energy_degree,0.9142912978555022,0.9142912978555022,1
formal-02,delayed_recall,0.05,cross_state_readout,input_energy_degree,-4.6791806371352545,-4.6791806371352545,1
formal-02,delayed_recall,0.035,state_matched,input_quota_random,0.9067004009000076,0.9067004009000076,1
formal-02,delayed_recall,0.035,cross_state_readout,input_quota_random,-7.460451651875481,-7.460451651875481,1
formal-02,delayed_recall,0.05,state_matched,input_quota_random,0.9266482716613813,0.9266482716613813,1
formal-02,delayed_recall,0.05,cross_state_readout,input_quota_random,-0.6924086244622993,-0.6924086244622993,1
formal-02,delayed_recall,0.035,state_matched,unselected_random,0.8998015024163375,0.8998015024163375,8
formal-02,delayed_recall,0.035,cross_state_readout,unselected_random,-12.709383549775971,-12.709383549775971,8
formal-02,delayed_recall,0.05,state_matched,unselected_random,0.8922233279211695,0.8922233279211695,8
formal-02,delayed_recall,0.05,cross_state_readout,unselected_random,-4.95618659746191,-4.95618659746191,8
formal-02,delayed_recall,0.035,state_matched,group_matched_random,0.9127097352030352,0.9127097352030352,4
formal-02,delayed_recall,0.035,cross_state_readout,group_matched_random,-10.409938429492655,-10.409938429492655,4
formal-02,delayed_recall,0.05,state_matched,group_matched_random,0.9069542867952166,0.9069542867952166,4
formal-02,delayed_recall,0.05,cross_state_readout,group_matched_random,-2.1939418125039873,-2.1939418125039873,4
formal-03,delayed_recall,0.035,state_matched,random_search,0.8957014325106831,0.8957014325106831,1
formal-03,delayed_recall,0.035,cross_state_readout,random_search,-3.6482009291187536,-3.6482009291187536,1
formal-03,delayed_recall,0.05,state_matched,random_search,0.918719817950208,0.918719817950208,1
formal-03,delayed_recall,0.05,cross_state_readout,random_search,0.1286212434758529,0.1286212434758529,1
formal-03,delayed_recall,0.035,state_matched,local_search,0.899077896297476,0.899077896297476,1
formal-03,delayed_recall,0.035,cross_state_readout,local_search,-20.889722037538405,-20.889722037538405,1
formal-03,delayed_recall,0.05,state_matched,local_search,0.8643746867265486,0.8643746867265486,1
formal-03,delayed_recall,0.05,cross_state_readout,local_search,-1.668097771020967,-1.668097771020967,1
formal-03,delayed_recall,0.035,state_matched,population_search,0.9207536142776334,0.9207536142776334,1
formal-03,delayed_recall,0.035,cross_state_readout,population_search,-24.324664507339232,-24.324664507339232,1
formal-03,delayed_recall,0.05,state_matched,population_search,0.9270695556758266,0.9270695556758266,1
formal-03,delayed_recall,0.05,cross_state_readout,population_search,-0.18078777256066747,-0.18078777256066747,1
formal-03,delayed_recall,0.035,state_matched,specialist_pool_0.035,0.9207536142776334,0.9207536142776334,1
formal-03,delayed_recall,0.035,cross_state_readout,specialist_pool_0.035,-24.324664507339232,-24.324664507339232,1
formal-03,delayed_recall,0.05,state_matched,specialist_pool_0.035,0.9270695556758266,0.9270695556758266,1
formal-03,delayed_recall,0.05,cross_state_readout,specialist_pool_0.035,-0.18078777256066747,-0.18078777256066747,1
formal-03,delayed_recall,0.035,state_matched,specialist_pool_0.05,0.8720955302635561,0.8720955302635561,1
formal-03,delayed_recall,0.035,cross_state_readout,specialist_pool_0.05,-9.274169735811094,-9.274169735811094,1
formal-03,delayed_recall,0.05,state_matched,specialist_pool_0.05,0.895022780556212,0.895022780556212,1
formal-03,delayed_recall,0.05,cross_state_readout,specialist_pool_0.05,-7.817923150522425,-7.817923150522425,1
formal-03,delayed_recall,0.035,state_matched,high_degree,0.8209169602555499,0.8209169602555499,1
formal-03,delayed_recall,0.035,cross_state_readout,high_degree,-18.697550203529524,-18.697550203529524,1
formal-03,delayed_recall,0.05,state_matched,high_degree,0.8855975896368384,0.8855975896368384,1
formal-03,delayed_recall,0.05,cross_state_readout,high_degree,-23.401287321308843,-23.401287321308843,1
formal-03,delayed_recall,0.035,state_matched,spectral,0.8490852891882169,0.8490852891882169,1
formal-03,delayed_recall,0.035,cross_state_readout,spectral,-68.83166276329074,-68.83166276329074,1
formal-03,delayed_recall,0.05,state_matched,spectral,0.8552732181941215,0.8552732181941215,1
formal-03,delayed_recall,0.05,cross_state_readout,spectral,-4.918881857858814,-4.918881857858814,1
formal-03,delayed_recall,0.035,state_matched,input_energy_degree,0.9298954276912534,0.9298954276912534,1
formal-03,delayed_recall,0.035,cross_state_readout,input_energy_degree,-10.156876611069626,-10.156876611069626,1
formal-03,delayed_recall,0.05,state_matched,input_energy_degree,0.8785566731168809,0.8785566731168809,1
formal-03,delayed_recall,0.05,cross_state_readout,input_energy_degree,-1.8619115211111255,-1.8619115211111255,1
formal-03,delayed_recall,0.035,state_matched,input_quota_random,0.8917880824325156,0.8917880824325156,1
formal-03,delayed_recall,0.035,cross_state_readout,input_quota_random,-10.297971927992762,-10.297971927992762,1
formal-03,delayed_recall,0.05,state_matched,input_quota_random,0.915637742662794,0.915637742662794,1
formal-03,delayed_recall,0.05,cross_state_readout,input_quota_random,-5.742680171508544,-5.742680171508544,1
formal-03,delayed_recall,0.035,state_matched,unselected_random,0.8767524471933306,0.8767524471933306,8
formal-03,delayed_recall,0.035,cross_state_readout,unselected_random,-5.349349945116568,-5.349349945116568,8
formal-03,delayed_recall,0.05,state_matched,unselected_random,0.894001003621016,0.894001003621016,8
formal-03,delayed_recall,0.05,cross_state_readout,unselected_random,-6.123520466339728,-6.123520466339728,8
formal-03,delayed_recall,0.035,state_matched,group_matched_random,0.8911740160000943,0.8911740160000943,4
formal-03,delayed_recall,0.035,cross_state_readout,group_matched_random,-13.527578979508402,-13.527578979508402,4
formal-03,delayed_recall,0.05,state_matched,group_matched_random,0.8925775440469732,0.8925775440469732,4
formal-03,delayed_recall,0.05,cross_state_readout,group_matched_random,-4.682408079387776,-4.682408079387776,4
formal-04,delayed_recall,0.035,state_matched,random_search,0.9091198528542674,0.9091198528542674,1
formal-04,delayed_recall,0.035,cross_state_readout,random_search,-1.3349877829168455,-1.3349877829168455,1
formal-04,delayed_recall,0.05,state_matched,random_search,0.9101456197446731,0.9101456197446731,1
formal-04,delayed_recall,0.05,cross_state_readout,random_search,-0.0031641020160293465,-0.0031641020160293465,1
formal-04,delayed_recall,0.035,state_matched,local_search,0.9245178788149964,0.9245178788149964,1
formal-04,delayed_recall,0.035,cross_state_readout,local_search,-6.033974449415527,-6.033974449415527,1
formal-04,delayed_recall,0.05,state_matched,local_search,0.9200909766867711,0.9200909766867711,1
formal-04,delayed_recall,0.05,cross_state_readout,local_search,0.34949142597523,0.34949142597523,1
formal-04,delayed_recall,0.035,state_matched,population_search,0.9091198528542674,0.9091198528542674,1
formal-04,delayed_recall,0.035,cross_state_readout,population_search,-1.3349877829168455,-1.3349877829168455,1
formal-04,delayed_recall,0.05,state_matched,population_search,0.9101456197446731,0.9101456197446731,1
formal-04,delayed_recall,0.05,cross_state_readout,population_search,-0.0031641020160293465,-0.0031641020160293465,1
formal-04,delayed_recall,0.035,state_matched,specialist_pool_0.035,0.897645064884014,0.897645064884014,1
formal-04,delayed_recall,0.035,cross_state_readout,specialist_pool_0.035,-9.869438347302045,-9.869438347302045,1
formal-04,delayed_recall,0.05,state_matched,specialist_pool_0.035,0.88868500077557,0.88868500077557,1
formal-04,delayed_recall,0.05,cross_state_readout,specialist_pool_0.035,-2.3332800111456655,-2.3332800111456655,1
formal-04,delayed_recall,0.035,state_matched,specialist_pool_0.05,0.8734504719397096,0.8734504719397096,1
formal-04,delayed_recall,0.035,cross_state_readout,specialist_pool_0.05,-2.6884489346810962,-2.6884489346810962,1
formal-04,delayed_recall,0.05,state_matched,specialist_pool_0.05,0.9186798345553174,0.9186798345553174,1
formal-04,delayed_recall,0.05,cross_state_readout,specialist_pool_0.05,-3.336858828237099,-3.336858828237099,1
formal-04,delayed_recall,0.035,state_matched,high_degree,0.8760732525436978,0.8760732525436978,1
formal-04,delayed_recall,0.035,cross_state_readout,high_degree,-52.92350276743711,-52.92350276743711,1
formal-04,delayed_recall,0.05,state_matched,high_degree,0.8902767381021996,0.8902767381021996,1
formal-04,delayed_recall,0.05,cross_state_readout,high_degree,-15.404180340507406,-15.404180340507406,1
formal-04,delayed_recall,0.035,state_matched,spectral,0.878266413152913,0.878266413152913,1
formal-04,delayed_recall,0.035,cross_state_readout,spectral,-7.248758948662296,-7.248758948662296,1
formal-04,delayed_recall,0.05,state_matched,spectral,0.873475753720836,0.873475753720836,1
formal-04,delayed_recall,0.05,cross_state_readout,spectral,-29.39226514357386,-29.39226514357386,1
formal-04,delayed_recall,0.035,state_matched,input_energy_degree,0.9118882097963186,0.9118882097963186,1
formal-04,delayed_recall,0.035,cross_state_readout,input_energy_degree,-41.413720515859055,-41.413720515859055,1
formal-04,delayed_recall,0.05,state_matched,input_energy_degree,0.8862893250392679,0.8862893250392679,1
formal-04,delayed_recall,0.05,cross_state_readout,input_energy_degree,-4.8357207026734015,-4.8357207026734015,1
formal-04,delayed_recall,0.035,state_matched,input_quota_random,0.8733191024748834,0.8733191024748834,1
formal-04,delayed_recall,0.035,cross_state_readout,input_quota_random,-8.425150498463365,-8.425150498463365,1
formal-04,delayed_recall,0.05,state_matched,input_quota_random,0.9037196679266827,0.9037196679266827,1
formal-04,delayed_recall,0.05,cross_state_readout,input_quota_random,-4.274256262325988,-4.274256262325988,1
formal-04,delayed_recall,0.035,state_matched,unselected_random,0.8604670114570315,0.8604670114570315,8
formal-04,delayed_recall,0.035,cross_state_readout,unselected_random,-14.837777152157823,-14.837777152157823,8
formal-04,delayed_recall,0.05,state_matched,unselected_random,0.9034586230186756,0.9034586230186756,8
formal-04,delayed_recall,0.05,cross_state_readout,unselected_random,-2.436036786136133,-2.436036786136133,8
formal-04,delayed_recall,0.035,state_matched,group_matched_random,0.8857284531256441,0.8857284531256441,4
formal-04,delayed_recall,0.035,cross_state_readout,group_matched_random,-13.759087192294038,-13.759087192294038,4
formal-04,delayed_recall,0.05,state_matched,group_matched_random,0.9041116801751669,0.9041116801751669,4
formal-04,delayed_recall,0.05,cross_state_readout,group_matched_random,-2.4394553450435628,-2.4394553450435628,4
formal-05,delayed_recall,0.035,state_matched,random_search,0.9271723851537763,0.9271723851537763,1
formal-05,delayed_recall,0.035,cross_state_readout,random_search,-12.762322036359478,-12.762322036359478,1
formal-05,delayed_recall,0.05,state_matched,random_search,0.9052602556853597,0.9052602556853597,1
formal-05,delayed_recall,0.05,cross_state_readout,random_search,-5.777095890807959,-5.777095890807959,1
formal-05,delayed_recall,0.035,state_matched,local_search,0.8805944084080297,0.8805944084080297,1
formal-05,delayed_recall,0.035,cross_state_readout,local_search,-1.9892150178138759,-1.9892150178138759,1
formal-05,delayed_recall,0.05,state_matched,local_search,0.9298255253055855,0.9298255253055855,1
formal-05,delayed_recall,0.05,cross_state_readout,local_search,-5.212097696239649,-5.212097696239649,1
formal-05,delayed_recall,0.035,state_matched,population_search,0.8929489461853685,0.8929489461853685,1
formal-05,delayed_recall,0.035,cross_state_readout,population_search,-1.0733099570361668,-1.0733099570361668,1
formal-05,delayed_recall,0.05,state_matched,population_search,0.8972059553216903,0.8972059553216903,1
formal-05,delayed_recall,0.05,cross_state_readout,population_search,-8.895479782558276,-8.895479782558276,1
formal-05,delayed_recall,0.035,state_matched,specialist_pool_0.035,0.9251501737239595,0.9251501737239595,1
formal-05,delayed_recall,0.035,cross_state_readout,specialist_pool_0.035,-2.4049879900289888,-2.4049879900289888,1
formal-05,delayed_recall,0.05,state_matched,specialist_pool_0.035,0.9108659001333762,0.9108659001333762,1
formal-05,delayed_recall,0.05,cross_state_readout,specialist_pool_0.035,-5.125351659625517,-5.125351659625517,1
formal-05,delayed_recall,0.035,state_matched,specialist_pool_0.05,0.8918130458902289,0.8918130458902289,1
formal-05,delayed_recall,0.035,cross_state_readout,specialist_pool_0.05,-2.8519911812069005,-2.8519911812069005,1
formal-05,delayed_recall,0.05,state_matched,specialist_pool_0.05,0.9086684266492223,0.9086684266492223,1
formal-05,delayed_recall,0.05,cross_state_readout,specialist_pool_0.05,-5.007408936933953,-5.007408936933953,1
formal-05,delayed_recall,0.035,state_matched,high_degree,0.8891659345111173,0.8891659345111173,1
formal-05,delayed_recall,0.035,cross_state_readout,high_degree,-55.38945980148963,-55.38945980148963,1
formal-05,delayed_recall,0.05,state_matched,high_degree,0.9277576347479154,0.9277576347479154,1
formal-05,delayed_recall,0.05,cross_state_readout,high_degree,-12.23259804447785,-12.23259804447785,1
formal-05,delayed_recall,0.035,state_matched,spectral,0.8873714302635396,0.8873714302635396,1
formal-05,delayed_recall,0.035,cross_state_readout,spectral,-45.59594359009594,-45.59594359009594,1
formal-05,delayed_recall,0.05,state_matched,spectral,0.9108702639499565,0.9108702639499565,1
formal-05,delayed_recall,0.05,cross_state_readout,spectral,-5.293053335739711,-5.293053335739711,1
formal-05,delayed_recall,0.035,state_matched,input_energy_degree,0.9298019723335401,0.9298019723335401,1
formal-05,delayed_recall,0.035,cross_state_readout,input_energy_degree,-21.049019829975418,-21.049019829975418,1
formal-05,delayed_recall,0.05,state_matched,input_energy_degree,0.9068151297991008,0.9068151297991008,1
formal-05,delayed_recall,0.05,cross_state_readout,input_energy_degree,-1.1836268220504582,-1.1836268220504582,1
formal-05,delayed_recall,0.035,state_matched,input_quota_random,0.8982240563582564,0.8982240563582564,1
formal-05,delayed_recall,0.035,cross_state_readout,input_quota_random,-16.552041430434432,-16.552041430434432,1
formal-05,delayed_recall,0.05,state_matched,input_quota_random,0.9117554129829816,0.9117554129829816,1
formal-05,delayed_recall,0.05,cross_state_readout,input_quota_random,-3.7715928694972147,-3.7715928694972147,1
formal-05,delayed_recall,0.035,state_matched,unselected_random,0.8782643875926587,0.8782643875926587,8
formal-05,delayed_recall,0.035,cross_state_readout,unselected_random,-9.78562701807315,-9.78562701807315,8
formal-05,delayed_recall,0.05,state_matched,unselected_random,0.8931851607842982,0.8931851607842982,8
formal-05,delayed_recall,0.05,cross_state_readout,unselected_random,-5.174124999913434,-5.174124999913434,8
formal-05,delayed_recall,0.035,state_matched,group_matched_random,0.8974315204619138,0.8974315204619138,4
formal-05,delayed_recall,0.035,cross_state_readout,group_matched_random,-21.988128018397337,-21.988128018397337,4
formal-05,delayed_recall,0.05,state_matched,group_matched_random,0.9065270819638078,0.9065270819638078,4
formal-05,delayed_recall,0.05,cross_state_readout,group_matched_random,-0.589068205228352,-0.589068205228352,4
formal-06,delayed_recall,0.035,state_matched,random_search,0.9110740960788084,0.9110740960788084,1
formal-06,delayed_recall,0.035,cross_state_readout,random_search,-2.106182909496022,-2.106182909496022,1
formal-06,delayed_recall,0.05,state_matched,random_search,0.917525421905962,0.917525421905962,1
formal-06,delayed_recall,0.05,cross_state_readout,random_search,-18.396837130966528,-18.396837130966528,1
formal-06,delayed_recall,0.035,state_matched,local_search,0.8943060049334236,0.8943060049334236,1
formal-06,delayed_recall,0.035,cross_state_readout,local_search,-0.9948511468435755,-0.9948511468435755,1
formal-06,delayed_recall,0.05,state_matched,local_search,0.8968548697839622,0.8968548697839622,1
formal-06,delayed_recall,0.05,cross_state_readout,local_search,-6.642222794064779,-6.642222794064779,1
formal-06,delayed_recall,0.035,state_matched,population_search,0.9057114552918645,0.9057114552918645,1
formal-06,delayed_recall,0.035,cross_state_readout,population_search,-1.9226893742440319,-1.9226893742440319,1
formal-06,delayed_recall,0.05,state_matched,population_search,0.9040497767874065,0.9040497767874065,1
formal-06,delayed_recall,0.05,cross_state_readout,population_search,0.2448415843635201,0.2448415843635201,1
formal-06,delayed_recall,0.035,state_matched,specialist_pool_0.035,0.9053493566380307,0.9053493566380307,1
formal-06,delayed_recall,0.035,cross_state_readout,specialist_pool_0.035,-11.15115726510386,-11.15115726510386,1
formal-06,delayed_recall,0.05,state_matched,specialist_pool_0.035,0.9058181753811998,0.9058181753811998,1
formal-06,delayed_recall,0.05,cross_state_readout,specialist_pool_0.035,-6.052162494694582,-6.052162494694582,1
formal-06,delayed_recall,0.035,state_matched,specialist_pool_0.05,0.8841397424724108,0.8841397424724108,1
formal-06,delayed_recall,0.035,cross_state_readout,specialist_pool_0.05,-2.4370581094841253,-2.4370581094841253,1
formal-06,delayed_recall,0.05,state_matched,specialist_pool_0.05,0.9346978037302522,0.9346978037302522,1
formal-06,delayed_recall,0.05,cross_state_readout,specialist_pool_0.05,0.12820365413689183,0.12820365413689183,1
formal-06,delayed_recall,0.035,state_matched,high_degree,0.8965387313054958,0.8965387313054958,1
formal-06,delayed_recall,0.035,cross_state_readout,high_degree,-178.79210088871878,-178.79210088871878,1
formal-06,delayed_recall,0.05,state_matched,high_degree,0.8639838981319486,0.8639838981319486,1
formal-06,delayed_recall,0.05,cross_state_readout,high_degree,-3.520223535203934,-3.520223535203934,1
formal-06,delayed_recall,0.035,state_matched,spectral,0.8806588554277001,0.8806588554277001,1
formal-06,delayed_recall,0.035,cross_state_readout,spectral,-34.695818074097225,-34.695818074097225,1
formal-06,delayed_recall,0.05,state_matched,spectral,0.8920192694197028,0.8920192694197028,1
formal-06,delayed_recall,0.05,cross_state_readout,spectral,-7.853778937659152,-7.853778937659152,1
formal-06,delayed_recall,0.035,state_matched,input_energy_degree,0.9199813904945858,0.9199813904945858,1
formal-06,delayed_recall,0.035,cross_state_readout,input_energy_degree,-32.94870734247493,-32.94870734247493,1
formal-06,delayed_recall,0.05,state_matched,input_energy_degree,0.861469774411022,0.861469774411022,1
formal-06,delayed_recall,0.05,cross_state_readout,input_energy_degree,-5.091945689328987,-5.091945689328987,1
formal-06,delayed_recall,0.035,state_matched,input_quota_random,0.8866236761623243,0.8866236761623243,1
formal-06,delayed_recall,0.035,cross_state_readout,input_quota_random,-10.173489959353477,-10.173489959353477,1
formal-06,delayed_recall,0.05,state_matched,input_quota_random,0.9094194585674767,0.9094194585674767,1
formal-06,delayed_recall,0.05,cross_state_readout,input_quota_random,-5.012875461705673,-5.012875461705673,1
formal-06,delayed_recall,0.035,state_matched,unselected_random,0.8737386666182179,0.8737386666182179,8
formal-06,delayed_recall,0.035,cross_state_readout,unselected_random,-9.544690256508733,-9.544690256508733,8
formal-06,delayed_recall,0.05,state_matched,unselected_random,0.9044739870307311,0.9044739870307311,8
formal-06,delayed_recall,0.05,cross_state_readout,unselected_random,-2.8547277459846576,-2.8547277459846576,8
formal-06,delayed_recall,0.035,state_matched,group_matched_random,0.8878776241904955,0.8878776241904955,4
formal-06,delayed_recall,0.035,cross_state_readout,group_matched_random,-10.676043769925943,-10.676043769925943,4
formal-06,delayed_recall,0.05,state_matched,group_matched_random,0.9001321777505181,0.9001321777505181,4
formal-06,delayed_recall,0.05,cross_state_readout,group_matched_random,-2.42849951416544,-2.42849951416544,4
formal-07,delayed_recall,0.035,state_matched,random_search,0.9097665718155743,0.9097665718155743,1
formal-07,delayed_recall,0.035,cross_state_readout,random_search,-2.366442256161833,-2.366442256161833,1
formal-07,delayed_recall,0.05,state_matched,random_search,0.9240115048985276,0.9240115048985276,1
formal-07,delayed_recall,0.05,cross_state_readout,random_search,-3.6268913165976393,-3.6268913165976393,1
formal-07,delayed_recall,0.035,state_matched,local_search,0.9124458092394443,0.9124458092394443,1
formal-07,delayed_recall,0.035,cross_state_readout,local_search,-11.684988935761496,-11.684988935761496,1
formal-07,delayed_recall,0.05,state_matched,local_search,0.9155457513262102,0.9155457513262102,1
formal-07,delayed_recall,0.05,cross_state_readout,local_search,-0.9743887420732276,-0.9743887420732276,1
formal-07,delayed_recall,0.035,state_matched,population_search,0.926638613009571,0.926638613009571,1
formal-07,delayed_recall,0.035,cross_state_readout,population_search,-5.095040664547916,-5.095040664547916,1
formal-07,delayed_recall,0.05,state_matched,population_search,0.9231308573873959,0.9231308573873959,1
formal-07,delayed_recall,0.05,cross_state_readout,population_search,-2.197407805723243,-2.197407805723243,1
formal-07,delayed_recall,0.035,state_matched,specialist_pool_0.035,0.9330649380226768,0.9330649380226768,1
formal-07,delayed_recall,0.035,cross_state_readout,specialist_pool_0.035,-14.93281406693518,-14.93281406693518,1
formal-07,delayed_recall,0.05,state_matched,specialist_pool_0.035,0.9073344305450184,0.9073344305450184,1
formal-07,delayed_recall,0.05,cross_state_readout,specialist_pool_0.035,-0.656768069724208,-0.656768069724208,1
formal-07,delayed_recall,0.035,state_matched,specialist_pool_0.05,0.879821852432078,0.879821852432078,1
formal-07,delayed_recall,0.035,cross_state_readout,specialist_pool_0.05,-11.002735951392621,-11.002735951392621,1
formal-07,delayed_recall,0.05,state_matched,specialist_pool_0.05,0.9145417576634475,0.9145417576634475,1
formal-07,delayed_recall,0.05,cross_state_readout,specialist_pool_0.05,-2.1006968613090016,-2.1006968613090016,1
formal-07,delayed_recall,0.035,state_matched,high_degree,0.906542416601703,0.906542416601703,1
formal-07,delayed_recall,0.035,cross_state_readout,high_degree,-37.7373535172667,-37.7373535172667,1
formal-07,delayed_recall,0.05,state_matched,high_degree,0.9044440836498131,0.9044440836498131,1
formal-07,delayed_recall,0.05,cross_state_readout,high_degree,-10.66718814480079,-10.66718814480079,1
formal-07,delayed_recall,0.035,state_matched,spectral,0.89860296823038,0.89860296823038,1
formal-07,delayed_recall,0.035,cross_state_readout,spectral,-27.46909938051733,-27.46909938051733,1
formal-07,delayed_recall,0.05,state_matched,spectral,0.8885277402739596,0.8885277402739596,1
formal-07,delayed_recall,0.05,cross_state_readout,spectral,-9.747445747580862,-9.747445747580862,1
formal-07,delayed_recall,0.035,state_matched,input_energy_degree,0.9312288502954904,0.9312288502954904,1
formal-07,delayed_recall,0.035,cross_state_readout,input_energy_degree,-1.134270641465183,-1.134270641465183,1
formal-07,delayed_recall,0.05,state_matched,input_energy_degree,0.8927875625202271,0.8927875625202271,1
formal-07,delayed_recall,0.05,cross_state_readout,input_energy_degree,-7.300241240270303,-7.300241240270303,1
formal-07,delayed_recall,0.035,state_matched,input_quota_random,0.9079165906800517,0.9079165906800517,1
formal-07,delayed_recall,0.035,cross_state_readout,input_quota_random,-7.814403477922452,-7.814403477922452,1
formal-07,delayed_recall,0.05,state_matched,input_quota_random,0.9213095064745886,0.9213095064745886,1
formal-07,delayed_recall,0.05,cross_state_readout,input_quota_random,-1.3171220786465474,-1.3171220786465474,1
formal-07,delayed_recall,0.035,state_matched,unselected_random,0.8923715688986416,0.8923715688986416,8
formal-07,delayed_recall,0.035,cross_state_readout,unselected_random,-16.374150882925544,-16.374150882925544,8
formal-07,delayed_recall,0.05,state_matched,unselected_random,0.9112919836802962,0.9112919836802962,8
formal-07,delayed_recall,0.05,cross_state_readout,unselected_random,-3.2868723090236016,-3.2868723090236016,8
formal-07,delayed_recall,0.035,state_matched,group_matched_random,0.9010180870457595,0.9010180870457595,4
formal-07,delayed_recall,0.035,cross_state_readout,group_matched_random,-6.747047543670936,-6.747047543670936,4
formal-07,delayed_recall,0.05,state_matched,group_matched_random,0.918775393959003,0.918775393959003,4
formal-07,delayed_recall,0.05,cross_state_readout,group_matched_random,-4.697479988842659,-4.697479988842659,4
formal-08,delayed_recall,0.035,state_matched,random_search,0.9292080327973832,0.9292080327973832,1
formal-08,delayed_recall,0.035,cross_state_readout,random_search,-13.784723385890697,-13.784723385890697,1
formal-08,delayed_recall,0.05,state_matched,random_search,0.9196831698653407,0.9196831698653407,1
formal-08,delayed_recall,0.05,cross_state_readout,random_search,0.5103059962301999,0.5103059962301999,1
formal-08,delayed_recall,0.035,state_matched,local_search,0.8868693761708139,0.8868693761708139,1
formal-08,delayed_recall,0.035,cross_state_readout,local_search,-0.13910722142303733,-0.13910722142303733,1
formal-08,delayed_recall,0.05,state_matched,local_search,0.9309329573156901,0.9309329573156901,1
formal-08,delayed_recall,0.05,cross_state_readout,local_search,-2.2723676471890317,-2.2723676471890317,1
formal-08,delayed_recall,0.035,state_matched,population_search,0.8778756543865756,0.8778756543865756,1
formal-08,delayed_recall,0.035,cross_state_readout,population_search,0.09863532004212572,0.09863532004212572,1
formal-08,delayed_recall,0.05,state_matched,population_search,0.925746466549627,0.925746466549627,1
formal-08,delayed_recall,0.05,cross_state_readout,population_search,-1.8200273608198891,-1.8200273608198891,1
formal-08,delayed_recall,0.035,state_matched,specialist_pool_0.035,0.9172990815515518,0.9172990815515518,1
formal-08,delayed_recall,0.035,cross_state_readout,specialist_pool_0.035,-1.5040759950641083,-1.5040759950641083,1
formal-08,delayed_recall,0.05,state_matched,specialist_pool_0.035,0.8821931690947028,0.8821931690947028,1
formal-08,delayed_recall,0.05,cross_state_readout,specialist_pool_0.035,-1.8944989007574935,-1.8944989007574935,1
formal-08,delayed_recall,0.035,state_matched,specialist_pool_0.05,0.862620376163804,0.862620376163804,1
formal-08,delayed_recall,0.035,cross_state_readout,specialist_pool_0.05,-1.1244189884737845,-1.1244189884737845,1
formal-08,delayed_recall,0.05,state_matched,specialist_pool_0.05,0.9237063233624656,0.9237063233624656,1
formal-08,delayed_recall,0.05,cross_state_readout,specialist_pool_0.05,-2.9023027308936706,-2.9023027308936706,1
formal-08,delayed_recall,0.035,state_matched,high_degree,0.68766357948933,0.68766357948933,1
formal-08,delayed_recall,0.035,cross_state_readout,high_degree,-13.185569327929095,-13.185569327929095,1
formal-08,delayed_recall,0.05,state_matched,high_degree,0.9086970883772946,0.9086970883772946,1
formal-08,delayed_recall,0.05,cross_state_readout,high_degree,-19.219387390113265,-19.219387390113265,1
formal-08,delayed_recall,0.035,state_matched,spectral,0.8434135989423236,0.8434135989423236,1
formal-08,delayed_recall,0.035,cross_state_readout,spectral,-2.6325021651292135,-2.6325021651292135,1
formal-08,delayed_recall,0.05,state_matched,spectral,0.88880307854714,0.88880307854714,1
formal-08,delayed_recall,0.05,cross_state_readout,spectral,-3.303579054495623,-3.303579054495623,1
formal-08,delayed_recall,0.035,state_matched,input_energy_degree,0.9286813640486093,0.9286813640486093,1
formal-08,delayed_recall,0.035,cross_state_readout,input_energy_degree,-3.698633993772332,-3.698633993772332,1
formal-08,delayed_recall,0.05,state_matched,input_energy_degree,0.8992152122629595,0.8992152122629595,1
formal-08,delayed_recall,0.05,cross_state_readout,input_energy_degree,-0.4266329422646,-0.4266329422646,1
formal-08,delayed_recall,0.035,state_matched,input_quota_random,0.8802594596900877,0.8802594596900877,1
formal-08,delayed_recall,0.035,cross_state_readout,input_quota_random,-16.741214010831218,-16.741214010831218,1
formal-08,delayed_recall,0.05,state_matched,input_quota_random,0.9135933658350254,0.9135933658350254,1
formal-08,delayed_recall,0.05,cross_state_readout,input_quota_random,-4.81176066648915,-4.81176066648915,1
formal-08,delayed_recall,0.035,state_matched,unselected_random,0.8810762553215655,0.8810762553215655,8
formal-08,delayed_recall,0.035,cross_state_readout,unselected_random,-8.05947823691876,-8.05947823691876,8
formal-08,delayed_recall,0.05,state_matched,unselected_random,0.8969720819435669,0.8969720819435669,8
formal-08,delayed_recall,0.05,cross_state_readout,unselected_random,-2.3656004435892175,-2.3656004435892175,8
formal-08,delayed_recall,0.035,state_matched,group_matched_random,0.8745140784185922,0.8745140784185922,4
formal-08,delayed_recall,0.035,cross_state_readout,group_matched_random,-19.874707480347713,-19.874707480347713,4
formal-08,delayed_recall,0.05,state_matched,group_matched_random,0.8735700840876577,0.8735700840876577,4
formal-08,delayed_recall,0.05,cross_state_readout,group_matched_random,-7.67106272704227,-7.67106272704227,4
formal-09,delayed_recall,0.035,state_matched,random_search,0.8990007367971309,0.8990007367971309,1
formal-09,delayed_recall,0.035,cross_state_readout,random_search,-5.966730770961902,-5.966730770961902,1
formal-09,delayed_recall,0.05,state_matched,random_search,0.8396241282670402,0.8396241282670402,1
formal-09,delayed_recall,0.05,cross_state_readout,random_search,-3.127303215820187,-3.127303215820187,1
formal-09,delayed_recall,0.035,state_matched,local_search,0.9246555199901723,0.9246555199901723,1
formal-09,delayed_recall,0.035,cross_state_readout,local_search,-23.90802063126881,-23.90802063126881,1
formal-09,delayed_recall,0.05,state_matched,local_search,0.8597697433963303,0.8597697433963303,1
formal-09,delayed_recall,0.05,cross_state_readout,local_search,0.39139997914945546,0.39139997914945546,1
formal-09,delayed_recall,0.035,state_matched,population_search,0.8851616894746486,0.8851616894746486,1
formal-09,delayed_recall,0.035,cross_state_readout,population_search,-4.212655917029589,-4.212655917029589,1
formal-09,delayed_recall,0.05,state_matched,population_search,0.9033226742331618,0.9033226742331618,1
formal-09,delayed_recall,0.05,cross_state_readout,population_search,-9.614556922227544,-9.614556922227544,1
formal-09,delayed_recall,0.035,state_matched,specialist_pool_0.035,0.927780877774128,0.927780877774128,1
formal-09,delayed_recall,0.035,cross_state_readout,specialist_pool_0.035,-1.5050395004814545,-1.5050395004814545,1
formal-09,delayed_recall,0.05,state_matched,specialist_pool_0.035,0.9045859493175207,0.9045859493175207,1
formal-09,delayed_recall,0.05,cross_state_readout,specialist_pool_0.035,-0.8602778393979607,-0.8602778393979607,1
formal-09,delayed_recall,0.035,state_matched,specialist_pool_0.05,0.8851616894746486,0.8851616894746486,1
formal-09,delayed_recall,0.035,cross_state_readout,specialist_pool_0.05,-4.212655917029589,-4.212655917029589,1
formal-09,delayed_recall,0.05,state_matched,specialist_pool_0.05,0.9033226742331618,0.9033226742331618,1
formal-09,delayed_recall,0.05,cross_state_readout,specialist_pool_0.05,-9.614556922227544,-9.614556922227544,1
formal-09,delayed_recall,0.035,state_matched,high_degree,0.849109688015625,0.849109688015625,1
formal-09,delayed_recall,0.035,cross_state_readout,high_degree,-22.34957733372388,-22.34957733372388,1
formal-09,delayed_recall,0.05,state_matched,high_degree,0.9090498439271927,0.9090498439271927,1
formal-09,delayed_recall,0.05,cross_state_readout,high_degree,-12.531026294287564,-12.531026294287564,1
formal-09,delayed_recall,0.035,state_matched,spectral,0.8225185395992793,0.8225185395992793,1
formal-09,delayed_recall,0.035,cross_state_readout,spectral,-58.90063302276359,-58.90063302276359,1
formal-09,delayed_recall,0.05,state_matched,spectral,0.893476341769689,0.893476341769689,1
formal-09,delayed_recall,0.05,cross_state_readout,spectral,-11.28056771415695,-11.28056771415695,1
formal-09,delayed_recall,0.035,state_matched,input_energy_degree,0.9097977694150865,0.9097977694150865,1
formal-09,delayed_recall,0.035,cross_state_readout,input_energy_degree,-35.38354698959442,-35.38354698959442,1
formal-09,delayed_recall,0.05,state_matched,input_energy_degree,0.7060029821862452,0.7060029821862452,1
formal-09,delayed_recall,0.05,cross_state_readout,input_energy_degree,-8.670168409797444,-8.670168409797444,1
formal-09,delayed_recall,0.035,state_matched,input_quota_random,0.883504813361627,0.883504813361627,1
formal-09,delayed_recall,0.035,cross_state_readout,input_quota_random,-21.173231608949603,-21.173231608949603,1
formal-09,delayed_recall,0.05,state_matched,input_quota_random,0.8534211470059447,0.8534211470059447,1
formal-09,delayed_recall,0.05,cross_state_readout,input_quota_random,-12.207584812137943,-12.207584812137943,1
formal-09,delayed_recall,0.035,state_matched,unselected_random,0.861655036597539,0.861655036597539,8
formal-09,delayed_recall,0.035,cross_state_readout,unselected_random,-18.292798937706173,-18.292798937706173,8
formal-09,delayed_recall,0.05,state_matched,unselected_random,0.8699897120815939,0.8699897120815939,8
formal-09,delayed_recall,0.05,cross_state_readout,unselected_random,-4.3869758193153885,-4.3869758193153885,8
formal-09,delayed_recall,0.035,state_matched,group_matched_random,0.8903052890320906,0.8903052890320906,4
formal-09,delayed_recall,0.035,cross_state_readout,group_matched_random,-22.98375272148056,-22.98375272148056,4
formal-09,delayed_recall,0.05,state_matched,group_matched_random,0.8695532249190907,0.8695532249190907,4
formal-09,delayed_recall,0.05,cross_state_readout,group_matched_random,-4.224392605786168,-4.224392605786168,4
formal-10,delayed_recall,0.035,state_matched,random_search,0.9023911010326151,0.9023911010326151,1
formal-10,delayed_recall,0.035,cross_state_readout,random_search,-15.823954376437207,-15.823954376437207,1
formal-10,delayed_recall,0.05,state_matched,random_search,0.9165592084443701,0.9165592084443701,1
formal-10,delayed_recall,0.05,cross_state_readout,random_search,-0.9156569665435863,-0.9156569665435863,1
formal-10,delayed_recall,0.035,state_matched,local_search,0.9031642867449202,0.9031642867449202,1
formal-10,delayed_recall,0.035,cross_state_readout,local_search,-8.66236580836449,-8.66236580836449,1
formal-10,delayed_recall,0.05,state_matched,local_search,0.9161231950814599,0.9161231950814599,1
formal-10,delayed_recall,0.05,cross_state_readout,local_search,-4.413358776348529,-4.413358776348529,1
formal-10,delayed_recall,0.035,state_matched,population_search,0.9051385350772997,0.9051385350772997,1
formal-10,delayed_recall,0.035,cross_state_readout,population_search,-8.397988250859772,-8.397988250859772,1
formal-10,delayed_recall,0.05,state_matched,population_search,0.9156371763445025,0.9156371763445025,1
formal-10,delayed_recall,0.05,cross_state_readout,population_search,-3.810077517590421,-3.810077517590421,1
formal-10,delayed_recall,0.035,state_matched,specialist_pool_0.035,0.9273459910861115,0.9273459910861115,1
formal-10,delayed_recall,0.035,cross_state_readout,specialist_pool_0.035,-1.2487962179467225,-1.2487962179467225,1
formal-10,delayed_recall,0.05,state_matched,specialist_pool_0.035,0.9140771169787234,0.9140771169787234,1
formal-10,delayed_recall,0.05,cross_state_readout,specialist_pool_0.035,-4.828910125743986,-4.828910125743986,1
formal-10,delayed_recall,0.035,state_matched,specialist_pool_0.05,0.9101260564184852,0.9101260564184852,1
formal-10,delayed_recall,0.035,cross_state_readout,specialist_pool_0.05,-17.94546238610645,-17.94546238610645,1
formal-10,delayed_recall,0.05,state_matched,specialist_pool_0.05,0.9339824959597122,0.9339824959597122,1
formal-10,delayed_recall,0.05,cross_state_readout,specialist_pool_0.05,-4.3224310351824915,-4.3224310351824915,1
formal-10,delayed_recall,0.035,state_matched,high_degree,0.8851846986945108,0.8851846986945108,1
formal-10,delayed_recall,0.035,cross_state_readout,high_degree,-104.43917773298746,-104.43917773298746,1
formal-10,delayed_recall,0.05,state_matched,high_degree,0.8792643374334906,0.8792643374334906,1
formal-10,delayed_recall,0.05,cross_state_readout,high_degree,-0.9761094436717299,-0.9761094436717299,1
formal-10,delayed_recall,0.035,state_matched,spectral,0.9069010064831958,0.9069010064831958,1
formal-10,delayed_recall,0.035,cross_state_readout,spectral,-71.10574940225399,-71.10574940225399,1
formal-10,delayed_recall,0.05,state_matched,spectral,0.875047953277702,0.875047953277702,1
formal-10,delayed_recall,0.05,cross_state_readout,spectral,-0.4783688463885012,-0.4783688463885012,1
formal-10,delayed_recall,0.035,state_matched,input_energy_degree,0.9244450367008334,0.9244450367008334,1
formal-10,delayed_recall,0.035,cross_state_readout,input_energy_degree,-20.27427910581688,-20.27427910581688,1
formal-10,delayed_recall,0.05,state_matched,input_energy_degree,0.9130836390690541,0.9130836390690541,1
formal-10,delayed_recall,0.05,cross_state_readout,input_energy_degree,-3.4347998123239574,-3.4347998123239574,1
formal-10,delayed_recall,0.035,state_matched,input_quota_random,0.9084413209121435,0.9084413209121435,1
formal-10,delayed_recall,0.035,cross_state_readout,input_quota_random,-0.055775864708583534,-0.055775864708583534,1
formal-10,delayed_recall,0.05,state_matched,input_quota_random,0.9155827506817336,0.9155827506817336,1
formal-10,delayed_recall,0.05,cross_state_readout,input_quota_random,-1.7903939406971068,-1.7903939406971068,1
formal-10,delayed_recall,0.035,state_matched,unselected_random,0.881092401403643,0.881092401403643,8
formal-10,delayed_recall,0.035,cross_state_readout,unselected_random,-12.133609172514108,-12.133609172514108,8
formal-10,delayed_recall,0.05,state_matched,unselected_random,0.9048850149711853,0.9048850149711853,8
formal-10,delayed_recall,0.05,cross_state_readout,unselected_random,-4.852056964849334,-4.852056964849334,8
formal-10,delayed_recall,0.035,state_matched,group_matched_random,0.8945707717961331,0.8945707717961331,4
formal-10,delayed_recall,0.035,cross_state_readout,group_matched_random,-6.638902351870369,-6.638902351870369,4
formal-10,delayed_recall,0.05,state_matched,group_matched_random,0.8967452147095697,0.8967452147095697,4
formal-10,delayed_recall,0.05,cross_state_readout,group_matched_random,-3.9390561062263934,-3.9390561062263934,4
formal-11,delayed_recall,0.035,state_matched,random_search,0.8879587967998452,0.8879587967998452,1
formal-11,delayed_recall,0.035,cross_state_readout,random_search,-2.5762264810602296,-2.5762264810602296,1
formal-11,delayed_recall,0.05,state_matched,random_search,0.8936606895109231,0.8936606895109231,1
formal-11,delayed_recall,0.05,cross_state_readout,random_search,-4.102650310659224,-4.102650310659224,1
formal-11,delayed_recall,0.035,state_matched,local_search,0.8980127535389392,0.8980127535389392,1
formal-11,delayed_recall,0.035,cross_state_readout,local_search,-16.63140484672849,-16.63140484672849,1
formal-11,delayed_recall,0.05,state_matched,local_search,0.895280677595303,0.895280677595303,1
formal-11,delayed_recall,0.05,cross_state_readout,local_search,-8.165118993759968,-8.165118993759968,1
formal-11,delayed_recall,0.035,state_matched,population_search,0.9189855334527864,0.9189855334527864,1
formal-11,delayed_recall,0.035,cross_state_readout,population_search,-6.566935649382862,-6.566935649382862,1
formal-11,delayed_recall,0.05,state_matched,population_search,0.8922624690817982,0.8922624690817982,1
formal-11,delayed_recall,0.05,cross_state_readout,population_search,-7.769361844621276,-7.769361844621276,1
formal-11,delayed_recall,0.035,state_matched,specialist_pool_0.035,0.9125657759854807,0.9125657759854807,1
formal-11,delayed_recall,0.035,cross_state_readout,specialist_pool_0.035,-35.672462607453596,-35.672462607453596,1
formal-11,delayed_recall,0.05,state_matched,specialist_pool_0.035,0.887907546880703,0.887907546880703,1
formal-11,delayed_recall,0.05,cross_state_readout,specialist_pool_0.035,-4.927635973372265,-4.927635973372265,1
formal-11,delayed_recall,0.035,state_matched,specialist_pool_0.05,0.8727011818804276,0.8727011818804276,1
formal-11,delayed_recall,0.035,cross_state_readout,specialist_pool_0.05,-18.3220818373956,-18.3220818373956,1
formal-11,delayed_recall,0.05,state_matched,specialist_pool_0.05,0.9113808667042875,0.9113808667042875,1
formal-11,delayed_recall,0.05,cross_state_readout,specialist_pool_0.05,-4.109481133483431,-4.109481133483431,1
formal-11,delayed_recall,0.035,state_matched,high_degree,0.8335641116528641,0.8335641116528641,1
formal-11,delayed_recall,0.035,cross_state_readout,high_degree,-20.4871437619635,-20.4871437619635,1
formal-11,delayed_recall,0.05,state_matched,high_degree,0.9046000795386492,0.9046000795386492,1
formal-11,delayed_recall,0.05,cross_state_readout,high_degree,-18.308407423340512,-18.308407423340512,1
formal-11,delayed_recall,0.035,state_matched,spectral,0.8101402729448159,0.8101402729448159,1
formal-11,delayed_recall,0.035,cross_state_readout,spectral,-58.20243273938903,-58.20243273938903,1
formal-11,delayed_recall,0.05,state_matched,spectral,0.8960110693776681,0.8960110693776681,1
formal-11,delayed_recall,0.05,cross_state_readout,spectral,-10.725851629468375,-10.725851629468375,1
formal-11,delayed_recall,0.035,state_matched,input_energy_degree,0.9261941306708257,0.9261941306708257,1
formal-11,delayed_recall,0.035,cross_state_readout,input_energy_degree,-27.962780505537616,-27.962780505537616,1
formal-11,delayed_recall,0.05,state_matched,input_energy_degree,0.8644967467896436,0.8644967467896436,1
formal-11,delayed_recall,0.05,cross_state_readout,input_energy_degree,0.2210770997915137,0.2210770997915137,1
formal-11,delayed_recall,0.035,state_matched,input_quota_random,0.909576580294494,0.909576580294494,1
formal-11,delayed_recall,0.035,cross_state_readout,input_quota_random,-30.43886343470524,-30.43886343470524,1
formal-11,delayed_recall,0.05,state_matched,input_quota_random,0.8780129595885998,0.8780129595885998,1
formal-11,delayed_recall,0.05,cross_state_readout,input_quota_random,-1.4096408640617963,-1.4096408640617963,1
formal-11,delayed_recall,0.035,state_matched,unselected_random,0.8764336913520442,0.8764336913520442,8
formal-11,delayed_recall,0.035,cross_state_readout,unselected_random,-13.181143344630497,-13.181143344630497,8
formal-11,delayed_recall,0.05,state_matched,unselected_random,0.8840711253729809,0.8840711253729809,8
formal-11,delayed_recall,0.05,cross_state_readout,unselected_random,-3.240990680329224,-3.240990680329224,8
formal-11,delayed_recall,0.035,state_matched,group_matched_random,0.8442051669842201,0.8442051669842201,4
formal-11,delayed_recall,0.035,cross_state_readout,group_matched_random,-24.49857199304792,-24.49857199304792,4
formal-11,delayed_recall,0.05,state_matched,group_matched_random,0.8967125389101793,0.8967125389101793,4
formal-11,delayed_recall,0.05,cross_state_readout,group_matched_random,-7.925778443110475,-7.925778443110475,4
formal-12,delayed_recall,0.035,state_matched,random_search,0.8642699106995264,0.8642699106995264,1
formal-12,delayed_recall,0.035,cross_state_readout,random_search,-7.403011074450916,-7.403011074450916,1
formal-12,delayed_recall,0.05,state_matched,random_search,0.9233149599797807,0.9233149599797807,1
formal-12,delayed_recall,0.05,cross_state_readout,random_search,-0.42239542868482816,-0.42239542868482816,1
formal-12,delayed_recall,0.035,state_matched,local_search,0.8642699106995264,0.8642699106995264,1
formal-12,delayed_recall,0.035,cross_state_readout,local_search,-7.403011074450916,-7.403011074450916,1
formal-12,delayed_recall,0.05,state_matched,local_search,0.9233149599797807,0.9233149599797807,1
formal-12,delayed_recall,0.05,cross_state_readout,local_search,-0.42239542868482816,-0.42239542868482816,1
formal-12,delayed_recall,0.035,state_matched,population_search,0.8642699106995264,0.8642699106995264,1
formal-12,delayed_recall,0.035,cross_state_readout,population_search,-7.403011074450916,-7.403011074450916,1
formal-12,delayed_recall,0.05,state_matched,population_search,0.9233149599797807,0.9233149599797807,1
formal-12,delayed_recall,0.05,cross_state_readout,population_search,-0.42239542868482816,-0.42239542868482816,1
formal-12,delayed_recall,0.035,state_matched,specialist_pool_0.035,0.906941947290465,0.906941947290465,1
formal-12,delayed_recall,0.035,cross_state_readout,specialist_pool_0.035,-5.155328309325468,-5.155328309325468,1
formal-12,delayed_recall,0.05,state_matched,specialist_pool_0.035,0.8702313047830676,0.8702313047830676,1
formal-12,delayed_recall,0.05,cross_state_readout,specialist_pool_0.035,-1.6341166400337288,-1.6341166400337288,1
formal-12,delayed_recall,0.035,state_matched,specialist_pool_0.05,0.8871973943880918,0.8871973943880918,1
formal-12,delayed_recall,0.035,cross_state_readout,specialist_pool_0.05,-10.937977812125826,-10.937977812125826,1
formal-12,delayed_recall,0.05,state_matched,specialist_pool_0.05,0.9232352037590582,0.9232352037590582,1
formal-12,delayed_recall,0.05,cross_state_readout,specialist_pool_0.05,-0.9706902490203144,-0.9706902490203144,1
formal-12,delayed_recall,0.035,state_matched,high_degree,0.8685228786609132,0.8685228786609132,1
formal-12,delayed_recall,0.035,cross_state_readout,high_degree,-33.77757365917116,-33.77757365917116,1
formal-12,delayed_recall,0.05,state_matched,high_degree,0.900958380164553,0.900958380164553,1
formal-12,delayed_recall,0.05,cross_state_readout,high_degree,-20.121074750527253,-20.121074750527253,1
formal-12,delayed_recall,0.035,state_matched,spectral,0.8468265261129511,0.8468265261129511,1
formal-12,delayed_recall,0.035,cross_state_readout,spectral,-50.56068289155113,-50.56068289155113,1
formal-12,delayed_recall,0.05,state_matched,spectral,0.8190650804279138,0.8190650804279138,1
formal-12,delayed_recall,0.05,cross_state_readout,spectral,-13.490567508442854,-13.490567508442854,1
formal-12,delayed_recall,0.035,state_matched,input_energy_degree,0.9238300401672659,0.9238300401672659,1
formal-12,delayed_recall,0.035,cross_state_readout,input_energy_degree,-39.90809482202143,-39.90809482202143,1
formal-12,delayed_recall,0.05,state_matched,input_energy_degree,0.8256442929597787,0.8256442929597787,1
formal-12,delayed_recall,0.05,cross_state_readout,input_energy_degree,-0.10111267524238143,-0.10111267524238143,1
formal-12,delayed_recall,0.035,state_matched,input_quota_random,0.895952173674206,0.895952173674206,1
formal-12,delayed_recall,0.035,cross_state_readout,input_quota_random,-3.206327364995552,-3.206327364995552,1
formal-12,delayed_recall,0.05,state_matched,input_quota_random,0.9073086783979271,0.9073086783979271,1
formal-12,delayed_recall,0.05,cross_state_readout,input_quota_random,-3.3354129781435162,-3.3354129781435162,1
formal-12,delayed_recall,0.035,state_matched,unselected_random,0.8811989118573477,0.8811989118573477,8
formal-12,delayed_recall,0.035,cross_state_readout,unselected_random,-8.633278388764278,-8.633278388764278,8
formal-12,delayed_recall,0.05,state_matched,unselected_random,0.9021644944595766,0.9021644944595766,8
formal-12,delayed_recall,0.05,cross_state_readout,unselected_random,-4.689275520747321,-4.689275520747321,8
formal-12,delayed_recall,0.035,state_matched,group_matched_random,0.8758642452466336,0.8758642452466336,4
formal-12,delayed_recall,0.035,cross_state_readout,group_matched_random,-7.167827055706744,-7.167827055706744,4
formal-12,delayed_recall,0.05,state_matched,group_matched_random,0.8915840311492716,0.8915840311492716,4
formal-12,delayed_recall,0.05,cross_state_readout,group_matched_random,-5.417496747122985,-5.417496747122985,4
formal-01,nonlinear_integration,0.035,state_matched,random_search,0.986328125,0.97265625,1
formal-01,nonlinear_integration,0.035,cross_state_readout,random_search,0.48046875,-0.0390625,1
formal-01,nonlinear_integration,0.05,state_matched,random_search,1.0,1.0,1
formal-01,nonlinear_integration,0.05,cross_state_readout,random_search,0.451171875,-0.09765625,1
formal-01,nonlinear_integration,0.035,state_matched,local_search,0.982421875,0.96484375,1
formal-01,nonlinear_integration,0.035,cross_state_readout,local_search,0.501953125,0.00390625,1
formal-01,nonlinear_integration,0.05,state_matched,local_search,0.9921875,0.984375,1
formal-01,nonlinear_integration,0.05,cross_state_readout,local_search,0.353515625,-0.29296875,1
formal-01,nonlinear_integration,0.035,state_matched,population_search,0.998046875,0.99609375,1
formal-01,nonlinear_integration,0.035,cross_state_readout,population_search,0.5078125,0.015625,1
formal-01,nonlinear_integration,0.05,state_matched,population_search,0.978515625,0.95703125,1
formal-01,nonlinear_integration,0.05,cross_state_readout,population_search,0.509765625,0.01953125,1
formal-01,nonlinear_integration,0.035,state_matched,specialist_pool_0.035,0.998046875,0.99609375,1
formal-01,nonlinear_integration,0.035,cross_state_readout,specialist_pool_0.035,0.5234375,0.046875,1
formal-01,nonlinear_integration,0.05,state_matched,specialist_pool_0.035,0.994140625,0.98828125,1
formal-01,nonlinear_integration,0.05,cross_state_readout,specialist_pool_0.035,0.474609375,-0.05078125,1
formal-01,nonlinear_integration,0.035,state_matched,specialist_pool_0.05,0.98046875,0.9609375,1
formal-01,nonlinear_integration,0.035,cross_state_readout,specialist_pool_0.05,0.6328125,0.265625,1
formal-01,nonlinear_integration,0.05,state_matched,specialist_pool_0.05,0.994140625,0.98828125,1
formal-01,nonlinear_integration,0.05,cross_state_readout,specialist_pool_0.05,0.203125,-0.59375,1
formal-01,nonlinear_integration,0.035,state_matched,high_degree,0.97265625,0.9453125,1
formal-01,nonlinear_integration,0.035,cross_state_readout,high_degree,0.486328125,-0.02734375,1
formal-01,nonlinear_integration,0.05,state_matched,high_degree,0.935546875,0.87109375,1
formal-01,nonlinear_integration,0.05,cross_state_readout,high_degree,0.5,0.0,1
formal-01,nonlinear_integration,0.035,state_matched,spectral,0.953125,0.90625,1
formal-01,nonlinear_integration,0.035,cross_state_readout,spectral,0.5,0.0,1
formal-01,nonlinear_integration,0.05,state_matched,spectral,0.91796875,0.8359375,1
formal-01,nonlinear_integration,0.05,cross_state_readout,spectral,0.435546875,-0.12890625,1
formal-01,nonlinear_integration,0.035,state_matched,input_energy_degree,0.978515625,0.95703125,1
formal-01,nonlinear_integration,0.035,cross_state_readout,input_energy_degree,0.498046875,-0.00390625,1
formal-01,nonlinear_integration,0.05,state_matched,input_energy_degree,0.974609375,0.94921875,1
formal-01,nonlinear_integration,0.05,cross_state_readout,input_energy_degree,0.4453125,-0.109375,1
formal-01,nonlinear_integration,0.035,state_matched,input_quota_random,0.99609375,0.9921875,1
formal-01,nonlinear_integration,0.035,cross_state_readout,input_quota_random,0.443359375,-0.11328125,1
formal-01,nonlinear_integration,0.05,state_matched,input_quota_random,0.98046875,0.9609375,1
formal-01,nonlinear_integration,0.05,cross_state_readout,input_quota_random,0.470703125,-0.05859375,1
formal-01,nonlinear_integration,0.035,state_matched,unselected_random,0.98828125,0.9765625,8
formal-01,nonlinear_integration,0.035,cross_state_readout,unselected_random,0.51123046875,0.0224609375,8
formal-01,nonlinear_integration,0.05,state_matched,unselected_random,0.98876953125,0.9775390625,8
formal-01,nonlinear_integration,0.05,cross_state_readout,unselected_random,0.412841796875,-0.17431640625,8
formal-01,nonlinear_integration,0.035,state_matched,group_matched_random,0.9921875,0.984375,4
formal-01,nonlinear_integration,0.035,cross_state_readout,group_matched_random,0.53515625,0.0703125,4
formal-01,nonlinear_integration,0.05,state_matched,group_matched_random,0.998046875,0.99609375,4
formal-01,nonlinear_integration,0.05,cross_state_readout,group_matched_random,0.365234375,-0.26953125,4
formal-02,nonlinear_integration,0.035,state_matched,random_search,1.0,1.0,1
formal-02,nonlinear_integration,0.035,cross_state_readout,random_search,0.423828125,-0.15234375,1
formal-02,nonlinear_integration,0.05,state_matched,random_search,0.998046875,0.99609375,1
formal-02,nonlinear_integration,0.05,cross_state_readout,random_search,0.328125,-0.34375,1
formal-02,nonlinear_integration,0.035,state_matched,local_search,0.990234375,0.98046875,1
formal-02,nonlinear_integration,0.035,cross_state_readout,local_search,0.4765625,-0.046875,1
formal-02,nonlinear_integration,0.05,state_matched,local_search,0.984375,0.96875,1
formal-02,nonlinear_integration,0.05,cross_state_readout,local_search,0.53125,0.0625,1
formal-02,nonlinear_integration,0.035,state_matched,population_search,0.99609375,0.9921875,1
formal-02,nonlinear_integration,0.035,cross_state_readout,population_search,0.447265625,-0.10546875,1
formal-02,nonlinear_integration,0.05,state_matched,population_search,0.99609375,0.9921875,1
formal-02,nonlinear_integration,0.05,cross_state_readout,population_search,0.458984375,-0.08203125,1
formal-02,nonlinear_integration,0.035,state_matched,specialist_pool_0.035,0.998046875,0.99609375,1
formal-02,nonlinear_integration,0.035,cross_state_readout,specialist_pool_0.035,0.564453125,0.12890625,1
formal-02,nonlinear_integration,0.05,state_matched,specialist_pool_0.035,0.998046875,0.99609375,1
formal-02,nonlinear_integration,0.05,cross_state_readout,specialist_pool_0.035,0.3671875,-0.265625,1
formal-02,nonlinear_integration,0.035,state_matched,specialist_pool_0.05,0.99609375,0.9921875,1
formal-02,nonlinear_integration,0.035,cross_state_readout,specialist_pool_0.05,0.447265625,-0.10546875,1
formal-02,nonlinear_integration,0.05,state_matched,specialist_pool_0.05,0.99609375,0.9921875,1
formal-02,nonlinear_integration,0.05,cross_state_readout,specialist_pool_0.05,0.458984375,-0.08203125,1
formal-02,nonlinear_integration,0.035,state_matched,high_degree,0.900390625,0.80078125,1
formal-02,nonlinear_integration,0.035,cross_state_readout,high_degree,0.556640625,0.11328125,1
formal-02,nonlinear_integration,0.05,state_matched,high_degree,0.921875,0.84375,1
formal-02,nonlinear_integration,0.05,cross_state_readout,high_degree,0.50390625,0.0078125,1
formal-02,nonlinear_integration,0.035,state_matched,spectral,0.927734375,0.85546875,1
formal-02,nonlinear_integration,0.035,cross_state_readout,spectral,0.53125,0.0625,1
formal-02,nonlinear_integration,0.05,state_matched,spectral,0.9375,0.875,1
formal-02,nonlinear_integration,0.05,cross_state_readout,spectral,0.50390625,0.0078125,1
formal-02,nonlinear_integration,0.035,state_matched,input_energy_degree,0.984375,0.96875,1
formal-02,nonlinear_integration,0.035,cross_state_readout,input_energy_degree,0.513671875,0.02734375,1
formal-02,nonlinear_integration,0.05,state_matched,input_energy_degree,0.978515625,0.95703125,1
formal-02,nonlinear_integration,0.05,cross_state_readout,input_energy_degree,0.5390625,0.078125,1
formal-02,nonlinear_integration,0.035,state_matched,input_quota_random,0.9921875,0.984375,1
formal-02,nonlinear_integration,0.035,cross_state_readout,input_quota_random,0.56640625,0.1328125,1
formal-02,nonlinear_integration,0.05,state_matched,input_quota_random,1.0,1.0,1
formal-02,nonlinear_integration,0.05,cross_state_readout,input_quota_random,0.427734375,-0.14453125,1
formal-02,nonlinear_integration,0.035,state_matched,unselected_random,0.9755859375,0.951171875,8
formal-02,nonlinear_integration,0.035,cross_state_readout,unselected_random,0.490234375,-0.01953125,8
formal-02,nonlinear_integration,0.05,state_matched,unselected_random,0.992431640625,0.98486328125,8
formal-02,nonlinear_integration,0.05,cross_state_readout,unselected_random,0.448486328125,-0.10302734375,8
formal-02,nonlinear_integration,0.035,state_matched,group_matched_random,0.95263671875,0.9052734375,4
formal-02,nonlinear_integration,0.035,cross_state_readout,group_matched_random,0.5302734375,0.060546875,4
formal-02,nonlinear_integration,0.05,state_matched,group_matched_random,0.9931640625,0.986328125,4
formal-02,nonlinear_integration,0.05,cross_state_readout,group_matched_random,0.431640625,-0.13671875,4
formal-03,nonlinear_integration,0.035,state_matched,random_search,0.98828125,0.9765625,1
formal-03,nonlinear_integration,0.035,cross_state_readout,random_search,0.44921875,-0.1015625,1
formal-03,nonlinear_integration,0.05,state_matched,random_search,0.998046875,0.99609375,1
formal-03,nonlinear_integration,0.05,cross_state_readout,random_search,0.291015625,-0.41796875,1
formal-03,nonlinear_integration,0.035,state_matched,local_search,0.955078125,0.91015625,1
formal-03,nonlinear_integration,0.035,cross_state_readout,local_search,0.458984375,-0.08203125,1
formal-03,nonlinear_integration,0.05,state_matched,local_search,0.998046875,0.99609375,1
formal-03,nonlinear_integration,0.05,cross_state_readout,local_search,0.39453125,-0.2109375,1
formal-03,nonlinear_integration,0.035,state_matched,population_search,0.998046875,0.99609375,1
formal-03,nonlinear_integration,0.035,cross_state_readout,population_search,0.28515625,-0.4296875,1
formal-03,nonlinear_integration,0.05,state_matched,population_search,0.998046875,0.99609375,1
formal-03,nonlinear_integration,0.05,cross_state_readout,population_search,0.279296875,-0.44140625,1
formal-03,nonlinear_integration,0.035,state_matched,specialist_pool_0.035,0.986328125,0.97265625,1
formal-03,nonlinear_integration,0.035,cross_state_readout,specialist_pool_0.035,0.517578125,0.03515625,1
formal-03,nonlinear_integration,0.05,state_matched,specialist_pool_0.035,0.994140625,0.98828125,1
formal-03,nonlinear_integration,0.05,cross_state_readout,specialist_pool_0.035,0.484375,-0.03125,1
formal-03,nonlinear_integration,0.035,state_matched,specialist_pool_0.05,0.9609375,0.921875,1
formal-03,nonlinear_integration,0.035,cross_state_readout,specialist_pool_0.05,0.486328125,-0.02734375,1
formal-03,nonlinear_integration,0.05,state_matched,specialist_pool_0.05,1.0,1.0,1
formal-03,nonlinear_integration,0.05,cross_state_readout,specialist_pool_0.05,0.451171875,-0.09765625,1
formal-03,nonlinear_integration,0.035,state_matched,high_degree,0.923828125,0.84765625,1
formal-03,nonlinear_integration,0.035,cross_state_readout,high_degree,0.501953125,0.00390625,1
formal-03,nonlinear_integration,0.05,state_matched,high_degree,0.947265625,0.89453125,1
formal-03,nonlinear_integration,0.05,cross_state_readout,high_degree,0.50390625,0.0078125,1
formal-03,nonlinear_integration,0.035,state_matched,spectral,0.90234375,0.8046875,1
formal-03,nonlinear_integration,0.035,cross_state_readout,spectral,0.498046875,-0.00390625,1
formal-03,nonlinear_integration,0.05,state_matched,spectral,0.951171875,0.90234375,1
formal-03,nonlinear_integration,0.05,cross_state_readout,spectral,0.484375,-0.03125,1
formal-03,nonlinear_integration,0.035,state_matched,input_energy_degree,0.984375,0.96875,1
formal-03,nonlinear_integration,0.035,cross_state_readout,input_energy_degree,0.470703125,-0.05859375,1
formal-03,nonlinear_integration,0.05,state_matched,input_energy_degree,0.98828125,0.9765625,1
formal-03,nonlinear_integration,0.05,cross_state_readout,input_energy_degree,0.490234375,-0.01953125,1
formal-03,nonlinear_integration,0.035,state_matched,input_quota_random,0.9609375,0.921875,1
formal-03,nonlinear_integration,0.035,cross_state_readout,input_quota_random,0.486328125,-0.02734375,1
formal-03,nonlinear_integration,0.05,state_matched,input_quota_random,0.990234375,0.98046875,1
formal-03,nonlinear_integration,0.05,cross_state_readout,input_quota_random,0.4296875,-0.140625,1
formal-03,nonlinear_integration,0.035,state_matched,unselected_random,0.958740234375,0.91748046875,8
formal-03,nonlinear_integration,0.035,cross_state_readout,unselected_random,0.443603515625,-0.11279296875,8
formal-03,nonlinear_integration,0.05,state_matched,unselected_random,0.9892578125,0.978515625,8
formal-03,nonlinear_integration,0.05,cross_state_readout,unselected_random,0.399658203125,-0.20068359375,8
formal-03,nonlinear_integration,0.035,state_matched,group_matched_random,0.96435546875,0.9287109375,4
formal-03,nonlinear_integration,0.035,cross_state_readout,group_matched_random,0.45263671875,-0.0947265625,4
formal-03,nonlinear_integration,0.05,state_matched,group_matched_random,0.98779296875,0.9755859375,4
formal-03,nonlinear_integration,0.05,cross_state_readout,group_matched_random,0.38427734375,-0.2314453125,4
formal-04,nonlinear_integration,0.035,state_matched,random_search,0.98828125,0.9765625,1
formal-04,nonlinear_integration,0.035,cross_state_readout,random_search,0.345703125,-0.30859375,1
formal-04,nonlinear_integration,0.05,state_matched,random_search,0.994140625,0.98828125,1
formal-04,nonlinear_integration,0.05,cross_state_readout,random_search,0.501953125,0.00390625,1
formal-04,nonlinear_integration,0.035,state_matched,local_search,0.98046875,0.9609375,1
formal-04,nonlinear_integration,0.035,cross_state_readout,local_search,0.544921875,0.08984375,1
formal-04,nonlinear_integration,0.05,state_matched,local_search,0.998046875,0.99609375,1
formal-04,nonlinear_integration,0.05,cross_state_readout,local_search,0.27734375,-0.4453125,1
formal-04,nonlinear_integration,0.035,state_matched,population_search,0.990234375,0.98046875,1
formal-04,nonlinear_integration,0.035,cross_state_readout,population_search,0.4375,-0.125,1
formal-04,nonlinear_integration,0.05,state_matched,population_search,0.990234375,0.98046875,1
formal-04,nonlinear_integration,0.05,cross_state_readout,population_search,0.5,0.0,1
formal-04,nonlinear_integration,0.035,state_matched,specialist_pool_0.035,1.0,1.0,1
formal-04,nonlinear_integration,0.035,cross_state_readout,specialist_pool_0.035,0.298828125,-0.40234375,1
formal-04,nonlinear_integration,0.05,state_matched,specialist_pool_0.035,0.998046875,0.99609375,1
formal-04,nonlinear_integration,0.05,cross_state_readout,specialist_pool_0.035,0.25,-0.5,1
formal-04,nonlinear_integration,0.035,state_matched,specialist_pool_0.05,0.966796875,0.93359375,1
formal-04,nonlinear_integration,0.035,cross_state_readout,specialist_pool_0.05,0.576171875,0.15234375,1
formal-04,nonlinear_integration,0.05,state_matched,specialist_pool_0.05,0.99609375,0.9921875,1
formal-04,nonlinear_integration,0.05,cross_state_readout,specialist_pool_0.05,0.349609375,-0.30078125,1
formal-04,nonlinear_integration,0.035,state_matched,high_degree,0.884765625,0.76953125,1
formal-04,nonlinear_integration,0.035,cross_state_readout,high_degree,0.501953125,0.00390625,1
formal-04,nonlinear_integration,0.05,state_matched,high_degree,0.91015625,0.8203125,1
formal-04,nonlinear_integration,0.05,cross_state_readout,high_degree,0.515625,0.03125,1
formal-04,nonlinear_integration,0.035,state_matched,spectral,0.9140625,0.828125,1
formal-04,nonlinear_integration,0.035,cross_state_readout,spectral,0.5,0.0,1
formal-04,nonlinear_integration,0.05,state_matched,spectral,0.943359375,0.88671875,1
formal-04,nonlinear_integration,0.05,cross_state_readout,spectral,0.552734375,0.10546875,1
formal-04,nonlinear_integration,0.035,state_matched,input_energy_degree,0.974609375,0.94921875,1
formal-04,nonlinear_integration,0.035,cross_state_readout,input_energy_degree,0.4921875,-0.015625,1
formal-04,nonlinear_integration,0.05,state_matched,input_energy_degree,0.955078125,0.91015625,1
formal-04,nonlinear_integration,0.05,cross_state_readout,input_energy_degree,0.494140625,-0.01171875,1
formal-04,nonlinear_integration,0.035,state_matched,input_quota_random,0.96875,0.9375,1
formal-04,nonlinear_integration,0.035,cross_state_readout,input_quota_random,0.533203125,0.06640625,1
formal-04,nonlinear_integration,0.05,state_matched,input_quota_random,0.994140625,0.98828125,1
formal-04,nonlinear_integration,0.05,cross_state_readout,input_quota_random,0.681640625,0.36328125,1
formal-04,nonlinear_integration,0.035,state_matched,unselected_random,0.966064453125,0.93212890625,8
formal-04,nonlinear_integration,0.035,cross_state_readout,unselected_random,0.4736328125,-0.052734375,8
formal-04,nonlinear_integration,0.05,state_matched,unselected_random,0.99365234375,0.9873046875,8
formal-04,nonlinear_integration,0.05,cross_state_readout,unselected_random,0.431640625,-0.13671875,8
formal-04,nonlinear_integration,0.035,state_matched,group_matched_random,0.97607421875,0.9521484375,4
formal-04,nonlinear_integration,0.035,cross_state_readout,group_matched_random,0.54638671875,0.0927734375,4
formal-04,nonlinear_integration,0.05,state_matched,group_matched_random,0.99658203125,0.9931640625,4
formal-04,nonlinear_integration,0.05,cross_state_readout,group_matched_random,0.46826171875,-0.0634765625,4
formal-05,nonlinear_integration,0.035,state_matched,random_search,0.994140625,0.98828125,1
formal-05,nonlinear_integration,0.035,cross_state_readout,random_search,0.4921875,-0.015625,1
formal-05,nonlinear_integration,0.05,state_matched,random_search,0.998046875,0.99609375,1
formal-05,nonlinear_integration,0.05,cross_state_readout,random_search,0.20703125,-0.5859375,1
formal-05,nonlinear_integration,0.035,state_matched,local_search,0.9765625,0.953125,1
formal-05,nonlinear_integration,0.035,cross_state_readout,local_search,0.568359375,0.13671875,1
formal-05,nonlinear_integration,0.05,state_matched,local_search,0.994140625,0.98828125,1
formal-05,nonlinear_integration,0.05,cross_state_readout,local_search,0.447265625,-0.10546875,1
formal-05,nonlinear_integration,0.035,state_matched,population_search,0.98828125,0.9765625,1
formal-05,nonlinear_integration,0.035,cross_state_readout,population_search,0.4765625,-0.046875,1
formal-05,nonlinear_integration,0.05,state_matched,population_search,0.9921875,0.984375,1
formal-05,nonlinear_integration,0.05,cross_state_readout,population_search,0.51953125,0.0390625,1
formal-05,nonlinear_integration,0.035,state_matched,specialist_pool_0.035,0.978515625,0.95703125,1
formal-05,nonlinear_integration,0.035,cross_state_readout,specialist_pool_0.035,0.63671875,0.2734375,1
formal-05,nonlinear_integration,0.05,state_matched,specialist_pool_0.035,0.984375,0.96875,1
formal-05,nonlinear_integration,0.05,cross_state_readout,specialist_pool_0.035,0.34765625,-0.3046875,1
formal-05,nonlinear_integration,0.035,state_matched,specialist_pool_0.05,0.984375,0.96875,1
formal-05,nonlinear_integration,0.035,cross_state_readout,specialist_pool_0.05,0.5546875,0.109375,1
formal-05,nonlinear_integration,0.05,state_matched,specialist_pool_0.05,0.99609375,0.9921875,1
formal-05,nonlinear_integration,0.05,cross_state_readout,specialist_pool_0.05,0.3125,-0.375,1
formal-05,nonlinear_integration,0.035,state_matched,high_degree,0.94921875,0.8984375,1
formal-05,nonlinear_integration,0.035,cross_state_readout,high_degree,0.529296875,0.05859375,1
formal-05,nonlinear_integration,0.05,state_matched,high_degree,0.958984375,0.91796875,1
formal-05,nonlinear_integration,0.05,cross_state_readout,high_degree,0.4765625,-0.046875,1
formal-05,nonlinear_integration,0.035,state_matched,spectral,0.94921875,0.8984375,1
formal-05,nonlinear_integration,0.035,cross_state_readout,spectral,0.498046875,-0.00390625,1
formal-05,nonlinear_integration,0.05,state_matched,spectral,0.953125,0.90625,1
formal-05,nonlinear_integration,0.05,cross_state_readout,spectral,0.494140625,-0.01171875,1
formal-05,nonlinear_integration,0.035,state_matched,input_energy_degree,0.990234375,0.98046875,1
formal-05,nonlinear_integration,0.035,cross_state_readout,input_energy_degree,0.34765625,-0.3046875,1
formal-05,nonlinear_integration,0.05,state_matched,input_energy_degree,0.990234375,0.98046875,1
formal-05,nonlinear_integration,0.05,cross_state_readout,input_energy_degree,0.54296875,0.0859375,1
formal-05,nonlinear_integration,0.035,state_matched,input_quota_random,0.951171875,0.90234375,1
formal-05,nonlinear_integration,0.035,cross_state_readout,input_quota_random,0.521484375,0.04296875,1
formal-05,nonlinear_integration,0.05,state_matched,input_quota_random,0.990234375,0.98046875,1
formal-05,nonlinear_integration,0.05,cross_state_readout,input_quota_random,0.52734375,0.0546875,1
formal-05,nonlinear_integration,0.035,state_matched,unselected_random,0.978515625,0.95703125,8
formal-05,nonlinear_integration,0.035,cross_state_readout,unselected_random,0.492431640625,-0.01513671875,8
formal-05,nonlinear_integration,0.05,state_matched,unselected_random,0.9931640625,0.986328125,8
formal-05,nonlinear_integration,0.05,cross_state_readout,unselected_random,0.443603515625,-0.11279296875,8
formal-05,nonlinear_integration,0.035,state_matched,group_matched_random,0.97705078125,0.9541015625,4
formal-05,nonlinear_integration,0.035,cross_state_readout,group_matched_random,0.4638671875,-0.072265625,4
formal-05,nonlinear_integration,0.05,state_matched,group_matched_random,0.9951171875,0.990234375,4
formal-05,nonlinear_integration,0.05,cross_state_readout,group_matched_random,0.46044921875,-0.0791015625,4
formal-06,nonlinear_integration,0.035,state_matched,random_search,0.9765625,0.953125,1
formal-06,nonlinear_integration,0.035,cross_state_readout,random_search,0.61328125,0.2265625,1
formal-06,nonlinear_integration,0.05,state_matched,random_search,0.9921875,0.984375,1
formal-06,nonlinear_integration,0.05,cross_state_readout,random_search,0.41796875,-0.1640625,1
formal-06,nonlinear_integration,0.035,state_matched,local_search,0.9921875,0.984375,1
formal-06,nonlinear_integration,0.035,cross_state_readout,local_search,0.587890625,0.17578125,1
formal-06,nonlinear_integration,0.05,state_matched,local_search,0.998046875,0.99609375,1
formal-06,nonlinear_integration,0.05,cross_state_readout,local_search,0.705078125,0.41015625,1
formal-06,nonlinear_integration,0.035,state_matched,population_search,0.978515625,0.95703125,1
formal-06,nonlinear_integration,0.035,cross_state_readout,population_search,0.44140625,-0.1171875,1
formal-06,nonlinear_integration,0.05,state_matched,population_search,0.96875,0.9375,1
formal-06,nonlinear_integration,0.05,cross_state_readout,population_search,0.494140625,-0.01171875,1
formal-06,nonlinear_integration,0.035,state_matched,specialist_pool_0.035,0.986328125,0.97265625,1
formal-06,nonlinear_integration,0.035,cross_state_readout,specialist_pool_0.035,0.3203125,-0.359375,1
formal-06,nonlinear_integration,0.05,state_matched,specialist_pool_0.035,0.982421875,0.96484375,1
formal-06,nonlinear_integration,0.05,cross_state_readout,specialist_pool_0.035,0.3125,-0.375,1
formal-06,nonlinear_integration,0.035,state_matched,specialist_pool_0.05,0.96484375,0.9296875,1
formal-06,nonlinear_integration,0.035,cross_state_readout,specialist_pool_0.05,0.37109375,-0.2578125,1
formal-06,nonlinear_integration,0.05,state_matched,specialist_pool_0.05,0.994140625,0.98828125,1
formal-06,nonlinear_integration,0.05,cross_state_readout,specialist_pool_0.05,0.392578125,-0.21484375,1
formal-06,nonlinear_integration,0.035,state_matched,high_degree,0.912109375,0.82421875,1
formal-06,nonlinear_integration,0.035,cross_state_readout,high_degree,0.5625,0.125,1
formal-06,nonlinear_integration,0.05,state_matched,high_degree,0.955078125,0.91015625,1
formal-06,nonlinear_integration,0.05,cross_state_readout,high_degree,0.5703125,0.140625,1
formal-06,nonlinear_integration,0.035,state_matched,spectral,0.958984375,0.91796875,1
formal-06,nonlinear_integration,0.035,cross_state_readout,spectral,0.474609375,-0.05078125,1
formal-06,nonlinear_integration,0.05,state_matched,spectral,0.888671875,0.77734375,1
formal-06,nonlinear_integration,0.05,cross_state_readout,spectral,0.5078125,0.015625,1
formal-06,nonlinear_integration,0.035,state_matched,input_energy_degree,0.96484375,0.9296875,1
formal-06,nonlinear_integration,0.035,cross_state_readout,input_energy_degree,0.49609375,-0.0078125,1
formal-06,nonlinear_integration,0.05,state_matched,input_energy_degree,0.982421875,0.96484375,1
formal-06,nonlinear_integration,0.05,cross_state_readout,input_energy_degree,0.388671875,-0.22265625,1
formal-06,nonlinear_integration,0.035,state_matched,input_quota_random,0.95703125,0.9140625,1
formal-06,nonlinear_integration,0.035,cross_state_readout,input_quota_random,0.541015625,0.08203125,1
formal-06,nonlinear_integration,0.05,state_matched,input_quota_random,0.990234375,0.98046875,1
formal-06,nonlinear_integration,0.05,cross_state_readout,input_quota_random,0.4296875,-0.140625,1
formal-06,nonlinear_integration,0.035,state_matched,unselected_random,0.961669921875,0.92333984375,8
formal-06,nonlinear_integration,0.035,cross_state_readout,unselected_random,0.43408203125,-0.1318359375,8
formal-06,nonlinear_integration,0.05,state_matched,unselected_random,0.989990234375,0.97998046875,8
formal-06,nonlinear_integration,0.05,cross_state_readout,unselected_random,0.455078125,-0.08984375,8
formal-06,nonlinear_integration,0.035,state_matched,group_matched_random,0.95947265625,0.9189453125,4
formal-06,nonlinear_integration,0.035,cross_state_readout,group_matched_random,0.44873046875,-0.1025390625,4
formal-06,nonlinear_integration,0.05,state_matched,group_matched_random,0.97802734375,0.9560546875,4
formal-06,nonlinear_integration,0.05,cross_state_readout,group_matched_random,0.47216796875,-0.0556640625,4
formal-07,nonlinear_integration,0.035,state_matched,random_search,0.99609375,0.9921875,1
formal-07,nonlinear_integration,0.035,cross_state_readout,random_search,0.4609375,-0.078125,1
formal-07,nonlinear_integration,0.05,state_matched,random_search,1.0,1.0,1
formal-07,nonlinear_integration,0.05,cross_state_readout,random_search,0.41796875,-0.1640625,1
formal-07,nonlinear_integration,0.035,state_matched,local_search,0.9921875,0.984375,1
formal-07,nonlinear_integration,0.035,cross_state_readout,local_search,0.544921875,0.08984375,1
formal-07,nonlinear_integration,0.05,state_matched,local_search,0.99609375,0.9921875,1
formal-07,nonlinear_integration,0.05,cross_state_readout,local_search,0.49609375,-0.0078125,1
formal-07,nonlinear_integration,0.035,state_matched,population_search,0.9921875,0.984375,1
formal-07,nonlinear_integration,0.035,cross_state_readout,population_search,0.509765625,0.01953125,1
formal-07,nonlinear_integration,0.05,state_matched,population_search,0.998046875,0.99609375,1
formal-07,nonlinear_integration,0.05,cross_state_readout,population_search,0.419921875,-0.16015625,1
formal-07,nonlinear_integration,0.035,state_matched,specialist_pool_0.035,0.9921875,0.984375,1
formal-07,nonlinear_integration,0.035,cross_state_readout,specialist_pool_0.035,0.453125,-0.09375,1
formal-07,nonlinear_integration,0.05,state_matched,specialist_pool_0.035,0.990234375,0.98046875,1
formal-07,nonlinear_integration,0.05,cross_state_readout,specialist_pool_0.035,0.369140625,-0.26171875,1
formal-07,nonlinear_integration,0.035,state_matched,specialist_pool_0.05,0.994140625,0.98828125,1
formal-07,nonlinear_integration,0.035,cross_state_readout,specialist_pool_0.05,0.599609375,0.19921875,1
formal-07,nonlinear_integration,0.05,state_matched,specialist_pool_0.05,0.998046875,0.99609375,1
formal-07,nonlinear_integration,0.05,cross_state_readout,specialist_pool_0.05,0.42578125,-0.1484375,1
formal-07,nonlinear_integration,0.035,state_matched,high_degree,0.947265625,0.89453125,1
formal-07,nonlinear_integration,0.035,cross_state_readout,high_degree,0.51953125,0.0390625,1
formal-07,nonlinear_integration,0.05,state_matched,high_degree,0.9296875,0.859375,1
formal-07,nonlinear_integration,0.05,cross_state_readout,high_degree,0.517578125,0.03515625,1
formal-07,nonlinear_integration,0.035,state_matched,spectral,0.9453125,0.890625,1
formal-07,nonlinear_integration,0.035,cross_state_readout,spectral,0.4921875,-0.015625,1
formal-07,nonlinear_integration,0.05,state_matched,spectral,0.912109375,0.82421875,1
formal-07,nonlinear_integration,0.05,cross_state_readout,spectral,0.4921875,-0.015625,1
formal-07,nonlinear_integration,0.035,state_matched,input_energy_degree,0.91015625,0.8203125,1
formal-07,nonlinear_integration,0.035,cross_state_readout,input_energy_degree,0.501953125,0.00390625,1
formal-07,nonlinear_integration,0.05,state_matched,input_energy_degree,0.974609375,0.94921875,1
formal-07,nonlinear_integration,0.05,cross_state_readout,input_energy_degree,0.51953125,0.0390625,1
formal-07,nonlinear_integration,0.035,state_matched,input_quota_random,0.947265625,0.89453125,1
formal-07,nonlinear_integration,0.035,cross_state_readout,input_quota_random,0.486328125,-0.02734375,1
formal-07,nonlinear_integration,0.05,state_matched,input_quota_random,0.986328125,0.97265625,1
formal-07,nonlinear_integration,0.05,cross_state_readout,input_quota_random,0.287109375,-0.42578125,1
formal-07,nonlinear_integration,0.035,state_matched,unselected_random,0.98046875,0.9609375,8
formal-07,nonlinear_integration,0.035,cross_state_readout,unselected_random,0.475830078125,-0.04833984375,8
formal-07,nonlinear_integration,0.05,state_matched,unselected_random,0.99072265625,0.9814453125,8
formal-07,nonlinear_integration,0.05,cross_state_readout,unselected_random,0.423828125,-0.15234375,8
formal-07,nonlinear_integration,0.035,state_matched,group_matched_random,0.97412109375,0.9482421875,4
formal-07,nonlinear_integration,0.035,cross_state_readout,group_matched_random,0.556640625,0.11328125,4
formal-07,nonlinear_integration,0.05,state_matched,group_matched_random,0.98583984375,0.9716796875,4
formal-07,nonlinear_integration,0.05,cross_state_readout,group_matched_random,0.505859375,0.01171875,4
formal-08,nonlinear_integration,0.035,state_matched,random_search,0.994140625,0.98828125,1
formal-08,nonlinear_integration,0.035,cross_state_readout,random_search,0.501953125,0.00390625,1
formal-08,nonlinear_integration,0.05,state_matched,random_search,0.994140625,0.98828125,1
formal-08,nonlinear_integration,0.05,cross_state_readout,random_search,0.388671875,-0.22265625,1
formal-08,nonlinear_integration,0.035,state_matched,local_search,0.982421875,0.96484375,1
formal-08,nonlinear_integration,0.035,cross_state_readout,local_search,0.421875,-0.15625,1
formal-08,nonlinear_integration,0.05,state_matched,local_search,0.990234375,0.98046875,1
formal-08,nonlinear_integration,0.05,cross_state_readout,local_search,0.353515625,-0.29296875,1
formal-08,nonlinear_integration,0.035,state_matched,population_search,0.9609375,0.921875,1
formal-08,nonlinear_integration,0.035,cross_state_readout,population_search,0.544921875,0.08984375,1
formal-08,nonlinear_integration,0.05,state_matched,population_search,0.984375,0.96875,1
formal-08,nonlinear_integration,0.05,cross_state_readout,population_search,0.541015625,0.08203125,1
formal-08,nonlinear_integration,0.035,state_matched,specialist_pool_0.035,0.99609375,0.9921875,1
formal-08,nonlinear_integration,0.035,cross_state_readout,specialist_pool_0.035,0.296875,-0.40625,1
formal-08,nonlinear_integration,0.05,state_matched,specialist_pool_0.035,0.970703125,0.94140625,1
formal-08,nonlinear_integration,0.05,cross_state_readout,specialist_pool_0.035,0.478515625,-0.04296875,1
formal-08,nonlinear_integration,0.035,state_matched,specialist_pool_0.05,0.974609375,0.94921875,1
formal-08,nonlinear_integration,0.035,cross_state_readout,specialist_pool_0.05,0.486328125,-0.02734375,1
formal-08,nonlinear_integration,0.05,state_matched,specialist_pool_0.05,0.99609375,0.9921875,1
formal-08,nonlinear_integration,0.05,cross_state_readout,specialist_pool_0.05,0.359375,-0.28125,1
formal-08,nonlinear_integration,0.035,state_matched,high_degree,0.876953125,0.75390625,1
formal-08,nonlinear_integration,0.035,cross_state_readout,high_degree,0.490234375,-0.01953125,1
formal-08,nonlinear_integration,0.05,state_matched,high_degree,0.9296875,0.859375,1
formal-08,nonlinear_integration,0.05,cross_state_readout,high_degree,0.4375,-0.125,1
formal-08,nonlinear_integration,0.035,state_matched,spectral,0.8828125,0.765625,1
formal-08,nonlinear_integration,0.035,cross_state_readout,spectral,0.48046875,-0.0390625,1
formal-08,nonlinear_integration,0.05,state_matched,spectral,0.896484375,0.79296875,1
formal-08,nonlinear_integration,0.05,cross_state_readout,spectral,0.4140625,-0.171875,1
formal-08,nonlinear_integration,0.035,state_matched,input_energy_degree,0.98046875,0.9609375,1
formal-08,nonlinear_integration,0.035,cross_state_readout,input_energy_degree,0.5078125,0.015625,1
formal-08,nonlinear_integration,0.05,state_matched,input_energy_degree,1.0,1.0,1
formal-08,nonlinear_integration,0.05,cross_state_readout,input_energy_degree,0.5703125,0.140625,1
formal-08,nonlinear_integration,0.035,state_matched,input_quota_random,0.984375,0.96875,1
formal-08,nonlinear_integration,0.035,cross_state_readout,input_quota_random,0.412109375,-0.17578125,1
formal-08,nonlinear_integration,0.05,state_matched,input_quota_random,0.98828125,0.9765625,1
formal-08,nonlinear_integration,0.05,cross_state_readout,input_quota_random,0.365234375,-0.26953125,1
formal-08,nonlinear_integration,0.035,state_matched,unselected_random,0.9755859375,0.951171875,8
formal-08,nonlinear_integration,0.035,cross_state_readout,unselected_random,0.47412109375,-0.0517578125,8
formal-08,nonlinear_integration,0.05,state_matched,unselected_random,0.986083984375,0.97216796875,8
formal-08,nonlinear_integration,0.05,cross_state_readout,unselected_random,0.49072265625,-0.0185546875,8
formal-08,nonlinear_integration,0.035,state_matched,group_matched_random,0.96826171875,0.9365234375,4
formal-08,nonlinear_integration,0.035,cross_state_readout,group_matched_random,0.4404296875,-0.119140625,4
formal-08,nonlinear_integration,0.05,state_matched,group_matched_random,0.986328125,0.97265625,4
formal-08,nonlinear_integration,0.05,cross_state_readout,group_matched_random,0.44677734375,-0.1064453125,4
formal-09,nonlinear_integration,0.035,state_matched,random_search,0.98828125,0.9765625,1
formal-09,nonlinear_integration,0.035,cross_state_readout,random_search,0.6171875,0.234375,1
formal-09,nonlinear_integration,0.05,state_matched,random_search,1.0,1.0,1
formal-09,nonlinear_integration,0.05,cross_state_readout,random_search,0.501953125,0.00390625,1
formal-09,nonlinear_integration,0.035,state_matched,local_search,0.99609375,0.9921875,1
formal-09,nonlinear_integration,0.035,cross_state_readout,local_search,0.458984375,-0.08203125,1
formal-09,nonlinear_integration,0.05,state_matched,local_search,1.0,1.0,1
formal-09,nonlinear_integration,0.05,cross_state_readout,local_search,0.5,0.0,1
formal-09,nonlinear_integration,0.035,state_matched,population_search,0.974609375,0.94921875,1
formal-09,nonlinear_integration,0.035,cross_state_readout,population_search,0.337890625,-0.32421875,1
formal-09,nonlinear_integration,0.05,state_matched,population_search,0.998046875,0.99609375,1
formal-09,nonlinear_integration,0.05,cross_state_readout,population_search,0.37109375,-0.2578125,1
formal-09,nonlinear_integration,0.035,state_matched,specialist_pool_0.035,0.986328125,0.97265625,1
formal-09,nonlinear_integration,0.035,cross_state_readout,specialist_pool_0.035,0.421875,-0.15625,1
formal-09,nonlinear_integration,0.05,state_matched,specialist_pool_0.035,0.990234375,0.98046875,1
formal-09,nonlinear_integration,0.05,cross_state_readout,specialist_pool_0.035,0.478515625,-0.04296875,1
formal-09,nonlinear_integration,0.035,state_matched,specialist_pool_0.05,0.943359375,0.88671875,1
formal-09,nonlinear_integration,0.035,cross_state_readout,specialist_pool_0.05,0.34765625,-0.3046875,1
formal-09,nonlinear_integration,0.05,state_matched,specialist_pool_0.05,0.986328125,0.97265625,1
formal-09,nonlinear_integration,0.05,cross_state_readout,specialist_pool_0.05,0.41796875,-0.1640625,1
formal-09,nonlinear_integration,0.035,state_matched,high_degree,0.908203125,0.81640625,1
formal-09,nonlinear_integration,0.035,cross_state_readout,high_degree,0.46484375,-0.0703125,1
formal-09,nonlinear_integration,0.05,state_matched,high_degree,0.953125,0.90625,1
formal-09,nonlinear_integration,0.05,cross_state_readout,high_degree,0.5703125,0.140625,1
formal-09,nonlinear_integration,0.035,state_matched,spectral,0.9375,0.875,1
formal-09,nonlinear_integration,0.035,cross_state_readout,spectral,0.330078125,-0.33984375,1
formal-09,nonlinear_integration,0.05,state_matched,spectral,0.97265625,0.9453125,1
formal-09,nonlinear_integration,0.05,cross_state_readout,spectral,0.5078125,0.015625,1
formal-09,nonlinear_integration,0.035,state_matched,input_energy_degree,0.98046875,0.9609375,1
formal-09,nonlinear_integration,0.035,cross_state_readout,input_energy_degree,0.4140625,-0.171875,1
formal-09,nonlinear_integration,0.05,state_matched,input_energy_degree,0.98046875,0.9609375,1
formal-09,nonlinear_integration,0.05,cross_state_readout,input_energy_degree,0.47265625,-0.0546875,1
formal-09,nonlinear_integration,0.035,state_matched,input_quota_random,0.962890625,0.92578125,1
formal-09,nonlinear_integration,0.035,cross_state_readout,input_quota_random,0.525390625,0.05078125,1
formal-09,nonlinear_integration,0.05,state_matched,input_quota_random,0.998046875,0.99609375,1
formal-09,nonlinear_integration,0.05,cross_state_readout,input_quota_random,0.35546875,-0.2890625,1
formal-09,nonlinear_integration,0.035,state_matched,unselected_random,0.964599609375,0.92919921875,8
formal-09,nonlinear_integration,0.035,cross_state_readout,unselected_random,0.444580078125,-0.11083984375,8
formal-09,nonlinear_integration,0.05,state_matched,unselected_random,0.986572265625,0.97314453125,8
formal-09,nonlinear_integration,0.05,cross_state_readout,unselected_random,0.45361328125,-0.0927734375,8
formal-09,nonlinear_integration,0.035,state_matched,group_matched_random,0.96923828125,0.9384765625,4
formal-09,nonlinear_integration,0.035,cross_state_readout,group_matched_random,0.396484375,-0.20703125,4
formal-09,nonlinear_integration,0.05,state_matched,group_matched_random,0.98291015625,0.9658203125,4
formal-09,nonlinear_integration,0.05,cross_state_readout,group_matched_random,0.498046875,-0.00390625,4
formal-10,nonlinear_integration,0.035,state_matched,random_search,0.98828125,0.9765625,1
formal-10,nonlinear_integration,0.035,cross_state_readout,random_search,0.494140625,-0.01171875,1
formal-10,nonlinear_integration,0.05,state_matched,random_search,0.98828125,0.9765625,1
formal-10,nonlinear_integration,0.05,cross_state_readout,random_search,0.470703125,-0.05859375,1
formal-10,nonlinear_integration,0.035,state_matched,local_search,0.982421875,0.96484375,1
formal-10,nonlinear_integration,0.035,cross_state_readout,local_search,0.5625,0.125,1
formal-10,nonlinear_integration,0.05,state_matched,local_search,0.994140625,0.98828125,1
formal-10,nonlinear_integration,0.05,cross_state_readout,local_search,0.453125,-0.09375,1
formal-10,nonlinear_integration,0.035,state_matched,population_search,0.96875,0.9375,1
formal-10,nonlinear_integration,0.035,cross_state_readout,population_search,0.455078125,-0.08984375,1
formal-10,nonlinear_integration,0.05,state_matched,population_search,0.9921875,0.984375,1
formal-10,nonlinear_integration,0.05,cross_state_readout,population_search,0.341796875,-0.31640625,1
formal-10,nonlinear_integration,0.035,state_matched,specialist_pool_0.035,0.98828125,0.9765625,1
formal-10,nonlinear_integration,0.035,cross_state_readout,specialist_pool_0.035,0.49609375,-0.0078125,1
formal-10,nonlinear_integration,0.05,state_matched,specialist_pool_0.035,0.9921875,0.984375,1
formal-10,nonlinear_integration,0.05,cross_state_readout,specialist_pool_0.035,0.451171875,-0.09765625,1
formal-10,nonlinear_integration,0.035,state_matched,specialist_pool_0.05,0.994140625,0.98828125,1
formal-10,nonlinear_integration,0.035,cross_state_readout,specialist_pool_0.05,0.4921875,-0.015625,1
formal-10,nonlinear_integration,0.05,state_matched,specialist_pool_0.05,0.99609375,0.9921875,1
formal-10,nonlinear_integration,0.05,cross_state_readout,specialist_pool_0.05,0.4765625,-0.046875,1
formal-10,nonlinear_integration,0.035,state_matched,high_degree,0.91796875,0.8359375,1
formal-10,nonlinear_integration,0.035,cross_state_readout,high_degree,0.517578125,0.03515625,1
formal-10,nonlinear_integration,0.05,state_matched,high_degree,0.9609375,0.921875,1
formal-10,nonlinear_integration,0.05,cross_state_readout,high_degree,0.482421875,-0.03515625,1
formal-10,nonlinear_integration,0.035,state_matched,spectral,0.90234375,0.8046875,1
formal-10,nonlinear_integration,0.035,cross_state_readout,spectral,0.5625,0.125,1
formal-10,nonlinear_integration,0.05,state_matched,spectral,0.9609375,0.921875,1
formal-10,nonlinear_integration,0.05,cross_state_readout,spectral,0.48828125,-0.0234375,1
formal-10,nonlinear_integration,0.035,state_matched,input_energy_degree,0.97265625,0.9453125,1
formal-10,nonlinear_integration,0.035,cross_state_readout,input_energy_degree,0.548828125,0.09765625,1
formal-10,nonlinear_integration,0.05,state_matched,input_energy_degree,0.9765625,0.953125,1
formal-10,nonlinear_integration,0.05,cross_state_readout,input_energy_degree,0.51953125,0.0390625,1
formal-10,nonlinear_integration,0.035,state_matched,input_quota_random,0.990234375,0.98046875,1
formal-10,nonlinear_integration,0.035,cross_state_readout,input_quota_random,0.609375,0.21875,1
formal-10,nonlinear_integration,0.05,state_matched,input_quota_random,0.970703125,0.94140625,1
formal-10,nonlinear_integration,0.05,cross_state_readout,input_quota_random,0.5,0.0,1
formal-10,nonlinear_integration,0.035,state_matched,unselected_random,0.97998046875,0.9599609375,8
formal-10,nonlinear_integration,0.035,cross_state_readout,unselected_random,0.45361328125,-0.0927734375,8
formal-10,nonlinear_integration,0.05,state_matched,unselected_random,0.99072265625,0.9814453125,8
formal-10,nonlinear_integration,0.05,cross_state_readout,unselected_random,0.4306640625,-0.138671875,8
formal-10,nonlinear_integration,0.035,state_matched,group_matched_random,0.9794921875,0.958984375,4
formal-10,nonlinear_integration,0.035,cross_state_readout,group_matched_random,0.54052734375,0.0810546875,4
formal-10,nonlinear_integration,0.05,state_matched,group_matched_random,0.9931640625,0.986328125,4
formal-10,nonlinear_integration,0.05,cross_state_readout,group_matched_random,0.49560546875,-0.0087890625,4
formal-11,nonlinear_integration,0.035,state_matched,random_search,0.998046875,0.99609375,1
formal-11,nonlinear_integration,0.035,cross_state_readout,random_search,0.63671875,0.2734375,1
formal-11,nonlinear_integration,0.05,state_matched,random_search,0.994140625,0.98828125,1
formal-11,nonlinear_integration,0.05,cross_state_readout,random_search,0.484375,-0.03125,1
formal-11,nonlinear_integration,0.035,state_matched,local_search,0.994140625,0.98828125,1
formal-11,nonlinear_integration,0.035,cross_state_readout,local_search,0.533203125,0.06640625,1
formal-11,nonlinear_integration,0.05,state_matched,local_search,1.0,1.0,1
formal-11,nonlinear_integration,0.05,cross_state_readout,local_search,0.53515625,0.0703125,1
formal-11,nonlinear_integration,0.035,state_matched,population_search,0.990234375,0.98046875,1
formal-11,nonlinear_integration,0.035,cross_state_readout,population_search,0.5,0.0,1
formal-11,nonlinear_integration,0.05,state_matched,population_search,0.998046875,0.99609375,1
formal-11,nonlinear_integration,0.05,cross_state_readout,population_search,0.466796875,-0.06640625,1
formal-11,nonlinear_integration,0.035,state_matched,specialist_pool_0.035,0.984375,0.96875,1
formal-11,nonlinear_integration,0.035,cross_state_readout,specialist_pool_0.035,0.5078125,0.015625,1
formal-11,nonlinear_integration,0.05,state_matched,specialist_pool_0.035,0.986328125,0.97265625,1
formal-11,nonlinear_integration,0.05,cross_state_readout,specialist_pool_0.035,0.4375,-0.125,1
formal-11,nonlinear_integration,0.035,state_matched,specialist_pool_0.05,0.96484375,0.9296875,1
formal-11,nonlinear_integration,0.035,cross_state_readout,specialist_pool_0.05,0.4375,-0.125,1
formal-11,nonlinear_integration,0.05,state_matched,specialist_pool_0.05,0.99609375,0.9921875,1
formal-11,nonlinear_integration,0.05,cross_state_readout,specialist_pool_0.05,0.55859375,0.1171875,1
formal-11,nonlinear_integration,0.035,state_matched,high_degree,0.90234375,0.8046875,1
formal-11,nonlinear_integration,0.035,cross_state_readout,high_degree,0.505859375,0.01171875,1
formal-11,nonlinear_integration,0.05,state_matched,high_degree,0.92578125,0.8515625,1
formal-11,nonlinear_integration,0.05,cross_state_readout,high_degree,0.513671875,0.02734375,1
formal-11,nonlinear_integration,0.035,state_matched,spectral,0.912109375,0.82421875,1
formal-11,nonlinear_integration,0.035,cross_state_readout,spectral,0.580078125,0.16015625,1
formal-11,nonlinear_integration,0.05,state_matched,spectral,0.916015625,0.83203125,1
formal-11,nonlinear_integration,0.05,cross_state_readout,spectral,0.51953125,0.0390625,1
formal-11,nonlinear_integration,0.035,state_matched,input_energy_degree,0.970703125,0.94140625,1
formal-11,nonlinear_integration,0.035,cross_state_readout,input_energy_degree,0.529296875,0.05859375,1
formal-11,nonlinear_integration,0.05,state_matched,input_energy_degree,0.98046875,0.9609375,1
formal-11,nonlinear_integration,0.05,cross_state_readout,input_energy_degree,0.509765625,0.01953125,1
formal-11,nonlinear_integration,0.035,state_matched,input_quota_random,0.990234375,0.98046875,1
formal-11,nonlinear_integration,0.035,cross_state_readout,input_quota_random,0.40234375,-0.1953125,1
formal-11,nonlinear_integration,0.05,state_matched,input_quota_random,0.9765625,0.953125,1
formal-11,nonlinear_integration,0.05,cross_state_readout,input_quota_random,0.435546875,-0.12890625,1
formal-11,nonlinear_integration,0.035,state_matched,unselected_random,0.98095703125,0.9619140625,8
formal-11,nonlinear_integration,0.035,cross_state_readout,unselected_random,0.47119140625,-0.0576171875,8
formal-11,nonlinear_integration,0.05,state_matched,unselected_random,0.989013671875,0.97802734375,8
formal-11,nonlinear_integration,0.05,cross_state_readout,unselected_random,0.4453125,-0.109375,8
formal-11,nonlinear_integration,0.035,state_matched,group_matched_random,0.9755859375,0.951171875,4
formal-11,nonlinear_integration,0.035,cross_state_readout,group_matched_random,0.46142578125,-0.0771484375,4
formal-11,nonlinear_integration,0.05,state_matched,group_matched_random,0.98486328125,0.9697265625,4
formal-11,nonlinear_integration,0.05,cross_state_readout,group_matched_random,0.4873046875,-0.025390625,4
formal-12,nonlinear_integration,0.035,state_matched,random_search,0.994140625,0.98828125,1
formal-12,nonlinear_integration,0.035,cross_state_readout,random_search,0.55859375,0.1171875,1
formal-12,nonlinear_integration,0.05,state_matched,random_search,0.9921875,0.984375,1
formal-12,nonlinear_integration,0.05,cross_state_readout,random_search,0.42578125,-0.1484375,1
formal-12,nonlinear_integration,0.035,state_matched,local_search,0.982421875,0.96484375,1
formal-12,nonlinear_integration,0.035,cross_state_readout,local_search,0.53515625,0.0703125,1
formal-12,nonlinear_integration,0.05,state_matched,local_search,0.990234375,0.98046875,1
formal-12,nonlinear_integration,0.05,cross_state_readout,local_search,0.5,0.0,1
formal-12,nonlinear_integration,0.035,state_matched,population_search,0.982421875,0.96484375,1
formal-12,nonlinear_integration,0.035,cross_state_readout,population_search,0.53515625,0.0703125,1
formal-12,nonlinear_integration,0.05,state_matched,population_search,0.990234375,0.98046875,1
formal-12,nonlinear_integration,0.05,cross_state_readout,population_search,0.5,0.0,1
formal-12,nonlinear_integration,0.035,state_matched,specialist_pool_0.035,0.9921875,0.984375,1
formal-12,nonlinear_integration,0.035,cross_state_readout,specialist_pool_0.035,0.5,0.0,1
formal-12,nonlinear_integration,0.05,state_matched,specialist_pool_0.035,0.98046875,0.9609375,1
formal-12,nonlinear_integration,0.05,cross_state_readout,specialist_pool_0.035,0.412109375,-0.17578125,1
formal-12,nonlinear_integration,0.035,state_matched,specialist_pool_0.05,0.98828125,0.9765625,1
formal-12,nonlinear_integration,0.035,cross_state_readout,specialist_pool_0.05,0.435546875,-0.12890625,1
formal-12,nonlinear_integration,0.05,state_matched,specialist_pool_0.05,0.98828125,0.9765625,1
formal-12,nonlinear_integration,0.05,cross_state_readout,specialist_pool_0.05,0.5,0.0,1
formal-12,nonlinear_integration,0.035,state_matched,high_degree,0.8828125,0.765625,1
formal-12,nonlinear_integration,0.035,cross_state_readout,high_degree,0.533203125,0.06640625,1
formal-12,nonlinear_integration,0.05,state_matched,high_degree,0.93359375,0.8671875,1
formal-12,nonlinear_integration,0.05,cross_state_readout,high_degree,0.62890625,0.2578125,1
formal-12,nonlinear_integration,0.035,state_matched,spectral,0.8984375,0.796875,1
formal-12,nonlinear_integration,0.035,cross_state_readout,spectral,0.501953125,0.00390625,1
formal-12,nonlinear_integration,0.05,state_matched,spectral,0.916015625,0.83203125,1
formal-12,nonlinear_integration,0.05,cross_state_readout,spectral,0.55078125,0.1015625,1
formal-12,nonlinear_integration,0.035,state_matched,input_energy_degree,0.97265625,0.9453125,1
formal-12,nonlinear_integration,0.035,cross_state_readout,input_energy_degree,0.513671875,0.02734375,1
formal-12,nonlinear_integration,0.05,state_matched,input_energy_degree,0.943359375,0.88671875,1
formal-12,nonlinear_integration,0.05,cross_state_readout,input_energy_degree,0.4453125,-0.109375,1
formal-12,nonlinear_integration,0.035,state_matched,input_quota_random,0.978515625,0.95703125,1
formal-12,nonlinear_integration,0.035,cross_state_readout,input_quota_random,0.390625,-0.21875,1
formal-12,nonlinear_integration,0.05,state_matched,input_quota_random,0.98828125,0.9765625,1
formal-12,nonlinear_integration,0.05,cross_state_readout,input_quota_random,0.462890625,-0.07421875,1
formal-12,nonlinear_integration,0.035,state_matched,unselected_random,0.978271484375,0.95654296875,8
formal-12,nonlinear_integration,0.035,cross_state_readout,unselected_random,0.541259765625,0.08251953125,8
formal-12,nonlinear_integration,0.05,state_matched,unselected_random,0.9921875,0.984375,8
formal-12,nonlinear_integration,0.05,cross_state_readout,unselected_random,0.468505859375,-0.06298828125,8
formal-12,nonlinear_integration,0.035,state_matched,group_matched_random,0.9736328125,0.947265625,4
formal-12,nonlinear_integration,0.035,cross_state_readout,group_matched_random,0.48681640625,-0.0263671875,4
formal-12,nonlinear_integration,0.05,state_matched,group_matched_random,0.98876953125,0.9775390625,4
formal-12,nonlinear_integration,0.05,cross_state_readout,group_matched_random,0.43994140625,-0.1201171875,4
formal-01,pulse_order,0.035,state_matched,random_search,0.66015625,0.3203125,1
formal-01,pulse_order,0.035,cross_state_readout,random_search,0.447265625,-0.10546875,1
formal-01,pulse_order,0.05,state_matched,random_search,0.63671875,0.2734375,1
formal-01,pulse_order,0.05,cross_state_readout,random_search,0.498046875,-0.00390625,1
formal-01,pulse_order,0.035,state_matched,local_search,0.59375,0.1875,1
formal-01,pulse_order,0.035,cross_state_readout,local_search,0.51953125,0.0390625,1
formal-01,pulse_order,0.05,state_matched,local_search,0.66796875,0.3359375,1
formal-01,pulse_order,0.05,cross_state_readout,local_search,0.498046875,-0.00390625,1
formal-01,pulse_order,0.035,state_matched,population_search,0.65625,0.3125,1
formal-01,pulse_order,0.035,cross_state_readout,population_search,0.490234375,-0.01953125,1
formal-01,pulse_order,0.05,state_matched,population_search,0.6015625,0.203125,1
formal-01,pulse_order,0.05,cross_state_readout,population_search,0.48046875,-0.0390625,1
formal-01,pulse_order,0.035,state_matched,specialist_pool_0.035,0.64453125,0.2890625,1
formal-01,pulse_order,0.035,cross_state_readout,specialist_pool_0.035,0.5078125,0.015625,1
formal-01,pulse_order,0.05,state_matched,specialist_pool_0.035,0.646484375,0.29296875,1
formal-01,pulse_order,0.05,cross_state_readout,specialist_pool_0.035,0.53125,0.0625,1
formal-01,pulse_order,0.035,state_matched,specialist_pool_0.05,0.5703125,0.140625,1
formal-01,pulse_order,0.035,cross_state_readout,specialist_pool_0.05,0.505859375,0.01171875,1
formal-01,pulse_order,0.05,state_matched,specialist_pool_0.05,0.62890625,0.2578125,1
formal-01,pulse_order,0.05,cross_state_readout,specialist_pool_0.05,0.4921875,-0.015625,1
formal-01,pulse_order,0.035,state_matched,high_degree,0.626953125,0.25390625,1
formal-01,pulse_order,0.035,cross_state_readout,high_degree,0.4921875,-0.015625,1
formal-01,pulse_order,0.05,state_matched,high_degree,0.62109375,0.2421875,1
formal-01,pulse_order,0.05,cross_state_readout,high_degree,0.50390625,0.0078125,1
formal-01,pulse_order,0.035,state_matched,spectral,0.58984375,0.1796875,1
formal-01,pulse_order,0.035,cross_state_readout,spectral,0.498046875,-0.00390625,1
formal-01,pulse_order,0.05,state_matched,spectral,0.65625,0.3125,1
formal-01,pulse_order,0.05,cross_state_readout,spectral,0.490234375,-0.01953125,1
formal-01,pulse_order,0.035,state_matched,input_energy_degree,0.6328125,0.265625,1
formal-01,pulse_order,0.035,cross_state_readout,input_energy_degree,0.478515625,-0.04296875,1
formal-01,pulse_order,0.05,state_matched,input_energy_degree,0.640625,0.28125,1
formal-01,pulse_order,0.05,cross_state_readout,input_energy_degree,0.521484375,0.04296875,1
formal-01,pulse_order,0.035,state_matched,input_quota_random,0.623046875,0.24609375,1
formal-01,pulse_order,0.035,cross_state_readout,input_quota_random,0.45703125,-0.0859375,1
formal-01,pulse_order,0.05,state_matched,input_quota_random,0.634765625,0.26953125,1
formal-01,pulse_order,0.05,cross_state_readout,input_quota_random,0.5,0.0,1
formal-01,pulse_order,0.035,state_matched,unselected_random,0.62744140625,0.2548828125,8
formal-01,pulse_order,0.035,cross_state_readout,unselected_random,0.4951171875,-0.009765625,8
formal-01,pulse_order,0.05,state_matched,unselected_random,0.638427734375,0.27685546875,8
formal-01,pulse_order,0.05,cross_state_readout,unselected_random,0.4990234375,-0.001953125,8
formal-01,pulse_order,0.035,state_matched,group_matched_random,0.626953125,0.25390625,4
formal-01,pulse_order,0.035,cross_state_readout,group_matched_random,0.5,0.0,4
formal-01,pulse_order,0.05,state_matched,group_matched_random,0.63427734375,0.2685546875,4
formal-01,pulse_order,0.05,cross_state_readout,group_matched_random,0.50048828125,0.0009765625,4
formal-02,pulse_order,0.035,state_matched,random_search,0.638671875,0.27734375,1
formal-02,pulse_order,0.035,cross_state_readout,random_search,0.53515625,0.0703125,1
formal-02,pulse_order,0.05,state_matched,random_search,0.66015625,0.3203125,1
formal-02,pulse_order,0.05,cross_state_readout,random_search,0.47265625,-0.0546875,1
formal-02,pulse_order,0.035,state_matched,local_search,0.623046875,0.24609375,1
formal-02,pulse_order,0.035,cross_state_readout,local_search,0.490234375,-0.01953125,1
formal-02,pulse_order,0.05,state_matched,local_search,0.625,0.25,1
formal-02,pulse_order,0.05,cross_state_readout,local_search,0.517578125,0.03515625,1
formal-02,pulse_order,0.035,state_matched,population_search,0.583984375,0.16796875,1
formal-02,pulse_order,0.035,cross_state_readout,population_search,0.43359375,-0.1328125,1
formal-02,pulse_order,0.05,state_matched,population_search,0.64453125,0.2890625,1
formal-02,pulse_order,0.05,cross_state_readout,population_search,0.49609375,-0.0078125,1
formal-02,pulse_order,0.035,state_matched,specialist_pool_0.035,0.6484375,0.296875,1
formal-02,pulse_order,0.035,cross_state_readout,specialist_pool_0.035,0.5,0.0,1
formal-02,pulse_order,0.05,state_matched,specialist_pool_0.035,0.619140625,0.23828125,1
formal-02,pulse_order,0.05,cross_state_readout,specialist_pool_0.035,0.49609375,-0.0078125,1
formal-02,pulse_order,0.035,state_matched,specialist_pool_0.05,0.595703125,0.19140625,1
formal-02,pulse_order,0.035,cross_state_readout,specialist_pool_0.05,0.462890625,-0.07421875,1
formal-02,pulse_order,0.05,state_matched,specialist_pool_0.05,0.626953125,0.25390625,1
formal-02,pulse_order,0.05,cross_state_readout,specialist_pool_0.05,0.466796875,-0.06640625,1
formal-02,pulse_order,0.035,state_matched,high_degree,0.626953125,0.25390625,1
formal-02,pulse_order,0.035,cross_state_readout,high_degree,0.505859375,0.01171875,1
formal-02,pulse_order,0.05,state_matched,high_degree,0.677734375,0.35546875,1
formal-02,pulse_order,0.05,cross_state_readout,high_degree,0.513671875,0.02734375,1
formal-02,pulse_order,0.035,state_matched,spectral,0.650390625,0.30078125,1
formal-02,pulse_order,0.035,cross_state_readout,spectral,0.466796875,-0.06640625,1
formal-02,pulse_order,0.05,state_matched,spectral,0.626953125,0.25390625,1
formal-02,pulse_order,0.05,cross_state_readout,spectral,0.501953125,0.00390625,1
formal-02,pulse_order,0.035,state_matched,input_energy_degree,0.623046875,0.24609375,1
formal-02,pulse_order,0.035,cross_state_readout,input_energy_degree,0.5,0.0,1
formal-02,pulse_order,0.05,state_matched,input_energy_degree,0.63671875,0.2734375,1
formal-02,pulse_order,0.05,cross_state_readout,input_energy_degree,0.482421875,-0.03515625,1
formal-02,pulse_order,0.035,state_matched,input_quota_random,0.625,0.25,1
formal-02,pulse_order,0.035,cross_state_readout,input_quota_random,0.541015625,0.08203125,1
formal-02,pulse_order,0.05,state_matched,input_quota_random,0.625,0.25,1
formal-02,pulse_order,0.05,cross_state_readout,input_quota_random,0.49609375,-0.0078125,1
formal-02,pulse_order,0.035,state_matched,unselected_random,0.627685546875,0.25537109375,8
formal-02,pulse_order,0.035,cross_state_readout,unselected_random,0.509033203125,0.01806640625,8
formal-02,pulse_order,0.05,state_matched,unselected_random,0.657470703125,0.31494140625,8
formal-02,pulse_order,0.05,cross_state_readout,unselected_random,0.501220703125,0.00244140625,8
formal-02,pulse_order,0.035,state_matched,group_matched_random,0.5849609375,0.169921875,4
formal-02,pulse_order,0.035,cross_state_readout,group_matched_random,0.48095703125,-0.0380859375,4
formal-02,pulse_order,0.05,state_matched,group_matched_random,0.62451171875,0.2490234375,4
formal-02,pulse_order,0.05,cross_state_readout,group_matched_random,0.501953125,0.00390625,4
formal-03,pulse_order,0.035,state_matched,random_search,0.619140625,0.23828125,1
formal-03,pulse_order,0.035,cross_state_readout,random_search,0.5078125,0.015625,1
formal-03,pulse_order,0.05,state_matched,random_search,0.626953125,0.25390625,1
formal-03,pulse_order,0.05,cross_state_readout,random_search,0.50390625,0.0078125,1
formal-03,pulse_order,0.035,state_matched,local_search,0.619140625,0.23828125,1
formal-03,pulse_order,0.035,cross_state_readout,local_search,0.5078125,0.015625,1
formal-03,pulse_order,0.05,state_matched,local_search,0.626953125,0.25390625,1
formal-03,pulse_order,0.05,cross_state_readout,local_search,0.50390625,0.0078125,1
formal-03,pulse_order,0.035,state_matched,population_search,0.63671875,0.2734375,1
formal-03,pulse_order,0.035,cross_state_readout,population_search,0.50390625,0.0078125,1
formal-03,pulse_order,0.05,state_matched,population_search,0.658203125,0.31640625,1
formal-03,pulse_order,0.05,cross_state_readout,population_search,0.5,0.0,1
formal-03,pulse_order,0.035,state_matched,specialist_pool_0.035,0.64453125,0.2890625,1
formal-03,pulse_order,0.035,cross_state_readout,specialist_pool_0.035,0.501953125,0.00390625,1
formal-03,pulse_order,0.05,state_matched,specialist_pool_0.035,0.666015625,0.33203125,1
formal-03,pulse_order,0.05,cross_state_readout,specialist_pool_0.035,0.521484375,0.04296875,1
formal-03,pulse_order,0.035,state_matched,specialist_pool_0.05,0.619140625,0.23828125,1
formal-03,pulse_order,0.035,cross_state_readout,specialist_pool_0.05,0.5078125,0.015625,1
formal-03,pulse_order,0.05,state_matched,specialist_pool_0.05,0.626953125,0.25390625,1
formal-03,pulse_order,0.05,cross_state_readout,specialist_pool_0.05,0.50390625,0.0078125,1
formal-03,pulse_order,0.035,state_matched,high_degree,0.62890625,0.2578125,1
formal-03,pulse_order,0.035,cross_state_readout,high_degree,0.525390625,0.05078125,1
formal-03,pulse_order,0.05,state_matched,high_degree,0.638671875,0.27734375,1
formal-03,pulse_order,0.05,cross_state_readout,high_degree,0.49609375,-0.0078125,1
formal-03,pulse_order,0.035,state_matched,spectral,0.619140625,0.23828125,1
formal-03,pulse_order,0.035,cross_state_readout,spectral,0.501953125,0.00390625,1
formal-03,pulse_order,0.05,state_matched,spectral,0.66796875,0.3359375,1
formal-03,pulse_order,0.05,cross_state_readout,spectral,0.5,0.0,1
formal-03,pulse_order,0.035,state_matched,input_energy_degree,0.54296875,0.0859375,1
formal-03,pulse_order,0.035,cross_state_readout,input_energy_degree,0.486328125,-0.02734375,1
formal-03,pulse_order,0.05,state_matched,input_energy_degree,0.6171875,0.234375,1
formal-03,pulse_order,0.05,cross_state_readout,input_energy_degree,0.5,0.0,1
formal-03,pulse_order,0.035,state_matched,input_quota_random,0.634765625,0.26953125,1
formal-03,pulse_order,0.035,cross_state_readout,input_quota_random,0.474609375,-0.05078125,1
formal-03,pulse_order,0.05,state_matched,input_quota_random,0.64453125,0.2890625,1
formal-03,pulse_order,0.05,cross_state_readout,input_quota_random,0.49609375,-0.0078125,1
formal-03,pulse_order,0.035,state_matched,unselected_random,0.630859375,0.26171875,8
formal-03,pulse_order,0.035,cross_state_readout,unselected_random,0.5048828125,0.009765625,8
formal-03,pulse_order,0.05,state_matched,unselected_random,0.628662109375,0.25732421875,8
formal-03,pulse_order,0.05,cross_state_readout,unselected_random,0.498046875,-0.00390625,8
formal-03,pulse_order,0.035,state_matched,group_matched_random,0.6044921875,0.208984375,4
formal-03,pulse_order,0.035,cross_state_readout,group_matched_random,0.48388671875,-0.0322265625,4
formal-03,pulse_order,0.05,state_matched,group_matched_random,0.6337890625,0.267578125,4
formal-03,pulse_order,0.05,cross_state_readout,group_matched_random,0.509765625,0.01953125,4
formal-04,pulse_order,0.035,state_matched,random_search,0.6484375,0.296875,1
formal-04,pulse_order,0.035,cross_state_readout,random_search,0.4765625,-0.046875,1
formal-04,pulse_order,0.05,state_matched,random_search,0.638671875,0.27734375,1
formal-04,pulse_order,0.05,cross_state_readout,random_search,0.494140625,-0.01171875,1
formal-04,pulse_order,0.035,state_matched,local_search,0.609375,0.21875,1
formal-04,pulse_order,0.035,cross_state_readout,local_search,0.447265625,-0.10546875,1
formal-04,pulse_order,0.05,state_matched,local_search,0.623046875,0.24609375,1
formal-04,pulse_order,0.05,cross_state_readout,local_search,0.51171875,0.0234375,1
formal-04,pulse_order,0.035,state_matched,population_search,0.623046875,0.24609375,1
formal-04,pulse_order,0.035,cross_state_readout,population_search,0.451171875,-0.09765625,1
formal-04,pulse_order,0.05,state_matched,population_search,0.6484375,0.296875,1
formal-04,pulse_order,0.05,cross_state_readout,population_search,0.505859375,0.01171875,1
formal-04,pulse_order,0.035,state_matched,specialist_pool_0.035,0.654296875,0.30859375,1
formal-04,pulse_order,0.035,cross_state_readout,specialist_pool_0.035,0.501953125,0.00390625,1
formal-04,pulse_order,0.05,state_matched,specialist_pool_0.035,0.6171875,0.234375,1
formal-04,pulse_order,0.05,cross_state_readout,specialist_pool_0.035,0.50390625,0.0078125,1
formal-04,pulse_order,0.035,state_matched,specialist_pool_0.05,0.623046875,0.24609375,1
formal-04,pulse_order,0.035,cross_state_readout,specialist_pool_0.05,0.451171875,-0.09765625,1
formal-04,pulse_order,0.05,state_matched,specialist_pool_0.05,0.6484375,0.296875,1
formal-04,pulse_order,0.05,cross_state_readout,specialist_pool_0.05,0.505859375,0.01171875,1
formal-04,pulse_order,0.035,state_matched,high_degree,0.59375,0.1875,1
formal-04,pulse_order,0.035,cross_state_readout,high_degree,0.494140625,-0.01171875,1
formal-04,pulse_order,0.05,state_matched,high_degree,0.66015625,0.3203125,1
formal-04,pulse_order,0.05,cross_state_readout,high_degree,0.48828125,-0.0234375,1
formal-04,pulse_order,0.035,state_matched,spectral,0.630859375,0.26171875,1
formal-04,pulse_order,0.035,cross_state_readout,spectral,0.533203125,0.06640625,1
formal-04,pulse_order,0.05,state_matched,spectral,0.662109375,0.32421875,1
formal-04,pulse_order,0.05,cross_state_readout,spectral,0.494140625,-0.01171875,1
formal-04,pulse_order,0.035,state_matched,input_energy_degree,0.625,0.25,1
formal-04,pulse_order,0.035,cross_state_readout,input_energy_degree,0.53515625,0.0703125,1
formal-04,pulse_order,0.05,state_matched,input_energy_degree,0.6328125,0.265625,1
formal-04,pulse_order,0.05,cross_state_readout,input_energy_degree,0.501953125,0.00390625,1
formal-04,pulse_order,0.035,state_matched,input_quota_random,0.646484375,0.29296875,1
formal-04,pulse_order,0.035,cross_state_readout,input_quota_random,0.5078125,0.015625,1
formal-04,pulse_order,0.05,state_matched,input_quota_random,0.607421875,0.21484375,1
formal-04,pulse_order,0.05,cross_state_readout,input_quota_random,0.49609375,-0.0078125,1
formal-04,pulse_order,0.035,state_matched,unselected_random,0.616455078125,0.23291015625,8
formal-04,pulse_order,0.035,cross_state_readout,unselected_random,0.499267578125,-0.00146484375,8
formal-04,pulse_order,0.05,state_matched,unselected_random,0.635498046875,0.27099609375,8
formal-04,pulse_order,0.05,cross_state_readout,unselected_random,0.504150390625,0.00830078125,8
formal-04,pulse_order,0.035,state_matched,group_matched_random,0.63916015625,0.2783203125,4
formal-04,pulse_order,0.035,cross_state_readout,group_matched_random,0.48876953125,-0.0224609375,4
formal-04,pulse_order,0.05,state_matched,group_matched_random,0.63427734375,0.2685546875,4
formal-04,pulse_order,0.05,cross_state_readout,group_matched_random,0.50048828125,0.0009765625,4
formal-05,pulse_order,0.035,state_matched,random_search,0.642578125,0.28515625,1
formal-05,pulse_order,0.035,cross_state_readout,random_search,0.501953125,0.00390625,1
formal-05,pulse_order,0.05,state_matched,random_search,0.609375,0.21875,1
formal-05,pulse_order,0.05,cross_state_readout,random_search,0.47265625,-0.0546875,1
formal-05,pulse_order,0.035,state_matched,local_search,0.677734375,0.35546875,1
formal-05,pulse_order,0.035,cross_state_readout,local_search,0.515625,0.03125,1
formal-05,pulse_order,0.05,state_matched,local_search,0.609375,0.21875,1
formal-05,pulse_order,0.05,cross_state_readout,local_search,0.50390625,0.0078125,1
formal-05,pulse_order,0.035,state_matched,population_search,0.677734375,0.35546875,1
formal-05,pulse_order,0.035,cross_state_readout,population_search,0.515625,0.03125,1
formal-05,pulse_order,0.05,state_matched,population_search,0.609375,0.21875,1
formal-05,pulse_order,0.05,cross_state_readout,population_search,0.50390625,0.0078125,1
formal-05,pulse_order,0.035,state_matched,specialist_pool_0.035,0.623046875,0.24609375,1
formal-05,pulse_order,0.035,cross_state_readout,specialist_pool_0.035,0.505859375,0.01171875,1
formal-05,pulse_order,0.05,state_matched,specialist_pool_0.035,0.646484375,0.29296875,1
formal-05,pulse_order,0.05,cross_state_readout,specialist_pool_0.035,0.4609375,-0.078125,1
formal-05,pulse_order,0.035,state_matched,specialist_pool_0.05,0.65234375,0.3046875,1
formal-05,pulse_order,0.035,cross_state_readout,specialist_pool_0.05,0.5,0.0,1
formal-05,pulse_order,0.05,state_matched,specialist_pool_0.05,0.6875,0.375,1
formal-05,pulse_order,0.05,cross_state_readout,specialist_pool_0.05,0.529296875,0.05859375,1
formal-05,pulse_order,0.035,state_matched,high_degree,0.59375,0.1875,1
formal-05,pulse_order,0.035,cross_state_readout,high_degree,0.48046875,-0.0390625,1
formal-05,pulse_order,0.05,state_matched,high_degree,0.68359375,0.3671875,1
formal-05,pulse_order,0.05,cross_state_readout,high_degree,0.4921875,-0.015625,1
formal-05,pulse_order,0.035,state_matched,spectral,0.572265625,0.14453125,1
formal-05,pulse_order,0.035,cross_state_readout,spectral,0.4921875,-0.015625,1
formal-05,pulse_order,0.05,state_matched,spectral,0.62890625,0.2578125,1
formal-05,pulse_order,0.05,cross_state_readout,spectral,0.5,0.0,1
formal-05,pulse_order,0.035,state_matched,input_energy_degree,0.607421875,0.21484375,1
formal-05,pulse_order,0.035,cross_state_readout,input_energy_degree,0.478515625,-0.04296875,1
formal-05,pulse_order,0.05,state_matched,input_energy_degree,0.630859375,0.26171875,1
formal-05,pulse_order,0.05,cross_state_readout,input_energy_degree,0.515625,0.03125,1
formal-05,pulse_order,0.035,state_matched,input_quota_random,0.626953125,0.25390625,1
formal-05,pulse_order,0.035,cross_state_readout,input_quota_random,0.5,0.0,1
formal-05,pulse_order,0.05,state_matched,input_quota_random,0.611328125,0.22265625,1
formal-05,pulse_order,0.05,cross_state_readout,input_quota_random,0.5,0.0,1
formal-05,pulse_order,0.035,state_matched,unselected_random,0.623046875,0.24609375,8
formal-05,pulse_order,0.035,cross_state_readout,unselected_random,0.47705078125,-0.0458984375,8
formal-05,pulse_order,0.05,state_matched,unselected_random,0.627685546875,0.25537109375,8
formal-05,pulse_order,0.05,cross_state_readout,unselected_random,0.5048828125,0.009765625,8
formal-05,pulse_order,0.035,state_matched,group_matched_random,0.59326171875,0.1865234375,4
formal-05,pulse_order,0.035,cross_state_readout,group_matched_random,0.49169921875,-0.0166015625,4
formal-05,pulse_order,0.05,state_matched,group_matched_random,0.6455078125,0.291015625,4
formal-05,pulse_order,0.05,cross_state_readout,group_matched_random,0.4951171875,-0.009765625,4
formal-06,pulse_order,0.035,state_matched,random_search,0.61328125,0.2265625,1
formal-06,pulse_order,0.035,cross_state_readout,random_search,0.490234375,-0.01953125,1
formal-06,pulse_order,0.05,state_matched,random_search,0.623046875,0.24609375,1
formal-06,pulse_order,0.05,cross_state_readout,random_search,0.5,0.0,1
formal-06,pulse_order,0.035,state_matched,local_search,0.58203125,0.1640625,1
formal-06,pulse_order,0.035,cross_state_readout,local_search,0.48046875,-0.0390625,1
formal-06,pulse_order,0.05,state_matched,local_search,0.650390625,0.30078125,1
formal-06,pulse_order,0.05,cross_state_readout,local_search,0.5234375,0.046875,1
formal-06,pulse_order,0.035,state_matched,population_search,0.580078125,0.16015625,1
formal-06,pulse_order,0.035,cross_state_readout,population_search,0.505859375,0.01171875,1
formal-06,pulse_order,0.05,state_matched,population_search,0.66796875,0.3359375,1
formal-06,pulse_order,0.05,cross_state_readout,population_search,0.533203125,0.06640625,1
formal-06,pulse_order,0.035,state_matched,specialist_pool_0.035,0.599609375,0.19921875,1
formal-06,pulse_order,0.035,cross_state_readout,specialist_pool_0.035,0.509765625,0.01953125,1
formal-06,pulse_order,0.05,state_matched,specialist_pool_0.035,0.556640625,0.11328125,1
formal-06,pulse_order,0.05,cross_state_readout,specialist_pool_0.035,0.509765625,0.01953125,1
formal-06,pulse_order,0.035,state_matched,specialist_pool_0.05,0.625,0.25,1
formal-06,pulse_order,0.035,cross_state_readout,specialist_pool_0.05,0.443359375,-0.11328125,1
formal-06,pulse_order,0.05,state_matched,specialist_pool_0.05,0.630859375,0.26171875,1
formal-06,pulse_order,0.05,cross_state_readout,specialist_pool_0.05,0.505859375,0.01171875,1
formal-06,pulse_order,0.035,state_matched,high_degree,0.623046875,0.24609375,1
formal-06,pulse_order,0.035,cross_state_readout,high_degree,0.501953125,0.00390625,1
formal-06,pulse_order,0.05,state_matched,high_degree,0.70703125,0.4140625,1
formal-06,pulse_order,0.05,cross_state_readout,high_degree,0.484375,-0.03125,1
formal-06,pulse_order,0.035,state_matched,spectral,0.607421875,0.21484375,1
formal-06,pulse_order,0.035,cross_state_readout,spectral,0.537109375,0.07421875,1
formal-06,pulse_order,0.05,state_matched,spectral,0.650390625,0.30078125,1
formal-06,pulse_order,0.05,cross_state_readout,spectral,0.44140625,-0.1171875,1
formal-06,pulse_order,0.035,state_matched,input_energy_degree,0.58984375,0.1796875,1
formal-06,pulse_order,0.035,cross_state_readout,input_energy_degree,0.509765625,0.01953125,1
formal-06,pulse_order,0.05,state_matched,input_energy_degree,0.60546875,0.2109375,1
formal-06,pulse_order,0.05,cross_state_readout,input_energy_degree,0.505859375,0.01171875,1
formal-06,pulse_order,0.035,state_matched,input_quota_random,0.6171875,0.234375,1
formal-06,pulse_order,0.035,cross_state_readout,input_quota_random,0.490234375,-0.01953125,1
formal-06,pulse_order,0.05,state_matched,input_quota_random,0.623046875,0.24609375,1
formal-06,pulse_order,0.05,cross_state_readout,input_quota_random,0.486328125,-0.02734375,1
formal-06,pulse_order,0.035,state_matched,unselected_random,0.634033203125,0.26806640625,8
formal-06,pulse_order,0.035,cross_state_readout,unselected_random,0.493896484375,-0.01220703125,8
formal-06,pulse_order,0.05,state_matched,unselected_random,0.62548828125,0.2509765625,8
formal-06,pulse_order,0.05,cross_state_readout,unselected_random,0.49267578125,-0.0146484375,8
formal-06,pulse_order,0.035,state_matched,group_matched_random,0.60693359375,0.2138671875,4
formal-06,pulse_order,0.035,cross_state_readout,group_matched_random,0.49462890625,-0.0107421875,4
formal-06,pulse_order,0.05,state_matched,group_matched_random,0.60791015625,0.2158203125,4
formal-06,pulse_order,0.05,cross_state_readout,group_matched_random,0.49853515625,-0.0029296875,4
formal-07,pulse_order,0.035,state_matched,random_search,0.6171875,0.234375,1
formal-07,pulse_order,0.035,cross_state_readout,random_search,0.53125,0.0625,1
formal-07,pulse_order,0.05,state_matched,random_search,0.654296875,0.30859375,1
formal-07,pulse_order,0.05,cross_state_readout,random_search,0.51953125,0.0390625,1
formal-07,pulse_order,0.035,state_matched,local_search,0.6640625,0.328125,1
formal-07,pulse_order,0.035,cross_state_readout,local_search,0.486328125,-0.02734375,1
formal-07,pulse_order,0.05,state_matched,local_search,0.62109375,0.2421875,1
formal-07,pulse_order,0.05,cross_state_readout,local_search,0.466796875,-0.06640625,1
formal-07,pulse_order,0.035,state_matched,population_search,0.623046875,0.24609375,1
formal-07,pulse_order,0.035,cross_state_readout,population_search,0.4921875,-0.015625,1
formal-07,pulse_order,0.05,state_matched,population_search,0.625,0.25,1
formal-07,pulse_order,0.05,cross_state_readout,population_search,0.501953125,0.00390625,1
formal-07,pulse_order,0.035,state_matched,specialist_pool_0.035,0.623046875,0.24609375,1
formal-07,pulse_order,0.035,cross_state_readout,specialist_pool_0.035,0.4921875,-0.015625,1
formal-07,pulse_order,0.05,state_matched,specialist_pool_0.035,0.625,0.25,1
formal-07,pulse_order,0.05,cross_state_readout,specialist_pool_0.035,0.501953125,0.00390625,1
formal-07,pulse_order,0.035,state_matched,specialist_pool_0.05,0.560546875,0.12109375,1
formal-07,pulse_order,0.035,cross_state_readout,specialist_pool_0.05,0.494140625,-0.01171875,1
formal-07,pulse_order,0.05,state_matched,specialist_pool_0.05,0.640625,0.28125,1
formal-07,pulse_order,0.05,cross_state_readout,specialist_pool_0.05,0.525390625,0.05078125,1
formal-07,pulse_order,0.035,state_matched,high_degree,0.61328125,0.2265625,1
formal-07,pulse_order,0.035,cross_state_readout,high_degree,0.50390625,0.0078125,1
formal-07,pulse_order,0.05,state_matched,high_degree,0.669921875,0.33984375,1
formal-07,pulse_order,0.05,cross_state_readout,high_degree,0.458984375,-0.08203125,1
formal-07,pulse_order,0.035,state_matched,spectral,0.630859375,0.26171875,1
formal-07,pulse_order,0.035,cross_state_readout,spectral,0.5,0.0,1
formal-07,pulse_order,0.05,state_matched,spectral,0.681640625,0.36328125,1
formal-07,pulse_order,0.05,cross_state_readout,spectral,0.513671875,0.02734375,1
formal-07,pulse_order,0.035,state_matched,input_energy_degree,0.654296875,0.30859375,1
formal-07,pulse_order,0.035,cross_state_readout,input_energy_degree,0.513671875,0.02734375,1
formal-07,pulse_order,0.05,state_matched,input_energy_degree,0.62890625,0.2578125,1
formal-07,pulse_order,0.05,cross_state_readout,input_energy_degree,0.50390625,0.0078125,1
formal-07,pulse_order,0.035,state_matched,input_quota_random,0.61328125,0.2265625,1
formal-07,pulse_order,0.035,cross_state_readout,input_quota_random,0.486328125,-0.02734375,1
formal-07,pulse_order,0.05,state_matched,input_quota_random,0.6171875,0.234375,1
formal-07,pulse_order,0.05,cross_state_readout,input_quota_random,0.5,0.0,1
formal-07,pulse_order,0.035,state_matched,unselected_random,0.633056640625,0.26611328125,8
formal-07,pulse_order,0.035,cross_state_readout,unselected_random,0.48388671875,-0.0322265625,8
formal-07,pulse_order,0.05,state_matched,unselected_random,0.632080078125,0.26416015625,8
formal-07,pulse_order,0.05,cross_state_readout,unselected_random,0.502197265625,0.00439453125,8
formal-07,pulse_order,0.035,state_matched,group_matched_random,0.6220703125,0.244140625,4
formal-07,pulse_order,0.035,cross_state_readout,group_matched_random,0.4716796875,-0.056640625,4
formal-07,pulse_order,0.05,state_matched,group_matched_random,0.625,0.25,4
formal-07,pulse_order,0.05,cross_state_readout,group_matched_random,0.51611328125,0.0322265625,4
formal-08,pulse_order,0.035,state_matched,random_search,0.599609375,0.19921875,1
formal-08,pulse_order,0.035,cross_state_readout,random_search,0.44140625,-0.1171875,1
formal-08,pulse_order,0.05,state_matched,random_search,0.60546875,0.2109375,1
formal-08,pulse_order,0.05,cross_state_readout,random_search,0.498046875,-0.00390625,1
formal-08,pulse_order,0.035,state_matched,local_search,0.6328125,0.265625,1
formal-08,pulse_order,0.035,cross_state_readout,local_search,0.498046875,-0.00390625,1
formal-08,pulse_order,0.05,state_matched,local_search,0.59375,0.1875,1
formal-08,pulse_order,0.05,cross_state_readout,local_search,0.505859375,0.01171875,1
formal-08,pulse_order,0.035,state_matched,population_search,0.619140625,0.23828125,1
formal-08,pulse_order,0.035,cross_state_readout,population_search,0.474609375,-0.05078125,1
formal-08,pulse_order,0.05,state_matched,population_search,0.669921875,0.33984375,1
formal-08,pulse_order,0.05,cross_state_readout,population_search,0.5546875,0.109375,1
formal-08,pulse_order,0.035,state_matched,specialist_pool_0.035,0.611328125,0.22265625,1
formal-08,pulse_order,0.035,cross_state_readout,specialist_pool_0.035,0.5,0.0,1
formal-08,pulse_order,0.05,state_matched,specialist_pool_0.035,0.64453125,0.2890625,1
formal-08,pulse_order,0.05,cross_state_readout,specialist_pool_0.035,0.5,0.0,1
formal-08,pulse_order,0.035,state_matched,specialist_pool_0.05,0.607421875,0.21484375,1
formal-08,pulse_order,0.035,cross_state_readout,specialist_pool_0.05,0.529296875,0.05859375,1
formal-08,pulse_order,0.05,state_matched,specialist_pool_0.05,0.642578125,0.28515625,1
formal-08,pulse_order,0.05,cross_state_readout,specialist_pool_0.05,0.494140625,-0.01171875,1
formal-08,pulse_order,0.035,state_matched,high_degree,0.638671875,0.27734375,1
formal-08,pulse_order,0.035,cross_state_readout,high_degree,0.494140625,-0.01171875,1
formal-08,pulse_order,0.05,state_matched,high_degree,0.666015625,0.33203125,1
formal-08,pulse_order,0.05,cross_state_readout,high_degree,0.5,0.0,1
formal-08,pulse_order,0.035,state_matched,spectral,0.62890625,0.2578125,1
formal-08,pulse_order,0.035,cross_state_readout,spectral,0.4921875,-0.015625,1
formal-08,pulse_order,0.05,state_matched,spectral,0.65234375,0.3046875,1
formal-08,pulse_order,0.05,cross_state_readout,spectral,0.4921875,-0.015625,1
formal-08,pulse_order,0.035,state_matched,input_energy_degree,0.587890625,0.17578125,1
formal-08,pulse_order,0.035,cross_state_readout,input_energy_degree,0.5078125,0.015625,1
formal-08,pulse_order,0.05,state_matched,input_energy_degree,0.62890625,0.2578125,1
formal-08,pulse_order,0.05,cross_state_readout,input_energy_degree,0.5,0.0,1
formal-08,pulse_order,0.035,state_matched,input_quota_random,0.6015625,0.203125,1
formal-08,pulse_order,0.035,cross_state_readout,input_quota_random,0.482421875,-0.03515625,1
formal-08,pulse_order,0.05,state_matched,input_quota_random,0.666015625,0.33203125,1
formal-08,pulse_order,0.05,cross_state_readout,input_quota_random,0.484375,-0.03125,1
formal-08,pulse_order,0.035,state_matched,unselected_random,0.619873046875,0.23974609375,8
formal-08,pulse_order,0.035,cross_state_readout,unselected_random,0.4833984375,-0.033203125,8
formal-08,pulse_order,0.05,state_matched,unselected_random,0.626708984375,0.25341796875,8
formal-08,pulse_order,0.05,cross_state_readout,unselected_random,0.508056640625,0.01611328125,8
formal-08,pulse_order,0.035,state_matched,group_matched_random,0.6015625,0.203125,4
formal-08,pulse_order,0.035,cross_state_readout,group_matched_random,0.486328125,-0.02734375,4
formal-08,pulse_order,0.05,state_matched,group_matched_random,0.6474609375,0.294921875,4
formal-08,pulse_order,0.05,cross_state_readout,group_matched_random,0.4970703125,-0.005859375,4
formal-09,pulse_order,0.035,state_matched,random_search,0.580078125,0.16015625,1
formal-09,pulse_order,0.035,cross_state_readout,random_search,0.4296875,-0.140625,1
formal-09,pulse_order,0.05,state_matched,random_search,0.619140625,0.23828125,1
formal-09,pulse_order,0.05,cross_state_readout,random_search,0.451171875,-0.09765625,1
formal-09,pulse_order,0.035,state_matched,local_search,0.580078125,0.16015625,1
formal-09,pulse_order,0.035,cross_state_readout,local_search,0.4296875,-0.140625,1
formal-09,pulse_order,0.05,state_matched,local_search,0.619140625,0.23828125,1
formal-09,pulse_order,0.05,cross_state_readout,local_search,0.451171875,-0.09765625,1
formal-09,pulse_order,0.035,state_matched,population_search,0.58984375,0.1796875,1
formal-09,pulse_order,0.035,cross_state_readout,population_search,0.5078125,0.015625,1
formal-09,pulse_order,0.05,state_matched,population_search,0.58203125,0.1640625,1
formal-09,pulse_order,0.05,cross_state_readout,population_search,0.498046875,-0.00390625,1
formal-09,pulse_order,0.035,state_matched,specialist_pool_0.035,0.58984375,0.1796875,1
formal-09,pulse_order,0.035,cross_state_readout,specialist_pool_0.035,0.5078125,0.015625,1
formal-09,pulse_order,0.05,state_matched,specialist_pool_0.035,0.58203125,0.1640625,1
formal-09,pulse_order,0.05,cross_state_readout,specialist_pool_0.035,0.498046875,-0.00390625,1
formal-09,pulse_order,0.035,state_matched,specialist_pool_0.05,0.576171875,0.15234375,1
formal-09,pulse_order,0.035,cross_state_readout,specialist_pool_0.05,0.50390625,0.0078125,1
formal-09,pulse_order,0.05,state_matched,specialist_pool_0.05,0.61328125,0.2265625,1
formal-09,pulse_order,0.05,cross_state_readout,specialist_pool_0.05,0.505859375,0.01171875,1
formal-09,pulse_order,0.035,state_matched,high_degree,0.625,0.25,1
formal-09,pulse_order,0.035,cross_state_readout,high_degree,0.505859375,0.01171875,1
formal-09,pulse_order,0.05,state_matched,high_degree,0.6171875,0.234375,1
formal-09,pulse_order,0.05,cross_state_readout,high_degree,0.498046875,-0.00390625,1
formal-09,pulse_order,0.035,state_matched,spectral,0.63671875,0.2734375,1
formal-09,pulse_order,0.035,cross_state_readout,spectral,0.48828125,-0.0234375,1
formal-09,pulse_order,0.05,state_matched,spectral,0.63671875,0.2734375,1
formal-09,pulse_order,0.05,cross_state_readout,spectral,0.5,0.0,1
formal-09,pulse_order,0.035,state_matched,input_energy_degree,0.642578125,0.28515625,1
formal-09,pulse_order,0.035,cross_state_readout,input_energy_degree,0.501953125,0.00390625,1
formal-09,pulse_order,0.05,state_matched,input_energy_degree,0.630859375,0.26171875,1
formal-09,pulse_order,0.05,cross_state_readout,input_energy_degree,0.5,0.0,1
formal-09,pulse_order,0.035,state_matched,input_quota_random,0.646484375,0.29296875,1
formal-09,pulse_order,0.035,cross_state_readout,input_quota_random,0.498046875,-0.00390625,1
formal-09,pulse_order,0.05,state_matched,input_quota_random,0.658203125,0.31640625,1
formal-09,pulse_order,0.05,cross_state_readout,input_quota_random,0.455078125,-0.08984375,1
formal-09,pulse_order,0.035,state_matched,unselected_random,0.62548828125,0.2509765625,8
formal-09,pulse_order,0.035,cross_state_readout,unselected_random,0.4619140625,-0.076171875,8
formal-09,pulse_order,0.05,state_matched,unselected_random,0.623046875,0.24609375,8
formal-09,pulse_order,0.05,cross_state_readout,unselected_random,0.49951171875,-0.0009765625,8
formal-09,pulse_order,0.035,state_matched,group_matched_random,0.6015625,0.203125,4
formal-09,pulse_order,0.035,cross_state_readout,group_matched_random,0.48291015625,-0.0341796875,4
formal-09,pulse_order,0.05,state_matched,group_matched_random,0.630859375,0.26171875,4
formal-09,pulse_order,0.05,cross_state_readout,group_matched_random,0.50830078125,0.0166015625,4
formal-10,pulse_order,0.035,state_matched,random_search,0.62890625,0.2578125,1
formal-10,pulse_order,0.035,cross_state_readout,random_search,0.498046875,-0.00390625,1
formal-10,pulse_order,0.05,state_matched,random_search,0.62890625,0.2578125,1
formal-10,pulse_order,0.05,cross_state_readout,random_search,0.48828125,-0.0234375,1
formal-10,pulse_order,0.035,state_matched,local_search,0.63671875,0.2734375,1
formal-10,pulse_order,0.035,cross_state_readout,local_search,0.513671875,0.02734375,1
formal-10,pulse_order,0.05,state_matched,local_search,0.65234375,0.3046875,1
formal-10,pulse_order,0.05,cross_state_readout,local_search,0.421875,-0.15625,1
formal-10,pulse_order,0.035,state_matched,population_search,0.62890625,0.2578125,1
formal-10,pulse_order,0.035,cross_state_readout,population_search,0.498046875,-0.00390625,1
formal-10,pulse_order,0.05,state_matched,population_search,0.62890625,0.2578125,1
formal-10,pulse_order,0.05,cross_state_readout,population_search,0.48828125,-0.0234375,1
formal-10,pulse_order,0.035,state_matched,specialist_pool_0.035,0.62890625,0.2578125,1
formal-10,pulse_order,0.035,cross_state_readout,specialist_pool_0.035,0.498046875,-0.00390625,1
formal-10,pulse_order,0.05,state_matched,specialist_pool_0.035,0.62890625,0.2578125,1
formal-10,pulse_order,0.05,cross_state_readout,specialist_pool_0.035,0.48828125,-0.0234375,1
formal-10,pulse_order,0.035,state_matched,specialist_pool_0.05,0.615234375,0.23046875,1
formal-10,pulse_order,0.035,cross_state_readout,specialist_pool_0.05,0.4921875,-0.015625,1
formal-10,pulse_order,0.05,state_matched,specialist_pool_0.05,0.609375,0.21875,1
formal-10,pulse_order,0.05,cross_state_readout,specialist_pool_0.05,0.48046875,-0.0390625,1
formal-10,pulse_order,0.035,state_matched,high_degree,0.611328125,0.22265625,1
formal-10,pulse_order,0.035,cross_state_readout,high_degree,0.4765625,-0.046875,1
formal-10,pulse_order,0.05,state_matched,high_degree,0.619140625,0.23828125,1
formal-10,pulse_order,0.05,cross_state_readout,high_degree,0.525390625,0.05078125,1
formal-10,pulse_order,0.035,state_matched,spectral,0.615234375,0.23046875,1
formal-10,pulse_order,0.035,cross_state_readout,spectral,0.484375,-0.03125,1
formal-10,pulse_order,0.05,state_matched,spectral,0.63671875,0.2734375,1
formal-10,pulse_order,0.05,cross_state_readout,spectral,0.546875,0.09375,1
formal-10,pulse_order,0.035,state_matched,input_energy_degree,0.640625,0.28125,1
formal-10,pulse_order,0.035,cross_state_readout,input_energy_degree,0.49609375,-0.0078125,1
formal-10,pulse_order,0.05,state_matched,input_energy_degree,0.626953125,0.25390625,1
formal-10,pulse_order,0.05,cross_state_readout,input_energy_degree,0.5078125,0.015625,1
formal-10,pulse_order,0.035,state_matched,input_quota_random,0.6484375,0.296875,1
formal-10,pulse_order,0.035,cross_state_readout,input_quota_random,0.494140625,-0.01171875,1
formal-10,pulse_order,0.05,state_matched,input_quota_random,0.583984375,0.16796875,1
formal-10,pulse_order,0.05,cross_state_readout,input_quota_random,0.515625,0.03125,1
formal-10,pulse_order,0.035,state_matched,unselected_random,0.6162109375,0.232421875,8
formal-10,pulse_order,0.035,cross_state_readout,unselected_random,0.47802734375,-0.0439453125,8
formal-10,pulse_order,0.05,state_matched,unselected_random,0.6279296875,0.255859375,8
formal-10,pulse_order,0.05,cross_state_readout,unselected_random,0.48828125,-0.0234375,8
formal-10,pulse_order,0.035,state_matched,group_matched_random,0.5888671875,0.177734375,4
formal-10,pulse_order,0.035,cross_state_readout,group_matched_random,0.48876953125,-0.0224609375,4
formal-10,pulse_order,0.05,state_matched,group_matched_random,0.63623046875,0.2724609375,4
formal-10,pulse_order,0.05,cross_state_readout,group_matched_random,0.5126953125,0.025390625,4
formal-11,pulse_order,0.035,state_matched,random_search,0.595703125,0.19140625,1
formal-11,pulse_order,0.035,cross_state_readout,random_search,0.53125,0.0625,1
formal-11,pulse_order,0.05,state_matched,random_search,0.654296875,0.30859375,1
formal-11,pulse_order,0.05,cross_state_readout,random_search,0.462890625,-0.07421875,1
formal-11,pulse_order,0.035,state_matched,local_search,0.615234375,0.23046875,1
formal-11,pulse_order,0.035,cross_state_readout,local_search,0.474609375,-0.05078125,1
formal-11,pulse_order,0.05,state_matched,local_search,0.64453125,0.2890625,1
formal-11,pulse_order,0.05,cross_state_readout,local_search,0.5,0.0,1
formal-11,pulse_order,0.035,state_matched,population_search,0.685546875,0.37109375,1
formal-11,pulse_order,0.035,cross_state_readout,population_search,0.48046875,-0.0390625,1
formal-11,pulse_order,0.05,state_matched,population_search,0.62109375,0.2421875,1
formal-11,pulse_order,0.05,cross_state_readout,population_search,0.46875,-0.0625,1
formal-11,pulse_order,0.035,state_matched,specialist_pool_0.035,0.677734375,0.35546875,1
formal-11,pulse_order,0.035,cross_state_readout,specialist_pool_0.035,0.490234375,-0.01953125,1
formal-11,pulse_order,0.05,state_matched,specialist_pool_0.035,0.609375,0.21875,1
formal-11,pulse_order,0.05,cross_state_readout,specialist_pool_0.035,0.48828125,-0.0234375,1
formal-11,pulse_order,0.035,state_matched,specialist_pool_0.05,0.568359375,0.13671875,1
formal-11,pulse_order,0.035,cross_state_readout,specialist_pool_0.05,0.5078125,0.015625,1
formal-11,pulse_order,0.05,state_matched,specialist_pool_0.05,0.69921875,0.3984375,1
formal-11,pulse_order,0.05,cross_state_readout,specialist_pool_0.05,0.48828125,-0.0234375,1
formal-11,pulse_order,0.035,state_matched,high_degree,0.662109375,0.32421875,1
formal-11,pulse_order,0.035,cross_state_readout,high_degree,0.427734375,-0.14453125,1
formal-11,pulse_order,0.05,state_matched,high_degree,0.60546875,0.2109375,1
formal-11,pulse_order,0.05,cross_state_readout,high_degree,0.525390625,0.05078125,1
formal-11,pulse_order,0.035,state_matched,spectral,0.63671875,0.2734375,1
formal-11,pulse_order,0.035,cross_state_readout,spectral,0.5,0.0,1
formal-11,pulse_order,0.05,state_matched,spectral,0.666015625,0.33203125,1
formal-11,pulse_order,0.05,cross_state_readout,spectral,0.5,0.0,1
formal-11,pulse_order,0.035,state_matched,input_energy_degree,0.5859375,0.171875,1
formal-11,pulse_order,0.035,cross_state_readout,input_energy_degree,0.49609375,-0.0078125,1
formal-11,pulse_order,0.05,state_matched,input_energy_degree,0.607421875,0.21484375,1
formal-11,pulse_order,0.05,cross_state_readout,input_energy_degree,0.478515625,-0.04296875,1
formal-11,pulse_order,0.035,state_matched,input_quota_random,0.615234375,0.23046875,1
formal-11,pulse_order,0.035,cross_state_readout,input_quota_random,0.4609375,-0.078125,1
formal-11,pulse_order,0.05,state_matched,input_quota_random,0.623046875,0.24609375,1
formal-11,pulse_order,0.05,cross_state_readout,input_quota_random,0.515625,0.03125,1
formal-11,pulse_order,0.035,state_matched,unselected_random,0.5947265625,0.189453125,8
formal-11,pulse_order,0.035,cross_state_readout,unselected_random,0.495361328125,-0.00927734375,8
formal-11,pulse_order,0.05,state_matched,unselected_random,0.62353515625,0.2470703125,8
formal-11,pulse_order,0.05,cross_state_readout,unselected_random,0.497802734375,-0.00439453125,8
formal-11,pulse_order,0.035,state_matched,group_matched_random,0.6201171875,0.240234375,4
formal-11,pulse_order,0.035,cross_state_readout,group_matched_random,0.50634765625,0.0126953125,4
formal-11,pulse_order,0.05,state_matched,group_matched_random,0.61767578125,0.2353515625,4
formal-11,pulse_order,0.05,cross_state_readout,group_matched_random,0.509765625,0.01953125,4
formal-12,pulse_order,0.035,state_matched,random_search,0.640625,0.28125,1
formal-12,pulse_order,0.035,cross_state_readout,random_search,0.49609375,-0.0078125,1
formal-12,pulse_order,0.05,state_matched,random_search,0.65234375,0.3046875,1
formal-12,pulse_order,0.05,cross_state_readout,random_search,0.490234375,-0.01953125,1
formal-12,pulse_order,0.035,state_matched,local_search,0.658203125,0.31640625,1
formal-12,pulse_order,0.035,cross_state_readout,local_search,0.52734375,0.0546875,1
formal-12,pulse_order,0.05,state_matched,local_search,0.666015625,0.33203125,1
formal-12,pulse_order,0.05,cross_state_readout,local_search,0.513671875,0.02734375,1
formal-12,pulse_order,0.035,state_matched,population_search,0.63671875,0.2734375,1
formal-12,pulse_order,0.035,cross_state_readout,population_search,0.501953125,0.00390625,1
formal-12,pulse_order,0.05,state_matched,population_search,0.681640625,0.36328125,1
formal-12,pulse_order,0.05,cross_state_readout,population_search,0.498046875,-0.00390625,1
formal-12,pulse_order,0.035,state_matched,specialist_pool_0.035,0.64453125,0.2890625,1
formal-12,pulse_order,0.035,cross_state_readout,specialist_pool_0.035,0.494140625,-0.01171875,1
formal-12,pulse_order,0.05,state_matched,specialist_pool_0.035,0.640625,0.28125,1
formal-12,pulse_order,0.05,cross_state_readout,specialist_pool_0.035,0.46484375,-0.0703125,1
formal-12,pulse_order,0.035,state_matched,specialist_pool_0.05,0.6328125,0.265625,1
formal-12,pulse_order,0.035,cross_state_readout,specialist_pool_0.05,0.494140625,-0.01171875,1
formal-12,pulse_order,0.05,state_matched,specialist_pool_0.05,0.669921875,0.33984375,1
formal-12,pulse_order,0.05,cross_state_readout,specialist_pool_0.05,0.51953125,0.0390625,1
formal-12,pulse_order,0.035,state_matched,high_degree,0.623046875,0.24609375,1
formal-12,pulse_order,0.035,cross_state_readout,high_degree,0.5,0.0,1
formal-12,pulse_order,0.05,state_matched,high_degree,0.65234375,0.3046875,1
formal-12,pulse_order,0.05,cross_state_readout,high_degree,0.513671875,0.02734375,1
formal-12,pulse_order,0.035,state_matched,spectral,0.63671875,0.2734375,1
formal-12,pulse_order,0.035,cross_state_readout,spectral,0.498046875,-0.00390625,1
formal-12,pulse_order,0.05,state_matched,spectral,0.658203125,0.31640625,1
formal-12,pulse_order,0.05,cross_state_readout,spectral,0.5,0.0,1
formal-12,pulse_order,0.035,state_matched,input_energy_degree,0.611328125,0.22265625,1
formal-12,pulse_order,0.035,cross_state_readout,input_energy_degree,0.513671875,0.02734375,1
formal-12,pulse_order,0.05,state_matched,input_energy_degree,0.61328125,0.2265625,1
formal-12,pulse_order,0.05,cross_state_readout,input_energy_degree,0.494140625,-0.01171875,1
formal-12,pulse_order,0.035,state_matched,input_quota_random,0.6640625,0.328125,1
formal-12,pulse_order,0.035,cross_state_readout,input_quota_random,0.44921875,-0.1015625,1
formal-12,pulse_order,0.05,state_matched,input_quota_random,0.6640625,0.328125,1
formal-12,pulse_order,0.05,cross_state_readout,input_quota_random,0.54296875,0.0859375,1
formal-12,pulse_order,0.035,state_matched,unselected_random,0.626220703125,0.25244140625,8
formal-12,pulse_order,0.035,cross_state_readout,unselected_random,0.504150390625,0.00830078125,8
formal-12,pulse_order,0.05,state_matched,unselected_random,0.6240234375,0.248046875,8
formal-12,pulse_order,0.05,cross_state_readout,unselected_random,0.529541015625,0.05908203125,8
formal-12,pulse_order,0.035,state_matched,group_matched_random,0.63525390625,0.2705078125,4
formal-12,pulse_order,0.035,cross_state_readout,group_matched_random,0.51806640625,0.0361328125,4
formal-12,pulse_order,0.05,state_matched,group_matched_random,0.63427734375,0.2685546875,4
formal-12,pulse_order,0.05,cross_state_readout,group_matched_random,0.52880859375,0.0576171875,4
formal-01,interval,0.035,state_matched,random_search,0.791015625,0.58203125,1
formal-01,interval,0.035,cross_state_readout,random_search,0.5,0.0,1
formal-01,interval,0.05,state_matched,random_search,0.849609375,0.69921875,1
formal-01,interval,0.05,cross_state_readout,random_search,0.5,0.0,1
formal-01,interval,0.035,state_matched,local_search,0.81640625,0.6328125,1
formal-01,interval,0.035,cross_state_readout,local_search,0.5,0.0,1
formal-01,interval,0.05,state_matched,local_search,0.84375,0.6875,1
formal-01,interval,0.05,cross_state_readout,local_search,0.4921875,-0.015625,1
formal-01,interval,0.035,state_matched,population_search,0.837890625,0.67578125,1
formal-01,interval,0.035,cross_state_readout,population_search,0.501953125,0.00390625,1
formal-01,interval,0.05,state_matched,population_search,0.826171875,0.65234375,1
formal-01,interval,0.05,cross_state_readout,population_search,0.4609375,-0.078125,1
formal-01,interval,0.035,state_matched,specialist_pool_0.035,0.837890625,0.67578125,1
formal-01,interval,0.035,cross_state_readout,specialist_pool_0.035,0.501953125,0.00390625,1
formal-01,interval,0.05,state_matched,specialist_pool_0.035,0.822265625,0.64453125,1
formal-01,interval,0.05,cross_state_readout,specialist_pool_0.035,0.498046875,-0.00390625,1
formal-01,interval,0.035,state_matched,specialist_pool_0.05,0.76953125,0.5390625,1
formal-01,interval,0.035,cross_state_readout,specialist_pool_0.05,0.494140625,-0.01171875,1
formal-01,interval,0.05,state_matched,specialist_pool_0.05,0.8046875,0.609375,1
formal-01,interval,0.05,cross_state_readout,specialist_pool_0.05,0.498046875,-0.00390625,1
formal-01,interval,0.035,state_matched,high_degree,0.708984375,0.41796875,1
formal-01,interval,0.035,cross_state_readout,high_degree,0.46875,-0.0625,1
formal-01,interval,0.05,state_matched,high_degree,0.779296875,0.55859375,1
formal-01,interval,0.05,cross_state_readout,high_degree,0.484375,-0.03125,1
formal-01,interval,0.035,state_matched,spectral,0.701171875,0.40234375,1
formal-01,interval,0.035,cross_state_readout,spectral,0.498046875,-0.00390625,1
formal-01,interval,0.05,state_matched,spectral,0.802734375,0.60546875,1
formal-01,interval,0.05,cross_state_readout,spectral,0.498046875,-0.00390625,1
formal-01,interval,0.035,state_matched,input_energy_degree,0.693359375,0.38671875,1
formal-01,interval,0.035,cross_state_readout,input_energy_degree,0.5,0.0,1
formal-01,interval,0.05,state_matched,input_energy_degree,0.724609375,0.44921875,1
formal-01,interval,0.05,cross_state_readout,input_energy_degree,0.486328125,-0.02734375,1
formal-01,interval,0.035,state_matched,input_quota_random,0.716796875,0.43359375,1
formal-01,interval,0.035,cross_state_readout,input_quota_random,0.501953125,0.00390625,1
formal-01,interval,0.05,state_matched,input_quota_random,0.853515625,0.70703125,1
formal-01,interval,0.05,cross_state_readout,input_quota_random,0.51171875,0.0234375,1
formal-01,interval,0.035,state_matched,unselected_random,0.794189453125,0.58837890625,8
formal-01,interval,0.035,cross_state_readout,unselected_random,0.501220703125,0.00244140625,8
formal-01,interval,0.05,state_matched,unselected_random,0.85009765625,0.7001953125,8
formal-01,interval,0.05,cross_state_readout,unselected_random,0.485595703125,-0.02880859375,8
formal-01,interval,0.035,state_matched,group_matched_random,0.73974609375,0.4794921875,4
formal-01,interval,0.035,cross_state_readout,group_matched_random,0.5,0.0,4
formal-01,interval,0.05,state_matched,group_matched_random,0.8447265625,0.689453125,4
formal-01,interval,0.05,cross_state_readout,group_matched_random,0.4677734375,-0.064453125,4
formal-02,interval,0.035,state_matched,random_search,0.802734375,0.60546875,1
formal-02,interval,0.035,cross_state_readout,random_search,0.521484375,0.04296875,1
formal-02,interval,0.05,state_matched,random_search,0.876953125,0.75390625,1
formal-02,interval,0.05,cross_state_readout,random_search,0.5,0.0,1
formal-02,interval,0.035,state_matched,local_search,0.7578125,0.515625,1
formal-02,interval,0.035,cross_state_readout,local_search,0.501953125,0.00390625,1
formal-02,interval,0.05,state_matched,local_search,0.86328125,0.7265625,1
formal-02,interval,0.05,cross_state_readout,local_search,0.5,0.0,1
formal-02,interval,0.035,state_matched,population_search,0.8046875,0.609375,1
formal-02,interval,0.035,cross_state_readout,population_search,0.51171875,0.0234375,1
formal-02,interval,0.05,state_matched,population_search,0.802734375,0.60546875,1
formal-02,interval,0.05,cross_state_readout,population_search,0.5,0.0,1
formal-02,interval,0.035,state_matched,specialist_pool_0.035,0.8046875,0.609375,1
formal-02,interval,0.035,cross_state_readout,specialist_pool_0.035,0.51171875,0.0234375,1
formal-02,interval,0.05,state_matched,specialist_pool_0.035,0.802734375,0.60546875,1
formal-02,interval,0.05,cross_state_readout,specialist_pool_0.035,0.5,0.0,1
formal-02,interval,0.035,state_matched,specialist_pool_0.05,0.7890625,0.578125,1
formal-02,interval,0.035,cross_state_readout,specialist_pool_0.05,0.50390625,0.0078125,1
formal-02,interval,0.05,state_matched,specialist_pool_0.05,0.931640625,0.86328125,1
formal-02,interval,0.05,cross_state_readout,specialist_pool_0.05,0.466796875,-0.06640625,1
formal-02,interval,0.035,state_matched,high_degree,0.71875,0.4375,1
formal-02,interval,0.035,cross_state_readout,high_degree,0.478515625,-0.04296875,1
formal-02,interval,0.05,state_matched,high_degree,0.8046875,0.609375,1
formal-02,interval,0.05,cross_state_readout,high_degree,0.53515625,0.0703125,1
formal-02,interval,0.035,state_matched,spectral,0.740234375,0.48046875,1
formal-02,interval,0.035,cross_state_readout,spectral,0.5,0.0,1
formal-02,interval,0.05,state_matched,spectral,0.810546875,0.62109375,1
formal-02,interval,0.05,cross_state_readout,spectral,0.462890625,-0.07421875,1
formal-02,interval,0.035,state_matched,input_energy_degree,0.666015625,0.33203125,1
formal-02,interval,0.035,cross_state_readout,input_energy_degree,0.5,0.0,1
formal-02,interval,0.05,state_matched,input_energy_degree,0.740234375,0.48046875,1
formal-02,interval,0.05,cross_state_readout,input_energy_degree,0.509765625,0.01953125,1
formal-02,interval,0.035,state_matched,input_quota_random,0.80859375,0.6171875,1
formal-02,interval,0.035,cross_state_readout,input_quota_random,0.490234375,-0.01953125,1
formal-02,interval,0.05,state_matched,input_quota_random,0.80078125,0.6015625,1
formal-02,interval,0.05,cross_state_readout,input_quota_random,0.501953125,0.00390625,1
formal-02,interval,0.035,state_matched,unselected_random,0.785888671875,0.57177734375,8
formal-02,interval,0.035,cross_state_readout,unselected_random,0.4951171875,-0.009765625,8
formal-02,interval,0.05,state_matched,unselected_random,0.851318359375,0.70263671875,8
formal-02,interval,0.05,cross_state_readout,unselected_random,0.50146484375,0.0029296875,8
formal-02,interval,0.035,state_matched,group_matched_random,0.7890625,0.578125,4
formal-02,interval,0.035,cross_state_readout,group_matched_random,0.4990234375,-0.001953125,4
formal-02,interval,0.05,state_matched,group_matched_random,0.84521484375,0.6904296875,4
formal-02,interval,0.05,cross_state_readout,group_matched_random,0.50537109375,0.0107421875,4
formal-03,interval,0.035,state_matched,random_search,0.783203125,0.56640625,1
formal-03,interval,0.035,cross_state_readout,random_search,0.501953125,0.00390625,1
formal-03,interval,0.05,state_matched,random_search,0.79296875,0.5859375,1
formal-03,interval,0.05,cross_state_readout,random_search,0.498046875,-0.00390625,1
formal-03,interval,0.035,state_matched,local_search,0.783203125,0.56640625,1
formal-03,interval,0.035,cross_state_readout,local_search,0.501953125,0.00390625,1
formal-03,interval,0.05,state_matched,local_search,0.79296875,0.5859375,1
formal-03,interval,0.05,cross_state_readout,local_search,0.498046875,-0.00390625,1
formal-03,interval,0.035,state_matched,population_search,0.783203125,0.56640625,1
formal-03,interval,0.035,cross_state_readout,population_search,0.501953125,0.00390625,1
formal-03,interval,0.05,state_matched,population_search,0.79296875,0.5859375,1
formal-03,interval,0.05,cross_state_readout,population_search,0.498046875,-0.00390625,1
formal-03,interval,0.035,state_matched,specialist_pool_0.035,0.818359375,0.63671875,1
formal-03,interval,0.035,cross_state_readout,specialist_pool_0.035,0.50390625,0.0078125,1
formal-03,interval,0.05,state_matched,specialist_pool_0.035,0.833984375,0.66796875,1
formal-03,interval,0.05,cross_state_readout,specialist_pool_0.035,0.5,0.0,1
formal-03,interval,0.035,state_matched,specialist_pool_0.05,0.75390625,0.5078125,1
formal-03,interval,0.035,cross_state_readout,specialist_pool_0.05,0.501953125,0.00390625,1
formal-03,interval,0.05,state_matched,specialist_pool_0.05,0.814453125,0.62890625,1
formal-03,interval,0.05,cross_state_readout,specialist_pool_0.05,0.5,0.0,1
formal-03,interval,0.035,state_matched,high_degree,0.70703125,0.4140625,1
formal-03,interval,0.035,cross_state_readout,high_degree,0.5,0.0,1
formal-03,interval,0.05,state_matched,high_degree,0.796875,0.59375,1
formal-03,interval,0.05,cross_state_readout,high_degree,0.46875,-0.0625,1
formal-03,interval,0.035,state_matched,spectral,0.716796875,0.43359375,1
formal-03,interval,0.035,cross_state_readout,spectral,0.494140625,-0.01171875,1
formal-03,interval,0.05,state_matched,spectral,0.80859375,0.6171875,1
formal-03,interval,0.05,cross_state_readout,spectral,0.470703125,-0.05859375,1
formal-03,interval,0.035,state_matched,input_energy_degree,0.65625,0.3125,1
formal-03,interval,0.035,cross_state_readout,input_energy_degree,0.544921875,0.08984375,1
formal-03,interval,0.05,state_matched,input_energy_degree,0.7265625,0.453125,1
formal-03,interval,0.05,cross_state_readout,input_energy_degree,0.498046875,-0.00390625,1
formal-03,interval,0.035,state_matched,input_quota_random,0.79296875,0.5859375,1
formal-03,interval,0.035,cross_state_readout,input_quota_random,0.5,0.0,1
formal-03,interval,0.05,state_matched,input_quota_random,0.7578125,0.515625,1
formal-03,interval,0.05,cross_state_readout,input_quota_random,0.501953125,0.00390625,1
formal-03,interval,0.035,state_matched,unselected_random,0.786865234375,0.57373046875,8
formal-03,interval,0.035,cross_state_readout,unselected_random,0.49609375,-0.0078125,8
formal-03,interval,0.05,state_matched,unselected_random,0.81640625,0.6328125,8
formal-03,interval,0.05,cross_state_readout,unselected_random,0.5,0.0,8
formal-03,interval,0.035,state_matched,group_matched_random,0.7431640625,0.486328125,4
formal-03,interval,0.035,cross_state_readout,group_matched_random,0.5029296875,0.005859375,4
formal-03,interval,0.05,state_matched,group_matched_random,0.81591796875,0.6318359375,4
formal-03,interval,0.05,cross_state_readout,group_matched_random,0.51904296875,0.0380859375,4
formal-04,interval,0.035,state_matched,random_search,0.79296875,0.5859375,1
formal-04,interval,0.035,cross_state_readout,random_search,0.5,0.0,1
formal-04,interval,0.05,state_matched,random_search,0.8359375,0.671875,1
formal-04,interval,0.05,cross_state_readout,random_search,0.5,0.0,1
formal-04,interval,0.035,state_matched,local_search,0.76171875,0.5234375,1
formal-04,interval,0.035,cross_state_readout,local_search,0.5,0.0,1
formal-04,interval,0.05,state_matched,local_search,0.830078125,0.66015625,1
formal-04,interval,0.05,cross_state_readout,local_search,0.5,0.0,1
formal-04,interval,0.035,state_matched,population_search,0.791015625,0.58203125,1
formal-04,interval,0.035,cross_state_readout,population_search,0.498046875,-0.00390625,1
formal-04,interval,0.05,state_matched,population_search,0.837890625,0.67578125,1
formal-04,interval,0.05,cross_state_readout,population_search,0.484375,-0.03125,1
formal-04,interval,0.035,state_matched,specialist_pool_0.035,0.791015625,0.58203125,1
formal-04,interval,0.035,cross_state_readout,specialist_pool_0.035,0.498046875,-0.00390625,1
formal-04,interval,0.05,state_matched,specialist_pool_0.035,0.837890625,0.67578125,1
formal-04,interval,0.05,cross_state_readout,specialist_pool_0.035,0.484375,-0.03125,1
formal-04,interval,0.035,state_matched,specialist_pool_0.05,0.7890625,0.578125,1
formal-04,interval,0.035,cross_state_readout,specialist_pool_0.05,0.498046875,-0.00390625,1
formal-04,interval,0.05,state_matched,specialist_pool_0.05,0.875,0.75,1
formal-04,interval,0.05,cross_state_readout,specialist_pool_0.05,0.5,0.0,1
formal-04,interval,0.035,state_matched,high_degree,0.712890625,0.42578125,1
formal-04,interval,0.035,cross_state_readout,high_degree,0.5,0.0,1
formal-04,interval,0.05,state_matched,high_degree,0.77734375,0.5546875,1
formal-04,interval,0.05,cross_state_readout,high_degree,0.51953125,0.0390625,1
formal-04,interval,0.035,state_matched,spectral,0.701171875,0.40234375,1
formal-04,interval,0.035,cross_state_readout,spectral,0.5,0.0,1
formal-04,interval,0.05,state_matched,spectral,0.775390625,0.55078125,1
formal-04,interval,0.05,cross_state_readout,spectral,0.501953125,0.00390625,1
formal-04,interval,0.035,state_matched,input_energy_degree,0.703125,0.40625,1
formal-04,interval,0.035,cross_state_readout,input_energy_degree,0.501953125,0.00390625,1
formal-04,interval,0.05,state_matched,input_energy_degree,0.701171875,0.40234375,1
formal-04,interval,0.05,cross_state_readout,input_energy_degree,0.474609375,-0.05078125,1
formal-04,interval,0.035,state_matched,input_quota_random,0.740234375,0.48046875,1
formal-04,interval,0.035,cross_state_readout,input_quota_random,0.501953125,0.00390625,1
formal-04,interval,0.05,state_matched,input_quota_random,0.83984375,0.6796875,1
formal-04,interval,0.05,cross_state_readout,input_quota_random,0.49609375,-0.0078125,1
formal-04,interval,0.035,state_matched,unselected_random,0.7734375,0.546875,8
formal-04,interval,0.035,cross_state_readout,unselected_random,0.5,0.0,8
formal-04,interval,0.05,state_matched,unselected_random,0.831298828125,0.66259765625,8
formal-04,interval,0.05,cross_state_readout,unselected_random,0.491455078125,-0.01708984375,8
formal-04,interval,0.035,state_matched,group_matched_random,0.75537109375,0.5107421875,4
formal-04,interval,0.035,cross_state_readout,group_matched_random,0.5107421875,0.021484375,4
formal-04,interval,0.05,state_matched,group_matched_random,0.82373046875,0.6474609375,4
formal-04,interval,0.05,cross_state_readout,group_matched_random,0.4990234375,-0.001953125,4
formal-05,interval,0.035,state_matched,random_search,0.759765625,0.51953125,1
formal-05,interval,0.035,cross_state_readout,random_search,0.5,0.0,1
formal-05,interval,0.05,state_matched,random_search,0.779296875,0.55859375,1
formal-05,interval,0.05,cross_state_readout,random_search,0.505859375,0.01171875,1
formal-05,interval,0.035,state_matched,local_search,0.775390625,0.55078125,1
formal-05,interval,0.035,cross_state_readout,local_search,0.494140625,-0.01171875,1
formal-05,interval,0.05,state_matched,local_search,0.828125,0.65625,1
formal-05,interval,0.05,cross_state_readout,local_search,0.5,0.0,1
formal-05,interval,0.035,state_matched,population_search,0.798828125,0.59765625,1
formal-05,interval,0.035,cross_state_readout,population_search,0.501953125,0.00390625,1
formal-05,interval,0.05,state_matched,population_search,0.798828125,0.59765625,1
formal-05,interval,0.05,cross_state_readout,population_search,0.498046875,-0.00390625,1
formal-05,interval,0.035,state_matched,specialist_pool_0.035,0.775390625,0.55078125,1
formal-05,interval,0.035,cross_state_readout,specialist_pool_0.035,0.54296875,0.0859375,1
formal-05,interval,0.05,state_matched,specialist_pool_0.035,0.826171875,0.65234375,1
formal-05,interval,0.05,cross_state_readout,specialist_pool_0.035,0.49609375,-0.0078125,1
formal-05,interval,0.035,state_matched,specialist_pool_0.05,0.765625,0.53125,1
formal-05,interval,0.035,cross_state_readout,specialist_pool_0.05,0.5,0.0,1
formal-05,interval,0.05,state_matched,specialist_pool_0.05,0.853515625,0.70703125,1
formal-05,interval,0.05,cross_state_readout,specialist_pool_0.05,0.505859375,0.01171875,1
formal-05,interval,0.035,state_matched,high_degree,0.787109375,0.57421875,1
formal-05,interval,0.035,cross_state_readout,high_degree,0.5,0.0,1
formal-05,interval,0.05,state_matched,high_degree,0.84375,0.6875,1
formal-05,interval,0.05,cross_state_readout,high_degree,0.498046875,-0.00390625,1
formal-05,interval,0.035,state_matched,spectral,0.74609375,0.4921875,1
formal-05,interval,0.035,cross_state_readout,spectral,0.5,0.0,1
formal-05,interval,0.05,state_matched,spectral,0.830078125,0.66015625,1
formal-05,interval,0.05,cross_state_readout,spectral,0.48046875,-0.0390625,1
formal-05,interval,0.035,state_matched,input_energy_degree,0.693359375,0.38671875,1
formal-05,interval,0.035,cross_state_readout,input_energy_degree,0.470703125,-0.05859375,1
formal-05,interval,0.05,state_matched,input_energy_degree,0.642578125,0.28515625,1
formal-05,interval,0.05,cross_state_readout,input_energy_degree,0.5,0.0,1
formal-05,interval,0.035,state_matched,input_quota_random,0.71484375,0.4296875,1
formal-05,interval,0.035,cross_state_readout,input_quota_random,0.5,0.0,1
formal-05,interval,0.05,state_matched,input_quota_random,0.8203125,0.640625,1
formal-05,interval,0.05,cross_state_readout,input_quota_random,0.517578125,0.03515625,1
formal-05,interval,0.035,state_matched,unselected_random,0.77001953125,0.5400390625,8
formal-05,interval,0.035,cross_state_readout,unselected_random,0.505126953125,0.01025390625,8
formal-05,interval,0.05,state_matched,unselected_random,0.8251953125,0.650390625,8
formal-05,interval,0.05,cross_state_readout,unselected_random,0.50439453125,0.0087890625,8
formal-05,interval,0.035,state_matched,group_matched_random,0.7666015625,0.533203125,4
formal-05,interval,0.035,cross_state_readout,group_matched_random,0.49609375,-0.0078125,4
formal-05,interval,0.05,state_matched,group_matched_random,0.83203125,0.6640625,4
formal-05,interval,0.05,cross_state_readout,group_matched_random,0.4765625,-0.046875,4
formal-06,interval,0.035,state_matched,random_search,0.779296875,0.55859375,1
formal-06,interval,0.035,cross_state_readout,random_search,0.5,0.0,1
formal-06,interval,0.05,state_matched,random_search,0.8515625,0.703125,1
formal-06,interval,0.05,cross_state_readout,random_search,0.5,0.0,1
formal-06,interval,0.035,state_matched,local_search,0.814453125,0.62890625,1
formal-06,interval,0.035,cross_state_readout,local_search,0.486328125,-0.02734375,1
formal-06,interval,0.05,state_matched,local_search,0.810546875,0.62109375,1
formal-06,interval,0.05,cross_state_readout,local_search,0.498046875,-0.00390625,1
formal-06,interval,0.035,state_matched,population_search,0.796875,0.59375,1
formal-06,interval,0.035,cross_state_readout,population_search,0.494140625,-0.01171875,1
formal-06,interval,0.05,state_matched,population_search,0.8125,0.625,1
formal-06,interval,0.05,cross_state_readout,population_search,0.5,0.0,1
formal-06,interval,0.035,state_matched,specialist_pool_0.035,0.796875,0.59375,1
formal-06,interval,0.035,cross_state_readout,specialist_pool_0.035,0.494140625,-0.01171875,1
formal-06,interval,0.05,state_matched,specialist_pool_0.035,0.8125,0.625,1
formal-06,interval,0.05,cross_state_readout,specialist_pool_0.035,0.5,0.0,1
formal-06,interval,0.035,state_matched,specialist_pool_0.05,0.80859375,0.6171875,1
formal-06,interval,0.035,cross_state_readout,specialist_pool_0.05,0.5,0.0,1
formal-06,interval,0.05,state_matched,specialist_pool_0.05,0.865234375,0.73046875,1
formal-06,interval,0.05,cross_state_readout,specialist_pool_0.05,0.36328125,-0.2734375,1
formal-06,interval,0.035,state_matched,high_degree,0.7109375,0.421875,1
formal-06,interval,0.035,cross_state_readout,high_degree,0.5,0.0,1
formal-06,interval,0.05,state_matched,high_degree,0.822265625,0.64453125,1
formal-06,interval,0.05,cross_state_readout,high_degree,0.5,0.0,1
formal-06,interval,0.035,state_matched,spectral,0.6953125,0.390625,1
formal-06,interval,0.035,cross_state_readout,spectral,0.5,0.0,1
formal-06,interval,0.05,state_matched,spectral,0.79296875,0.5859375,1
formal-06,interval,0.05,cross_state_readout,spectral,0.5,0.0,1
formal-06,interval,0.035,state_matched,input_energy_degree,0.64453125,0.2890625,1
formal-06,interval,0.035,cross_state_readout,input_energy_degree,0.5,0.0,1
formal-06,interval,0.05,state_matched,input_energy_degree,0.693359375,0.38671875,1
formal-06,interval,0.05,cross_state_readout,input_energy_degree,0.529296875,0.05859375,1
formal-06,interval,0.035,state_matched,input_quota_random,0.7890625,0.578125,1
formal-06,interval,0.035,cross_state_readout,input_quota_random,0.501953125,0.00390625,1
formal-06,interval,0.05,state_matched,input_quota_random,0.8125,0.625,1
formal-06,interval,0.05,cross_state_readout,input_quota_random,0.482421875,-0.03515625,1
formal-06,interval,0.035,state_matched,unselected_random,0.739990234375,0.47998046875,8
formal-06,interval,0.035,cross_state_readout,unselected_random,0.4951171875,-0.009765625,8
formal-06,interval,0.05,state_matched,unselected_random,0.843017578125,0.68603515625,8
formal-06,interval,0.05,cross_state_readout,unselected_random,0.45751953125,-0.0849609375,8
formal-06,interval,0.035,state_matched,group_matched_random,0.78857421875,0.5771484375,4
formal-06,interval,0.035,cross_state_readout,group_matched_random,0.51123046875,0.0224609375,4
formal-06,interval,0.05,state_matched,group_matched_random,0.82568359375,0.6513671875,4
formal-06,interval,0.05,cross_state_readout,group_matched_random,0.47900390625,-0.0419921875,4
formal-07,interval,0.035,state_matched,random_search,0.841796875,0.68359375,1
formal-07,interval,0.035,cross_state_readout,random_search,0.49609375,-0.0078125,1
formal-07,interval,0.05,state_matched,random_search,0.822265625,0.64453125,1
formal-07,interval,0.05,cross_state_readout,random_search,0.5078125,0.015625,1
formal-07,interval,0.035,state_matched,local_search,0.8125,0.625,1
formal-07,interval,0.035,cross_state_readout,local_search,0.5,0.0,1
formal-07,interval,0.05,state_matched,local_search,0.8515625,0.703125,1
formal-07,interval,0.05,cross_state_readout,local_search,0.4921875,-0.015625,1
formal-07,interval,0.035,state_matched,population_search,0.83203125,0.6640625,1
formal-07,interval,0.035,cross_state_readout,population_search,0.49609375,-0.0078125,1
formal-07,interval,0.05,state_matched,population_search,0.86328125,0.7265625,1
formal-07,interval,0.05,cross_state_readout,population_search,0.498046875,-0.00390625,1
formal-07,interval,0.035,state_matched,specialist_pool_0.035,0.841796875,0.68359375,1
formal-07,interval,0.035,cross_state_readout,specialist_pool_0.035,0.57421875,0.1484375,1
formal-07,interval,0.05,state_matched,specialist_pool_0.035,0.826171875,0.65234375,1
formal-07,interval,0.05,cross_state_readout,specialist_pool_0.035,0.50390625,0.0078125,1
formal-07,interval,0.035,state_matched,specialist_pool_0.05,0.79296875,0.5859375,1
formal-07,interval,0.035,cross_state_readout,specialist_pool_0.05,0.501953125,0.00390625,1
formal-07,interval,0.05,state_matched,specialist_pool_0.05,0.875,0.75,1
formal-07,interval,0.05,cross_state_readout,specialist_pool_0.05,0.5,0.0,1
formal-07,interval,0.035,state_matched,high_degree,0.708984375,0.41796875,1
formal-07,interval,0.035,cross_state_readout,high_degree,0.498046875,-0.00390625,1
formal-07,interval,0.05,state_matched,high_degree,0.80859375,0.6171875,1
formal-07,interval,0.05,cross_state_readout,high_degree,0.4453125,-0.109375,1
formal-07,interval,0.035,state_matched,spectral,0.71875,0.4375,1
formal-07,interval,0.035,cross_state_readout,spectral,0.5,0.0,1
formal-07,interval,0.05,state_matched,spectral,0.8125,0.625,1
formal-07,interval,0.05,cross_state_readout,spectral,0.57421875,0.1484375,1
formal-07,interval,0.035,state_matched,input_energy_degree,0.673828125,0.34765625,1
formal-07,interval,0.035,cross_state_readout,input_energy_degree,0.482421875,-0.03515625,1
formal-07,interval,0.05,state_matched,input_energy_degree,0.69140625,0.3828125,1
formal-07,interval,0.05,cross_state_readout,input_energy_degree,0.513671875,0.02734375,1
formal-07,interval,0.035,state_matched,input_quota_random,0.73828125,0.4765625,1
formal-07,interval,0.035,cross_state_readout,input_quota_random,0.5,0.0,1
formal-07,interval,0.05,state_matched,input_quota_random,0.8203125,0.640625,1
formal-07,interval,0.05,cross_state_readout,input_quota_random,0.42578125,-0.1484375,1
formal-07,interval,0.035,state_matched,unselected_random,0.795166015625,0.59033203125,8
formal-07,interval,0.035,cross_state_readout,unselected_random,0.496826171875,-0.00634765625,8
formal-07,interval,0.05,state_matched,unselected_random,0.848388671875,0.69677734375,8
formal-07,interval,0.05,cross_state_readout,unselected_random,0.490234375,-0.01953125,8
formal-07,interval,0.035,state_matched,group_matched_random,0.7998046875,0.599609375,4
formal-07,interval,0.035,cross_state_readout,group_matched_random,0.50830078125,0.0166015625,4
formal-07,interval,0.05,state_matched,group_matched_random,0.8427734375,0.685546875,4
formal-07,interval,0.05,cross_state_readout,group_matched_random,0.4638671875,-0.072265625,4
formal-08,interval,0.035,state_matched,random_search,0.8203125,0.640625,1
formal-08,interval,0.035,cross_state_readout,random_search,0.5,0.0,1
formal-08,interval,0.05,state_matched,random_search,0.814453125,0.62890625,1
formal-08,interval,0.05,cross_state_readout,random_search,0.5078125,0.015625,1
formal-08,interval,0.035,state_matched,local_search,0.78515625,0.5703125,1
formal-08,interval,0.035,cross_state_readout,local_search,0.45703125,-0.0859375,1
formal-08,interval,0.05,state_matched,local_search,0.837890625,0.67578125,1
formal-08,interval,0.05,cross_state_readout,local_search,0.5,0.0,1
formal-08,interval,0.035,state_matched,population_search,0.794921875,0.58984375,1
formal-08,interval,0.035,cross_state_readout,population_search,0.4921875,-0.015625,1
formal-08,interval,0.05,state_matched,population_search,0.822265625,0.64453125,1
formal-08,interval,0.05,cross_state_readout,population_search,0.494140625,-0.01171875,1
formal-08,interval,0.035,state_matched,specialist_pool_0.035,0.794921875,0.58984375,1
formal-08,interval,0.035,cross_state_readout,specialist_pool_0.035,0.4921875,-0.015625,1
formal-08,interval,0.05,state_matched,specialist_pool_0.035,0.822265625,0.64453125,1
formal-08,interval,0.05,cross_state_readout,specialist_pool_0.035,0.494140625,-0.01171875,1
formal-08,interval,0.035,state_matched,specialist_pool_0.05,0.78125,0.5625,1
formal-08,interval,0.035,cross_state_readout,specialist_pool_0.05,0.46875,-0.0625,1
formal-08,interval,0.05,state_matched,specialist_pool_0.05,0.806640625,0.61328125,1
formal-08,interval,0.05,cross_state_readout,specialist_pool_0.05,0.5,0.0,1
formal-08,interval,0.035,state_matched,high_degree,0.78515625,0.5703125,1
formal-08,interval,0.035,cross_state_readout,high_degree,0.498046875,-0.00390625,1
formal-08,interval,0.05,state_matched,high_degree,0.798828125,0.59765625,1
formal-08,interval,0.05,cross_state_readout,high_degree,0.48046875,-0.0390625,1
formal-08,interval,0.035,state_matched,spectral,0.720703125,0.44140625,1
formal-08,interval,0.035,cross_state_readout,spectral,0.5,0.0,1
formal-08,interval,0.05,state_matched,spectral,0.763671875,0.52734375,1
formal-08,interval,0.05,cross_state_readout,spectral,0.49609375,-0.0078125,1
formal-08,interval,0.035,state_matched,input_energy_degree,0.61328125,0.2265625,1
formal-08,interval,0.035,cross_state_readout,input_energy_degree,0.498046875,-0.00390625,1
formal-08,interval,0.05,state_matched,input_energy_degree,0.681640625,0.36328125,1
formal-08,interval,0.05,cross_state_readout,input_energy_degree,0.50390625,0.0078125,1
formal-08,interval,0.035,state_matched,input_quota_random,0.759765625,0.51953125,1
formal-08,interval,0.035,cross_state_readout,input_quota_random,0.56640625,0.1328125,1
formal-08,interval,0.05,state_matched,input_quota_random,0.806640625,0.61328125,1
formal-08,interval,0.05,cross_state_readout,input_quota_random,0.498046875,-0.00390625,1
formal-08,interval,0.035,state_matched,unselected_random,0.75830078125,0.5166015625,8
formal-08,interval,0.035,cross_state_readout,unselected_random,0.499755859375,-0.00048828125,8
formal-08,interval,0.05,state_matched,unselected_random,0.793701171875,0.58740234375,8
formal-08,interval,0.05,cross_state_readout,unselected_random,0.486328125,-0.02734375,8
formal-08,interval,0.035,state_matched,group_matched_random,0.76806640625,0.5361328125,4
formal-08,interval,0.035,cross_state_readout,group_matched_random,0.498046875,-0.00390625,4
formal-08,interval,0.05,state_matched,group_matched_random,0.791015625,0.58203125,4
formal-08,interval,0.05,cross_state_readout,group_matched_random,0.5009765625,0.001953125,4
formal-09,interval,0.035,state_matched,random_search,0.78515625,0.5703125,1
formal-09,interval,0.035,cross_state_readout,random_search,0.501953125,0.00390625,1
formal-09,interval,0.05,state_matched,random_search,0.833984375,0.66796875,1
formal-09,interval,0.05,cross_state_readout,random_search,0.4921875,-0.015625,1
formal-09,interval,0.035,state_matched,local_search,0.78515625,0.5703125,1
formal-09,interval,0.035,cross_state_readout,local_search,0.501953125,0.00390625,1
formal-09,interval,0.05,state_matched,local_search,0.833984375,0.66796875,1
formal-09,interval,0.05,cross_state_readout,local_search,0.4921875,-0.015625,1
formal-09,interval,0.035,state_matched,population_search,0.78515625,0.5703125,1
formal-09,interval,0.035,cross_state_readout,population_search,0.501953125,0.00390625,1
formal-09,interval,0.05,state_matched,population_search,0.833984375,0.66796875,1
formal-09,interval,0.05,cross_state_readout,population_search,0.4921875,-0.015625,1
formal-09,interval,0.035,state_matched,specialist_pool_0.035,0.78515625,0.5703125,1
formal-09,interval,0.035,cross_state_readout,specialist_pool_0.035,0.501953125,0.00390625,1
formal-09,interval,0.05,state_matched,specialist_pool_0.035,0.833984375,0.66796875,1
formal-09,interval,0.05,cross_state_readout,specialist_pool_0.035,0.4921875,-0.015625,1
formal-09,interval,0.035,state_matched,specialist_pool_0.05,0.802734375,0.60546875,1
formal-09,interval,0.035,cross_state_readout,specialist_pool_0.05,0.501953125,0.00390625,1
formal-09,interval,0.05,state_matched,specialist_pool_0.05,0.85546875,0.7109375,1
formal-09,interval,0.05,cross_state_readout,specialist_pool_0.05,0.5,0.0,1
formal-09,interval,0.035,state_matched,high_degree,0.705078125,0.41015625,1
formal-09,interval,0.035,cross_state_readout,high_degree,0.5,0.0,1
formal-09,interval,0.05,state_matched,high_degree,0.81640625,0.6328125,1
formal-09,interval,0.05,cross_state_readout,high_degree,0.5,0.0,1
formal-09,interval,0.035,state_matched,spectral,0.6875,0.375,1
formal-09,interval,0.035,cross_state_readout,spectral,0.5,0.0,1
formal-09,interval,0.05,state_matched,spectral,0.771484375,0.54296875,1
formal-09,interval,0.05,cross_state_readout,spectral,0.5,0.0,1
formal-09,interval,0.035,state_matched,input_energy_degree,0.689453125,0.37890625,1
formal-09,interval,0.035,cross_state_readout,input_energy_degree,0.49609375,-0.0078125,1
formal-09,interval,0.05,state_matched,input_energy_degree,0.689453125,0.37890625,1
formal-09,interval,0.05,cross_state_readout,input_energy_degree,0.49609375,-0.0078125,1
formal-09,interval,0.035,state_matched,input_quota_random,0.693359375,0.38671875,1
formal-09,interval,0.035,cross_state_readout,input_quota_random,0.5234375,0.046875,1
formal-09,interval,0.05,state_matched,input_quota_random,0.828125,0.65625,1
formal-09,interval,0.05,cross_state_readout,input_quota_random,0.498046875,-0.00390625,1
formal-09,interval,0.035,state_matched,unselected_random,0.76318359375,0.5263671875,8
formal-09,interval,0.035,cross_state_readout,unselected_random,0.502685546875,0.00537109375,8
formal-09,interval,0.05,state_matched,unselected_random,0.80419921875,0.6083984375,8
formal-09,interval,0.05,cross_state_readout,unselected_random,0.492431640625,-0.01513671875,8
formal-09,interval,0.035,state_matched,group_matched_random,0.76611328125,0.5322265625,4
formal-09,interval,0.035,cross_state_readout,group_matched_random,0.4990234375,-0.001953125,4
formal-09,interval,0.05,state_matched,group_matched_random,0.828125,0.65625,4
formal-09,interval,0.05,cross_state_readout,group_matched_random,0.4755859375,-0.048828125,4
formal-10,interval,0.035,state_matched,random_search,0.796875,0.59375,1
formal-10,interval,0.035,cross_state_readout,random_search,0.5,0.0,1
formal-10,interval,0.05,state_matched,random_search,0.841796875,0.68359375,1
formal-10,interval,0.05,cross_state_readout,random_search,0.5,0.0,1
formal-10,interval,0.035,state_matched,local_search,0.7734375,0.546875,1
formal-10,interval,0.035,cross_state_readout,local_search,0.509765625,0.01953125,1
formal-10,interval,0.05,state_matched,local_search,0.83203125,0.6640625,1
formal-10,interval,0.05,cross_state_readout,local_search,0.49609375,-0.0078125,1
formal-10,interval,0.035,state_matched,population_search,0.8046875,0.609375,1
formal-10,interval,0.035,cross_state_readout,population_search,0.505859375,0.01171875,1
formal-10,interval,0.05,state_matched,population_search,0.82421875,0.6484375,1
formal-10,interval,0.05,cross_state_readout,population_search,0.435546875,-0.12890625,1
formal-10,interval,0.035,state_matched,specialist_pool_0.035,0.8046875,0.609375,1
formal-10,interval,0.035,cross_state_readout,specialist_pool_0.035,0.505859375,0.01171875,1
formal-10,interval,0.05,state_matched,specialist_pool_0.035,0.82421875,0.6484375,1
formal-10,interval,0.05,cross_state_readout,specialist_pool_0.035,0.435546875,-0.12890625,1
formal-10,interval,0.035,state_matched,specialist_pool_0.05,0.763671875,0.52734375,1
formal-10,interval,0.035,cross_state_readout,specialist_pool_0.05,0.4765625,-0.046875,1
formal-10,interval,0.05,state_matched,specialist_pool_0.05,0.892578125,0.78515625,1
formal-10,interval,0.05,cross_state_readout,specialist_pool_0.05,0.482421875,-0.03515625,1
formal-10,interval,0.035,state_matched,high_degree,0.681640625,0.36328125,1
formal-10,interval,0.035,cross_state_readout,high_degree,0.5,0.0,1
formal-10,interval,0.05,state_matched,high_degree,0.80859375,0.6171875,1
formal-10,interval,0.05,cross_state_readout,high_degree,0.486328125,-0.02734375,1
formal-10,interval,0.035,state_matched,spectral,0.71875,0.4375,1
formal-10,interval,0.035,cross_state_readout,spectral,0.5,0.0,1
formal-10,interval,0.05,state_matched,spectral,0.814453125,0.62890625,1
formal-10,interval,0.05,cross_state_readout,spectral,0.5,0.0,1
formal-10,interval,0.035,state_matched,input_energy_degree,0.65234375,0.3046875,1
formal-10,interval,0.035,cross_state_readout,input_energy_degree,0.51953125,0.0390625,1
formal-10,interval,0.05,state_matched,input_energy_degree,0.697265625,0.39453125,1
formal-10,interval,0.05,cross_state_readout,input_energy_degree,0.5,0.0,1
formal-10,interval,0.035,state_matched,input_quota_random,0.755859375,0.51171875,1
formal-10,interval,0.035,cross_state_readout,input_quota_random,0.498046875,-0.00390625,1
formal-10,interval,0.05,state_matched,input_quota_random,0.837890625,0.67578125,1
formal-10,interval,0.05,cross_state_readout,input_quota_random,0.556640625,0.11328125,1
formal-10,interval,0.035,state_matched,unselected_random,0.75927734375,0.5185546875,8
formal-10,interval,0.035,cross_state_readout,unselected_random,0.502197265625,0.00439453125,8
formal-10,interval,0.05,state_matched,unselected_random,0.843994140625,0.68798828125,8
formal-10,interval,0.05,cross_state_readout,unselected_random,0.47607421875,-0.0478515625,8
formal-10,interval,0.035,state_matched,group_matched_random,0.73291015625,0.4658203125,4
formal-10,interval,0.035,cross_state_readout,group_matched_random,0.50048828125,0.0009765625,4
formal-10,interval,0.05,state_matched,group_matched_random,0.857421875,0.71484375,4
formal-10,interval,0.05,cross_state_readout,group_matched_random,0.4609375,-0.078125,4
formal-11,interval,0.035,state_matched,random_search,0.755859375,0.51171875,1
formal-11,interval,0.035,cross_state_readout,random_search,0.509765625,0.01953125,1
formal-11,interval,0.05,state_matched,random_search,0.857421875,0.71484375,1
formal-11,interval,0.05,cross_state_readout,random_search,0.5,0.0,1
formal-11,interval,0.035,state_matched,local_search,0.76953125,0.5390625,1
formal-11,interval,0.035,cross_state_readout,local_search,0.494140625,-0.01171875,1
formal-11,interval,0.05,state_matched,local_search,0.833984375,0.66796875,1
formal-11,interval,0.05,cross_state_readout,local_search,0.5,0.0,1
formal-11,interval,0.035,state_matched,population_search,0.744140625,0.48828125,1
formal-11,interval,0.035,cross_state_readout,population_search,0.5,0.0,1
formal-11,interval,0.05,state_matched,population_search,0.765625,0.53125,1
formal-11,interval,0.05,cross_state_readout,population_search,0.50390625,0.0078125,1
formal-11,interval,0.035,state_matched,specialist_pool_0.035,0.740234375,0.48046875,1
formal-11,interval,0.035,cross_state_readout,specialist_pool_0.035,0.5,0.0,1
formal-11,interval,0.05,state_matched,specialist_pool_0.035,0.78125,0.5625,1
formal-11,interval,0.05,cross_state_readout,specialist_pool_0.035,0.455078125,-0.08984375,1
formal-11,interval,0.035,state_matched,specialist_pool_0.05,0.7421875,0.484375,1
formal-11,interval,0.035,cross_state_readout,specialist_pool_0.05,0.494140625,-0.01171875,1
formal-11,interval,0.05,state_matched,specialist_pool_0.05,0.857421875,0.71484375,1
formal-11,interval,0.05,cross_state_readout,specialist_pool_0.05,0.5,0.0,1
formal-11,interval,0.035,state_matched,high_degree,0.705078125,0.41015625,1
formal-11,interval,0.035,cross_state_readout,high_degree,0.5,0.0,1
formal-11,interval,0.05,state_matched,high_degree,0.8359375,0.671875,1
formal-11,interval,0.05,cross_state_readout,high_degree,0.47265625,-0.0546875,1
formal-11,interval,0.035,state_matched,spectral,0.7109375,0.421875,1
formal-11,interval,0.035,cross_state_readout,spectral,0.5,0.0,1
formal-11,interval,0.05,state_matched,spectral,0.841796875,0.68359375,1
formal-11,interval,0.05,cross_state_readout,spectral,0.494140625,-0.01171875,1
formal-11,interval,0.035,state_matched,input_energy_degree,0.673828125,0.34765625,1
formal-11,interval,0.035,cross_state_readout,input_energy_degree,0.50390625,0.0078125,1
formal-11,interval,0.05,state_matched,input_energy_degree,0.701171875,0.40234375,1
formal-11,interval,0.05,cross_state_readout,input_energy_degree,0.509765625,0.01953125,1
formal-11,interval,0.035,state_matched,input_quota_random,0.716796875,0.43359375,1
formal-11,interval,0.035,cross_state_readout,input_quota_random,0.501953125,0.00390625,1
formal-11,interval,0.05,state_matched,input_quota_random,0.77734375,0.5546875,1
formal-11,interval,0.05,cross_state_readout,input_quota_random,0.474609375,-0.05078125,1
formal-11,interval,0.035,state_matched,unselected_random,0.751708984375,0.50341796875,8
formal-11,interval,0.035,cross_state_readout,unselected_random,0.506591796875,0.01318359375,8
formal-11,interval,0.05,state_matched,unselected_random,0.81591796875,0.6318359375,8
formal-11,interval,0.05,cross_state_readout,unselected_random,0.483642578125,-0.03271484375,8
formal-11,interval,0.035,state_matched,group_matched_random,0.7646484375,0.529296875,4
formal-11,interval,0.035,cross_state_readout,group_matched_random,0.484375,-0.03125,4
formal-11,interval,0.05,state_matched,group_matched_random,0.80029296875,0.6005859375,4
formal-11,interval,0.05,cross_state_readout,group_matched_random,0.45458984375,-0.0908203125,4
formal-12,interval,0.035,state_matched,random_search,0.771484375,0.54296875,1
formal-12,interval,0.035,cross_state_readout,random_search,0.48828125,-0.0234375,1
formal-12,interval,0.05,state_matched,random_search,0.822265625,0.64453125,1
formal-12,interval,0.05,cross_state_readout,random_search,0.5,0.0,1
formal-12,interval,0.035,state_matched,local_search,0.791015625,0.58203125,1
formal-12,interval,0.035,cross_state_readout,local_search,0.505859375,0.01171875,1
formal-12,interval,0.05,state_matched,local_search,0.77734375,0.5546875,1
formal-12,interval,0.05,cross_state_readout,local_search,0.5,0.0,1
formal-12,interval,0.035,state_matched,population_search,0.771484375,0.54296875,1
formal-12,interval,0.035,cross_state_readout,population_search,0.48828125,-0.0234375,1
formal-12,interval,0.05,state_matched,population_search,0.822265625,0.64453125,1
formal-12,interval,0.05,cross_state_readout,population_search,0.5,0.0,1
formal-12,interval,0.035,state_matched,specialist_pool_0.035,0.771484375,0.54296875,1
formal-12,interval,0.035,cross_state_readout,specialist_pool_0.035,0.48828125,-0.0234375,1
formal-12,interval,0.05,state_matched,specialist_pool_0.035,0.822265625,0.64453125,1
formal-12,interval,0.05,cross_state_readout,specialist_pool_0.035,0.5,0.0,1
formal-12,interval,0.035,state_matched,specialist_pool_0.05,0.736328125,0.47265625,1
formal-12,interval,0.035,cross_state_readout,specialist_pool_0.05,0.5,0.0,1
formal-12,interval,0.05,state_matched,specialist_pool_0.05,0.869140625,0.73828125,1
formal-12,interval,0.05,cross_state_readout,specialist_pool_0.05,0.490234375,-0.01953125,1
formal-12,interval,0.035,state_matched,high_degree,0.6953125,0.390625,1
formal-12,interval,0.035,cross_state_readout,high_degree,0.4921875,-0.015625,1
formal-12,interval,0.05,state_matched,high_degree,0.76171875,0.5234375,1
formal-12,interval,0.05,cross_state_readout,high_degree,0.5,0.0,1
formal-12,interval,0.035,state_matched,spectral,0.701171875,0.40234375,1
formal-12,interval,0.035,cross_state_readout,spectral,0.455078125,-0.08984375,1
formal-12,interval,0.05,state_matched,spectral,0.775390625,0.55078125,1
formal-12,interval,0.05,cross_state_readout,spectral,0.5,0.0,1
formal-12,interval,0.035,state_matched,input_energy_degree,0.703125,0.40625,1
formal-12,interval,0.035,cross_state_readout,input_energy_degree,0.5,0.0,1
formal-12,interval,0.05,state_matched,input_energy_degree,0.7109375,0.421875,1
formal-12,interval,0.05,cross_state_readout,input_energy_degree,0.46484375,-0.0703125,1
formal-12,interval,0.035,state_matched,input_quota_random,0.771484375,0.54296875,1
formal-12,interval,0.035,cross_state_readout,input_quota_random,0.5,0.0,1
formal-12,interval,0.05,state_matched,input_quota_random,0.830078125,0.66015625,1
formal-12,interval,0.05,cross_state_readout,input_quota_random,0.5,0.0,1
formal-12,interval,0.035,state_matched,unselected_random,0.761474609375,0.52294921875,8
formal-12,interval,0.035,cross_state_readout,unselected_random,0.494873046875,-0.01025390625,8
formal-12,interval,0.05,state_matched,unselected_random,0.835205078125,0.67041015625,8
formal-12,interval,0.05,cross_state_readout,unselected_random,0.497314453125,-0.00537109375,8
formal-12,interval,0.035,state_matched,group_matched_random,0.74365234375,0.4873046875,4
formal-12,interval,0.035,cross_state_readout,group_matched_random,0.498046875,-0.00390625,4
formal-12,interval,0.05,state_matched,group_matched_random,0.8662109375,0.732421875,4
formal-12,interval,0.05,cross_state_readout,group_matched_random,0.4833984375,-0.033203125,4
formal-01,evidence_accumulation,0.035,state_matched,random_search,0.787109375,0.57421875,1
formal-01,evidence_accumulation,0.035,cross_state_readout,random_search,0.443359375,-0.11328125,1
formal-01,evidence_accumulation,0.05,state_matched,random_search,0.83203125,0.6640625,1
formal-01,evidence_accumulation,0.05,cross_state_readout,random_search,0.5078125,0.015625,1
formal-01,evidence_accumulation,0.035,state_matched,local_search,0.740234375,0.48046875,1
formal-01,evidence_accumulation,0.035,cross_state_readout,local_search,0.474609375,-0.05078125,1
formal-01,evidence_accumulation,0.05,state_matched,local_search,0.8125,0.625,1
formal-01,evidence_accumulation,0.05,cross_state_readout,local_search,0.5,0.0,1
formal-01,evidence_accumulation,0.035,state_matched,population_search,0.78125,0.5625,1
formal-01,evidence_accumulation,0.035,cross_state_readout,population_search,0.482421875,-0.03515625,1
formal-01,evidence_accumulation,0.05,state_matched,population_search,0.767578125,0.53515625,1
formal-01,evidence_accumulation,0.05,cross_state_readout,population_search,0.5,0.0,1
formal-01,evidence_accumulation,0.035,state_matched,specialist_pool_0.035,0.759765625,0.51953125,1
formal-01,evidence_accumulation,0.035,cross_state_readout,specialist_pool_0.035,0.525390625,0.05078125,1
formal-01,evidence_accumulation,0.05,state_matched,specialist_pool_0.035,0.78515625,0.5703125,1
formal-01,evidence_accumulation,0.05,cross_state_readout,specialist_pool_0.035,0.4921875,-0.015625,1
formal-01,evidence_accumulation,0.035,state_matched,specialist_pool_0.05,0.7578125,0.515625,1
formal-01,evidence_accumulation,0.035,cross_state_readout,specialist_pool_0.05,0.546875,0.09375,1
formal-01,evidence_accumulation,0.05,state_matched,specialist_pool_0.05,0.787109375,0.57421875,1
formal-01,evidence_accumulation,0.05,cross_state_readout,specialist_pool_0.05,0.509765625,0.01953125,1
formal-01,evidence_accumulation,0.035,state_matched,high_degree,0.75390625,0.5078125,1
formal-01,evidence_accumulation,0.035,cross_state_readout,high_degree,0.515625,0.03125,1
formal-01,evidence_accumulation,0.05,state_matched,high_degree,0.7734375,0.546875,1
formal-01,evidence_accumulation,0.05,cross_state_readout,high_degree,0.5,0.0,1
formal-01,evidence_accumulation,0.035,state_matched,spectral,0.748046875,0.49609375,1
formal-01,evidence_accumulation,0.035,cross_state_readout,spectral,0.458984375,-0.08203125,1
formal-01,evidence_accumulation,0.05,state_matched,spectral,0.78125,0.5625,1
formal-01,evidence_accumulation,0.05,cross_state_readout,spectral,0.4140625,-0.171875,1
formal-01,evidence_accumulation,0.035,state_matched,input_energy_degree,0.69921875,0.3984375,1
formal-01,evidence_accumulation,0.035,cross_state_readout,input_energy_degree,0.46875,-0.0625,1
formal-01,evidence_accumulation,0.05,state_matched,input_energy_degree,0.70703125,0.4140625,1
formal-01,evidence_accumulation,0.05,cross_state_readout,input_energy_degree,0.5546875,0.109375,1
formal-01,evidence_accumulation,0.035,state_matched,input_quota_random,0.767578125,0.53515625,1
formal-01,evidence_accumulation,0.035,cross_state_readout,input_quota_random,0.4921875,-0.015625,1
formal-01,evidence_accumulation,0.05,state_matched,input_quota_random,0.78125,0.5625,1
formal-01,evidence_accumulation,0.05,cross_state_readout,input_quota_random,0.49609375,-0.0078125,1
formal-01,evidence_accumulation,0.035,state_matched,unselected_random,0.76220703125,0.5244140625,8
formal-01,evidence_accumulation,0.035,cross_state_readout,unselected_random,0.5009765625,0.001953125,8
formal-01,evidence_accumulation,0.05,state_matched,unselected_random,0.78173828125,0.5634765625,8
formal-01,evidence_accumulation,0.05,cross_state_readout,unselected_random,0.48974609375,-0.0205078125,8
formal-01,evidence_accumulation,0.035,state_matched,group_matched_random,0.79736328125,0.5947265625,4
formal-01,evidence_accumulation,0.035,cross_state_readout,group_matched_random,0.4697265625,-0.060546875,4
formal-01,evidence_accumulation,0.05,state_matched,group_matched_random,0.77294921875,0.5458984375,4
formal-01,evidence_accumulation,0.05,cross_state_readout,group_matched_random,0.50048828125,0.0009765625,4
formal-02,evidence_accumulation,0.035,state_matched,random_search,0.78125,0.5625,1
formal-02,evidence_accumulation,0.035,cross_state_readout,random_search,0.458984375,-0.08203125,1
formal-02,evidence_accumulation,0.05,state_matched,random_search,0.80859375,0.6171875,1
formal-02,evidence_accumulation,0.05,cross_state_readout,random_search,0.4921875,-0.015625,1
formal-02,evidence_accumulation,0.035,state_matched,local_search,0.78125,0.5625,1
formal-02,evidence_accumulation,0.035,cross_state_readout,local_search,0.458984375,-0.08203125,1
formal-02,evidence_accumulation,0.05,state_matched,local_search,0.80859375,0.6171875,1
formal-02,evidence_accumulation,0.05,cross_state_readout,local_search,0.4921875,-0.015625,1
formal-02,evidence_accumulation,0.035,state_matched,population_search,0.755859375,0.51171875,1
formal-02,evidence_accumulation,0.035,cross_state_readout,population_search,0.505859375,0.01171875,1
formal-02,evidence_accumulation,0.05,state_matched,population_search,0.814453125,0.62890625,1
formal-02,evidence_accumulation,0.05,cross_state_readout,population_search,0.57421875,0.1484375,1
formal-02,evidence_accumulation,0.035,state_matched,specialist_pool_0.035,0.755859375,0.51171875,1
formal-02,evidence_accumulation,0.035,cross_state_readout,specialist_pool_0.035,0.505859375,0.01171875,1
formal-02,evidence_accumulation,0.05,state_matched,specialist_pool_0.035,0.814453125,0.62890625,1
formal-02,evidence_accumulation,0.05,cross_state_readout,specialist_pool_0.035,0.57421875,0.1484375,1
formal-02,evidence_accumulation,0.035,state_matched,specialist_pool_0.05,0.734375,0.46875,1
formal-02,evidence_accumulation,0.035,cross_state_readout,specialist_pool_0.05,0.53125,0.0625,1
formal-02,evidence_accumulation,0.05,state_matched,specialist_pool_0.05,0.818359375,0.63671875,1
formal-02,evidence_accumulation,0.05,cross_state_readout,specialist_pool_0.05,0.5,0.0,1
formal-02,evidence_accumulation,0.035,state_matched,high_degree,0.748046875,0.49609375,1
formal-02,evidence_accumulation,0.035,cross_state_readout,high_degree,0.419921875,-0.16015625,1
formal-02,evidence_accumulation,0.05,state_matched,high_degree,0.806640625,0.61328125,1
formal-02,evidence_accumulation,0.05,cross_state_readout,high_degree,0.498046875,-0.00390625,1
formal-02,evidence_accumulation,0.035,state_matched,spectral,0.7578125,0.515625,1
formal-02,evidence_accumulation,0.035,cross_state_readout,spectral,0.486328125,-0.02734375,1
formal-02,evidence_accumulation,0.05,state_matched,spectral,0.72265625,0.4453125,1
formal-02,evidence_accumulation,0.05,cross_state_readout,spectral,0.568359375,0.13671875,1
formal-02,evidence_accumulation,0.035,state_matched,input_energy_degree,0.677734375,0.35546875,1
formal-02,evidence_accumulation,0.035,cross_state_readout,input_energy_degree,0.4140625,-0.171875,1
formal-02,evidence_accumulation,0.05,state_matched,input_energy_degree,0.748046875,0.49609375,1
formal-02,evidence_accumulation,0.05,cross_state_readout,input_energy_degree,0.5,0.0,1
formal-02,evidence_accumulation,0.035,state_matched,input_quota_random,0.732421875,0.46484375,1
formal-02,evidence_accumulation,0.035,cross_state_readout,input_quota_random,0.484375,-0.03125,1
formal-02,evidence_accumulation,0.05,state_matched,input_quota_random,0.798828125,0.59765625,1
formal-02,evidence_accumulation,0.05,cross_state_readout,input_quota_random,0.501953125,0.00390625,1
formal-02,evidence_accumulation,0.035,state_matched,unselected_random,0.757080078125,0.51416015625,8
formal-02,evidence_accumulation,0.035,cross_state_readout,unselected_random,0.482421875,-0.03515625,8
formal-02,evidence_accumulation,0.05,state_matched,unselected_random,0.7978515625,0.595703125,8
formal-02,evidence_accumulation,0.05,cross_state_readout,unselected_random,0.49658203125,-0.0068359375,8
formal-02,evidence_accumulation,0.035,state_matched,group_matched_random,0.75732421875,0.5146484375,4
formal-02,evidence_accumulation,0.035,cross_state_readout,group_matched_random,0.462890625,-0.07421875,4
formal-02,evidence_accumulation,0.05,state_matched,group_matched_random,0.78125,0.5625,4
formal-02,evidence_accumulation,0.05,cross_state_readout,group_matched_random,0.49365234375,-0.0126953125,4
formal-03,evidence_accumulation,0.035,state_matched,random_search,0.736328125,0.47265625,1
formal-03,evidence_accumulation,0.035,cross_state_readout,random_search,0.5078125,0.015625,1
formal-03,evidence_accumulation,0.05,state_matched,random_search,0.802734375,0.60546875,1
formal-03,evidence_accumulation,0.05,cross_state_readout,random_search,0.5,0.0,1
formal-03,evidence_accumulation,0.035,state_matched,local_search,0.759765625,0.51953125,1
formal-03,evidence_accumulation,0.035,cross_state_readout,local_search,0.482421875,-0.03515625,1
formal-03,evidence_accumulation,0.05,state_matched,local_search,0.822265625,0.64453125,1
formal-03,evidence_accumulation,0.05,cross_state_readout,local_search,0.5,0.0,1
formal-03,evidence_accumulation,0.035,state_matched,population_search,0.78515625,0.5703125,1
formal-03,evidence_accumulation,0.035,cross_state_readout,population_search,0.529296875,0.05859375,1
formal-03,evidence_accumulation,0.05,state_matched,population_search,0.798828125,0.59765625,1
formal-03,evidence_accumulation,0.05,cross_state_readout,population_search,0.498046875,-0.00390625,1
formal-03,evidence_accumulation,0.035,state_matched,specialist_pool_0.035,0.775390625,0.55078125,1
formal-03,evidence_accumulation,0.035,cross_state_readout,specialist_pool_0.035,0.40625,-0.1875,1
formal-03,evidence_accumulation,0.05,state_matched,specialist_pool_0.035,0.771484375,0.54296875,1
formal-03,evidence_accumulation,0.05,cross_state_readout,specialist_pool_0.035,0.498046875,-0.00390625,1
formal-03,evidence_accumulation,0.035,state_matched,specialist_pool_0.05,0.763671875,0.52734375,1
formal-03,evidence_accumulation,0.035,cross_state_readout,specialist_pool_0.05,0.548828125,0.09765625,1
formal-03,evidence_accumulation,0.05,state_matched,specialist_pool_0.05,0.791015625,0.58203125,1
formal-03,evidence_accumulation,0.05,cross_state_readout,specialist_pool_0.05,0.5,0.0,1
formal-03,evidence_accumulation,0.035,state_matched,high_degree,0.76953125,0.5390625,1
formal-03,evidence_accumulation,0.035,cross_state_readout,high_degree,0.470703125,-0.05859375,1
formal-03,evidence_accumulation,0.05,state_matched,high_degree,0.78515625,0.5703125,1
formal-03,evidence_accumulation,0.05,cross_state_readout,high_degree,0.5,0.0,1
formal-03,evidence_accumulation,0.035,state_matched,spectral,0.77734375,0.5546875,1
formal-03,evidence_accumulation,0.035,cross_state_readout,spectral,0.439453125,-0.12109375,1
formal-03,evidence_accumulation,0.05,state_matched,spectral,0.8125,0.625,1
formal-03,evidence_accumulation,0.05,cross_state_readout,spectral,0.5,0.0,1
formal-03,evidence_accumulation,0.035,state_matched,input_energy_degree,0.705078125,0.41015625,1
formal-03,evidence_accumulation,0.035,cross_state_readout,input_energy_degree,0.48828125,-0.0234375,1
formal-03,evidence_accumulation,0.05,state_matched,input_energy_degree,0.740234375,0.48046875,1
formal-03,evidence_accumulation,0.05,cross_state_readout,input_energy_degree,0.490234375,-0.01953125,1
formal-03,evidence_accumulation,0.035,state_matched,input_quota_random,0.724609375,0.44921875,1
formal-03,evidence_accumulation,0.035,cross_state_readout,input_quota_random,0.541015625,0.08203125,1
formal-03,evidence_accumulation,0.05,state_matched,input_quota_random,0.794921875,0.58984375,1
formal-03,evidence_accumulation,0.05,cross_state_readout,input_quota_random,0.494140625,-0.01171875,1
formal-03,evidence_accumulation,0.035,state_matched,unselected_random,0.750244140625,0.50048828125,8
formal-03,evidence_accumulation,0.035,cross_state_readout,unselected_random,0.501708984375,0.00341796875,8
formal-03,evidence_accumulation,0.05,state_matched,unselected_random,0.786376953125,0.57275390625,8
formal-03,evidence_accumulation,0.05,cross_state_readout,unselected_random,0.495849609375,-0.00830078125,8
formal-03,evidence_accumulation,0.035,state_matched,group_matched_random,0.76025390625,0.5205078125,4
formal-03,evidence_accumulation,0.035,cross_state_readout,group_matched_random,0.44189453125,-0.1162109375,4
formal-03,evidence_accumulation,0.05,state_matched,group_matched_random,0.8037109375,0.607421875,4
formal-03,evidence_accumulation,0.05,cross_state_readout,group_matched_random,0.49951171875,-0.0009765625,4
formal-04,evidence_accumulation,0.035,state_matched,random_search,0.76953125,0.5390625,1
formal-04,evidence_accumulation,0.035,cross_state_readout,random_search,0.474609375,-0.05078125,1
formal-04,evidence_accumulation,0.05,state_matched,random_search,0.814453125,0.62890625,1
formal-04,evidence_accumulation,0.05,cross_state_readout,random_search,0.5,0.0,1
formal-04,evidence_accumulation,0.035,state_matched,local_search,0.79296875,0.5859375,1
formal-04,evidence_accumulation,0.035,cross_state_readout,local_search,0.49609375,-0.0078125,1
formal-04,evidence_accumulation,0.05,state_matched,local_search,0.79296875,0.5859375,1
formal-04,evidence_accumulation,0.05,cross_state_readout,local_search,0.505859375,0.01171875,1
formal-04,evidence_accumulation,0.035,state_matched,population_search,0.771484375,0.54296875,1
formal-04,evidence_accumulation,0.035,cross_state_readout,population_search,0.513671875,0.02734375,1
formal-04,evidence_accumulation,0.05,state_matched,population_search,0.78125,0.5625,1
formal-04,evidence_accumulation,0.05,cross_state_readout,population_search,0.5,0.0,1
formal-04,evidence_accumulation,0.035,state_matched,specialist_pool_0.035,0.771484375,0.54296875,1
formal-04,evidence_accumulation,0.035,cross_state_readout,specialist_pool_0.035,0.513671875,0.02734375,1
formal-04,evidence_accumulation,0.05,state_matched,specialist_pool_0.035,0.78125,0.5625,1
formal-04,evidence_accumulation,0.05,cross_state_readout,specialist_pool_0.035,0.5,0.0,1
formal-04,evidence_accumulation,0.035,state_matched,specialist_pool_0.05,0.73828125,0.4765625,1
formal-04,evidence_accumulation,0.035,cross_state_readout,specialist_pool_0.05,0.5,0.0,1
formal-04,evidence_accumulation,0.05,state_matched,specialist_pool_0.05,0.783203125,0.56640625,1
formal-04,evidence_accumulation,0.05,cross_state_readout,specialist_pool_0.05,0.498046875,-0.00390625,1
formal-04,evidence_accumulation,0.035,state_matched,high_degree,0.75,0.5,1
formal-04,evidence_accumulation,0.035,cross_state_readout,high_degree,0.458984375,-0.08203125,1
formal-04,evidence_accumulation,0.05,state_matched,high_degree,0.775390625,0.55078125,1
formal-04,evidence_accumulation,0.05,cross_state_readout,high_degree,0.482421875,-0.03515625,1
formal-04,evidence_accumulation,0.035,state_matched,spectral,0.763671875,0.52734375,1
formal-04,evidence_accumulation,0.035,cross_state_readout,spectral,0.4921875,-0.015625,1
formal-04,evidence_accumulation,0.05,state_matched,spectral,0.724609375,0.44921875,1
formal-04,evidence_accumulation,0.05,cross_state_readout,spectral,0.498046875,-0.00390625,1
formal-04,evidence_accumulation,0.035,state_matched,input_energy_degree,0.716796875,0.43359375,1
formal-04,evidence_accumulation,0.035,cross_state_readout,input_energy_degree,0.517578125,0.03515625,1
formal-04,evidence_accumulation,0.05,state_matched,input_energy_degree,0.75,0.5,1
formal-04,evidence_accumulation,0.05,cross_state_readout,input_energy_degree,0.466796875,-0.06640625,1
formal-04,evidence_accumulation,0.035,state_matched,input_quota_random,0.75,0.5,1
formal-04,evidence_accumulation,0.035,cross_state_readout,input_quota_random,0.576171875,0.15234375,1
formal-04,evidence_accumulation,0.05,state_matched,input_quota_random,0.763671875,0.52734375,1
formal-04,evidence_accumulation,0.05,cross_state_readout,input_quota_random,0.5,0.0,1
formal-04,evidence_accumulation,0.035,state_matched,unselected_random,0.756591796875,0.51318359375,8
formal-04,evidence_accumulation,0.035,cross_state_readout,unselected_random,0.4912109375,-0.017578125,8
formal-04,evidence_accumulation,0.05,state_matched,unselected_random,0.78857421875,0.5771484375,8
formal-04,evidence_accumulation,0.05,cross_state_readout,unselected_random,0.4833984375,-0.033203125,8
formal-04,evidence_accumulation,0.035,state_matched,group_matched_random,0.787109375,0.57421875,4
formal-04,evidence_accumulation,0.035,cross_state_readout,group_matched_random,0.5107421875,0.021484375,4
formal-04,evidence_accumulation,0.05,state_matched,group_matched_random,0.80810546875,0.6162109375,4
formal-04,evidence_accumulation,0.05,cross_state_readout,group_matched_random,0.49169921875,-0.0166015625,4
formal-05,evidence_accumulation,0.035,state_matched,random_search,0.787109375,0.57421875,1
formal-05,evidence_accumulation,0.035,cross_state_readout,random_search,0.50390625,0.0078125,1
formal-05,evidence_accumulation,0.05,state_matched,random_search,0.783203125,0.56640625,1
formal-05,evidence_accumulation,0.05,cross_state_readout,random_search,0.5,0.0,1
formal-05,evidence_accumulation,0.035,state_matched,local_search,0.748046875,0.49609375,1
formal-05,evidence_accumulation,0.035,cross_state_readout,local_search,0.4921875,-0.015625,1
formal-05,evidence_accumulation,0.05,state_matched,local_search,0.779296875,0.55859375,1
formal-05,evidence_accumulation,0.05,cross_state_readout,local_search,0.501953125,0.00390625,1
formal-05,evidence_accumulation,0.035,state_matched,population_search,0.748046875,0.49609375,1
formal-05,evidence_accumulation,0.035,cross_state_readout,population_search,0.4921875,-0.015625,1
formal-05,evidence_accumulation,0.05,state_matched,population_search,0.78515625,0.5703125,1
formal-05,evidence_accumulation,0.05,cross_state_readout,population_search,0.49609375,-0.0078125,1
formal-05,evidence_accumulation,0.035,state_matched,specialist_pool_0.035,0.779296875,0.55859375,1
formal-05,evidence_accumulation,0.035,cross_state_readout,specialist_pool_0.035,0.423828125,-0.15234375,1
formal-05,evidence_accumulation,0.05,state_matched,specialist_pool_0.035,0.81640625,0.6328125,1
formal-05,evidence_accumulation,0.05,cross_state_readout,specialist_pool_0.035,0.5,0.0,1
formal-05,evidence_accumulation,0.035,state_matched,specialist_pool_0.05,0.76953125,0.5390625,1
formal-05,evidence_accumulation,0.035,cross_state_readout,specialist_pool_0.05,0.51171875,0.0234375,1
formal-05,evidence_accumulation,0.05,state_matched,specialist_pool_0.05,0.80078125,0.6015625,1
formal-05,evidence_accumulation,0.05,cross_state_readout,specialist_pool_0.05,0.49609375,-0.0078125,1
formal-05,evidence_accumulation,0.035,state_matched,high_degree,0.744140625,0.48828125,1
formal-05,evidence_accumulation,0.035,cross_state_readout,high_degree,0.46875,-0.0625,1
formal-05,evidence_accumulation,0.05,state_matched,high_degree,0.79296875,0.5859375,1
formal-05,evidence_accumulation,0.05,cross_state_readout,high_degree,0.5,0.0,1
formal-05,evidence_accumulation,0.035,state_matched,spectral,0.744140625,0.48828125,1
formal-05,evidence_accumulation,0.035,cross_state_readout,spectral,0.48046875,-0.0390625,1
formal-05,evidence_accumulation,0.05,state_matched,spectral,0.787109375,0.57421875,1
formal-05,evidence_accumulation,0.05,cross_state_readout,spectral,0.5,0.0,1
formal-05,evidence_accumulation,0.035,state_matched,input_energy_degree,0.724609375,0.44921875,1
formal-05,evidence_accumulation,0.035,cross_state_readout,input_energy_degree,0.490234375,-0.01953125,1
formal-05,evidence_accumulation,0.05,state_matched,input_energy_degree,0.732421875,0.46484375,1
formal-05,evidence_accumulation,0.05,cross_state_readout,input_energy_degree,0.49609375,-0.0078125,1
formal-05,evidence_accumulation,0.035,state_matched,input_quota_random,0.794921875,0.58984375,1
formal-05,evidence_accumulation,0.035,cross_state_readout,input_quota_random,0.517578125,0.03515625,1
formal-05,evidence_accumulation,0.05,state_matched,input_quota_random,0.79296875,0.5859375,1
formal-05,evidence_accumulation,0.05,cross_state_readout,input_quota_random,0.5,0.0,1
formal-05,evidence_accumulation,0.035,state_matched,unselected_random,0.7451171875,0.490234375,8
formal-05,evidence_accumulation,0.035,cross_state_readout,unselected_random,0.497314453125,-0.00537109375,8
formal-05,evidence_accumulation,0.05,state_matched,unselected_random,0.781494140625,0.56298828125,8
formal-05,evidence_accumulation,0.05,cross_state_readout,unselected_random,0.49658203125,-0.0068359375,8
formal-05,evidence_accumulation,0.035,state_matched,group_matched_random,0.77587890625,0.5517578125,4
formal-05,evidence_accumulation,0.035,cross_state_readout,group_matched_random,0.49658203125,-0.0068359375,4
formal-05,evidence_accumulation,0.05,state_matched,group_matched_random,0.79248046875,0.5849609375,4
formal-05,evidence_accumulation,0.05,cross_state_readout,group_matched_random,0.48828125,-0.0234375,4
formal-06,evidence_accumulation,0.035,state_matched,random_search,0.79296875,0.5859375,1
formal-06,evidence_accumulation,0.035,cross_state_readout,random_search,0.501953125,0.00390625,1
formal-06,evidence_accumulation,0.05,state_matched,random_search,0.783203125,0.56640625,1
formal-06,evidence_accumulation,0.05,cross_state_readout,random_search,0.5,0.0,1
formal-06,evidence_accumulation,0.035,state_matched,local_search,0.80078125,0.6015625,1
formal-06,evidence_accumulation,0.035,cross_state_readout,local_search,0.634765625,0.26953125,1
formal-06,evidence_accumulation,0.05,state_matched,local_search,0.79296875,0.5859375,1
formal-06,evidence_accumulation,0.05,cross_state_readout,local_search,0.529296875,0.05859375,1
formal-06,evidence_accumulation,0.035,state_matched,population_search,0.73828125,0.4765625,1
formal-06,evidence_accumulation,0.035,cross_state_readout,population_search,0.509765625,0.01953125,1
formal-06,evidence_accumulation,0.05,state_matched,population_search,0.81640625,0.6328125,1
formal-06,evidence_accumulation,0.05,cross_state_readout,population_search,0.498046875,-0.00390625,1
formal-06,evidence_accumulation,0.035,state_matched,specialist_pool_0.035,0.767578125,0.53515625,1
formal-06,evidence_accumulation,0.035,cross_state_readout,specialist_pool_0.035,0.49609375,-0.0078125,1
formal-06,evidence_accumulation,0.05,state_matched,specialist_pool_0.035,0.787109375,0.57421875,1
formal-06,evidence_accumulation,0.05,cross_state_readout,specialist_pool_0.035,0.486328125,-0.02734375,1
formal-06,evidence_accumulation,0.035,state_matched,specialist_pool_0.05,0.732421875,0.46484375,1
formal-06,evidence_accumulation,0.035,cross_state_readout,specialist_pool_0.05,0.48046875,-0.0390625,1
formal-06,evidence_accumulation,0.05,state_matched,specialist_pool_0.05,0.763671875,0.52734375,1
formal-06,evidence_accumulation,0.05,cross_state_readout,specialist_pool_0.05,0.5,0.0,1
formal-06,evidence_accumulation,0.035,state_matched,high_degree,0.7734375,0.546875,1
formal-06,evidence_accumulation,0.035,cross_state_readout,high_degree,0.490234375,-0.01953125,1
formal-06,evidence_accumulation,0.05,state_matched,high_degree,0.802734375,0.60546875,1
formal-06,evidence_accumulation,0.05,cross_state_readout,high_degree,0.48828125,-0.0234375,1
formal-06,evidence_accumulation,0.035,state_matched,spectral,0.787109375,0.57421875,1
formal-06,evidence_accumulation,0.035,cross_state_readout,spectral,0.37109375,-0.2578125,1
formal-06,evidence_accumulation,0.05,state_matched,spectral,0.77734375,0.5546875,1
formal-06,evidence_accumulation,0.05,cross_state_readout,spectral,0.494140625,-0.01171875,1
formal-06,evidence_accumulation,0.035,state_matched,input_energy_degree,0.72265625,0.4453125,1
formal-06,evidence_accumulation,0.035,cross_state_readout,input_energy_degree,0.4921875,-0.015625,1
formal-06,evidence_accumulation,0.05,state_matched,input_energy_degree,0.724609375,0.44921875,1
formal-06,evidence_accumulation,0.05,cross_state_readout,input_energy_degree,0.5,0.0,1
formal-06,evidence_accumulation,0.035,state_matched,input_quota_random,0.74609375,0.4921875,1
formal-06,evidence_accumulation,0.035,cross_state_readout,input_quota_random,0.46875,-0.0625,1
formal-06,evidence_accumulation,0.05,state_matched,input_quota_random,0.80078125,0.6015625,1
formal-06,evidence_accumulation,0.05,cross_state_readout,input_quota_random,0.49609375,-0.0078125,1
formal-06,evidence_accumulation,0.035,state_matched,unselected_random,0.7529296875,0.505859375,8
formal-06,evidence_accumulation,0.035,cross_state_readout,unselected_random,0.474853515625,-0.05029296875,8
formal-06,evidence_accumulation,0.05,state_matched,unselected_random,0.79833984375,0.5966796875,8
formal-06,evidence_accumulation,0.05,cross_state_readout,unselected_random,0.507080078125,0.01416015625,8
formal-06,evidence_accumulation,0.035,state_matched,group_matched_random,0.7314453125,0.462890625,4
formal-06,evidence_accumulation,0.035,cross_state_readout,group_matched_random,0.50341796875,0.0068359375,4
formal-06,evidence_accumulation,0.05,state_matched,group_matched_random,0.79931640625,0.5986328125,4
formal-06,evidence_accumulation,0.05,cross_state_readout,group_matched_random,0.4990234375,-0.001953125,4
formal-07,evidence_accumulation,0.035,state_matched,random_search,0.80078125,0.6015625,1
formal-07,evidence_accumulation,0.035,cross_state_readout,random_search,0.509765625,0.01953125,1
formal-07,evidence_accumulation,0.05,state_matched,random_search,0.8046875,0.609375,1
formal-07,evidence_accumulation,0.05,cross_state_readout,random_search,0.517578125,0.03515625,1
formal-07,evidence_accumulation,0.035,state_matched,local_search,0.80078125,0.6015625,1
formal-07,evidence_accumulation,0.035,cross_state_readout,local_search,0.509765625,0.01953125,1
formal-07,evidence_accumulation,0.05,state_matched,local_search,0.8046875,0.609375,1
formal-07,evidence_accumulation,0.05,cross_state_readout,local_search,0.517578125,0.03515625,1
formal-07,evidence_accumulation,0.035,state_matched,population_search,0.80078125,0.6015625,1
formal-07,evidence_accumulation,0.035,cross_state_readout,population_search,0.509765625,0.01953125,1
formal-07,evidence_accumulation,0.05,state_matched,population_search,0.8046875,0.609375,1
formal-07,evidence_accumulation,0.05,cross_state_readout,population_search,0.517578125,0.03515625,1
formal-07,evidence_accumulation,0.035,state_matched,specialist_pool_0.035,0.80078125,0.6015625,1
formal-07,evidence_accumulation,0.035,cross_state_readout,specialist_pool_0.035,0.509765625,0.01953125,1
formal-07,evidence_accumulation,0.05,state_matched,specialist_pool_0.035,0.8046875,0.609375,1
formal-07,evidence_accumulation,0.05,cross_state_readout,specialist_pool_0.035,0.517578125,0.03515625,1
formal-07,evidence_accumulation,0.035,state_matched,specialist_pool_0.05,0.75,0.5,1
formal-07,evidence_accumulation,0.035,cross_state_readout,specialist_pool_0.05,0.44140625,-0.1171875,1
formal-07,evidence_accumulation,0.05,state_matched,specialist_pool_0.05,0.8125,0.625,1
formal-07,evidence_accumulation,0.05,cross_state_readout,specialist_pool_0.05,0.478515625,-0.04296875,1
formal-07,evidence_accumulation,0.035,state_matched,high_degree,0.75,0.5,1
formal-07,evidence_accumulation,0.035,cross_state_readout,high_degree,0.46484375,-0.0703125,1
formal-07,evidence_accumulation,0.05,state_matched,high_degree,0.765625,0.53125,1
formal-07,evidence_accumulation,0.05,cross_state_readout,high_degree,0.509765625,0.01953125,1
formal-07,evidence_accumulation,0.035,state_matched,spectral,0.759765625,0.51953125,1
formal-07,evidence_accumulation,0.035,cross_state_readout,spectral,0.4765625,-0.046875,1
formal-07,evidence_accumulation,0.05,state_matched,spectral,0.74609375,0.4921875,1
formal-07,evidence_accumulation,0.05,cross_state_readout,spectral,0.53515625,0.0703125,1
formal-07,evidence_accumulation,0.035,state_matched,input_energy_degree,0.728515625,0.45703125,1
formal-07,evidence_accumulation,0.035,cross_state_readout,input_energy_degree,0.486328125,-0.02734375,1
formal-07,evidence_accumulation,0.05,state_matched,input_energy_degree,0.736328125,0.47265625,1
formal-07,evidence_accumulation,0.05,cross_state_readout,input_energy_degree,0.455078125,-0.08984375,1
formal-07,evidence_accumulation,0.035,state_matched,input_quota_random,0.771484375,0.54296875,1
formal-07,evidence_accumulation,0.035,cross_state_readout,input_quota_random,0.50390625,0.0078125,1
formal-07,evidence_accumulation,0.05,state_matched,input_quota_random,0.837890625,0.67578125,1
formal-07,evidence_accumulation,0.05,cross_state_readout,input_quota_random,0.48046875,-0.0390625,1
formal-07,evidence_accumulation,0.035,state_matched,unselected_random,0.77099609375,0.5419921875,8
formal-07,evidence_accumulation,0.035,cross_state_readout,unselected_random,0.490966796875,-0.01806640625,8
formal-07,evidence_accumulation,0.05,state_matched,unselected_random,0.806640625,0.61328125,8
formal-07,evidence_accumulation,0.05,cross_state_readout,unselected_random,0.50244140625,0.0048828125,8
formal-07,evidence_accumulation,0.035,state_matched,group_matched_random,0.77392578125,0.5478515625,4
formal-07,evidence_accumulation,0.035,cross_state_readout,group_matched_random,0.51025390625,0.0205078125,4
formal-07,evidence_accumulation,0.05,state_matched,group_matched_random,0.80810546875,0.6162109375,4
formal-07,evidence_accumulation,0.05,cross_state_readout,group_matched_random,0.50439453125,0.0087890625,4
formal-08,evidence_accumulation,0.035,state_matched,random_search,0.748046875,0.49609375,1
formal-08,evidence_accumulation,0.035,cross_state_readout,random_search,0.515625,0.03125,1
formal-08,evidence_accumulation,0.05,state_matched,random_search,0.822265625,0.64453125,1
formal-08,evidence_accumulation,0.05,cross_state_readout,random_search,0.5,0.0,1
formal-08,evidence_accumulation,0.035,state_matched,local_search,0.748046875,0.49609375,1
formal-08,evidence_accumulation,0.035,cross_state_readout,local_search,0.51171875,0.0234375,1
formal-08,evidence_accumulation,0.05,state_matched,local_search,0.76953125,0.5390625,1
formal-08,evidence_accumulation,0.05,cross_state_readout,local_search,0.5,0.0,1
formal-08,evidence_accumulation,0.035,state_matched,population_search,0.75,0.5,1
formal-08,evidence_accumulation,0.035,cross_state_readout,population_search,0.509765625,0.01953125,1
formal-08,evidence_accumulation,0.05,state_matched,population_search,0.80859375,0.6171875,1
formal-08,evidence_accumulation,0.05,cross_state_readout,population_search,0.5,0.0,1
formal-08,evidence_accumulation,0.035,state_matched,specialist_pool_0.035,0.783203125,0.56640625,1
formal-08,evidence_accumulation,0.035,cross_state_readout,specialist_pool_0.035,0.50390625,0.0078125,1
formal-08,evidence_accumulation,0.05,state_matched,specialist_pool_0.035,0.787109375,0.57421875,1
formal-08,evidence_accumulation,0.05,cross_state_readout,specialist_pool_0.035,0.5,0.0,1
formal-08,evidence_accumulation,0.035,state_matched,specialist_pool_0.05,0.72265625,0.4453125,1
formal-08,evidence_accumulation,0.035,cross_state_readout,specialist_pool_0.05,0.51171875,0.0234375,1
formal-08,evidence_accumulation,0.05,state_matched,specialist_pool_0.05,0.779296875,0.55859375,1
formal-08,evidence_accumulation,0.05,cross_state_readout,specialist_pool_0.05,0.501953125,0.00390625,1
formal-08,evidence_accumulation,0.035,state_matched,high_degree,0.705078125,0.41015625,1
formal-08,evidence_accumulation,0.035,cross_state_readout,high_degree,0.484375,-0.03125,1
formal-08,evidence_accumulation,0.05,state_matched,high_degree,0.775390625,0.55078125,1
formal-08,evidence_accumulation,0.05,cross_state_readout,high_degree,0.48828125,-0.0234375,1
formal-08,evidence_accumulation,0.035,state_matched,spectral,0.744140625,0.48828125,1
formal-08,evidence_accumulation,0.035,cross_state_readout,spectral,0.494140625,-0.01171875,1
formal-08,evidence_accumulation,0.05,state_matched,spectral,0.779296875,0.55859375,1
formal-08,evidence_accumulation,0.05,cross_state_readout,spectral,0.44140625,-0.1171875,1
formal-08,evidence_accumulation,0.035,state_matched,input_energy_degree,0.71484375,0.4296875,1
formal-08,evidence_accumulation,0.035,cross_state_readout,input_energy_degree,0.59375,0.1875,1
formal-08,evidence_accumulation,0.05,state_matched,input_energy_degree,0.7421875,0.484375,1
formal-08,evidence_accumulation,0.05,cross_state_readout,input_energy_degree,0.501953125,0.00390625,1
formal-08,evidence_accumulation,0.035,state_matched,input_quota_random,0.734375,0.46875,1
formal-08,evidence_accumulation,0.035,cross_state_readout,input_quota_random,0.455078125,-0.08984375,1
formal-08,evidence_accumulation,0.05,state_matched,input_quota_random,0.796875,0.59375,1
formal-08,evidence_accumulation,0.05,cross_state_readout,input_quota_random,0.5,0.0,1
formal-08,evidence_accumulation,0.035,state_matched,unselected_random,0.74951171875,0.4990234375,8
formal-08,evidence_accumulation,0.035,cross_state_readout,unselected_random,0.461669921875,-0.07666015625,8
formal-08,evidence_accumulation,0.05,state_matched,unselected_random,0.786865234375,0.57373046875,8
formal-08,evidence_accumulation,0.05,cross_state_readout,unselected_random,0.50830078125,0.0166015625,8
formal-08,evidence_accumulation,0.035,state_matched,group_matched_random,0.75048828125,0.5009765625,4
formal-08,evidence_accumulation,0.035,cross_state_readout,group_matched_random,0.47314453125,-0.0537109375,4
formal-08,evidence_accumulation,0.05,state_matched,group_matched_random,0.77392578125,0.5478515625,4
formal-08,evidence_accumulation,0.05,cross_state_readout,group_matched_random,0.5048828125,0.009765625,4
formal-09,evidence_accumulation,0.035,state_matched,random_search,0.78125,0.5625,1
formal-09,evidence_accumulation,0.035,cross_state_readout,random_search,0.490234375,-0.01953125,1
formal-09,evidence_accumulation,0.05,state_matched,random_search,0.79296875,0.5859375,1
formal-09,evidence_accumulation,0.05,cross_state_readout,random_search,0.5,0.0,1
formal-09,evidence_accumulation,0.035,state_matched,local_search,0.765625,0.53125,1
formal-09,evidence_accumulation,0.035,cross_state_readout,local_search,0.404296875,-0.19140625,1
formal-09,evidence_accumulation,0.05,state_matched,local_search,0.775390625,0.55078125,1
formal-09,evidence_accumulation,0.05,cross_state_readout,local_search,0.498046875,-0.00390625,1
formal-09,evidence_accumulation,0.035,state_matched,population_search,0.794921875,0.58984375,1
formal-09,evidence_accumulation,0.035,cross_state_readout,population_search,0.478515625,-0.04296875,1
formal-09,evidence_accumulation,0.05,state_matched,population_search,0.796875,0.59375,1
formal-09,evidence_accumulation,0.05,cross_state_readout,population_search,0.453125,-0.09375,1
formal-09,evidence_accumulation,0.035,state_matched,specialist_pool_0.035,0.794921875,0.58984375,1
formal-09,evidence_accumulation,0.035,cross_state_readout,specialist_pool_0.035,0.478515625,-0.04296875,1
formal-09,evidence_accumulation,0.05,state_matched,specialist_pool_0.035,0.796875,0.59375,1
formal-09,evidence_accumulation,0.05,cross_state_readout,specialist_pool_0.035,0.453125,-0.09375,1
formal-09,evidence_accumulation,0.035,state_matched,specialist_pool_0.05,0.701171875,0.40234375,1
formal-09,evidence_accumulation,0.035,cross_state_readout,specialist_pool_0.05,0.447265625,-0.10546875,1
formal-09,evidence_accumulation,0.05,state_matched,specialist_pool_0.05,0.80859375,0.6171875,1
formal-09,evidence_accumulation,0.05,cross_state_readout,specialist_pool_0.05,0.5,0.0,1
formal-09,evidence_accumulation,0.035,state_matched,high_degree,0.77734375,0.5546875,1
formal-09,evidence_accumulation,0.035,cross_state_readout,high_degree,0.501953125,0.00390625,1
formal-09,evidence_accumulation,0.05,state_matched,high_degree,0.8203125,0.640625,1
formal-09,evidence_accumulation,0.05,cross_state_readout,high_degree,0.486328125,-0.02734375,1
formal-09,evidence_accumulation,0.035,state_matched,spectral,0.76171875,0.5234375,1
formal-09,evidence_accumulation,0.035,cross_state_readout,spectral,0.48046875,-0.0390625,1
formal-09,evidence_accumulation,0.05,state_matched,spectral,0.77734375,0.5546875,1
formal-09,evidence_accumulation,0.05,cross_state_readout,spectral,0.498046875,-0.00390625,1
formal-09,evidence_accumulation,0.035,state_matched,input_energy_degree,0.76171875,0.5234375,1
formal-09,evidence_accumulation,0.035,cross_state_readout,input_energy_degree,0.421875,-0.15625,1
formal-09,evidence_accumulation,0.05,state_matched,input_energy_degree,0.740234375,0.48046875,1
formal-09,evidence_accumulation,0.05,cross_state_readout,input_energy_degree,0.509765625,0.01953125,1
formal-09,evidence_accumulation,0.035,state_matched,input_quota_random,0.791015625,0.58203125,1
formal-09,evidence_accumulation,0.035,cross_state_readout,input_quota_random,0.466796875,-0.06640625,1
formal-09,evidence_accumulation,0.05,state_matched,input_quota_random,0.802734375,0.60546875,1
formal-09,evidence_accumulation,0.05,cross_state_readout,input_quota_random,0.46484375,-0.0703125,1
formal-09,evidence_accumulation,0.035,state_matched,unselected_random,0.7490234375,0.498046875,8
formal-09,evidence_accumulation,0.035,cross_state_readout,unselected_random,0.496826171875,-0.00634765625,8
formal-09,evidence_accumulation,0.05,state_matched,unselected_random,0.791259765625,0.58251953125,8
formal-09,evidence_accumulation,0.05,cross_state_readout,unselected_random,0.501953125,0.00390625,8
formal-09,evidence_accumulation,0.035,state_matched,group_matched_random,0.7470703125,0.494140625,4
formal-09,evidence_accumulation,0.035,cross_state_readout,group_matched_random,0.50439453125,0.0087890625,4
formal-09,evidence_accumulation,0.05,state_matched,group_matched_random,0.79248046875,0.5849609375,4
formal-09,evidence_accumulation,0.05,cross_state_readout,group_matched_random,0.50341796875,0.0068359375,4
formal-10,evidence_accumulation,0.035,state_matched,random_search,0.78515625,0.5703125,1
formal-10,evidence_accumulation,0.035,cross_state_readout,random_search,0.48046875,-0.0390625,1
formal-10,evidence_accumulation,0.05,state_matched,random_search,0.7890625,0.578125,1
formal-10,evidence_accumulation,0.05,cross_state_readout,random_search,0.5,0.0,1
formal-10,evidence_accumulation,0.035,state_matched,local_search,0.783203125,0.56640625,1
formal-10,evidence_accumulation,0.035,cross_state_readout,local_search,0.537109375,0.07421875,1
formal-10,evidence_accumulation,0.05,state_matched,local_search,0.80859375,0.6171875,1
formal-10,evidence_accumulation,0.05,cross_state_readout,local_search,0.501953125,0.00390625,1
formal-10,evidence_accumulation,0.035,state_matched,population_search,0.77734375,0.5546875,1
formal-10,evidence_accumulation,0.035,cross_state_readout,population_search,0.470703125,-0.05859375,1
formal-10,evidence_accumulation,0.05,state_matched,population_search,0.80859375,0.6171875,1
formal-10,evidence_accumulation,0.05,cross_state_readout,population_search,0.5078125,0.015625,1
formal-10,evidence_accumulation,0.035,state_matched,specialist_pool_0.035,0.78125,0.5625,1
formal-10,evidence_accumulation,0.035,cross_state_readout,specialist_pool_0.035,0.48828125,-0.0234375,1
formal-10,evidence_accumulation,0.05,state_matched,specialist_pool_0.035,0.7890625,0.578125,1
formal-10,evidence_accumulation,0.05,cross_state_readout,specialist_pool_0.035,0.501953125,0.00390625,1
formal-10,evidence_accumulation,0.035,state_matched,specialist_pool_0.05,0.765625,0.53125,1
formal-10,evidence_accumulation,0.035,cross_state_readout,specialist_pool_0.05,0.462890625,-0.07421875,1
formal-10,evidence_accumulation,0.05,state_matched,specialist_pool_0.05,0.7734375,0.546875,1
formal-10,evidence_accumulation,0.05,cross_state_readout,specialist_pool_0.05,0.525390625,0.05078125,1
formal-10,evidence_accumulation,0.035,state_matched,high_degree,0.73046875,0.4609375,1
formal-10,evidence_accumulation,0.035,cross_state_readout,high_degree,0.49609375,-0.0078125,1
formal-10,evidence_accumulation,0.05,state_matched,high_degree,0.787109375,0.57421875,1
formal-10,evidence_accumulation,0.05,cross_state_readout,high_degree,0.5,0.0,1
formal-10,evidence_accumulation,0.035,state_matched,spectral,0.75,0.5,1
formal-10,evidence_accumulation,0.035,cross_state_readout,spectral,0.48828125,-0.0234375,1
formal-10,evidence_accumulation,0.05,state_matched,spectral,0.759765625,0.51953125,1
formal-10,evidence_accumulation,0.05,cross_state_readout,spectral,0.517578125,0.03515625,1
formal-10,evidence_accumulation,0.035,state_matched,input_energy_degree,0.712890625,0.42578125,1
formal-10,evidence_accumulation,0.035,cross_state_readout,input_energy_degree,0.498046875,-0.00390625,1
formal-10,evidence_accumulation,0.05,state_matched,input_energy_degree,0.716796875,0.43359375,1
formal-10,evidence_accumulation,0.05,cross_state_readout,input_energy_degree,0.501953125,0.00390625,1
formal-10,evidence_accumulation,0.035,state_matched,input_quota_random,0.779296875,0.55859375,1
formal-10,evidence_accumulation,0.035,cross_state_readout,input_quota_random,0.48046875,-0.0390625,1
formal-10,evidence_accumulation,0.05,state_matched,input_quota_random,0.802734375,0.60546875,1
formal-10,evidence_accumulation,0.05,cross_state_readout,input_quota_random,0.5,0.0,1
formal-10,evidence_accumulation,0.035,state_matched,unselected_random,0.76953125,0.5390625,8
formal-10,evidence_accumulation,0.035,cross_state_readout,unselected_random,0.492919921875,-0.01416015625,8
formal-10,evidence_accumulation,0.05,state_matched,unselected_random,0.80078125,0.6015625,8
formal-10,evidence_accumulation,0.05,cross_state_readout,unselected_random,0.505615234375,0.01123046875,8
formal-10,evidence_accumulation,0.035,state_matched,group_matched_random,0.77001953125,0.5400390625,4
formal-10,evidence_accumulation,0.035,cross_state_readout,group_matched_random,0.48095703125,-0.0380859375,4
formal-10,evidence_accumulation,0.05,state_matched,group_matched_random,0.798828125,0.59765625,4
formal-10,evidence_accumulation,0.05,cross_state_readout,group_matched_random,0.5048828125,0.009765625,4
formal-11,evidence_accumulation,0.035,state_matched,random_search,0.78515625,0.5703125,1
formal-11,evidence_accumulation,0.035,cross_state_readout,random_search,0.49609375,-0.0078125,1
formal-11,evidence_accumulation,0.05,state_matched,random_search,0.802734375,0.60546875,1
formal-11,evidence_accumulation,0.05,cross_state_readout,random_search,0.498046875,-0.00390625,1
formal-11,evidence_accumulation,0.035,state_matched,local_search,0.78515625,0.5703125,1
formal-11,evidence_accumulation,0.035,cross_state_readout,local_search,0.49609375,-0.0078125,1
formal-11,evidence_accumulation,0.05,state_matched,local_search,0.802734375,0.60546875,1
formal-11,evidence_accumulation,0.05,cross_state_readout,local_search,0.498046875,-0.00390625,1
formal-11,evidence_accumulation,0.035,state_matched,population_search,0.78515625,0.5703125,1
formal-11,evidence_accumulation,0.035,cross_state_readout,population_search,0.49609375,-0.0078125,1
formal-11,evidence_accumulation,0.05,state_matched,population_search,0.802734375,0.60546875,1
formal-11,evidence_accumulation,0.05,cross_state_readout,population_search,0.498046875,-0.00390625,1
formal-11,evidence_accumulation,0.035,state_matched,specialist_pool_0.035,0.78515625,0.5703125,1
formal-11,evidence_accumulation,0.035,cross_state_readout,specialist_pool_0.035,0.49609375,-0.0078125,1
formal-11,evidence_accumulation,0.05,state_matched,specialist_pool_0.035,0.802734375,0.60546875,1
formal-11,evidence_accumulation,0.05,cross_state_readout,specialist_pool_0.035,0.498046875,-0.00390625,1
formal-11,evidence_accumulation,0.035,state_matched,specialist_pool_0.05,0.7578125,0.515625,1
formal-11,evidence_accumulation,0.035,cross_state_readout,specialist_pool_0.05,0.4296875,-0.140625,1
formal-11,evidence_accumulation,0.05,state_matched,specialist_pool_0.05,0.806640625,0.61328125,1
formal-11,evidence_accumulation,0.05,cross_state_readout,specialist_pool_0.05,0.498046875,-0.00390625,1
formal-11,evidence_accumulation,0.035,state_matched,high_degree,0.7578125,0.515625,1
formal-11,evidence_accumulation,0.035,cross_state_readout,high_degree,0.462890625,-0.07421875,1
formal-11,evidence_accumulation,0.05,state_matched,high_degree,0.80078125,0.6015625,1
formal-11,evidence_accumulation,0.05,cross_state_readout,high_degree,0.486328125,-0.02734375,1
formal-11,evidence_accumulation,0.035,state_matched,spectral,0.779296875,0.55859375,1
formal-11,evidence_accumulation,0.035,cross_state_readout,spectral,0.46484375,-0.0703125,1
formal-11,evidence_accumulation,0.05,state_matched,spectral,0.8125,0.625,1
formal-11,evidence_accumulation,0.05,cross_state_readout,spectral,0.5,0.0,1
formal-11,evidence_accumulation,0.035,state_matched,input_energy_degree,0.71875,0.4375,1
formal-11,evidence_accumulation,0.035,cross_state_readout,input_energy_degree,0.484375,-0.03125,1
formal-11,evidence_accumulation,0.05,state_matched,input_energy_degree,0.744140625,0.48828125,1
formal-11,evidence_accumulation,0.05,cross_state_readout,input_energy_degree,0.462890625,-0.07421875,1
formal-11,evidence_accumulation,0.035,state_matched,input_quota_random,0.7421875,0.484375,1
formal-11,evidence_accumulation,0.035,cross_state_readout,input_quota_random,0.501953125,0.00390625,1
formal-11,evidence_accumulation,0.05,state_matched,input_quota_random,0.80859375,0.6171875,1
formal-11,evidence_accumulation,0.05,cross_state_readout,input_quota_random,0.5546875,0.109375,1
formal-11,evidence_accumulation,0.035,state_matched,unselected_random,0.756591796875,0.51318359375,8
formal-11,evidence_accumulation,0.035,cross_state_readout,unselected_random,0.490966796875,-0.01806640625,8
formal-11,evidence_accumulation,0.05,state_matched,unselected_random,0.775146484375,0.55029296875,8
formal-11,evidence_accumulation,0.05,cross_state_readout,unselected_random,0.515625,0.03125,8
formal-11,evidence_accumulation,0.035,state_matched,group_matched_random,0.76806640625,0.5361328125,4
formal-11,evidence_accumulation,0.035,cross_state_readout,group_matched_random,0.46435546875,-0.0712890625,4
formal-11,evidence_accumulation,0.05,state_matched,group_matched_random,0.8056640625,0.611328125,4
formal-11,evidence_accumulation,0.05,cross_state_readout,group_matched_random,0.474609375,-0.05078125,4
formal-12,evidence_accumulation,0.035,state_matched,random_search,0.787109375,0.57421875,1
formal-12,evidence_accumulation,0.035,cross_state_readout,random_search,0.48828125,-0.0234375,1
formal-12,evidence_accumulation,0.05,state_matched,random_search,0.814453125,0.62890625,1
formal-12,evidence_accumulation,0.05,cross_state_readout,random_search,0.630859375,0.26171875,1
formal-12,evidence_accumulation,0.035,state_matched,local_search,0.787109375,0.57421875,1
formal-12,evidence_accumulation,0.035,cross_state_readout,local_search,0.48828125,-0.0234375,1
formal-12,evidence_accumulation,0.05,state_matched,local_search,0.814453125,0.62890625,1
formal-12,evidence_accumulation,0.05,cross_state_readout,local_search,0.630859375,0.26171875,1
formal-12,evidence_accumulation,0.035,state_matched,population_search,0.787109375,0.57421875,1
formal-12,evidence_accumulation,0.035,cross_state_readout,population_search,0.48828125,-0.0234375,1
formal-12,evidence_accumulation,0.05,state_matched,population_search,0.814453125,0.62890625,1
formal-12,evidence_accumulation,0.05,cross_state_readout,population_search,0.630859375,0.26171875,1
formal-12,evidence_accumulation,0.035,state_matched,specialist_pool_0.035,0.787109375,0.57421875,1
formal-12,evidence_accumulation,0.035,cross_state_readout,specialist_pool_0.035,0.48828125,-0.0234375,1
formal-12,evidence_accumulation,0.05,state_matched,specialist_pool_0.035,0.814453125,0.62890625,1
formal-12,evidence_accumulation,0.05,cross_state_readout,specialist_pool_0.035,0.630859375,0.26171875,1
formal-12,evidence_accumulation,0.035,state_matched,specialist_pool_0.05,0.79296875,0.5859375,1
formal-12,evidence_accumulation,0.035,cross_state_readout,specialist_pool_0.05,0.494140625,-0.01171875,1
formal-12,evidence_accumulation,0.05,state_matched,specialist_pool_0.05,0.802734375,0.60546875,1
formal-12,evidence_accumulation,0.05,cross_state_readout,specialist_pool_0.05,0.478515625,-0.04296875,1
formal-12,evidence_accumulation,0.035,state_matched,high_degree,0.7734375,0.546875,1
formal-12,evidence_accumulation,0.035,cross_state_readout,high_degree,0.47265625,-0.0546875,1
formal-12,evidence_accumulation,0.05,state_matched,high_degree,0.78515625,0.5703125,1
formal-12,evidence_accumulation,0.05,cross_state_readout,high_degree,0.509765625,0.01953125,1
formal-12,evidence_accumulation,0.035,state_matched,spectral,0.744140625,0.48828125,1
formal-12,evidence_accumulation,0.035,cross_state_readout,spectral,0.4453125,-0.109375,1
formal-12,evidence_accumulation,0.05,state_matched,spectral,0.78515625,0.5703125,1
formal-12,evidence_accumulation,0.05,cross_state_readout,spectral,0.5,0.0,1
formal-12,evidence_accumulation,0.035,state_matched,input_energy_degree,0.765625,0.53125,1
formal-12,evidence_accumulation,0.035,cross_state_readout,input_energy_degree,0.4296875,-0.140625,1
formal-12,evidence_accumulation,0.05,state_matched,input_energy_degree,0.732421875,0.46484375,1
formal-12,evidence_accumulation,0.05,cross_state_readout,input_energy_degree,0.5,0.0,1
formal-12,evidence_accumulation,0.035,state_matched,input_quota_random,0.765625,0.53125,1
formal-12,evidence_accumulation,0.035,cross_state_readout,input_quota_random,0.396484375,-0.20703125,1
formal-12,evidence_accumulation,0.05,state_matched,input_quota_random,0.796875,0.59375,1
formal-12,evidence_accumulation,0.05,cross_state_readout,input_quota_random,0.5,0.0,1
formal-12,evidence_accumulation,0.035,state_matched,unselected_random,0.781494140625,0.56298828125,8
formal-12,evidence_accumulation,0.035,cross_state_readout,unselected_random,0.504638671875,0.00927734375,8
formal-12,evidence_accumulation,0.05,state_matched,unselected_random,0.797119140625,0.59423828125,8
formal-12,evidence_accumulation,0.05,cross_state_readout,unselected_random,0.515380859375,0.03076171875,8
formal-12,evidence_accumulation,0.035,state_matched,group_matched_random,0.76513671875,0.5302734375,4
formal-12,evidence_accumulation,0.035,cross_state_readout,group_matched_random,0.47216796875,-0.0556640625,4
formal-12,evidence_accumulation,0.05,state_matched,group_matched_random,0.78369140625,0.5673828125,4
formal-12,evidence_accumulation,0.05,cross_state_readout,group_matched_random,0.5146484375,0.029296875,4
formal-01,context_recall,0.035,state_matched,random_search,0.83203125,0.6640625,1
formal-01,context_recall,0.035,cross_state_readout,random_search,0.41015625,-0.1796875,1
formal-01,context_recall,0.05,state_matched,random_search,0.888671875,0.77734375,1
formal-01,context_recall,0.05,cross_state_readout,random_search,0.419921875,-0.16015625,1
formal-01,context_recall,0.035,state_matched,local_search,0.80859375,0.6171875,1
formal-01,context_recall,0.035,cross_state_readout,local_search,0.404296875,-0.19140625,1
formal-01,context_recall,0.05,state_matched,local_search,0.896484375,0.79296875,1
formal-01,context_recall,0.05,cross_state_readout,local_search,0.49609375,-0.0078125,1
formal-01,context_recall,0.035,state_matched,population_search,0.833984375,0.66796875,1
formal-01,context_recall,0.035,cross_state_readout,population_search,0.396484375,-0.20703125,1
formal-01,context_recall,0.05,state_matched,population_search,0.9296875,0.859375,1
formal-01,context_recall,0.05,cross_state_readout,population_search,0.4609375,-0.078125,1
formal-01,context_recall,0.035,state_matched,specialist_pool_0.035,0.833984375,0.66796875,1
formal-01,context_recall,0.035,cross_state_readout,specialist_pool_0.035,0.396484375,-0.20703125,1
formal-01,context_recall,0.05,state_matched,specialist_pool_0.035,0.9296875,0.859375,1
formal-01,context_recall,0.05,cross_state_readout,specialist_pool_0.035,0.4609375,-0.078125,1
formal-01,context_recall,0.035,state_matched,specialist_pool_0.05,0.771484375,0.54296875,1
formal-01,context_recall,0.035,cross_state_readout,specialist_pool_0.05,0.541015625,0.08203125,1
formal-01,context_recall,0.05,state_matched,specialist_pool_0.05,0.89453125,0.7890625,1
formal-01,context_recall,0.05,cross_state_readout,specialist_pool_0.05,0.46484375,-0.0703125,1
formal-01,context_recall,0.035,state_matched,high_degree,0.806640625,0.61328125,1
formal-01,context_recall,0.035,cross_state_readout,high_degree,0.490234375,-0.01953125,1
formal-01,context_recall,0.05,state_matched,high_degree,0.859375,0.71875,1
formal-01,context_recall,0.05,cross_state_readout,high_degree,0.3203125,-0.359375,1
formal-01,context_recall,0.035,state_matched,spectral,0.845703125,0.69140625,1
formal-01,context_recall,0.035,cross_state_readout,spectral,0.4765625,-0.046875,1
formal-01,context_recall,0.05,state_matched,spectral,0.857421875,0.71484375,1
formal-01,context_recall,0.05,cross_state_readout,spectral,0.490234375,-0.01953125,1
formal-01,context_recall,0.035,state_matched,input_energy_degree,0.798828125,0.59765625,1
formal-01,context_recall,0.035,cross_state_readout,input_energy_degree,0.521484375,0.04296875,1
formal-01,context_recall,0.05,state_matched,input_energy_degree,0.87109375,0.7421875,1
formal-01,context_recall,0.05,cross_state_readout,input_energy_degree,0.494140625,-0.01171875,1
formal-01,context_recall,0.035,state_matched,input_quota_random,0.873046875,0.74609375,1
formal-01,context_recall,0.035,cross_state_readout,input_quota_random,0.478515625,-0.04296875,1
formal-01,context_recall,0.05,state_matched,input_quota_random,0.875,0.75,1
formal-01,context_recall,0.05,cross_state_readout,input_quota_random,0.568359375,0.13671875,1
formal-01,context_recall,0.035,state_matched,unselected_random,0.8251953125,0.650390625,8
formal-01,context_recall,0.035,cross_state_readout,unselected_random,0.487060546875,-0.02587890625,8
formal-01,context_recall,0.05,state_matched,unselected_random,0.8935546875,0.787109375,8
formal-01,context_recall,0.05,cross_state_readout,unselected_random,0.500732421875,0.00146484375,8
formal-01,context_recall,0.035,state_matched,group_matched_random,0.80810546875,0.6162109375,4
formal-01,context_recall,0.035,cross_state_readout,group_matched_random,0.46240234375,-0.0751953125,4
formal-01,context_recall,0.05,state_matched,group_matched_random,0.90576171875,0.8115234375,4
formal-01,context_recall,0.05,cross_state_readout,group_matched_random,0.494140625,-0.01171875,4
formal-02,context_recall,0.035,state_matched,random_search,0.822265625,0.64453125,1
formal-02,context_recall,0.035,cross_state_readout,random_search,0.513671875,0.02734375,1
formal-02,context_recall,0.05,state_matched,random_search,0.939453125,0.87890625,1
formal-02,context_recall,0.05,cross_state_readout,random_search,0.517578125,0.03515625,1
formal-02,context_recall,0.035,state_matched,local_search,0.828125,0.65625,1
formal-02,context_recall,0.035,cross_state_readout,local_search,0.505859375,0.01171875,1
formal-02,context_recall,0.05,state_matched,local_search,0.8828125,0.765625,1
formal-02,context_recall,0.05,cross_state_readout,local_search,0.447265625,-0.10546875,1
formal-02,context_recall,0.035,state_matched,population_search,0.826171875,0.65234375,1
formal-02,context_recall,0.035,cross_state_readout,population_search,0.548828125,0.09765625,1
formal-02,context_recall,0.05,state_matched,population_search,0.8984375,0.796875,1
formal-02,context_recall,0.05,cross_state_readout,population_search,0.494140625,-0.01171875,1
formal-02,context_recall,0.035,state_matched,specialist_pool_0.035,0.826171875,0.65234375,1
formal-02,context_recall,0.035,cross_state_readout,specialist_pool_0.035,0.548828125,0.09765625,1
formal-02,context_recall,0.05,state_matched,specialist_pool_0.035,0.8984375,0.796875,1
formal-02,context_recall,0.05,cross_state_readout,specialist_pool_0.035,0.494140625,-0.01171875,1
formal-02,context_recall,0.035,state_matched,specialist_pool_0.05,0.837890625,0.67578125,1
formal-02,context_recall,0.035,cross_state_readout,specialist_pool_0.05,0.51953125,0.0390625,1
formal-02,context_recall,0.05,state_matched,specialist_pool_0.05,0.888671875,0.77734375,1
formal-02,context_recall,0.05,cross_state_readout,specialist_pool_0.05,0.3671875,-0.265625,1
formal-02,context_recall,0.035,state_matched,high_degree,0.83984375,0.6796875,1
formal-02,context_recall,0.035,cross_state_readout,high_degree,0.5,0.0,1
formal-02,context_recall,0.05,state_matched,high_degree,0.8671875,0.734375,1
formal-02,context_recall,0.05,cross_state_readout,high_degree,0.548828125,0.09765625,1
formal-02,context_recall,0.035,state_matched,spectral,0.8203125,0.640625,1
formal-02,context_recall,0.035,cross_state_readout,spectral,0.501953125,0.00390625,1
formal-02,context_recall,0.05,state_matched,spectral,0.88671875,0.7734375,1
formal-02,context_recall,0.05,cross_state_readout,spectral,0.484375,-0.03125,1
formal-02,context_recall,0.035,state_matched,input_energy_degree,0.76171875,0.5234375,1
formal-02,context_recall,0.035,cross_state_readout,input_energy_degree,0.421875,-0.15625,1
formal-02,context_recall,0.05,state_matched,input_energy_degree,0.884765625,0.76953125,1
formal-02,context_recall,0.05,cross_state_readout,input_energy_degree,0.484375,-0.03125,1
formal-02,context_recall,0.035,state_matched,input_quota_random,0.80859375,0.6171875,1
formal-02,context_recall,0.035,cross_state_readout,input_quota_random,0.51953125,0.0390625,1
formal-02,context_recall,0.05,state_matched,input_quota_random,0.8984375,0.796875,1
formal-02,context_recall,0.05,cross_state_readout,input_quota_random,0.470703125,-0.05859375,1
formal-02,context_recall,0.035,state_matched,unselected_random,0.8193359375,0.638671875,8
formal-02,context_recall,0.035,cross_state_readout,unselected_random,0.4921875,-0.015625,8
formal-02,context_recall,0.05,state_matched,unselected_random,0.888671875,0.77734375,8
formal-02,context_recall,0.05,cross_state_readout,unselected_random,0.443359375,-0.11328125,8
formal-02,context_recall,0.035,state_matched,group_matched_random,0.80712890625,0.6142578125,4
formal-02,context_recall,0.035,cross_state_readout,group_matched_random,0.513671875,0.02734375,4
formal-02,context_recall,0.05,state_matched,group_matched_random,0.89306640625,0.7861328125,4
formal-02,context_recall,0.05,cross_state_readout,group_matched_random,0.47412109375,-0.0517578125,4
formal-03,context_recall,0.035,state_matched,random_search,0.865234375,0.73046875,1
formal-03,context_recall,0.035,cross_state_readout,random_search,0.466796875,-0.06640625,1
formal-03,context_recall,0.05,state_matched,random_search,0.875,0.75,1
formal-03,context_recall,0.05,cross_state_readout,random_search,0.48046875,-0.0390625,1
formal-03,context_recall,0.035,state_matched,local_search,0.87890625,0.7578125,1
formal-03,context_recall,0.035,cross_state_readout,local_search,0.533203125,0.06640625,1
formal-03,context_recall,0.05,state_matched,local_search,0.90234375,0.8046875,1
formal-03,context_recall,0.05,cross_state_readout,local_search,0.451171875,-0.09765625,1
formal-03,context_recall,0.035,state_matched,population_search,0.87890625,0.7578125,1
formal-03,context_recall,0.035,cross_state_readout,population_search,0.533203125,0.06640625,1
formal-03,context_recall,0.05,state_matched,population_search,0.90234375,0.8046875,1
formal-03,context_recall,0.05,cross_state_readout,population_search,0.451171875,-0.09765625,1
formal-03,context_recall,0.035,state_matched,specialist_pool_0.035,0.84375,0.6875,1
formal-03,context_recall,0.035,cross_state_readout,specialist_pool_0.035,0.490234375,-0.01953125,1
formal-03,context_recall,0.05,state_matched,specialist_pool_0.035,0.865234375,0.73046875,1
formal-03,context_recall,0.05,cross_state_readout,specialist_pool_0.035,0.46484375,-0.0703125,1
formal-03,context_recall,0.035,state_matched,specialist_pool_0.05,0.84765625,0.6953125,1
formal-03,context_recall,0.035,cross_state_readout,specialist_pool_0.05,0.48046875,-0.0390625,1
formal-03,context_recall,0.05,state_matched,specialist_pool_0.05,0.8984375,0.796875,1
formal-03,context_recall,0.05,cross_state_readout,specialist_pool_0.05,0.494140625,-0.01171875,1
formal-03,context_recall,0.035,state_matched,high_degree,0.818359375,0.63671875,1
formal-03,context_recall,0.035,cross_state_readout,high_degree,0.587890625,0.17578125,1
formal-03,context_recall,0.05,state_matched,high_degree,0.888671875,0.77734375,1
formal-03,context_recall,0.05,cross_state_readout,high_degree,0.5,0.0,1
formal-03,context_recall,0.035,state_matched,spectral,0.8359375,0.671875,1
formal-03,context_recall,0.035,cross_state_readout,spectral,0.435546875,-0.12890625,1
formal-03,context_recall,0.05,state_matched,spectral,0.88671875,0.7734375,1
formal-03,context_recall,0.05,cross_state_readout,spectral,0.4921875,-0.015625,1
formal-03,context_recall,0.035,state_matched,input_energy_degree,0.794921875,0.58984375,1
formal-03,context_recall,0.035,cross_state_readout,input_energy_degree,0.443359375,-0.11328125,1
formal-03,context_recall,0.05,state_matched,input_energy_degree,0.88671875,0.7734375,1
formal-03,context_recall,0.05,cross_state_readout,input_energy_degree,0.55078125,0.1015625,1
formal-03,context_recall,0.035,state_matched,input_quota_random,0.828125,0.65625,1
formal-03,context_recall,0.035,cross_state_readout,input_quota_random,0.568359375,0.13671875,1
formal-03,context_recall,0.05,state_matched,input_quota_random,0.89453125,0.7890625,1
formal-03,context_recall,0.05,cross_state_readout,input_quota_random,0.5625,0.125,1
formal-03,context_recall,0.035,state_matched,unselected_random,0.843017578125,0.68603515625,8
formal-03,context_recall,0.035,cross_state_readout,unselected_random,0.481201171875,-0.03759765625,8
formal-03,context_recall,0.05,state_matched,unselected_random,0.895263671875,0.79052734375,8
formal-03,context_recall,0.05,cross_state_readout,unselected_random,0.52099609375,0.0419921875,8
formal-03,context_recall,0.035,state_matched,group_matched_random,0.8349609375,0.669921875,4
formal-03,context_recall,0.035,cross_state_readout,group_matched_random,0.45947265625,-0.0810546875,4
formal-03,context_recall,0.05,state_matched,group_matched_random,0.900390625,0.80078125,4
formal-03,context_recall,0.05,cross_state_readout,group_matched_random,0.4794921875,-0.041015625,4
formal-04,context_recall,0.035,state_matched,random_search,0.876953125,0.75390625,1
formal-04,context_recall,0.035,cross_state_readout,random_search,0.53515625,0.0703125,1
formal-04,context_recall,0.05,state_matched,random_search,0.90234375,0.8046875,1
formal-04,context_recall,0.05,cross_state_readout,random_search,0.4453125,-0.109375,1
formal-04,context_recall,0.035,state_matched,local_search,0.859375,0.71875,1
formal-04,context_recall,0.035,cross_state_readout,local_search,0.47265625,-0.0546875,1
formal-04,context_recall,0.05,state_matched,local_search,0.908203125,0.81640625,1
formal-04,context_recall,0.05,cross_state_readout,local_search,0.587890625,0.17578125,1
formal-04,context_recall,0.035,state_matched,population_search,0.83203125,0.6640625,1
formal-04,context_recall,0.035,cross_state_readout,population_search,0.38671875,-0.2265625,1
formal-04,context_recall,0.05,state_matched,population_search,0.955078125,0.91015625,1
formal-04,context_recall,0.05,cross_state_readout,population_search,0.412109375,-0.17578125,1
formal-04,context_recall,0.035,state_matched,specialist_pool_0.035,0.83203125,0.6640625,1
formal-04,context_recall,0.035,cross_state_readout,specialist_pool_0.035,0.38671875,-0.2265625,1
formal-04,context_recall,0.05,state_matched,specialist_pool_0.035,0.955078125,0.91015625,1
formal-04,context_recall,0.05,cross_state_readout,specialist_pool_0.035,0.412109375,-0.17578125,1
formal-04,context_recall,0.035,state_matched,specialist_pool_0.05,0.83203125,0.6640625,1
formal-04,context_recall,0.035,cross_state_readout,specialist_pool_0.05,0.55078125,0.1015625,1
formal-04,context_recall,0.05,state_matched,specialist_pool_0.05,0.9375,0.875,1
formal-04,context_recall,0.05,cross_state_readout,specialist_pool_0.05,0.51953125,0.0390625,1
formal-04,context_recall,0.035,state_matched,high_degree,0.828125,0.65625,1
formal-04,context_recall,0.035,cross_state_readout,high_degree,0.466796875,-0.06640625,1
formal-04,context_recall,0.05,state_matched,high_degree,0.857421875,0.71484375,1
formal-04,context_recall,0.05,cross_state_readout,high_degree,0.44921875,-0.1015625,1
formal-04,context_recall,0.035,state_matched,spectral,0.8515625,0.703125,1
formal-04,context_recall,0.035,cross_state_readout,spectral,0.509765625,0.01953125,1
formal-04,context_recall,0.05,state_matched,spectral,0.88671875,0.7734375,1
formal-04,context_recall,0.05,cross_state_readout,spectral,0.443359375,-0.11328125,1
formal-04,context_recall,0.035,state_matched,input_energy_degree,0.783203125,0.56640625,1
formal-04,context_recall,0.035,cross_state_readout,input_energy_degree,0.51953125,0.0390625,1
formal-04,context_recall,0.05,state_matched,input_energy_degree,0.81640625,0.6328125,1
formal-04,context_recall,0.05,cross_state_readout,input_energy_degree,0.44921875,-0.1015625,1
formal-04,context_recall,0.035,state_matched,input_quota_random,0.8359375,0.671875,1
formal-04,context_recall,0.035,cross_state_readout,input_quota_random,0.46875,-0.0625,1
formal-04,context_recall,0.05,state_matched,input_quota_random,0.890625,0.78125,1
formal-04,context_recall,0.05,cross_state_readout,input_quota_random,0.447265625,-0.10546875,1
formal-04,context_recall,0.035,state_matched,unselected_random,0.831298828125,0.66259765625,8
formal-04,context_recall,0.035,cross_state_readout,unselected_random,0.49072265625,-0.0185546875,8
formal-04,context_recall,0.05,state_matched,unselected_random,0.899169921875,0.79833984375,8
formal-04,context_recall,0.05,cross_state_readout,unselected_random,0.476318359375,-0.04736328125,8
formal-04,context_recall,0.035,state_matched,group_matched_random,0.8212890625,0.642578125,4
formal-04,context_recall,0.035,cross_state_readout,group_matched_random,0.5166015625,0.033203125,4
formal-04,context_recall,0.05,state_matched,group_matched_random,0.90283203125,0.8056640625,4
formal-04,context_recall,0.05,cross_state_readout,group_matched_random,0.4990234375,-0.001953125,4
formal-05,context_recall,0.035,state_matched,random_search,0.84765625,0.6953125,1
formal-05,context_recall,0.035,cross_state_readout,random_search,0.33984375,-0.3203125,1
formal-05,context_recall,0.05,state_matched,random_search,0.90625,0.8125,1
formal-05,context_recall,0.05,cross_state_readout,random_search,0.5,0.0,1
formal-05,context_recall,0.035,state_matched,local_search,0.8671875,0.734375,1
formal-05,context_recall,0.035,cross_state_readout,local_search,0.4296875,-0.140625,1
formal-05,context_recall,0.05,state_matched,local_search,0.931640625,0.86328125,1
formal-05,context_recall,0.05,cross_state_readout,local_search,0.5,0.0,1
formal-05,context_recall,0.035,state_matched,population_search,0.853515625,0.70703125,1
formal-05,context_recall,0.035,cross_state_readout,population_search,0.490234375,-0.01953125,1
formal-05,context_recall,0.05,state_matched,population_search,0.912109375,0.82421875,1
formal-05,context_recall,0.05,cross_state_readout,population_search,0.49609375,-0.0078125,1
formal-05,context_recall,0.035,state_matched,specialist_pool_0.035,0.837890625,0.67578125,1
formal-05,context_recall,0.035,cross_state_readout,specialist_pool_0.035,0.453125,-0.09375,1
formal-05,context_recall,0.05,state_matched,specialist_pool_0.035,0.880859375,0.76171875,1
formal-05,context_recall,0.05,cross_state_readout,specialist_pool_0.035,0.494140625,-0.01171875,1
formal-05,context_recall,0.035,state_matched,specialist_pool_0.05,0.83984375,0.6796875,1
formal-05,context_recall,0.035,cross_state_readout,specialist_pool_0.05,0.533203125,0.06640625,1
formal-05,context_recall,0.05,state_matched,specialist_pool_0.05,0.9296875,0.859375,1
formal-05,context_recall,0.05,cross_state_readout,specialist_pool_0.05,0.490234375,-0.01953125,1
formal-05,context_recall,0.035,state_matched,high_degree,0.83203125,0.6640625,1
formal-05,context_recall,0.035,cross_state_readout,high_degree,0.4765625,-0.046875,1
formal-05,context_recall,0.05,state_matched,high_degree,0.884765625,0.76953125,1
formal-05,context_recall,0.05,cross_state_readout,high_degree,0.501953125,0.00390625,1
formal-05,context_recall,0.035,state_matched,spectral,0.861328125,0.72265625,1
formal-05,context_recall,0.035,cross_state_readout,spectral,0.412109375,-0.17578125,1
formal-05,context_recall,0.05,state_matched,spectral,0.85546875,0.7109375,1
formal-05,context_recall,0.05,cross_state_readout,spectral,0.515625,0.03125,1
formal-05,context_recall,0.035,state_matched,input_energy_degree,0.82421875,0.6484375,1
formal-05,context_recall,0.035,cross_state_readout,input_energy_degree,0.466796875,-0.06640625,1
formal-05,context_recall,0.05,state_matched,input_energy_degree,0.826171875,0.65234375,1
formal-05,context_recall,0.05,cross_state_readout,input_energy_degree,0.494140625,-0.01171875,1
formal-05,context_recall,0.035,state_matched,input_quota_random,0.822265625,0.64453125,1
formal-05,context_recall,0.035,cross_state_readout,input_quota_random,0.41796875,-0.1640625,1
formal-05,context_recall,0.05,state_matched,input_quota_random,0.935546875,0.87109375,1
formal-05,context_recall,0.05,cross_state_readout,input_quota_random,0.455078125,-0.08984375,1
formal-05,context_recall,0.035,state_matched,unselected_random,0.841064453125,0.68212890625,8
formal-05,context_recall,0.035,cross_state_readout,unselected_random,0.517578125,0.03515625,8
formal-05,context_recall,0.05,state_matched,unselected_random,0.900390625,0.80078125,8
formal-05,context_recall,0.05,cross_state_readout,unselected_random,0.48681640625,-0.0263671875,8
formal-05,context_recall,0.035,state_matched,group_matched_random,0.8330078125,0.666015625,4
formal-05,context_recall,0.035,cross_state_readout,group_matched_random,0.47900390625,-0.0419921875,4
formal-05,context_recall,0.05,state_matched,group_matched_random,0.8994140625,0.798828125,4
formal-05,context_recall,0.05,cross_state_readout,group_matched_random,0.439453125,-0.12109375,4
formal-06,context_recall,0.035,state_matched,random_search,0.859375,0.71875,1
formal-06,context_recall,0.035,cross_state_readout,random_search,0.458984375,-0.08203125,1
formal-06,context_recall,0.05,state_matched,random_search,0.919921875,0.83984375,1
formal-06,context_recall,0.05,cross_state_readout,random_search,0.501953125,0.00390625,1
formal-06,context_recall,0.035,state_matched,local_search,0.896484375,0.79296875,1
formal-06,context_recall,0.035,cross_state_readout,local_search,0.5,0.0,1
formal-06,context_recall,0.05,state_matched,local_search,0.9375,0.875,1
formal-06,context_recall,0.05,cross_state_readout,local_search,0.515625,0.03125,1
formal-06,context_recall,0.035,state_matched,population_search,0.859375,0.71875,1
formal-06,context_recall,0.035,cross_state_readout,population_search,0.458984375,-0.08203125,1
formal-06,context_recall,0.05,state_matched,population_search,0.919921875,0.83984375,1
formal-06,context_recall,0.05,cross_state_readout,population_search,0.501953125,0.00390625,1
formal-06,context_recall,0.035,state_matched,specialist_pool_0.035,0.859375,0.71875,1
formal-06,context_recall,0.035,cross_state_readout,specialist_pool_0.035,0.458984375,-0.08203125,1
formal-06,context_recall,0.05,state_matched,specialist_pool_0.035,0.919921875,0.83984375,1
formal-06,context_recall,0.05,cross_state_readout,specialist_pool_0.035,0.501953125,0.00390625,1
formal-06,context_recall,0.035,state_matched,specialist_pool_0.05,0.828125,0.65625,1
formal-06,context_recall,0.035,cross_state_readout,specialist_pool_0.05,0.501953125,0.00390625,1
formal-06,context_recall,0.05,state_matched,specialist_pool_0.05,0.93359375,0.8671875,1
formal-06,context_recall,0.05,cross_state_readout,specialist_pool_0.05,0.4140625,-0.171875,1
formal-06,context_recall,0.035,state_matched,high_degree,0.82421875,0.6484375,1
formal-06,context_recall,0.035,cross_state_readout,high_degree,0.466796875,-0.06640625,1
formal-06,context_recall,0.05,state_matched,high_degree,0.87890625,0.7578125,1
formal-06,context_recall,0.05,cross_state_readout,high_degree,0.5703125,0.140625,1
formal-06,context_recall,0.035,state_matched,spectral,0.86328125,0.7265625,1
formal-06,context_recall,0.035,cross_state_readout,spectral,0.494140625,-0.01171875,1
formal-06,context_recall,0.05,state_matched,spectral,0.888671875,0.77734375,1
formal-06,context_recall,0.05,cross_state_readout,spectral,0.50390625,0.0078125,1
formal-06,context_recall,0.035,state_matched,input_energy_degree,0.814453125,0.62890625,1
formal-06,context_recall,0.035,cross_state_readout,input_energy_degree,0.365234375,-0.26953125,1
formal-06,context_recall,0.05,state_matched,input_energy_degree,0.84765625,0.6953125,1
formal-06,context_recall,0.05,cross_state_readout,input_energy_degree,0.380859375,-0.23828125,1
formal-06,context_recall,0.035,state_matched,input_quota_random,0.806640625,0.61328125,1
formal-06,context_recall,0.035,cross_state_readout,input_quota_random,0.53125,0.0625,1
formal-06,context_recall,0.05,state_matched,input_quota_random,0.9375,0.875,1
formal-06,context_recall,0.05,cross_state_readout,input_quota_random,0.48828125,-0.0234375,1
formal-06,context_recall,0.035,state_matched,unselected_random,0.843017578125,0.68603515625,8
formal-06,context_recall,0.035,cross_state_readout,unselected_random,0.4658203125,-0.068359375,8
formal-06,context_recall,0.05,state_matched,unselected_random,0.917724609375,0.83544921875,8
formal-06,context_recall,0.05,cross_state_readout,unselected_random,0.479736328125,-0.04052734375,8
formal-06,context_recall,0.035,state_matched,group_matched_random,0.8515625,0.703125,4
formal-06,context_recall,0.035,cross_state_readout,group_matched_random,0.45947265625,-0.0810546875,4
formal-06,context_recall,0.05,state_matched,group_matched_random,0.91162109375,0.8232421875,4
formal-06,context_recall,0.05,cross_state_readout,group_matched_random,0.5234375,0.046875,4
formal-07,context_recall,0.035,state_matched,random_search,0.853515625,0.70703125,1
formal-07,context_recall,0.035,cross_state_readout,random_search,0.513671875,0.02734375,1
formal-07,context_recall,0.05,state_matched,random_search,0.912109375,0.82421875,1
formal-07,context_recall,0.05,cross_state_readout,random_search,0.564453125,0.12890625,1
formal-07,context_recall,0.035,state_matched,local_search,0.865234375,0.73046875,1
formal-07,context_recall,0.035,cross_state_readout,local_search,0.41796875,-0.1640625,1
formal-07,context_recall,0.05,state_matched,local_search,0.927734375,0.85546875,1
formal-07,context_recall,0.05,cross_state_readout,local_search,0.431640625,-0.13671875,1
formal-07,context_recall,0.035,state_matched,population_search,0.857421875,0.71484375,1
formal-07,context_recall,0.035,cross_state_readout,population_search,0.431640625,-0.13671875,1
formal-07,context_recall,0.05,state_matched,population_search,0.908203125,0.81640625,1
formal-07,context_recall,0.05,cross_state_readout,population_search,0.478515625,-0.04296875,1
formal-07,context_recall,0.035,state_matched,specialist_pool_0.035,0.857421875,0.71484375,1
formal-07,context_recall,0.035,cross_state_readout,specialist_pool_0.035,0.431640625,-0.13671875,1
formal-07,context_recall,0.05,state_matched,specialist_pool_0.035,0.908203125,0.81640625,1
formal-07,context_recall,0.05,cross_state_readout,specialist_pool_0.035,0.478515625,-0.04296875,1
formal-07,context_recall,0.035,state_matched,specialist_pool_0.05,0.85546875,0.7109375,1
formal-07,context_recall,0.035,cross_state_readout,specialist_pool_0.05,0.396484375,-0.20703125,1
formal-07,context_recall,0.05,state_matched,specialist_pool_0.05,0.9296875,0.859375,1
formal-07,context_recall,0.05,cross_state_readout,specialist_pool_0.05,0.560546875,0.12109375,1
formal-07,context_recall,0.035,state_matched,high_degree,0.84765625,0.6953125,1
formal-07,context_recall,0.035,cross_state_readout,high_degree,0.529296875,0.05859375,1
formal-07,context_recall,0.05,state_matched,high_degree,0.880859375,0.76171875,1
formal-07,context_recall,0.05,cross_state_readout,high_degree,0.46875,-0.0625,1
formal-07,context_recall,0.035,state_matched,spectral,0.8359375,0.671875,1
formal-07,context_recall,0.035,cross_state_readout,spectral,0.4296875,-0.140625,1
formal-07,context_recall,0.05,state_matched,spectral,0.90625,0.8125,1
formal-07,context_recall,0.05,cross_state_readout,spectral,0.509765625,0.01953125,1
formal-07,context_recall,0.035,state_matched,input_energy_degree,0.775390625,0.55078125,1
formal-07,context_recall,0.035,cross_state_readout,input_energy_degree,0.49609375,-0.0078125,1
formal-07,context_recall,0.05,state_matched,input_energy_degree,0.853515625,0.70703125,1
formal-07,context_recall,0.05,cross_state_readout,input_energy_degree,0.4765625,-0.046875,1
formal-07,context_recall,0.035,state_matched,input_quota_random,0.802734375,0.60546875,1
formal-07,context_recall,0.035,cross_state_readout,input_quota_random,0.44140625,-0.1171875,1
formal-07,context_recall,0.05,state_matched,input_quota_random,0.908203125,0.81640625,1
formal-07,context_recall,0.05,cross_state_readout,input_quota_random,0.494140625,-0.01171875,1
formal-07,context_recall,0.035,state_matched,unselected_random,0.82568359375,0.6513671875,8
formal-07,context_recall,0.035,cross_state_readout,unselected_random,0.4501953125,-0.099609375,8
formal-07,context_recall,0.05,state_matched,unselected_random,0.914306640625,0.82861328125,8
formal-07,context_recall,0.05,cross_state_readout,unselected_random,0.5224609375,0.044921875,8
formal-07,context_recall,0.035,state_matched,group_matched_random,0.84130859375,0.6826171875,4
formal-07,context_recall,0.035,cross_state_readout,group_matched_random,0.44873046875,-0.1025390625,4
formal-07,context_recall,0.05,state_matched,group_matched_random,0.90283203125,0.8056640625,4
formal-07,context_recall,0.05,cross_state_readout,group_matched_random,0.478515625,-0.04296875,4
formal-08,context_recall,0.035,state_matched,random_search,0.89453125,0.7890625,1
formal-08,context_recall,0.035,cross_state_readout,random_search,0.57421875,0.1484375,1
formal-08,context_recall,0.05,state_matched,random_search,0.927734375,0.85546875,1
formal-08,context_recall,0.05,cross_state_readout,random_search,0.4921875,-0.015625,1
formal-08,context_recall,0.035,state_matched,local_search,0.908203125,0.81640625,1
formal-08,context_recall,0.035,cross_state_readout,local_search,0.4453125,-0.109375,1
formal-08,context_recall,0.05,state_matched,local_search,0.921875,0.84375,1
formal-08,context_recall,0.05,cross_state_readout,local_search,0.46875,-0.0625,1
formal-08,context_recall,0.035,state_matched,population_search,0.859375,0.71875,1
formal-08,context_recall,0.035,cross_state_readout,population_search,0.470703125,-0.05859375,1
formal-08,context_recall,0.05,state_matched,population_search,0.90625,0.8125,1
formal-08,context_recall,0.05,cross_state_readout,population_search,0.435546875,-0.12890625,1
formal-08,context_recall,0.035,state_matched,specialist_pool_0.035,0.859375,0.71875,1
formal-08,context_recall,0.035,cross_state_readout,specialist_pool_0.035,0.470703125,-0.05859375,1
formal-08,context_recall,0.05,state_matched,specialist_pool_0.035,0.90625,0.8125,1
formal-08,context_recall,0.05,cross_state_readout,specialist_pool_0.035,0.435546875,-0.12890625,1
formal-08,context_recall,0.035,state_matched,specialist_pool_0.05,0.875,0.75,1
formal-08,context_recall,0.035,cross_state_readout,specialist_pool_0.05,0.490234375,-0.01953125,1
formal-08,context_recall,0.05,state_matched,specialist_pool_0.05,0.955078125,0.91015625,1
formal-08,context_recall,0.05,cross_state_readout,specialist_pool_0.05,0.427734375,-0.14453125,1
formal-08,context_recall,0.035,state_matched,high_degree,0.8828125,0.765625,1
formal-08,context_recall,0.035,cross_state_readout,high_degree,0.634765625,0.26953125,1
formal-08,context_recall,0.05,state_matched,high_degree,0.8515625,0.703125,1
formal-08,context_recall,0.05,cross_state_readout,high_degree,0.53515625,0.0703125,1
formal-08,context_recall,0.035,state_matched,spectral,0.833984375,0.66796875,1
formal-08,context_recall,0.035,cross_state_readout,spectral,0.416015625,-0.16796875,1
formal-08,context_recall,0.05,state_matched,spectral,0.861328125,0.72265625,1
formal-08,context_recall,0.05,cross_state_readout,spectral,0.505859375,0.01171875,1
formal-08,context_recall,0.035,state_matched,input_energy_degree,0.783203125,0.56640625,1
formal-08,context_recall,0.035,cross_state_readout,input_energy_degree,0.49609375,-0.0078125,1
formal-08,context_recall,0.05,state_matched,input_energy_degree,0.837890625,0.67578125,1
formal-08,context_recall,0.05,cross_state_readout,input_energy_degree,0.43359375,-0.1328125,1
formal-08,context_recall,0.035,state_matched,input_quota_random,0.880859375,0.76171875,1
formal-08,context_recall,0.035,cross_state_readout,input_quota_random,0.474609375,-0.05078125,1
formal-08,context_recall,0.05,state_matched,input_quota_random,0.923828125,0.84765625,1
formal-08,context_recall,0.05,cross_state_readout,input_quota_random,0.494140625,-0.01171875,1
formal-08,context_recall,0.035,state_matched,unselected_random,0.871826171875,0.74365234375,8
formal-08,context_recall,0.035,cross_state_readout,unselected_random,0.4755859375,-0.048828125,8
formal-08,context_recall,0.05,state_matched,unselected_random,0.90380859375,0.8076171875,8
formal-08,context_recall,0.05,cross_state_readout,unselected_random,0.4794921875,-0.041015625,8
formal-08,context_recall,0.035,state_matched,group_matched_random,0.841796875,0.68359375,4
formal-08,context_recall,0.035,cross_state_readout,group_matched_random,0.419921875,-0.16015625,4
formal-08,context_recall,0.05,state_matched,group_matched_random,0.90625,0.8125,4
formal-08,context_recall,0.05,cross_state_readout,group_matched_random,0.42578125,-0.1484375,4
formal-09,context_recall,0.035,state_matched,random_search,0.802734375,0.60546875,1
formal-09,context_recall,0.035,cross_state_readout,random_search,0.498046875,-0.00390625,1
formal-09,context_recall,0.05,state_matched,random_search,0.888671875,0.77734375,1
formal-09,context_recall,0.05,cross_state_readout,random_search,0.501953125,0.00390625,1
formal-09,context_recall,0.035,state_matched,local_search,0.83203125,0.6640625,1
formal-09,context_recall,0.035,cross_state_readout,local_search,0.462890625,-0.07421875,1
formal-09,context_recall,0.05,state_matched,local_search,0.86328125,0.7265625,1
formal-09,context_recall,0.05,cross_state_readout,local_search,0.41015625,-0.1796875,1
formal-09,context_recall,0.035,state_matched,population_search,0.80078125,0.6015625,1
formal-09,context_recall,0.035,cross_state_readout,population_search,0.587890625,0.17578125,1
formal-09,context_recall,0.05,state_matched,population_search,0.87109375,0.7421875,1
formal-09,context_recall,0.05,cross_state_readout,population_search,0.50390625,0.0078125,1
formal-09,context_recall,0.035,state_matched,specialist_pool_0.035,0.80078125,0.6015625,1
formal-09,context_recall,0.035,cross_state_readout,specialist_pool_0.035,0.587890625,0.17578125,1
formal-09,context_recall,0.05,state_matched,specialist_pool_0.035,0.87109375,0.7421875,1
formal-09,context_recall,0.05,cross_state_readout,specialist_pool_0.035,0.50390625,0.0078125,1
formal-09,context_recall,0.035,state_matched,specialist_pool_0.05,0.80859375,0.6171875,1
formal-09,context_recall,0.035,cross_state_readout,specialist_pool_0.05,0.4375,-0.125,1
formal-09,context_recall,0.05,state_matched,specialist_pool_0.05,0.8671875,0.734375,1
formal-09,context_recall,0.05,cross_state_readout,specialist_pool_0.05,0.3828125,-0.234375,1
formal-09,context_recall,0.035,state_matched,high_degree,0.875,0.75,1
formal-09,context_recall,0.035,cross_state_readout,high_degree,0.544921875,0.08984375,1
formal-09,context_recall,0.05,state_matched,high_degree,0.84375,0.6875,1
formal-09,context_recall,0.05,cross_state_readout,high_degree,0.4921875,-0.015625,1
formal-09,context_recall,0.035,state_matched,spectral,0.841796875,0.68359375,1
formal-09,context_recall,0.035,cross_state_readout,spectral,0.5078125,0.015625,1
formal-09,context_recall,0.05,state_matched,spectral,0.8984375,0.796875,1
formal-09,context_recall,0.05,cross_state_readout,spectral,0.513671875,0.02734375,1
formal-09,context_recall,0.035,state_matched,input_energy_degree,0.80078125,0.6015625,1
formal-09,context_recall,0.035,cross_state_readout,input_energy_degree,0.435546875,-0.12890625,1
formal-09,context_recall,0.05,state_matched,input_energy_degree,0.802734375,0.60546875,1
formal-09,context_recall,0.05,cross_state_readout,input_energy_degree,0.44140625,-0.1171875,1
formal-09,context_recall,0.035,state_matched,input_quota_random,0.818359375,0.63671875,1
formal-09,context_recall,0.035,cross_state_readout,input_quota_random,0.51171875,0.0234375,1
formal-09,context_recall,0.05,state_matched,input_quota_random,0.89453125,0.7890625,1
formal-09,context_recall,0.05,cross_state_readout,input_quota_random,0.5,0.0,1
formal-09,context_recall,0.035,state_matched,unselected_random,0.81591796875,0.6318359375,8
formal-09,context_recall,0.035,cross_state_readout,unselected_random,0.494140625,-0.01171875,8
formal-09,context_recall,0.05,state_matched,unselected_random,0.8828125,0.765625,8
formal-09,context_recall,0.05,cross_state_readout,unselected_random,0.458251953125,-0.08349609375,8
formal-09,context_recall,0.035,state_matched,group_matched_random,0.80078125,0.6015625,4
formal-09,context_recall,0.035,cross_state_readout,group_matched_random,0.48095703125,-0.0380859375,4
formal-09,context_recall,0.05,state_matched,group_matched_random,0.87255859375,0.7451171875,4
formal-09,context_recall,0.05,cross_state_readout,group_matched_random,0.50732421875,0.0146484375,4
formal-10,context_recall,0.035,state_matched,random_search,0.857421875,0.71484375,1
formal-10,context_recall,0.035,cross_state_readout,random_search,0.439453125,-0.12109375,1
formal-10,context_recall,0.05,state_matched,random_search,0.892578125,0.78515625,1
formal-10,context_recall,0.05,cross_state_readout,random_search,0.466796875,-0.06640625,1
formal-10,context_recall,0.035,state_matched,local_search,0.8515625,0.703125,1
formal-10,context_recall,0.035,cross_state_readout,local_search,0.42578125,-0.1484375,1
formal-10,context_recall,0.05,state_matched,local_search,0.900390625,0.80078125,1
formal-10,context_recall,0.05,cross_state_readout,local_search,0.5,0.0,1
formal-10,context_recall,0.035,state_matched,population_search,0.859375,0.71875,1
formal-10,context_recall,0.035,cross_state_readout,population_search,0.427734375,-0.14453125,1
formal-10,context_recall,0.05,state_matched,population_search,0.892578125,0.78515625,1
formal-10,context_recall,0.05,cross_state_readout,population_search,0.419921875,-0.16015625,1
formal-10,context_recall,0.035,state_matched,specialist_pool_0.035,0.859375,0.71875,1
formal-10,context_recall,0.035,cross_state_readout,specialist_pool_0.035,0.427734375,-0.14453125,1
formal-10,context_recall,0.05,state_matched,specialist_pool_0.035,0.892578125,0.78515625,1
formal-10,context_recall,0.05,cross_state_readout,specialist_pool_0.035,0.419921875,-0.16015625,1
formal-10,context_recall,0.035,state_matched,specialist_pool_0.05,0.826171875,0.65234375,1
formal-10,context_recall,0.035,cross_state_readout,specialist_pool_0.05,0.505859375,0.01171875,1
formal-10,context_recall,0.05,state_matched,specialist_pool_0.05,0.908203125,0.81640625,1
formal-10,context_recall,0.05,cross_state_readout,specialist_pool_0.05,0.4765625,-0.046875,1
formal-10,context_recall,0.035,state_matched,high_degree,0.8046875,0.609375,1
formal-10,context_recall,0.035,cross_state_readout,high_degree,0.552734375,0.10546875,1
formal-10,context_recall,0.05,state_matched,high_degree,0.8828125,0.765625,1
formal-10,context_recall,0.05,cross_state_readout,high_degree,0.48828125,-0.0234375,1
formal-10,context_recall,0.035,state_matched,spectral,0.78125,0.5625,1
formal-10,context_recall,0.035,cross_state_readout,spectral,0.515625,0.03125,1
formal-10,context_recall,0.05,state_matched,spectral,0.830078125,0.66015625,1
formal-10,context_recall,0.05,cross_state_readout,spectral,0.48828125,-0.0234375,1
formal-10,context_recall,0.035,state_matched,input_energy_degree,0.763671875,0.52734375,1
formal-10,context_recall,0.035,cross_state_readout,input_energy_degree,0.49609375,-0.0078125,1
formal-10,context_recall,0.05,state_matched,input_energy_degree,0.85546875,0.7109375,1
formal-10,context_recall,0.05,cross_state_readout,input_energy_degree,0.578125,0.15625,1
formal-10,context_recall,0.035,state_matched,input_quota_random,0.833984375,0.66796875,1
formal-10,context_recall,0.035,cross_state_readout,input_quota_random,0.412109375,-0.17578125,1
formal-10,context_recall,0.05,state_matched,input_quota_random,0.892578125,0.78515625,1
formal-10,context_recall,0.05,cross_state_readout,input_quota_random,0.4921875,-0.015625,1
formal-10,context_recall,0.035,state_matched,unselected_random,0.825927734375,0.65185546875,8
formal-10,context_recall,0.035,cross_state_readout,unselected_random,0.44482421875,-0.1103515625,8
formal-10,context_recall,0.05,state_matched,unselected_random,0.910888671875,0.82177734375,8
formal-10,context_recall,0.05,cross_state_readout,unselected_random,0.466796875,-0.06640625,8
formal-10,context_recall,0.035,state_matched,group_matched_random,0.83251953125,0.6650390625,4
formal-10,context_recall,0.035,cross_state_readout,group_matched_random,0.44580078125,-0.1083984375,4
formal-10,context_recall,0.05,state_matched,group_matched_random,0.88671875,0.7734375,4
formal-10,context_recall,0.05,cross_state_readout,group_matched_random,0.54931640625,0.0986328125,4
formal-11,context_recall,0.035,state_matched,random_search,0.91015625,0.8203125,1
formal-11,context_recall,0.035,cross_state_readout,random_search,0.455078125,-0.08984375,1
formal-11,context_recall,0.05,state_matched,random_search,0.88671875,0.7734375,1
formal-11,context_recall,0.05,cross_state_readout,random_search,0.560546875,0.12109375,1
formal-11,context_recall,0.035,state_matched,local_search,0.873046875,0.74609375,1
formal-11,context_recall,0.035,cross_state_readout,local_search,0.591796875,0.18359375,1
formal-11,context_recall,0.05,state_matched,local_search,0.9296875,0.859375,1
formal-11,context_recall,0.05,cross_state_readout,local_search,0.5703125,0.140625,1
formal-11,context_recall,0.035,state_matched,population_search,0.8828125,0.765625,1
formal-11,context_recall,0.035,cross_state_readout,population_search,0.41015625,-0.1796875,1
formal-11,context_recall,0.05,state_matched,population_search,0.90234375,0.8046875,1
formal-11,context_recall,0.05,cross_state_readout,population_search,0.67578125,0.3515625,1
formal-11,context_recall,0.035,state_matched,specialist_pool_0.035,0.87109375,0.7421875,1
formal-11,context_recall,0.035,cross_state_readout,specialist_pool_0.035,0.40625,-0.1875,1
formal-11,context_recall,0.05,state_matched,specialist_pool_0.035,0.85546875,0.7109375,1
formal-11,context_recall,0.05,cross_state_readout,specialist_pool_0.035,0.51953125,0.0390625,1
formal-11,context_recall,0.035,state_matched,specialist_pool_0.05,0.82421875,0.6484375,1
formal-11,context_recall,0.035,cross_state_readout,specialist_pool_0.05,0.443359375,-0.11328125,1
formal-11,context_recall,0.05,state_matched,specialist_pool_0.05,0.91796875,0.8359375,1
formal-11,context_recall,0.05,cross_state_readout,specialist_pool_0.05,0.494140625,-0.01171875,1
formal-11,context_recall,0.035,state_matched,high_degree,0.888671875,0.77734375,1
formal-11,context_recall,0.035,cross_state_readout,high_degree,0.443359375,-0.11328125,1
formal-11,context_recall,0.05,state_matched,high_degree,0.8671875,0.734375,1
formal-11,context_recall,0.05,cross_state_readout,high_degree,0.41015625,-0.1796875,1
formal-11,context_recall,0.035,state_matched,spectral,0.84375,0.6875,1
formal-11,context_recall,0.035,cross_state_readout,spectral,0.404296875,-0.19140625,1
formal-11,context_recall,0.05,state_matched,spectral,0.896484375,0.79296875,1
formal-11,context_recall,0.05,cross_state_readout,spectral,0.498046875,-0.00390625,1
formal-11,context_recall,0.035,state_matched,input_energy_degree,0.80859375,0.6171875,1
formal-11,context_recall,0.035,cross_state_readout,input_energy_degree,0.412109375,-0.17578125,1
formal-11,context_recall,0.05,state_matched,input_energy_degree,0.875,0.75,1
formal-11,context_recall,0.05,cross_state_readout,input_energy_degree,0.5,0.0,1
formal-11,context_recall,0.035,state_matched,input_quota_random,0.86328125,0.7265625,1
formal-11,context_recall,0.035,cross_state_readout,input_quota_random,0.50390625,0.0078125,1
formal-11,context_recall,0.05,state_matched,input_quota_random,0.8984375,0.796875,1
formal-11,context_recall,0.05,cross_state_readout,input_quota_random,0.470703125,-0.05859375,1
formal-11,context_recall,0.035,state_matched,unselected_random,0.85888671875,0.7177734375,8
formal-11,context_recall,0.035,cross_state_readout,unselected_random,0.462890625,-0.07421875,8
formal-11,context_recall,0.05,state_matched,unselected_random,0.88916015625,0.7783203125,8
formal-11,context_recall,0.05,cross_state_readout,unselected_random,0.494384765625,-0.01123046875,8
formal-11,context_recall,0.035,state_matched,group_matched_random,0.84228515625,0.6845703125,4
formal-11,context_recall,0.035,cross_state_readout,group_matched_random,0.43408203125,-0.1318359375,4
formal-11,context_recall,0.05,state_matched,group_matched_random,0.90625,0.8125,4
formal-11,context_recall,0.05,cross_state_readout,group_matched_random,0.43798828125,-0.1240234375,4
formal-12,context_recall,0.035,state_matched,random_search,0.873046875,0.74609375,1
formal-12,context_recall,0.035,cross_state_readout,random_search,0.630859375,0.26171875,1
formal-12,context_recall,0.05,state_matched,random_search,0.890625,0.78125,1
formal-12,context_recall,0.05,cross_state_readout,random_search,0.455078125,-0.08984375,1
formal-12,context_recall,0.035,state_matched,local_search,0.890625,0.78125,1
formal-12,context_recall,0.035,cross_state_readout,local_search,0.419921875,-0.16015625,1
formal-12,context_recall,0.05,state_matched,local_search,0.9140625,0.828125,1
formal-12,context_recall,0.05,cross_state_readout,local_search,0.41015625,-0.1796875,1
formal-12,context_recall,0.035,state_matched,population_search,0.822265625,0.64453125,1
formal-12,context_recall,0.035,cross_state_readout,population_search,0.365234375,-0.26953125,1
formal-12,context_recall,0.05,state_matched,population_search,0.900390625,0.80078125,1
formal-12,context_recall,0.05,cross_state_readout,population_search,0.6171875,0.234375,1
formal-12,context_recall,0.035,state_matched,specialist_pool_0.035,0.822265625,0.64453125,1
formal-12,context_recall,0.035,cross_state_readout,specialist_pool_0.035,0.365234375,-0.26953125,1
formal-12,context_recall,0.05,state_matched,specialist_pool_0.035,0.900390625,0.80078125,1
formal-12,context_recall,0.05,cross_state_readout,specialist_pool_0.035,0.6171875,0.234375,1
formal-12,context_recall,0.035,state_matched,specialist_pool_0.05,0.865234375,0.73046875,1
formal-12,context_recall,0.035,cross_state_readout,specialist_pool_0.05,0.443359375,-0.11328125,1
formal-12,context_recall,0.05,state_matched,specialist_pool_0.05,0.931640625,0.86328125,1
formal-12,context_recall,0.05,cross_state_readout,specialist_pool_0.05,0.5,0.0,1
formal-12,context_recall,0.035,state_matched,high_degree,0.8515625,0.703125,1
formal-12,context_recall,0.035,cross_state_readout,high_degree,0.525390625,0.05078125,1
formal-12,context_recall,0.05,state_matched,high_degree,0.85546875,0.7109375,1
formal-12,context_recall,0.05,cross_state_readout,high_degree,0.51953125,0.0390625,1
formal-12,context_recall,0.035,state_matched,spectral,0.83984375,0.6796875,1
formal-12,context_recall,0.035,cross_state_readout,spectral,0.451171875,-0.09765625,1
formal-12,context_recall,0.05,state_matched,spectral,0.873046875,0.74609375,1
formal-12,context_recall,0.05,cross_state_readout,spectral,0.525390625,0.05078125,1
formal-12,context_recall,0.035,state_matched,input_energy_degree,0.7734375,0.546875,1
formal-12,context_recall,0.035,cross_state_readout,input_energy_degree,0.384765625,-0.23046875,1
formal-12,context_recall,0.05,state_matched,input_energy_degree,0.8828125,0.765625,1
formal-12,context_recall,0.05,cross_state_readout,input_energy_degree,0.568359375,0.13671875,1
formal-12,context_recall,0.035,state_matched,input_quota_random,0.87109375,0.7421875,1
formal-12,context_recall,0.035,cross_state_readout,input_quota_random,0.46484375,-0.0703125,1
formal-12,context_recall,0.05,state_matched,input_quota_random,0.900390625,0.80078125,1
formal-12,context_recall,0.05,cross_state_readout,input_quota_random,0.49609375,-0.0078125,1
formal-12,context_recall,0.035,state_matched,unselected_random,0.84423828125,0.6884765625,8
formal-12,context_recall,0.035,cross_state_readout,unselected_random,0.4814453125,-0.037109375,8
formal-12,context_recall,0.05,state_matched,unselected_random,0.910400390625,0.82080078125,8
formal-12,context_recall,0.05,cross_state_readout,unselected_random,0.5107421875,0.021484375,8
formal-12,context_recall,0.035,state_matched,group_matched_random,0.828125,0.65625,4
formal-12,context_recall,0.035,cross_state_readout,group_matched_random,0.42822265625,-0.1435546875,4
formal-12,context_recall,0.05,state_matched,group_matched_random,0.9287109375,0.857421875,4
formal-12,context_recall,0.05,cross_state_readout,group_matched_random,0.42529296875,-0.1494140625,4
