graph_seed,graph_id,coupling,noise_sigma,method_label,rhythm_score,mean_rate_hz,dominant_frequency_hz,silent_fraction,synchrony_proxy,spectral_concentration,spectral_entropy,n_noise
93001,scale_free-N256-p005-seed93001-sha256:b0c89084ff1dbc8843138679dec0eec818e6f26a20614f61562ec750613a1fcc,0.035,0.8,A_mid,0.45498380189140636,20.230466842651367,69.5,0.0,0.9342913577953974,0.7850806775192419,0.21832155808806417,24
93001,scale_free-N256-p005-seed93001-sha256:b0c89084ff1dbc8843138679dec0eec818e6f26a20614f61562ec750613a1fcc,0.035,0.8,A_pool,0.3279580318679412,20.285398483276367,69.4375,0.0,0.9595554992556572,0.6369523492952188,0.3137637519588073,24
93001,scale_free-N256-p005-seed93001-sha256:b0c89084ff1dbc8843138679dec0eec818e6f26a20614f61562ec750613a1fcc,0.035,0.8,A_shared,0.3888417004297177,20.26879684130351,69.5,0.0,0.9297477727135023,0.7141873302559058,0.2645303873966137,24
93001,scale_free-N256-p005-seed93001-sha256:b0c89084ff1dbc8843138679dec0eec818e6f26a20614f61562ec750613a1fcc,0.035,0.8,A_sparse,0.2697409360359112,20.389565149943035,69.25,0.0,1.0000603248675664,0.5338594069083532,0.34383271386226016,24
93001,scale_free-N256-p005-seed93001-sha256:b0c89084ff1dbc8843138679dec0eec818e6f26a20614f61562ec750613a1fcc,0.035,0.8,shared_random,0.2881135580440362,19.925209681193035,69.5,0.0,0.6645081415772438,0.7167585218946139,0.3200906831771135,24
93001,scale_free-N256-p005-seed93001-sha256:b0c89084ff1dbc8843138679dec0eec818e6f26a20614f61562ec750613a1fcc,0.035,0.8,spectral,0.3189735139409701,20.3018372853597,69.1875,0.0,1.0494532734155655,0.5921999861796697,0.32589162761966384,24
93001,scale_free-N256-p005-seed93001-sha256:b0c89084ff1dbc8843138679dec0eec818e6f26a20614f61562ec750613a1fcc,0.035,1.0,A_mid,0.4236473801235358,20.2420228322347,69.5,0.0,0.9088044166564941,0.7589377289017042,0.2395573742687702,24
93001,scale_free-N256-p005-seed93001-sha256:b0c89084ff1dbc8843138679dec0eec818e6f26a20614f61562ec750613a1fcc,0.035,1.0,A_pool,0.35273702380557853,20.3059876759847,69.47916666666667,0.0,0.9403086975216866,0.6617660957078139,0.2878812452157338,24
93001,scale_free-N256-p005-seed93001-sha256:b0c89084ff1dbc8843138679dec0eec818e6f26a20614f61562ec750613a1fcc,0.035,1.0,A_shared,0.413610327988863,20.2837708791097,69.5,0.0,0.9189902519186338,0.7500481580694517,0.24576719477772713,24
93001,scale_free-N256-p005-seed93001-sha256:b0c89084ff1dbc8843138679dec0eec818e6f26a20614f61562ec750613a1fcc,0.035,1.0,A_sparse,0.2931693519155184,20.4070618947347,69.27083333333333,0.0,0.9817127510905266,0.5766578900317351,0.3305518838266531,24
93001,scale_free-N256-p005-seed93001-sha256:b0c89084ff1dbc8843138679dec0eec818e6f26a20614f61562ec750613a1fcc,0.035,1.0,shared_random,0.292747288942337,19.933754603068035,69.5,0.0,0.6641862168908119,0.7270368734995524,0.3137963972985744,24
93001,scale_free-N256-p005-seed93001-sha256:b0c89084ff1dbc8843138679dec0eec818e6f26a20614f61562ec750613a1fcc,0.035,1.0,spectral,0.2849187205235163,20.3106263478597,69.14583333333333,0.0,1.0358734801411629,0.5484936932722727,0.34073274085919064,24
93001,scale_free-N256-p005-seed93001-sha256:b0c89084ff1dbc8843138679dec0eec818e6f26a20614f61562ec750613a1fcc,0.035,1.2,A_mid,0.4106918517500162,20.251137415568035,69.54166666666667,0.0,0.8905096625288328,0.7487910985946655,0.2481076580782731,24
93001,scale_free-N256-p005-seed93001-sha256:b0c89084ff1dbc8843138679dec0eec818e6f26a20614f61562ec750613a1fcc,0.035,1.2,A_pool,0.39400633859137696,20.324705123901367,69.5,0.0,0.9192565505703291,0.7228448974589506,0.25810145152111846,24
93001,scale_free-N256-p005-seed93001-sha256:b0c89084ff1dbc8843138679dec0eec818e6f26a20614f61562ec750613a1fcc,0.035,1.2,A_shared,0.432173981020848,20.297605514526367,69.52083333333333,0.0,0.8971182703971863,0.777558259665966,0.22791030878822005,24
93001,scale_free-N256-p005-seed93001-sha256:b0c89084ff1dbc8843138679dec0eec818e6f26a20614f61562ec750613a1fcc,0.035,1.2,A_sparse,0.2964178950836261,20.434487024943035,69.45833333333333,0.0,0.9515586892763773,0.5842531410356363,0.32534018531441683,24
93001,scale_free-N256-p005-seed93001-sha256:b0c89084ff1dbc8843138679dec0eec818e6f26a20614f61562ec750613a1fcc,0.035,1.2,shared_random,0.2545981546863913,19.949623743693035,69.5,0.0,0.6421419729789098,0.6708952548603216,0.3518631514161825,24
93001,scale_free-N256-p005-seed93001-sha256:b0c89084ff1dbc8843138679dec0eec818e6f26a20614f61562ec750613a1fcc,0.035,1.2,spectral,0.2895154630144437,20.341062545776367,69.25,0.0,1.0112003162503242,0.5586384013295174,0.33405343753596145,24
93001,scale_free-N256-p005-seed93001-sha256:b0c89084ff1dbc8843138679dec0eec818e6f26a20614f61562ec750613a1fcc,0.03875,0.8,A_mid,0.39399477963646246,20.58617965380351,69.54166666666667,0.0,0.9111280962824821,0.7226434784630934,0.2648104596883058,24
93001,scale_free-N256-p005-seed93001-sha256:b0c89084ff1dbc8843138679dec0eec818e6f26a20614f61562ec750613a1fcc,0.03875,0.8,A_pool,0.4130373168736696,20.6809876759847,69.5,0.0,0.924618678788344,0.7460182905197144,0.25021357958515483,24
93001,scale_free-N256-p005-seed93001-sha256:b0c89084ff1dbc8843138679dec0eec818e6f26a20614f61562ec750613a1fcc,0.03875,0.8,A_shared,0.400259830057621,20.615639289220173,69.5625,0.0,0.9143082872033119,0.7277676276862621,0.2582687630007664,24
93001,scale_free-N256-p005-seed93001-sha256:b0c89084ff1dbc8843138679dec0eec818e6f26a20614f61562ec750613a1fcc,0.03875,0.8,A_sparse,0.2757768972466389,20.772214889526367,69.45833333333333,0.0,0.9599719569087029,0.5475185836354891,0.3405814928313096,24
93001,scale_free-N256-p005-seed93001-sha256:b0c89084ff1dbc8843138679dec0eec818e6f26a20614f61562ec750613a1fcc,0.03875,0.8,shared_random,0.19052005683382348,20.296873092651367,69.52083333333333,0.0,0.6577148859699568,0.5374319528539976,0.420730118950208,24
93001,scale_free-N256-p005-seed93001-sha256:b0c89084ff1dbc8843138679dec0eec818e6f26a20614f61562ec750613a1fcc,0.03875,0.8,spectral,0.3476074847082297,20.695554733276367,69.47916666666667,0.0,1.0033003215988476,0.639125128587087,0.3011014256626367,24
93001,scale_free-N256-p005-seed93001-sha256:b0c89084ff1dbc8843138679dec0eec818e6f26a20614f61562ec750613a1fcc,0.03875,1.0,A_mid,0.3626276223609845,20.596596320470173,69.54166666666667,0.0,0.899861067533493,0.6915085290869077,0.286697095260024,24
93001,scale_free-N256-p005-seed93001-sha256:b0c89084ff1dbc8843138679dec0eec818e6f26a20614f61562ec750613a1fcc,0.03875,1.0,A_pool,0.40317641384899616,20.6895325978597,69.52083333333333,0.0,0.9133979653318723,0.733014083156983,0.2546010004977385,24
93001,scale_free-N256-p005-seed93001-sha256:b0c89084ff1dbc8843138679dec0eec818e6f26a20614f61562ec750613a1fcc,0.03875,1.0,A_shared,0.43870575663944084,20.622475306193035,69.52083333333333,0.0,0.9182129527131716,0.7729403078556061,0.2315580310920874,24
93001,scale_free-N256-p005-seed93001-sha256:b0c89084ff1dbc8843138679dec0eec818e6f26a20614f61562ec750613a1fcc,0.03875,1.0,A_sparse,0.34831735119223595,20.796873092651367,69.4375,0.0,0.9438553328315417,0.6622379931310812,0.29703622808059055,24
93001,scale_free-N256-p005-seed93001-sha256:b0c89084ff1dbc8843138679dec0eec818e6f26a20614f61562ec750613a1fcc,0.03875,1.0,shared_random,0.20293395873159167,20.3067200978597,69.54166666666667,0.0,0.6455992584427198,0.5701862275600433,0.4112717440972726,24
93001,scale_free-N256-p005-seed93001-sha256:b0c89084ff1dbc8843138679dec0eec818e6f26a20614f61562ec750613a1fcc,0.03875,1.0,spectral,0.3600149694830179,20.702553431193035,69.4375,0.0,0.9945787390073141,0.6496919418374697,0.28789268123606837,24
93001,scale_free-N256-p005-seed93001-sha256:b0c89084ff1dbc8843138679dec0eec818e6f26a20614f61562ec750613a1fcc,0.03875,1.2,A_mid,0.3346123055865367,20.616046110788982,69.625,0.0,0.8824018190304438,0.6505606199304262,0.2987897507846355,24
93001,scale_free-N256-p005-seed93001-sha256:b0c89084ff1dbc8843138679dec0eec818e6f26a20614f61562ec750613a1fcc,0.03875,1.2,A_pool,0.40850506474574405,20.701820929845173,69.5,0.0,0.8951212912797928,0.7474057426055273,0.2454852691541115,24
93001,scale_free-N256-p005-seed93001-sha256:b0c89084ff1dbc8843138679dec0eec818e6f26a20614f61562ec750613a1fcc,0.03875,1.2,A_shared,0.37262701988220215,20.63338017463684,69.54166666666667,0.0,0.8935400545597076,0.7000180321435133,0.2750844930609067,24
93001,scale_free-N256-p005-seed93001-sha256:b0c89084ff1dbc8843138679dec0eec818e6f26a20614f61562ec750613a1fcc,0.03875,1.2,A_sparse,0.3212990922232469,20.793129603068035,69.39583333333333,0.0,0.9439230312903722,0.6203526643415292,0.3103384015460809,24
93001,scale_free-N256-p005-seed93001-sha256:b0c89084ff1dbc8843138679dec0eec818e6f26a20614f61562ec750613a1fcc,0.03875,1.2,shared_random,0.1726250372206171,20.3277161916097,69.54166666666667,0.0,0.6276091312368711,0.5294198095798492,0.4388126606742541,24
93001,scale_free-N256-p005-seed93001-sha256:b0c89084ff1dbc8843138679dec0eec818e6f26a20614f61562ec750613a1fcc,0.03875,1.2,spectral,0.4271910171955824,20.721840540568035,69.47916666666667,0.0,0.9827888657649358,0.7435450802246729,0.24982867886622742,24
93001,scale_free-N256-p005-seed93001-sha256:b0c89084ff1dbc8843138679dec0eec818e6f26a20614f61562ec750613a1fcc,0.0425,0.8,A_mid,0.2621660586446523,20.985268036524456,69.77083333333333,0.0,0.8774701083699862,0.5601697266101837,0.3516537838925918,24
93001,scale_free-N256-p005-seed93001-sha256:b0c89084ff1dbc8843138679dec0eec818e6f26a20614f61562ec750613a1fcc,0.0425,0.8,A_pool,0.4510555913050969,21.00658981005351,69.54166666666667,0.0,0.941903625925382,0.7832207977771759,0.23109201093514756,24
93001,scale_free-N256-p005-seed93001-sha256:b0c89084ff1dbc8843138679dec0eec818e6f26a20614f61562ec750613a1fcc,0.0425,0.8,A_shared,0.3648530176530282,20.989011526107788,69.58333333333333,0.0,0.9073823789755503,0.6970682442188263,0.2873800080269575,24
93001,scale_free-N256-p005-seed93001-sha256:b0c89084ff1dbc8843138679dec0eec818e6f26a20614f61562ec750613a1fcc,0.0425,0.8,A_sparse,0.3479000919808944,21.135009765625,69.41666666666667,0.0,0.9905259609222412,0.6403093660871187,0.29629674367606634,24
93001,scale_free-N256-p005-seed93001-sha256:b0c89084ff1dbc8843138679dec0eec818e6f26a20614f61562ec750613a1fcc,0.0425,0.8,shared_random,0.1344556929543614,20.661863327026367,69.77083333333333,0.0,0.6452976937095324,0.442850844313701,0.4722631325324376,24
93001,scale_free-N256-p005-seed93001-sha256:b0c89084ff1dbc8843138679dec0eec818e6f26a20614f61562ec750613a1fcc,0.0425,0.8,spectral,0.34779525361955166,21.073649009068806,69.47916666666667,0.0,0.9556020547946295,0.6553345633049806,0.29817546096940833,24
93001,scale_free-N256-p005-seed93001-sha256:b0c89084ff1dbc8843138679dec0eec818e6f26a20614f61562ec750613a1fcc,0.0425,1.0,A_mid,0.26358749593297637,21.002439260482788,69.77083333333333,0.0,0.856546680132548,0.5666918928424517,0.34490066207945347,24
93001,scale_free-N256-p005-seed93001-sha256:b0c89084ff1dbc8843138679dec0eec818e6f26a20614f61562ec750613a1fcc,0.0425,1.0,A_pool,0.4097863386074702,21.01375158627828,69.54166666666667,0.0,0.9284549628694853,0.7385107030471166,0.25757666118443007,24
93001,scale_free-N256-p005-seed93001-sha256:b0c89084ff1dbc8843138679dec0eec818e6f26a20614f61562ec750613a1fcc,0.0425,1.0,A_shared,0.33534256493051845,20.993080854415894,69.60416666666667,0.0,0.8945539544026057,0.6552968248724937,0.30268888982633746,24
93001,scale_free-N256-p005-seed93001-sha256:b0c89084ff1dbc8843138679dec0eec818e6f26a20614f61562ec750613a1fcc,0.0425,1.0,A_sparse,0.3814284677306811,21.151204427083332,69.5,0.0,0.9716569359103838,0.6919758406778177,0.27553211152553553,24
93001,scale_free-N256-p005-seed93001-sha256:b0c89084ff1dbc8843138679dec0eec818e6f26a20614f61562ec750613a1fcc,0.0425,1.0,shared_random,0.1383068924769759,20.671791712443035,69.79166666666667,0.0,0.6337757383783659,0.4566936766107877,0.46633834888537723,24
93001,scale_free-N256-p005-seed93001-sha256:b0c89084ff1dbc8843138679dec0eec818e6f26a20614f61562ec750613a1fcc,0.0425,1.0,spectral,0.3805885606755813,21.09122673670451,69.54166666666667,0.0,0.9463584696253141,0.7009321649869283,0.2770874494065841,24
93001,scale_free-N256-p005-seed93001-sha256:b0c89084ff1dbc8843138679dec0eec818e6f26a20614f61562ec750613a1fcc,0.0425,1.2,A_mid,0.26424525491893286,21.008380095163982,69.77083333333333,0.0,0.8553868581851324,0.5711356389025847,0.3439525117476781,24
93001,scale_free-N256-p005-seed93001-sha256:b0c89084ff1dbc8843138679dec0eec818e6f26a20614f61562ec750613a1fcc,0.0425,1.2,A_pool,0.3713274697462718,21.023110389709473,69.54166666666667,0.0,0.8980772867798805,0.7121952387193838,0.2838931437581777,24
93001,scale_free-N256-p005-seed93001-sha256:b0c89084ff1dbc8843138679dec0eec818e6f26a20614f61562ec750613a1fcc,0.0425,1.2,A_shared,0.32442659450074035,21.0081361134847,69.625,0.0,0.8757030516862869,0.6440250662465891,0.3086719860633214,24
93001,scale_free-N256-p005-seed93001-sha256:b0c89084ff1dbc8843138679dec0eec818e6f26a20614f61562ec750613a1fcc,0.0425,1.2,A_sparse,0.366852546731631,21.156005859375,69.47916666666667,0.0,0.9650055542588234,0.6708160862326622,0.28185061986247695,24
93001,scale_free-N256-p005-seed93001-sha256:b0c89084ff1dbc8843138679dec0eec818e6f26a20614f61562ec750613a1fcc,0.0425,1.2,shared_random,0.13291899425288037,20.680418014526367,69.72916666666667,0.0,0.6322213883201281,0.43241780002911884,0.4675235264003277,24
93001,scale_free-N256-p005-seed93001-sha256:b0c89084ff1dbc8843138679dec0eec818e6f26a20614f61562ec750613a1fcc,0.0425,1.2,spectral,0.42292382133503753,21.095051924387615,69.52083333333333,0.0,0.9315565899014473,0.7580286785960197,0.2477750560889641,24
93001,scale_free-N256-p005-seed93001-sha256:b0c89084ff1dbc8843138679dec0eec818e6f26a20614f61562ec750613a1fcc,0.04625,0.8,A_mid,0.2748775407671928,21.364174207051594,70.08333333333333,0.0,0.8301988914608955,0.601857545475165,0.34439870715141296,24
93001,scale_free-N256-p005-seed93001-sha256:b0c89084ff1dbc8843138679dec0eec818e6f26a20614f61562ec750613a1fcc,0.04625,0.8,A_pool,0.30342960543930525,21.386391798655193,69.60416666666667,0.0,0.887778619925181,0.6106509206195673,0.32549577330549556,24
93001,scale_free-N256-p005-seed93001-sha256:b0c89084ff1dbc8843138679dec0eec818e6f26a20614f61562ec750613a1fcc,0.04625,0.8,A_shared,0.27167944951603806,21.34415610631307,69.625,0.0,0.8844310492277145,0.5809125366310278,0.356821005543073,24
93001,scale_free-N256-p005-seed93001-sha256:b0c89084ff1dbc8843138679dec0eec818e6f26a20614f61562ec750613a1fcc,0.04625,0.8,A_sparse,0.35867874572674435,21.478108565012615,69.45833333333333,0.0,0.9919200415412585,0.667099212606748,0.29973462720712024,24
93001,scale_free-N256-p005-seed93001-sha256:b0c89084ff1dbc8843138679dec0eec818e6f26a20614f61562ec750613a1fcc,0.04625,0.8,shared_random,0.14952061759928859,21.016355752944946,69.85416666666667,0.0,0.6500809515515963,0.47443870455026627,0.45489509776234627,24
93001,scale_free-N256-p005-seed93001-sha256:b0c89084ff1dbc8843138679dec0eec818e6f26a20614f61562ec750613a1fcc,0.04625,0.8,spectral,0.3314448129385709,21.42285092671712,69.47916666666667,0.0,0.9780404592553774,0.6308576936523119,0.3196830612917741,24
93001,scale_free-N256-p005-seed93001-sha256:b0c89084ff1dbc8843138679dec0eec818e6f26a20614f61562ec750613a1fcc,0.04625,1.0,A_mid,0.27654126038153964,21.370765686035156,70.0625,0.0,0.817069078485171,0.5973926993707815,0.3305817078799009,24
93001,scale_free-N256-p005-seed93001-sha256:b0c89084ff1dbc8843138679dec0eec818e6f26a20614f61562ec750613a1fcc,0.04625,1.0,A_pool,0.3232428139696518,21.405598322550457,69.625,0.0,0.8733518794178963,0.6496563715239366,0.3144822667042414,24
93001,scale_free-N256-p005-seed93001-sha256:b0c89084ff1dbc8843138679dec0eec818e6f26a20614f61562ec750613a1fcc,0.04625,1.0,A_shared,0.2360946489498019,21.368000348409016,69.70833333333333,0.0,0.8644929205377897,0.5216191783547401,0.37411630650361377,24
93001,scale_free-N256-p005-seed93001-sha256:b0c89084ff1dbc8843138679dec0eec818e6f26a20614f61562ec750613a1fcc,0.04625,1.0,A_sparse,0.37168960521618527,21.485432783762615,69.5,0.0,0.9757251987854639,0.6812249856690565,0.2885365262627601,24
93001,scale_free-N256-p005-seed93001-sha256:b0c89084ff1dbc8843138679dec0eec818e6f26a20614f61562ec750613a1fcc,0.04625,1.0,shared_random,0.15587950094292558,21.029865344365437,69.89583333333333,0.0,0.6415658071637154,0.5014061344166597,0.4543568876882394,24
93001,scale_free-N256-p005-seed93001-sha256:b0c89084ff1dbc8843138679dec0eec818e6f26a20614f61562ec750613a1fcc,0.04625,1.0,spectral,0.3512398886183898,21.428873538970947,69.5,0.0,0.9610328152775764,0.664017166942358,0.3002943359315395,24
93001,scale_free-N256-p005-seed93001-sha256:b0c89084ff1dbc8843138679dec0eec818e6f26a20614f61562ec750613a1fcc,0.04625,1.2,A_mid,0.30831517434368527,21.379555384318035,70.0,0.0,0.824814535677433,0.6412772958477339,0.3106445055454969,24
93001,scale_free-N256-p005-seed93001-sha256:b0c89084ff1dbc8843138679dec0eec818e6f26a20614f61562ec750613a1fcc,0.04625,1.2,A_pool,0.26786735219260055,21.405028343200684,69.66666666666667,0.0,0.8641860336065292,0.5654598797361056,0.34639319280783337,24
93001,scale_free-N256-p005-seed93001-sha256:b0c89084ff1dbc8843138679dec0eec818e6f26a20614f61562ec750613a1fcc,0.04625,1.2,A_shared,0.2195869743203123,21.380451202392578,69.8125,0.0,0.8556594575444857,0.4905901849269867,0.3756581811855237,24
93001,scale_free-N256-p005-seed93001-sha256:b0c89084ff1dbc8843138679dec0eec818e6f26a20614f61562ec750613a1fcc,0.04625,1.2,A_sparse,0.3942676621178786,21.49723259607951,69.5,0.0,0.957528273264567,0.7181165652970473,0.2693159114569425,24
93001,scale_free-N256-p005-seed93001-sha256:b0c89084ff1dbc8843138679dec0eec818e6f26a20614f61562ec750613a1fcc,0.04625,1.2,shared_random,0.1461821595827738,21.0325509707133,69.9375,0.0,0.6307414844632149,0.48216763511300087,0.46074048802256584,24
93001,scale_free-N256-p005-seed93001-sha256:b0c89084ff1dbc8843138679dec0eec818e6f26a20614f61562ec750613a1fcc,0.04625,1.2,spectral,0.3614337720597784,21.43310483296712,69.5,0.0,0.949093001584212,0.6755631603300571,0.29149773096044856,24
93001,scale_free-N256-p005-seed93001-sha256:b0c89084ff1dbc8843138679dec0eec818e6f26a20614f61562ec750613a1fcc,0.05,0.8,A_mid,0.21988673135638234,21.702878952026367,70.02083333333333,0.0,0.8508370742201805,0.49229071537653607,0.37741980763773125,24
93001,scale_free-N256-p005-seed93001-sha256:b0c89084ff1dbc8843138679dec0eec818e6f26a20614f61562ec750613a1fcc,0.05,0.8,A_pool,0.326250626395146,21.721190611521404,69.64583333333333,0.0,0.912866897881031,0.6328474146624407,0.3091302451988061,24
93001,scale_free-N256-p005-seed93001-sha256:b0c89084ff1dbc8843138679dec0eec818e6f26a20614f61562ec750613a1fcc,0.05,0.8,A_shared,0.3473375079532464,21.633137226104736,69.52083333333333,0.0,0.9444009015957514,0.6713829872508844,0.30768188523749507,24
93001,scale_free-N256-p005-seed93001-sha256:b0c89084ff1dbc8843138679dec0eec818e6f26a20614f61562ec750613a1fcc,0.05,0.8,A_sparse,0.40607950650155544,21.79394467671712,69.5,0.0,0.9647087678313255,0.7247986185053984,0.26215619966387743,24
93001,scale_free-N256-p005-seed93001-sha256:b0c89084ff1dbc8843138679dec0eec818e6f26a20614f61562ec750613a1fcc,0.05,0.8,shared_random,0.21747343738873795,21.361246585845947,70.0,0.0,0.6271974419554075,0.6357474960386753,0.3892476136485736,24
93001,scale_free-N256-p005-seed93001-sha256:b0c89084ff1dbc8843138679dec0eec818e6f26a20614f61562ec750613a1fcc,0.05,0.8,spectral,0.28597146831452847,21.69108025232951,69.29166666666667,0.0,1.0206860154867172,0.5705614735682806,0.3617783735195796,24
93001,scale_free-N256-p005-seed93001-sha256:b0c89084ff1dbc8843138679dec0eec818e6f26a20614f61562ec750613a1fcc,0.05,1.0,A_mid,0.25417168065905565,21.69441556930542,69.91666666666667,0.0,0.8542618080973625,0.559125903993845,0.35499806329607964,24
93001,scale_free-N256-p005-seed93001-sha256:b0c89084ff1dbc8843138679dec0eec818e6f26a20614f61562ec750613a1fcc,0.05,1.0,A_pool,0.3026677314192056,21.73111899693807,69.60416666666667,0.0,0.906389611462752,0.6107152899106344,0.3295922515292962,24
93001,scale_free-N256-p005-seed93001-sha256:b0c89084ff1dbc8843138679dec0eec818e6f26a20614f61562ec750613a1fcc,0.05,1.0,A_shared,0.31518582316736377,21.64151938756307,69.52083333333333,0.0,0.9268277212977409,0.6346432218949,0.3297186630467574,24
93001,scale_free-N256-p005-seed93001-sha256:b0c89084ff1dbc8843138679dec0eec818e6f26a20614f61562ec750613a1fcc,0.05,1.0,A_sparse,0.3601537346839905,21.810138702392578,69.54166666666667,0.0,0.9530997574329376,0.669702493896087,0.2952029928565025,24
93001,scale_free-N256-p005-seed93001-sha256:b0c89084ff1dbc8843138679dec0eec818e6f26a20614f61562ec750613a1fcc,0.05,1.0,shared_random,0.21162536988655722,21.369791666666668,69.95833333333333,0.0,0.6329127997159958,0.6155835750202338,0.39382345601916313,24
93001,scale_free-N256-p005-seed93001-sha256:b0c89084ff1dbc8843138679dec0eec818e6f26a20614f61562ec750613a1fcc,0.05,1.0,spectral,0.26299325283616776,21.69718376795451,69.35416666666667,0.0,1.0139181738098462,0.531530729184548,0.3671453570326169,24
93001,scale_free-N256-p005-seed93001-sha256:b0c89084ff1dbc8843138679dec0eec818e6f26a20614f61562ec750613a1fcc,0.05,1.2,A_mid,0.242590754913787,21.701251824696858,69.89583333333333,0.0,0.8457301730910937,0.5350865311920643,0.35804185333351296,24
93001,scale_free-N256-p005-seed93001-sha256:b0c89084ff1dbc8843138679dec0eec818e6f26a20614f61562ec750613a1fcc,0.05,1.2,A_pool,0.29588379090030986,21.75561459859212,69.72916666666667,0.0,0.8863500952720642,0.5993920154869556,0.32696327008306975,24
93001,scale_free-N256-p005-seed93001-sha256:b0c89084ff1dbc8843138679dec0eec818e6f26a20614f61562ec750613a1fcc,0.05,1.2,A_shared,0.3132462762296199,21.644123713175457,69.5625,0.0,0.9208678156137466,0.617948674907287,0.3260673812280098,24
93001,scale_free-N256-p005-seed93001-sha256:b0c89084ff1dbc8843138679dec0eec818e6f26a20614f61562ec750613a1fcc,0.05,1.2,A_sparse,0.33589023165404797,21.81656821568807,69.625,0.0,0.9442670618494352,0.6402825601398945,0.30564176291227335,24
93001,scale_free-N256-p005-seed93001-sha256:b0c89084ff1dbc8843138679dec0eec818e6f26a20614f61562ec750613a1fcc,0.05,1.2,shared_random,0.22484510516126946,21.382568041483562,70.0,0.0,0.609509085615476,0.658505767583847,0.3813821201523145,24
93001,scale_free-N256-p005-seed93001-sha256:b0c89084ff1dbc8843138679dec0eec818e6f26a20614f61562ec750613a1fcc,0.05,1.2,spectral,0.3168463197847207,21.719807465871174,69.39583333333333,0.0,0.9896265591184298,0.608829915523529,0.32646429104109603,24
93002,scale_free-N256-p005-seed93002-sha256:34b89fb8efaff2ca28bdb481e51da6a21e3fdf4bf71bbd8bdfdd9dcfbe5bab09,0.035,0.8,A_mid,0.4307919243971507,20.196938196818035,69.54166666666667,0.0,0.9374711761871973,0.751547617216905,0.23646284267306325,24
93002,scale_free-N256-p005-seed93002-sha256:34b89fb8efaff2ca28bdb481e51da6a21e3fdf4bf71bbd8bdfdd9dcfbe5bab09,0.035,0.8,A_pool,0.28079330238203204,20.1968568166097,69.22916666666667,0.0,1.0019617949922879,0.5444896419843038,0.33787071394423646,24
93002,scale_free-N256-p005-seed93002-sha256:34b89fb8efaff2ca28bdb481e51da6a21e3fdf4bf71bbd8bdfdd9dcfbe5bab09,0.035,0.8,A_shared,0.3312585062036911,20.190183639526367,69.39583333333333,0.0,0.9628604228297869,0.6268456255396208,0.30218616314232344,24
93002,scale_free-N256-p005-seed93002-sha256:34b89fb8efaff2ca28bdb481e51da6a21e3fdf4bf71bbd8bdfdd9dcfbe5bab09,0.035,0.8,A_sparse,0.26337508670985693,20.1160462697347,69.14583333333333,0.0,0.9787360727787018,0.5340341366827488,0.35601319931447506,24
93002,scale_free-N256-p005-seed93002-sha256:34b89fb8efaff2ca28bdb481e51da6a21e3fdf4bf71bbd8bdfdd9dcfbe5bab09,0.035,0.8,shared_random,0.2311920138696829,19.770994186401367,69.52083333333333,0.0,0.6309344172477722,0.6470887921750546,0.3744467881818612,24
93002,scale_free-N256-p005-seed93002-sha256:34b89fb8efaff2ca28bdb481e51da6a21e3fdf4bf71bbd8bdfdd9dcfbe5bab09,0.035,0.8,spectral,0.3383851610124111,20.229246139526367,69.20833333333333,0.0,1.0324744060635567,0.6292988558610281,0.3157057544837395,24
93002,scale_free-N256-p005-seed93002-sha256:34b89fb8efaff2ca28bdb481e51da6a21e3fdf4bf71bbd8bdfdd9dcfbe5bab09,0.035,1.0,A_mid,0.4000305055330197,20.2000306447347,69.54166666666667,0.0,0.9316537057360014,0.7204789482057095,0.25845311085383094,24
93002,scale_free-N256-p005-seed93002-sha256:34b89fb8efaff2ca28bdb481e51da6a21e3fdf4bf71bbd8bdfdd9dcfbe5bab09,0.035,1.0,A_pool,0.26109698414802546,20.211423873901367,69.39583333333333,0.0,0.9753608405590057,0.5219657433529695,0.3447262266029914,24
93002,scale_free-N256-p005-seed93002-sha256:34b89fb8efaff2ca28bdb481e51da6a21e3fdf4bf71bbd8bdfdd9dcfbe5bab09,0.035,1.0,A_shared,0.3885673936456442,20.2078431447347,69.41666666666667,0.0,0.9552618240316709,0.7030393866201242,0.2674633134156465,24
93002,scale_free-N256-p005-seed93002-sha256:34b89fb8efaff2ca28bdb481e51da6a21e3fdf4bf71bbd8bdfdd9dcfbe5bab09,0.035,1.0,A_sparse,0.2357984197636445,20.140623092651367,69.22916666666667,0.0,0.9611577242612839,0.49641349787513417,0.36608192200462025,24
93002,scale_free-N256-p005-seed93002-sha256:34b89fb8efaff2ca28bdb481e51da6a21e3fdf4bf71bbd8bdfdd9dcfbe5bab09,0.035,1.0,shared_random,0.21428405710806445,19.772377649943035,69.52083333333333,0.0,0.6234780475497246,0.6182535874346892,0.3930048892895381,24
93002,scale_free-N256-p005-seed93002-sha256:34b89fb8efaff2ca28bdb481e51da6a21e3fdf4bf71bbd8bdfdd9dcfbe5bab09,0.035,1.0,spectral,0.3127888745317856,20.231606165568035,69.125,0.0,1.017628364264965,0.5954423472285271,0.3288370588173469,24
93002,scale_free-N256-p005-seed93002-sha256:34b89fb8efaff2ca28bdb481e51da6a21e3fdf4bf71bbd8bdfdd9dcfbe5bab09,0.035,1.2,A_mid,0.3734634680052598,20.216225306193035,69.54166666666667,0.0,0.9132379591464996,0.6886207399268945,0.2709848421315352,24
93002,scale_free-N256-p005-seed93002-sha256:34b89fb8efaff2ca28bdb481e51da6a21e3fdf4bf71bbd8bdfdd9dcfbe5bab09,0.035,1.2,A_pool,0.2831226252019405,20.234047571818035,69.375,0.0,0.9547649845480919,0.5639993523557981,0.33389235101640224,24
93002,scale_free-N256-p005-seed93002-sha256:34b89fb8efaff2ca28bdb481e51da6a21e3fdf4bf71bbd8bdfdd9dcfbe5bab09,0.035,1.2,A_shared,0.34382117229203385,20.218910853068035,69.47916666666667,0.0,0.9342578028639158,0.6480407329897085,0.2915535954137643,24
93002,scale_free-N256-p005-seed93002-sha256:34b89fb8efaff2ca28bdb481e51da6a21e3fdf4bf71bbd8bdfdd9dcfbe5bab09,0.035,1.2,A_sparse,0.2399578560143709,20.167641321818035,69.41666666666667,0.0,0.933511902888616,0.5065453909337521,0.3592382973680894,24
93002,scale_free-N256-p005-seed93002-sha256:34b89fb8efaff2ca28bdb481e51da6a21e3fdf4bf71bbd8bdfdd9dcfbe5bab09,0.035,1.2,shared_random,0.21104497866084174,19.791501998901367,69.5,0.0,0.5994690532485644,0.6382385777930418,0.39715870407720405,24
93002,scale_free-N256-p005-seed93002-sha256:34b89fb8efaff2ca28bdb481e51da6a21e3fdf4bf71bbd8bdfdd9dcfbe5bab09,0.035,1.2,spectral,0.2741096261888742,20.247231165568035,69.29166666666667,0.0,1.0018396799763043,0.5398827890555064,0.34446060719589394,24
93002,scale_free-N256-p005-seed93002-sha256:34b89fb8efaff2ca28bdb481e51da6a21e3fdf4bf71bbd8bdfdd9dcfbe5bab09,0.03875,0.8,A_mid,0.3265591617673635,20.605384667714436,69.95833333333333,0.0,0.8809782341122627,0.6472030455867449,0.30672145759065944,24
93002,scale_free-N256-p005-seed93002-sha256:34b89fb8efaff2ca28bdb481e51da6a21e3fdf4bf71bbd8bdfdd9dcfbe5bab09,0.03875,0.8,A_pool,0.29273347370326513,20.560789108276367,69.3125,0.0,0.9785552298029264,0.5732271783053875,0.3316749427467584,24
93002,scale_free-N256-p005-seed93002-sha256:34b89fb8efaff2ca28bdb481e51da6a21e3fdf4bf71bbd8bdfdd9dcfbe5bab09,0.03875,0.8,A_shared,0.39880343588689965,20.553627649943035,69.52083333333333,0.0,0.943992185095946,0.7226036290327708,0.2609249570717414,24
93002,scale_free-N256-p005-seed93002-sha256:34b89fb8efaff2ca28bdb481e51da6a21e3fdf4bf71bbd8bdfdd9dcfbe5bab09,0.03875,0.8,A_sparse,0.34255634682873887,20.53539840380351,69.5,0.0,0.902095672984918,0.6647981057564417,0.3003658037632703,24
93002,scale_free-N256-p005-seed93002-sha256:34b89fb8efaff2ca28bdb481e51da6a21e3fdf4bf71bbd8bdfdd9dcfbe5bab09,0.03875,0.8,shared_random,0.17155143711715934,20.134194056193035,69.52083333333333,0.0,0.6269589712222418,0.5401149789492289,0.4434316046535969,24
93002,scale_free-N256-p005-seed93002-sha256:34b89fb8efaff2ca28bdb481e51da6a21e3fdf4bf71bbd8bdfdd9dcfbe5bab09,0.03875,0.8,spectral,0.31159206169346965,20.5533021291097,69.16666666666667,0.0,1.0373602608839672,0.5890515421827635,0.33264744716385997,24
93002,scale_free-N256-p005-seed93002-sha256:34b89fb8efaff2ca28bdb481e51da6a21e3fdf4bf71bbd8bdfdd9dcfbe5bab09,0.03875,1.0,A_mid,0.3816367834806442,20.605384985605877,69.91666666666667,0.0,0.8847587207953135,0.730619748433431,0.27218258008360857,24
93002,scale_free-N256-p005-seed93002-sha256:34b89fb8efaff2ca28bdb481e51da6a21e3fdf4bf71bbd8bdfdd9dcfbe5bab09,0.03875,1.0,A_pool,0.3127284447352091,20.5877259572347,69.39583333333333,0.0,0.9506663307547569,0.6083930892248949,0.3145860886822144,24
93002,scale_free-N256-p005-seed93002-sha256:34b89fb8efaff2ca28bdb481e51da6a21e3fdf4bf71bbd8bdfdd9dcfbe5bab09,0.03875,1.0,A_shared,0.35253406936923665,20.553139368693035,69.52083333333333,0.0,0.948459525903066,0.6590961876014868,0.2899309775481621,24
93002,scale_free-N256-p005-seed93002-sha256:34b89fb8efaff2ca28bdb481e51da6a21e3fdf4bf71bbd8bdfdd9dcfbe5bab09,0.03875,1.0,A_sparse,0.34045449768503505,20.540932337443035,69.47916666666667,0.0,0.8984460930029551,0.6610233349104723,0.295468820258975,24
93002,scale_free-N256-p005-seed93002-sha256:34b89fb8efaff2ca28bdb481e51da6a21e3fdf4bf71bbd8bdfdd9dcfbe5bab09,0.03875,1.0,shared_random,0.15605158964172003,20.1429017384847,69.58333333333333,0.0,0.6083648925026258,0.5108203838268915,0.45759069298704463,24
93002,scale_free-N256-p005-seed93002-sha256:34b89fb8efaff2ca28bdb481e51da6a21e3fdf4bf71bbd8bdfdd9dcfbe5bab09,0.03875,1.0,spectral,0.30400934753318626,20.5716126759847,69.1875,0.0,1.0112861022353172,0.5828364007174969,0.33346450825532276,24
93002,scale_free-N256-p005-seed93002-sha256:34b89fb8efaff2ca28bdb481e51da6a21e3fdf4bf71bbd8bdfdd9dcfbe5bab09,0.03875,1.2,A_mid,0.35672974058737356,20.617754618326824,69.85416666666667,0.0,0.8795764471093813,0.6916881067057451,0.28553555843730766,24
93002,scale_free-N256-p005-seed93002-sha256:34b89fb8efaff2ca28bdb481e51da6a21e3fdf4bf71bbd8bdfdd9dcfbe5bab09,0.03875,1.2,A_pool,0.35991536391278106,20.604001998901367,69.47916666666667,0.0,0.9251846099893252,0.6772101062039534,0.2821047852436701,24
93002,scale_free-N256-p005-seed93002-sha256:34b89fb8efaff2ca28bdb481e51da6a21e3fdf4bf71bbd8bdfdd9dcfbe5bab09,0.03875,1.2,A_shared,0.400794368237257,20.57128707567851,69.54166666666667,0.0,0.928944543004036,0.7273552020390829,0.2599265351891517,24
93002,scale_free-N256-p005-seed93002-sha256:34b89fb8efaff2ca28bdb481e51da6a21e3fdf4bf71bbd8bdfdd9dcfbe5bab09,0.03875,1.2,A_sparse,0.36489440811177093,20.557533899943035,69.47916666666667,0.0,0.8949441115061442,0.6926622067888578,0.27403288893401617,24
93002,scale_free-N256-p005-seed93002-sha256:34b89fb8efaff2ca28bdb481e51da6a21e3fdf4bf71bbd8bdfdd9dcfbe5bab09,0.03875,1.2,shared_random,0.13287044952933982,20.1597474416097,69.54166666666667,0.0,0.5963984802365303,0.45792234254380065,0.4859333038330078,24
93002,scale_free-N256-p005-seed93002-sha256:34b89fb8efaff2ca28bdb481e51da6a21e3fdf4bf71bbd8bdfdd9dcfbe5bab09,0.03875,1.2,spectral,0.2905438343683878,20.6038392384847,69.3125,0.0,0.9852510218818983,0.5627939502398173,0.3302957608054081,24
93002,scale_free-N256-p005-seed93002-sha256:34b89fb8efaff2ca28bdb481e51da6a21e3fdf4bf71bbd8bdfdd9dcfbe5bab09,0.0425,0.8,A_mid,0.2651171485582987,20.970780849456784,70.1875,0.0,0.8745950212081274,0.5634615980088711,0.3488722691933314,24
93002,scale_free-N256-p005-seed93002-sha256:34b89fb8efaff2ca28bdb481e51da6a21e3fdf4bf71bbd8bdfdd9dcfbe5bab09,0.0425,0.8,A_pool,0.359522004922231,20.912107467651367,69.47916666666667,0.0,0.9226681838432947,0.6701531757911047,0.2823309047768513,24
93002,scale_free-N256-p005-seed93002-sha256:34b89fb8efaff2ca28bdb481e51da6a21e3fdf4bf71bbd8bdfdd9dcfbe5bab09,0.0425,0.8,A_shared,0.3746038855363925,20.87019658088684,69.5,0.0,0.9524362087249756,0.6893900893628597,0.2775869766871134,24
93002,scale_free-N256-p005-seed93002-sha256:34b89fb8efaff2ca28bdb481e51da6a21e3fdf4bf71bbd8bdfdd9dcfbe5bab09,0.0425,0.8,A_sparse,0.3446129572888215,20.848305384318035,69.45833333333333,0.0,0.9322354619701704,0.6580791833500067,0.2970490269362926,24
93002,scale_free-N256-p005-seed93002-sha256:34b89fb8efaff2ca28bdb481e51da6a21e3fdf4bf71bbd8bdfdd9dcfbe5bab09,0.0425,0.8,shared_random,0.12706759292632339,20.494626998901367,69.77083333333333,0.0,0.6232135370373726,0.4427016284316778,0.48844120651483536,24
93002,scale_free-N256-p005-seed93002-sha256:34b89fb8efaff2ca28bdb481e51da6a21e3fdf4bf71bbd8bdfdd9dcfbe5bab09,0.0425,0.8,spectral,0.33053854356209433,20.9522279103597,69.45833333333333,0.0,0.9959483419855436,0.6183392157157263,0.31006079974273837,24
93002,scale_free-N256-p005-seed93002-sha256:34b89fb8efaff2ca28bdb481e51da6a21e3fdf4bf71bbd8bdfdd9dcfbe5bab09,0.0425,1.0,A_mid,0.2792086222519477,20.975745201110836,70.0625,0.0,0.8659199650088946,0.5827146184941133,0.33321077997485793,24
93002,scale_free-N256-p005-seed93002-sha256:34b89fb8efaff2ca28bdb481e51da6a21e3fdf4bf71bbd8bdfdd9dcfbe5bab09,0.0425,1.0,A_pool,0.3672352284193039,20.9195130666097,69.47916666666667,0.0,0.9153472483158112,0.686437780658404,0.2783826167384783,24
93002,scale_free-N256-p005-seed93002-sha256:34b89fb8efaff2ca28bdb481e51da6a21e3fdf4bf71bbd8bdfdd9dcfbe5bab09,0.0425,1.0,A_shared,0.395458164314429,20.89306441942851,69.5625,0.0,0.9203550890088081,0.7244133700927099,0.26057674735784525,24
93002,scale_free-N256-p005-seed93002-sha256:34b89fb8efaff2ca28bdb481e51da6a21e3fdf4bf71bbd8bdfdd9dcfbe5bab09,0.0425,1.0,A_sparse,0.3428832218050957,20.857419967651367,69.45833333333333,0.0,0.9235748251279196,0.6556236942609152,0.2944404197235902,24
93002,scale_free-N256-p005-seed93002-sha256:34b89fb8efaff2ca28bdb481e51da6a21e3fdf4bf71bbd8bdfdd9dcfbe5bab09,0.0425,1.0,shared_random,0.1400771467015147,20.5052064259847,69.79166666666667,0.0,0.603847086429596,0.4784376360476017,0.46983595564961433,24
93002,scale_free-N256-p005-seed93002-sha256:34b89fb8efaff2ca28bdb481e51da6a21e3fdf4bf71bbd8bdfdd9dcfbe5bab09,0.0425,1.0,spectral,0.3793352662275235,20.96467900276184,69.47916666666667,0.0,0.979838582376639,0.6806750458975633,0.2760654228428999,24
93002,scale_free-N256-p005-seed93002-sha256:34b89fb8efaff2ca28bdb481e51da6a21e3fdf4bf71bbd8bdfdd9dcfbe5bab09,0.0425,1.2,A_mid,0.3020448796451091,20.983313957850136,70.04166666666667,0.0,0.8548476646343867,0.6184087296326956,0.3154583312571048,24
93002,scale_free-N256-p005-seed93002-sha256:34b89fb8efaff2ca28bdb481e51da6a21e3fdf4bf71bbd8bdfdd9dcfbe5bab09,0.0425,1.2,A_pool,0.369564335172375,20.936196009318035,69.52083333333333,0.0,0.9003511716922125,0.697839755564928,0.27426372903088725,24
93002,scale_free-N256-p005-seed93002-sha256:34b89fb8efaff2ca28bdb481e51da6a21e3fdf4bf71bbd8bdfdd9dcfbe5bab09,0.0425,1.2,A_shared,0.37800391515096027,20.90779407819112,69.625,0.0,0.9044815649588903,0.7058347264925638,0.27192641422152514,24
93002,scale_free-N256-p005-seed93002-sha256:34b89fb8efaff2ca28bdb481e51da6a21e3fdf4bf71bbd8bdfdd9dcfbe5bab09,0.0425,1.2,A_sparse,0.3561163706084092,20.876218795776367,69.47916666666667,0.0,0.9014798204104105,0.6843713819980621,0.2863680863132079,24
93002,scale_free-N256-p005-seed93002-sha256:34b89fb8efaff2ca28bdb481e51da6a21e3fdf4bf71bbd8bdfdd9dcfbe5bab09,0.0425,1.2,shared_random,0.12581160260985289,20.5142396291097,69.85416666666667,0.0,0.601069450378418,0.4449424979587396,0.48221132655938465,24
93002,scale_free-N256-p005-seed93002-sha256:34b89fb8efaff2ca28bdb481e51da6a21e3fdf4bf71bbd8bdfdd9dcfbe5bab09,0.0425,1.2,spectral,0.36008142059048015,20.968178431193035,69.45833333333333,0.0,0.9722737645109495,0.6616382549206415,0.2906965389847755,24
93002,scale_free-N256-p005-seed93002-sha256:34b89fb8efaff2ca28bdb481e51da6a21e3fdf4bf71bbd8bdfdd9dcfbe5bab09,0.04625,0.8,A_mid,0.25342255334059394,21.310788631439205,70.25,0.0,0.8473283524314562,0.5652087020377318,0.36144694437583286,24
93002,scale_free-N256-p005-seed93002-sha256:34b89fb8efaff2ca28bdb481e51da6a21e3fdf4bf71bbd8bdfdd9dcfbe5bab09,0.04625,0.8,A_pool,0.3067888114601373,21.266845703125,69.47916666666667,0.0,0.9236029461026192,0.6196349896490574,0.3321033461640278,24
93002,scale_free-N256-p005-seed93002-sha256:34b89fb8efaff2ca28bdb481e51da6a21e3fdf4bf71bbd8bdfdd9dcfbe5bab09,0.04625,0.8,A_shared,0.3520164427657922,21.181070804595947,69.5,0.0,0.945322240392367,0.6569132829705874,0.2937816493213176,24
93002,scale_free-N256-p005-seed93002-sha256:34b89fb8efaff2ca28bdb481e51da6a21e3fdf4bf71bbd8bdfdd9dcfbe5bab09,0.04625,0.8,A_sparse,0.3553569093346596,21.177978515625,69.5,0.0,0.9553962995608648,0.6739310051004092,0.29817162950833637,24
93002,scale_free-N256-p005-seed93002-sha256:34b89fb8efaff2ca28bdb481e51da6a21e3fdf4bf71bbd8bdfdd9dcfbe5bab09,0.04625,0.8,shared_random,0.14962292431543267,20.834877649943035,69.95833333333333,0.0,0.6115217382709185,0.4955286557475726,0.4591970543066661,24
93002,scale_free-N256-p005-seed93002-sha256:34b89fb8efaff2ca28bdb481e51da6a21e3fdf4bf71bbd8bdfdd9dcfbe5bab09,0.04625,0.8,spectral,0.38938339861730736,21.297118822733562,69.52083333333333,0.0,0.9839729045828184,0.7038672516743342,0.27697477738062537,24
93002,scale_free-N256-p005-seed93002-sha256:34b89fb8efaff2ca28bdb481e51da6a21e3fdf4bf71bbd8bdfdd9dcfbe5bab09,0.04625,1.0,A_mid,0.2568135463322202,21.30834627151489,70.125,0.0,0.8451224143306414,0.5641006231307983,0.3497365502019723,24
93002,scale_free-N256-p005-seed93002-sha256:34b89fb8efaff2ca28bdb481e51da6a21e3fdf4bf71bbd8bdfdd9dcfbe5bab09,0.04625,1.0,A_pool,0.33099549077451224,21.269449551900227,69.47916666666667,0.0,0.9171888108054796,0.6479222451647123,0.3097741603851318,24
93002,scale_free-N256-p005-seed93002-sha256:34b89fb8efaff2ca28bdb481e51da6a21e3fdf4bf71bbd8bdfdd9dcfbe5bab09,0.04625,1.0,A_shared,0.34570840063194436,21.194416999816895,69.58333333333333,0.0,0.9282104993859926,0.6630808152258396,0.30147194738189376,24
93002,scale_free-N256-p005-seed93002-sha256:34b89fb8efaff2ca28bdb481e51da6a21e3fdf4bf71bbd8bdfdd9dcfbe5bab09,0.04625,1.0,A_sparse,0.38617495571573573,21.18896484375,69.5,0.0,0.9429428378740946,0.7141238475839297,0.27649101180334884,24
93002,scale_free-N256-p005-seed93002-sha256:34b89fb8efaff2ca28bdb481e51da6a21e3fdf4bf71bbd8bdfdd9dcfbe5bab09,0.04625,1.0,shared_random,0.1430014943083127,20.839516321818035,69.91666666666667,0.0,0.608277310927709,0.4790574883421262,0.455183735738198,24
93002,scale_free-N256-p005-seed93002-sha256:34b89fb8efaff2ca28bdb481e51da6a21e3fdf4bf71bbd8bdfdd9dcfbe5bab09,0.04625,1.0,spectral,0.3748417478054762,21.303548177083332,69.47916666666667,0.0,0.9742273141940435,0.6835663566986719,0.28163971689840156,24
93002,scale_free-N256-p005-seed93002-sha256:34b89fb8efaff2ca28bdb481e51da6a21e3fdf4bf71bbd8bdfdd9dcfbe5bab09,0.04625,1.2,A_mid,0.26003077284743387,21.30305735270182,70.0625,0.0,0.8457504486044248,0.567351712534825,0.3468576247493426,24
93002,scale_free-N256-p005-seed93002-sha256:34b89fb8efaff2ca28bdb481e51da6a21e3fdf4bf71bbd8bdfdd9dcfbe5bab09,0.04625,1.2,A_pool,0.34031595041354495,21.27831967671712,69.47916666666667,0.0,0.9049290617307028,0.661441812912623,0.3008215414981047,24
93002,scale_free-N256-p005-seed93002-sha256:34b89fb8efaff2ca28bdb481e51da6a21e3fdf4bf71bbd8bdfdd9dcfbe5bab09,0.04625,1.2,A_shared,0.40434401482343674,21.191324551900227,69.5,0.0,0.92723149061203,0.742133525510629,0.2607218995690345,24
93002,scale_free-N256-p005-seed93002-sha256:34b89fb8efaff2ca28bdb481e51da6a21e3fdf4bf71bbd8bdfdd9dcfbe5bab09,0.04625,1.2,A_sparse,0.46146606653928757,21.202799479166668,69.5,0.0,0.9206775178511938,0.8065716562171777,0.21670123686393097,24
93002,scale_free-N256-p005-seed93002-sha256:34b89fb8efaff2ca28bdb481e51da6a21e3fdf4bf71bbd8bdfdd9dcfbe5bab09,0.04625,1.2,shared_random,0.15205212216824288,20.8584779103597,69.97916666666667,0.0,0.57972934593757,0.525082583228747,0.4530101989706357,24
93002,scale_free-N256-p005-seed93002-sha256:34b89fb8efaff2ca28bdb481e51da6a21e3fdf4bf71bbd8bdfdd9dcfbe5bab09,0.04625,1.2,spectral,0.3742980354775985,21.314534028371174,69.47916666666667,0.0,0.9632016718387604,0.6809071538348993,0.28104564237097895,24
93002,scale_free-N256-p005-seed93002-sha256:34b89fb8efaff2ca28bdb481e51da6a21e3fdf4bf71bbd8bdfdd9dcfbe5bab09,0.05,0.8,A_mid,0.24356233018139994,21.679440180460606,70.33333333333333,0.0,0.8221301659941673,0.5531818692882856,0.3651472143828869,24
93002,scale_free-N256-p005-seed93002-sha256:34b89fb8efaff2ca28bdb481e51da6a21e3fdf4bf71bbd8bdfdd9dcfbe5bab09,0.05,0.8,A_pool,0.33153772726655,21.58268165588379,69.5625,0.0,0.9629481534163157,0.6298111900687218,0.31340316558877623,24
93002,scale_free-N256-p005-seed93002-sha256:34b89fb8efaff2ca28bdb481e51da6a21e3fdf4bf71bbd8bdfdd9dcfbe5bab09,0.05,0.8,A_shared,0.37685495677093667,21.505126953125,69.5,0.0,0.9598279520869255,0.6914354003965855,0.28441289439797396,24
93002,scale_free-N256-p005-seed93002-sha256:34b89fb8efaff2ca28bdb481e51da6a21e3fdf4bf71bbd8bdfdd9dcfbe5bab09,0.05,0.8,A_sparse,0.3885274777809779,21.534098307291668,69.5625,0.0,0.9161993364493052,0.7088309216002623,0.2691989410668611,24
93002,scale_free-N256-p005-seed93002-sha256:34b89fb8efaff2ca28bdb481e51da6a21e3fdf4bf71bbd8bdfdd9dcfbe5bab09,0.05,0.8,shared_random,0.18863334506750104,21.179361979166668,70.0,0.0,0.5972709606091181,0.5999217418332895,0.42314983407656354,24
93002,scale_free-N256-p005-seed93002-sha256:34b89fb8efaff2ca28bdb481e51da6a21e3fdf4bf71bbd8bdfdd9dcfbe5bab09,0.05,0.8,spectral,0.3029395937919616,21.609130064646404,69.5,0.0,0.9778747608264288,0.593982245773077,0.3384292634824912,24
93002,scale_free-N256-p005-seed93002-sha256:34b89fb8efaff2ca28bdb481e51da6a21e3fdf4bf71bbd8bdfdd9dcfbe5bab09,0.05,1.0,A_mid,0.2349854136506716,21.67586024602254,70.25,0.0,0.8158844634890556,0.522894469400247,0.36203294309477013,24
93002,scale_free-N256-p005-seed93002-sha256:34b89fb8efaff2ca28bdb481e51da6a21e3fdf4bf71bbd8bdfdd9dcfbe5bab09,0.05,1.0,A_pool,0.28629006010790664,21.583820819854736,69.5625,0.0,0.9527068361639977,0.5675736169020335,0.3387541292856137,24
93002,scale_free-N256-p005-seed93002-sha256:34b89fb8efaff2ca28bdb481e51da6a21e3fdf4bf71bbd8bdfdd9dcfbe5bab09,0.05,1.0,A_shared,0.3915988064060609,21.51090415318807,69.5,0.0,0.9434695243835449,0.7180119218925635,0.2733573938409487,24
93002,scale_free-N256-p005-seed93002-sha256:34b89fb8efaff2ca28bdb481e51da6a21e3fdf4bf71bbd8bdfdd9dcfbe5bab09,0.05,1.0,A_sparse,0.3037209101021289,21.543619632720947,69.5625,0.0,0.8979253893097242,0.6105163010458151,0.32667736274500686,24
93002,scale_free-N256-p005-seed93002-sha256:34b89fb8efaff2ca28bdb481e51da6a21e3fdf4bf71bbd8bdfdd9dcfbe5bab09,0.05,1.0,shared_random,0.18683477335919932,21.18766228357951,70.0,0.0,0.5887891526023546,0.6000779854754607,0.4234551228582859,24
93002,scale_free-N256-p005-seed93002-sha256:34b89fb8efaff2ca28bdb481e51da6a21e3fdf4bf71bbd8bdfdd9dcfbe5bab09,0.05,1.0,spectral,0.314531567816933,21.616535981496174,69.47916666666667,0.0,0.9794017200668653,0.6123192769785722,0.3280908813079198,24
93002,scale_free-N256-p005-seed93002-sha256:34b89fb8efaff2ca28bdb481e51da6a21e3fdf4bf71bbd8bdfdd9dcfbe5bab09,0.05,1.2,A_mid,0.24259048576156295,21.662025928497314,70.25,0.0,0.8187598784764608,0.5450037010014057,0.357191772510608,24
93002,scale_free-N256-p005-seed93002-sha256:34b89fb8efaff2ca28bdb481e51da6a21e3fdf4bf71bbd8bdfdd9dcfbe5bab09,0.05,1.2,A_pool,0.36514566590388614,21.609373887379963,69.5625,0.0,0.9256878942251205,0.6870936267077923,0.28856445228060085,24
93002,scale_free-N256-p005-seed93002-sha256:34b89fb8efaff2ca28bdb481e51da6a21e3fdf4bf71bbd8bdfdd9dcfbe5bab09,0.05,1.2,A_shared,0.3663651005675395,21.529703617095947,69.58333333333333,0.0,0.9262142727772394,0.686517937729756,0.28514947369694704,24
93002,scale_free-N256-p005-seed93002-sha256:34b89fb8efaff2ca28bdb481e51da6a21e3fdf4bf71bbd8bdfdd9dcfbe5bab09,0.05,1.2,A_sparse,0.3091667474557956,21.553547859191895,69.64583333333333,0.0,0.8870332514246305,0.6233862414956093,0.32149380755921203,24
93002,scale_free-N256-p005-seed93002-sha256:34b89fb8efaff2ca28bdb481e51da6a21e3fdf4bf71bbd8bdfdd9dcfbe5bab09,0.05,1.2,shared_random,0.1768535010827084,21.195475101470947,70.0,0.0,0.5801001290480295,0.5885417374471823,0.4363659545779228,24
93002,scale_free-N256-p005-seed93002-sha256:34b89fb8efaff2ca28bdb481e51da6a21e3fdf4bf71bbd8bdfdd9dcfbe5bab09,0.05,1.2,spectral,0.32130584803720313,21.625324726104736,69.52083333333333,0.0,0.9607380131880442,0.6276211962103844,0.32267825740079087,24
93003,scale_free-N256-p005-seed93003-sha256:234d7bf6ac0d51fcfd36f56ea32e89c4bb71b469da7a8b37011291c6a2093fb2,0.035,0.8,A_mid,0.34445811808109283,20.236488819122314,69.5625,0.0,0.9308557063341141,0.6503045099476973,0.2952142115682363,24
93003,scale_free-N256-p005-seed93003-sha256:234d7bf6ac0d51fcfd36f56ea32e89c4bb71b469da7a8b37011291c6a2093fb2,0.035,0.8,A_pool,0.38050979127486545,20.320554733276367,69.54166666666667,0.0,0.9687284653385481,0.6918235458433628,0.27635067080458003,24
93003,scale_free-N256-p005-seed93003-sha256:234d7bf6ac0d51fcfd36f56ea32e89c4bb71b469da7a8b37011291c6a2093fb2,0.035,0.8,A_shared,0.31538542422155535,20.3064759572347,69.39583333333333,0.0,0.9663921718796095,0.5967524771889051,0.3074681044866641,24
93003,scale_free-N256-p005-seed93003-sha256:234d7bf6ac0d51fcfd36f56ea32e89c4bb71b469da7a8b37011291c6a2093fb2,0.035,0.8,A_sparse,0.3270637157062689,20.249428351720173,69.54166666666667,0.0,0.902360275387764,0.6367354889710745,0.3054968075205882,24
93003,scale_free-N256-p005-seed93003-sha256:234d7bf6ac0d51fcfd36f56ea32e89c4bb71b469da7a8b37011291c6a2093fb2,0.035,0.8,shared_random,0.2852931255474686,19.922279993693035,69.5,0.0,0.6748310178518295,0.7017175604899725,0.32639512668053305,24
93003,scale_free-N256-p005-seed93003-sha256:234d7bf6ac0d51fcfd36f56ea32e89c4bb71b469da7a8b37011291c6a2093fb2,0.035,0.8,spectral,0.3820639792829752,20.33552861213684,69.5,0.0,0.9775644664963087,0.6919322063525518,0.279007788747549,24
93003,scale_free-N256-p005-seed93003-sha256:234d7bf6ac0d51fcfd36f56ea32e89c4bb71b469da7a8b37011291c6a2093fb2,0.035,1.0,A_mid,0.38436888717114925,20.250730514526367,69.54166666666667,0.0,0.9113165438175201,0.7077586563924948,0.26533047730724013,24
93003,scale_free-N256-p005-seed93003-sha256:234d7bf6ac0d51fcfd36f56ea32e89c4bb71b469da7a8b37011291c6a2093fb2,0.035,1.0,A_pool,0.3584023534009854,20.33015751838684,69.5,0.0,0.9532636677225431,0.6670723011096319,0.28885286425550777,24
93003,scale_free-N256-p005-seed93003-sha256:234d7bf6ac0d51fcfd36f56ea32e89c4bb71b469da7a8b37011291c6a2093fb2,0.035,1.0,A_shared,0.3131565606842438,20.327797571818035,69.45833333333333,0.0,0.948627253373464,0.6071233165760835,0.31115671495596564,24
93003,scale_free-N256-p005-seed93003-sha256:234d7bf6ac0d51fcfd36f56ea32e89c4bb71b469da7a8b37011291c6a2093fb2,0.035,1.0,A_sparse,0.35562220960855484,20.26635543505351,69.52083333333333,0.0,0.8874101638793945,0.6800146562357744,0.2862585013111432,24
93003,scale_free-N256-p005-seed93003-sha256:234d7bf6ac0d51fcfd36f56ea32e89c4bb71b469da7a8b37011291c6a2093fb2,0.035,1.0,shared_random,0.2794926029940446,19.9221986134847,69.5,0.0,0.6677199949820837,0.6996853103240331,0.3255489754180113,24
93003,scale_free-N256-p005-seed93003-sha256:234d7bf6ac0d51fcfd36f56ea32e89c4bb71b469da7a8b37011291c6a2093fb2,0.035,1.0,spectral,0.3928776824225982,20.339597702026367,69.47916666666667,0.0,0.988517073293527,0.6973676818112532,0.2658130203684171,24
93003,scale_free-N256-p005-seed93003-sha256:234d7bf6ac0d51fcfd36f56ea32e89c4bb71b469da7a8b37011291c6a2093fb2,0.035,1.2,A_mid,0.3926288081953923,20.26179814338684,69.54166666666667,0.0,0.8934986790021261,0.7285958168407282,0.26014991601308185,24
93003,scale_free-N256-p005-seed93003-sha256:234d7bf6ac0d51fcfd36f56ea32e89c4bb71b469da7a8b37011291c6a2093fb2,0.035,1.2,A_pool,0.3975074136008819,20.34114368756612,69.5,0.0,0.9486302956938744,0.7118309525152048,0.26116073814531165,24
93003,scale_free-N256-p005-seed93003-sha256:234d7bf6ac0d51fcfd36f56ea32e89c4bb71b469da7a8b37011291c6a2093fb2,0.035,1.2,A_shared,0.3641423589239518,20.347328821818035,69.47916666666667,0.0,0.9263718202710152,0.6825377059479555,0.2777805781612793,24
93003,scale_free-N256-p005-seed93003-sha256:234d7bf6ac0d51fcfd36f56ea32e89c4bb71b469da7a8b37011291c6a2093fb2,0.035,1.2,A_sparse,0.339452400803566,20.2810853322347,69.60416666666667,0.0,0.8734834666053454,0.6591533099611601,0.29392662644386286,24
93003,scale_free-N256-p005-seed93003-sha256:234d7bf6ac0d51fcfd36f56ea32e89c4bb71b469da7a8b37011291c6a2093fb2,0.035,1.2,shared_random,0.24761582383265093,19.9422181447347,69.5,0.0,0.6413609410325686,0.6516643054783344,0.3568649372706811,24
93003,scale_free-N256-p005-seed93003-sha256:234d7bf6ac0d51fcfd36f56ea32e89c4bb71b469da7a8b37011291c6a2093fb2,0.035,1.2,spectral,0.3960268764446179,20.349037806193035,69.47916666666667,0.0,0.9733929360906283,0.7047054283320904,0.2647786059727271,24
93003,scale_free-N256-p005-seed93003-sha256:234d7bf6ac0d51fcfd36f56ea32e89c4bb71b469da7a8b37011291c6a2093fb2,0.03875,0.8,A_mid,0.2554088489462932,20.623044729232788,69.6875,0.0,0.8862059786915779,0.5385666800041994,0.3528892621397972,24
93003,scale_free-N256-p005-seed93003-sha256:234d7bf6ac0d51fcfd36f56ea32e89c4bb71b469da7a8b37011291c6a2093fb2,0.03875,0.8,A_pool,0.34874289607008296,20.67529098192851,69.58333333333333,0.0,0.9589546918869019,0.6540259731312593,0.302265778183937,24
93003,scale_free-N256-p005-seed93003-sha256:234d7bf6ac0d51fcfd36f56ea32e89c4bb71b469da7a8b37011291c6a2093fb2,0.03875,0.8,A_shared,0.3800391449282566,20.69050908088684,69.45833333333333,0.0,0.9465333695213,0.6937642184396585,0.27106065116822714,24
93003,scale_free-N256-p005-seed93003-sha256:234d7bf6ac0d51fcfd36f56ea32e89c4bb71b469da7a8b37011291c6a2093fb2,0.03875,0.8,A_sparse,0.364341514185071,20.62841598192851,69.54166666666667,0.0,0.8834520503878593,0.70317925264438,0.2823585203538338,24
93003,scale_free-N256-p005-seed93003-sha256:234d7bf6ac0d51fcfd36f56ea32e89c4bb71b469da7a8b37011291c6a2093fb2,0.03875,0.8,shared_random,0.22735137057801083,20.275307337443035,69.52083333333333,0.0,0.6656442706783613,0.6028032191097736,0.38282849329213303,24
93003,scale_free-N256-p005-seed93003-sha256:234d7bf6ac0d51fcfd36f56ea32e89c4bb71b469da7a8b37011291c6a2093fb2,0.03875,0.8,spectral,0.3374082415054242,20.693438688913982,69.54166666666667,0.0,0.9821987599134445,0.6384701877832413,0.31358500445882476,24
93003,scale_free-N256-p005-seed93003-sha256:234d7bf6ac0d51fcfd36f56ea32e89c4bb71b469da7a8b37011291c6a2093fb2,0.03875,1.0,A_mid,0.269590126350522,20.643715063730877,69.6875,0.0,0.8668851008017858,0.5714624946316084,0.3477084332456191,24
93003,scale_free-N256-p005-seed93003-sha256:234d7bf6ac0d51fcfd36f56ea32e89c4bb71b469da7a8b37011291c6a2093fb2,0.03875,1.0,A_pool,0.3857796515027682,20.67992965380351,69.54166666666667,0.0,0.945533442000548,0.7069707053403059,0.2722247087707122,24
93003,scale_free-N256-p005-seed93003-sha256:234d7bf6ac0d51fcfd36f56ea32e89c4bb71b469da7a8b37011291c6a2093fb2,0.03875,1.0,A_shared,0.4352833144366741,20.707436243693035,69.5,0.0,0.9198154533902804,0.7761609380443891,0.23631840509672955,24
93003,scale_free-N256-p005-seed93003-sha256:234d7bf6ac0d51fcfd36f56ea32e89c4bb71b469da7a8b37011291c6a2093fb2,0.03875,1.0,A_sparse,0.33016238361597056,20.647377411524456,69.54166666666667,0.0,0.8649426947037379,0.661416944116354,0.3065694260100523,24
93003,scale_free-N256-p005-seed93003-sha256:234d7bf6ac0d51fcfd36f56ea32e89c4bb71b469da7a8b37011291c6a2093fb2,0.03875,1.0,shared_random,0.20272094632188475,20.291257858276367,69.54166666666667,0.0,0.6470086698730787,0.5576013227303823,0.40272224073608714,24
93003,scale_free-N256-p005-seed93003-sha256:234d7bf6ac0d51fcfd36f56ea32e89c4bb71b469da7a8b37011291c6a2093fb2,0.03875,1.0,spectral,0.34936637928088504,20.707517464955647,69.5625,0.0,0.9708685452739397,0.6630860728522142,0.3072916766007741,24
93003,scale_free-N256-p005-seed93003-sha256:234d7bf6ac0d51fcfd36f56ea32e89c4bb71b469da7a8b37011291c6a2093fb2,0.03875,1.2,A_mid,0.2941318675875663,20.66747824350993,69.72916666666667,0.0,0.8586274161934853,0.6136985259751478,0.3296027506391207,24
93003,scale_free-N256-p005-seed93003-sha256:234d7bf6ac0d51fcfd36f56ea32e89c4bb71b469da7a8b37011291c6a2093fb2,0.03875,1.2,A_pool,0.348306592553854,20.69832142194112,69.54166666666667,0.0,0.9257935136556625,0.6721930280327797,0.30170146810511744,24
93003,scale_free-N256-p005-seed93003-sha256:234d7bf6ac0d51fcfd36f56ea32e89c4bb71b469da7a8b37011291c6a2093fb2,0.03875,1.2,A_shared,0.42813098678986233,20.717283248901367,69.52083333333333,0.0,0.905186136563619,0.7665755512813727,0.23632498830556867,24
93003,scale_free-N256-p005-seed93003-sha256:234d7bf6ac0d51fcfd36f56ea32e89c4bb71b469da7a8b37011291c6a2093fb2,0.03875,1.2,A_sparse,0.2797656320035457,20.65779407819112,69.60416666666667,0.0,0.8553448021411896,0.5768285344044367,0.3288849933693806,24
93003,scale_free-N256-p005-seed93003-sha256:234d7bf6ac0d51fcfd36f56ea32e89c4bb71b469da7a8b37011291c6a2093fb2,0.03875,1.2,shared_random,0.19311082145820058,20.297605514526367,69.52083333333333,0.0,0.634024533132712,0.5571324105064074,0.41015480148295563,24
93003,scale_free-N256-p005-seed93003-sha256:234d7bf6ac0d51fcfd36f56ea32e89c4bb71b469da7a8b37011291c6a2093fb2,0.03875,1.2,spectral,0.3515237228324016,20.723549365997314,69.58333333333333,0.0,0.9512161711851755,0.6590371032555898,0.29766168072819704,24
93003,scale_free-N256-p005-seed93003-sha256:234d7bf6ac0d51fcfd36f56ea32e89c4bb71b469da7a8b37011291c6a2093fb2,0.0425,0.8,A_mid,0.3244332627703746,20.99291793505351,69.66666666666667,0.0,0.8815602287650108,0.646848330895106,0.3153945114463567,24
93003,scale_free-N256-p005-seed93003-sha256:234d7bf6ac0d51fcfd36f56ea32e89c4bb71b469da7a8b37011291c6a2093fb2,0.0425,0.8,A_pool,0.32833396767576534,21.052895466486614,69.64583333333333,0.0,0.9271123881141344,0.6425790078938007,0.3161365098009507,24
93003,scale_free-N256-p005-seed93003-sha256:234d7bf6ac0d51fcfd36f56ea32e89c4bb71b469da7a8b37011291c6a2093fb2,0.0425,0.8,A_shared,0.3497766175617774,21.04679210980733,69.5625,0.0,0.9277520899971327,0.6560285314917564,0.2960429179171721,24
93003,scale_free-N256-p005-seed93003-sha256:234d7bf6ac0d51fcfd36f56ea32e89c4bb71b469da7a8b37011291c6a2093fb2,0.0425,0.8,A_sparse,0.35198611579835415,20.95637782414754,69.52083333333333,0.0,0.9113223577539126,0.6695466103653113,0.2929384093731641,24
93003,scale_free-N256-p005-seed93003-sha256:234d7bf6ac0d51fcfd36f56ea32e89c4bb71b469da7a8b37011291c6a2093fb2,0.0425,0.8,shared_random,0.13305144229282934,20.621824264526367,69.83333333333333,0.0,0.626202734808127,0.4419131589432557,0.4722497562567393,24
93003,scale_free-N256-p005-seed93003-sha256:234d7bf6ac0d51fcfd36f56ea32e89c4bb71b469da7a8b37011291c6a2093fb2,0.0425,0.8,spectral,0.37226333903769654,21.045896768569946,69.52083333333333,0.0,0.9782590990265211,0.6772384022672971,0.28668569276730216,24
93003,scale_free-N256-p005-seed93003-sha256:234d7bf6ac0d51fcfd36f56ea32e89c4bb71b469da7a8b37011291c6a2093fb2,0.0425,1.0,A_mid,0.2951727615048488,20.996824343999226,69.625,0.0,0.8747822865843773,0.6145759684344133,0.3326469225188096,24
93003,scale_free-N256-p005-seed93003-sha256:234d7bf6ac0d51fcfd36f56ea32e89c4bb71b469da7a8b37011291c6a2093fb2,0.0425,1.0,A_pool,0.28601544195165235,21.064289093017578,69.64583333333333,0.0,0.9151168763637543,0.5683655130366484,0.3360420875251293,24
93003,scale_free-N256-p005-seed93003-sha256:234d7bf6ac0d51fcfd36f56ea32e89c4bb71b469da7a8b37011291c6a2093fb2,0.0425,1.0,A_shared,0.34251390894254047,21.062418063481648,69.58333333333333,0.0,0.9094234878818194,0.6504805373648802,0.29932219783465064,24
93003,scale_free-N256-p005-seed93003-sha256:234d7bf6ac0d51fcfd36f56ea32e89c4bb71b469da7a8b37011291c6a2093fb2,0.0425,1.0,A_sparse,0.3658472669000427,20.965980847676594,69.52083333333333,0.0,0.9073827564716339,0.6867618598043919,0.28082884786029655,24
93003,scale_free-N256-p005-seed93003-sha256:234d7bf6ac0d51fcfd36f56ea32e89c4bb71b469da7a8b37011291c6a2093fb2,0.0425,1.0,shared_random,0.13429408303151524,20.615395228068035,69.6875,0.0,0.6384696240226427,0.43401845047871274,0.45615247016151744,24
93003,scale_free-N256-p005-seed93003-sha256:234d7bf6ac0d51fcfd36f56ea32e89c4bb71b469da7a8b37011291c6a2093fb2,0.0425,1.0,spectral,0.3790498624245326,21.054441531499226,69.54166666666667,0.0,0.9666755795478821,0.6936792756120364,0.2857509218156337,24
93003,scale_free-N256-p005-seed93003-sha256:234d7bf6ac0d51fcfd36f56ea32e89c4bb71b469da7a8b37011291c6a2093fb2,0.0425,1.2,A_mid,0.277615745862325,21.004880746205647,69.60416666666667,0.0,0.8608058169484138,0.596334575364987,0.3460289581368367,24
93003,scale_free-N256-p005-seed93003-sha256:234d7bf6ac0d51fcfd36f56ea32e89c4bb71b469da7a8b37011291c6a2093fb2,0.0425,1.2,A_pool,0.3204636688654621,21.07307736078898,69.625,0.0,0.9093211020032564,0.6348366116484007,0.3189888391643762,24
93003,scale_free-N256-p005-seed93003-sha256:234d7bf6ac0d51fcfd36f56ea32e89c4bb71b469da7a8b37011291c6a2093fb2,0.0425,1.2,A_shared,0.30018886178731913,21.07291579246521,69.54166666666667,0.0,0.8993057583769163,0.5964342318475246,0.322101350252827,24
93003,scale_free-N256-p005-seed93003-sha256:234d7bf6ac0d51fcfd36f56ea32e89c4bb71b469da7a8b37011291c6a2093fb2,0.0425,1.2,A_sparse,0.29785809231301147,21.006589968999226,69.625,0.0,0.8812986984848976,0.6081652815143267,0.3297305051237344,24
93003,scale_free-N256-p005-seed93003-sha256:234d7bf6ac0d51fcfd36f56ea32e89c4bb71b469da7a8b37011291c6a2093fb2,0.0425,1.2,shared_random,0.13610001498212412,20.6360658009847,69.72916666666667,0.0,0.6166933725277582,0.4486260587970416,0.4659211424489816,24
93003,scale_free-N256-p005-seed93003-sha256:234d7bf6ac0d51fcfd36f56ea32e89c4bb71b469da7a8b37011291c6a2093fb2,0.0425,1.2,spectral,0.30663820231954253,21.07169389724731,69.60416666666667,0.0,0.9444072718421618,0.6105298722783724,0.3316443090637525,24
93003,scale_free-N256-p005-seed93003-sha256:234d7bf6ac0d51fcfd36f56ea32e89c4bb71b469da7a8b37011291c6a2093fb2,0.04625,0.8,A_mid,0.25122731116910774,21.362140655517578,69.89583333333333,0.0,0.8681284685929617,0.5473789076010386,0.36036103901763755,24
93003,scale_free-N256-p005-seed93003-sha256:234d7bf6ac0d51fcfd36f56ea32e89c4bb71b469da7a8b37011291c6a2093fb2,0.04625,0.8,A_pool,0.30042159091681236,21.374184767405193,69.58333333333333,0.0,0.948372945189476,0.5942765660583973,0.341563044115901,24
93003,scale_free-N256-p005-seed93003-sha256:234d7bf6ac0d51fcfd36f56ea32e89c4bb71b469da7a8b37011291c6a2093fb2,0.04625,0.8,A_shared,0.31752665899693966,21.408528010050457,69.54166666666667,0.0,0.9139245351155599,0.6131586581468582,0.31264044344425196,24
93003,scale_free-N256-p005-seed93003-sha256:234d7bf6ac0d51fcfd36f56ea32e89c4bb71b469da7a8b37011291c6a2093fb2,0.04625,0.8,A_sparse,0.32269074457387126,21.298339366912842,69.625,0.0,0.89911138266325,0.6440007276833057,0.31502981049319106,24
93003,scale_free-N256-p005-seed93003-sha256:234d7bf6ac0d51fcfd36f56ea32e89c4bb71b469da7a8b37011291c6a2093fb2,0.04625,0.8,shared_random,0.15362654315928614,21.01301924387614,69.95833333333333,0.0,0.6215642516811689,0.49890771384040516,0.453964048375686,24
93003,scale_free-N256-p005-seed93003-sha256:234d7bf6ac0d51fcfd36f56ea32e89c4bb71b469da7a8b37011291c6a2093fb2,0.04625,0.8,spectral,0.34751223772764206,21.3872872988383,69.5625,0.0,0.9658452545603117,0.6560028033951918,0.31054185641308624,24
93003,scale_free-N256-p005-seed93003-sha256:234d7bf6ac0d51fcfd36f56ea32e89c4bb71b469da7a8b37011291c6a2093fb2,0.04625,1.0,A_mid,0.29580813956757385,21.364500522613525,69.875,0.0,0.8621813679734865,0.6198151956001917,0.33085208820799983,24
93003,scale_free-N256-p005-seed93003-sha256:234d7bf6ac0d51fcfd36f56ea32e89c4bb71b469da7a8b37011291c6a2093fb2,0.04625,1.0,A_pool,0.3228406757116317,21.378660678863525,69.5625,0.0,0.9441930751005808,0.6384449203809103,0.32965942037602264,24
93003,scale_free-N256-p005-seed93003-sha256:234d7bf6ac0d51fcfd36f56ea32e89c4bb71b469da7a8b37011291c6a2093fb2,0.04625,1.0,A_shared,0.27183203088740504,21.42691977818807,69.75,0.0,0.8902498955527941,0.5595271475613117,0.3424062306682269,24
93003,scale_free-N256-p005-seed93003-sha256:234d7bf6ac0d51fcfd36f56ea32e89c4bb71b469da7a8b37011291c6a2093fb2,0.04625,1.0,A_sparse,0.3076468147337436,21.3335763613383,69.79166666666667,0.0,0.8720146268606186,0.6263463099797567,0.3164178362737099,24
93003,scale_free-N256-p005-seed93003-sha256:234d7bf6ac0d51fcfd36f56ea32e89c4bb71b469da7a8b37011291c6a2093fb2,0.04625,1.0,shared_random,0.17032236202309525,21.022540887196858,69.97916666666667,0.0,0.6104364469647408,0.5427141189575195,0.4361835966507594,24
93003,scale_free-N256-p005-seed93003-sha256:234d7bf6ac0d51fcfd36f56ea32e89c4bb71b469da7a8b37011291c6a2093fb2,0.04625,1.0,spectral,0.2859173230826854,21.406899452209473,69.5625,0.0,0.9566611051559448,0.5733370073139668,0.3494226951152086,24
93003,scale_free-N256-p005-seed93003-sha256:234d7bf6ac0d51fcfd36f56ea32e89c4bb71b469da7a8b37011291c6a2093fb2,0.04625,1.2,A_mid,0.2761635705828666,21.379393736521404,69.95833333333333,0.0,0.854084293047587,0.5956353855629762,0.3425527010113001,24
93003,scale_free-N256-p005-seed93003-sha256:234d7bf6ac0d51fcfd36f56ea32e89c4bb71b469da7a8b37011291c6a2093fb2,0.04625,1.2,A_pool,0.31360250649352867,21.391682306925457,69.60416666666667,0.0,0.931093672911326,0.6266401323179404,0.3330337728063265,24
93003,scale_free-N256-p005-seed93003-sha256:234d7bf6ac0d51fcfd36f56ea32e89c4bb71b469da7a8b37011291c6a2093fb2,0.04625,1.2,A_shared,0.26293988277514774,21.4466134707133,69.75,0.0,0.8819430520137151,0.5422060315807661,0.3426704717179139,24
93003,scale_free-N256-p005-seed93003-sha256:234d7bf6ac0d51fcfd36f56ea32e89c4bb71b469da7a8b37011291c6a2093fb2,0.04625,1.2,A_sparse,0.27764348002771533,21.34806235631307,69.75,0.0,0.8700679043928782,0.5746876448392868,0.33172957785427565,24
93003,scale_free-N256-p005-seed93003-sha256:234d7bf6ac0d51fcfd36f56ea32e89c4bb71b469da7a8b37011291c6a2093fb2,0.04625,1.2,shared_random,0.1835677842609584,21.033283074696858,70.0,0.0,0.6004407082994779,0.5782994118829569,0.42397789657115936,24
93003,scale_free-N256-p005-seed93003-sha256:234d7bf6ac0d51fcfd36f56ea32e89c4bb71b469da7a8b37011291c6a2093fb2,0.04625,1.2,spectral,0.277402186455826,21.41349188486735,69.60416666666667,0.0,0.9467577934265137,0.5532391381760439,0.3467460299531619,24
93003,scale_free-N256-p005-seed93003-sha256:234d7bf6ac0d51fcfd36f56ea32e89c4bb71b469da7a8b37011291c6a2093fb2,0.05,0.8,A_mid,0.2581245365242163,21.655027548472088,69.85416666666667,0.0,0.8566938589016596,0.5566823941965898,0.3554308818032344,24
93003,scale_free-N256-p005-seed93003-sha256:234d7bf6ac0d51fcfd36f56ea32e89c4bb71b469da7a8b37011291c6a2093fb2,0.05,0.8,A_pool,0.29637294262647623,21.69889195760091,69.72916666666667,0.0,0.9479519004623095,0.5907228241364161,0.33643848573168117,24
93003,scale_free-N256-p005-seed93003-sha256:234d7bf6ac0d51fcfd36f56ea32e89c4bb71b469da7a8b37011291c6a2093fb2,0.05,0.8,A_shared,0.3221453676621119,21.728514353434246,69.625,0.0,0.9289944991469383,0.6317350541551908,0.31804103528459865,24
93003,scale_free-N256-p005-seed93003-sha256:234d7bf6ac0d51fcfd36f56ea32e89c4bb71b469da7a8b37011291c6a2093fb2,0.05,0.8,A_sparse,0.30339688497285044,21.620848496754963,69.625,0.0,0.9098665043711662,0.6116925068199635,0.3304968898495038,24
93003,scale_free-N256-p005-seed93003-sha256:234d7bf6ac0d51fcfd36f56ea32e89c4bb71b469da7a8b37011291c6a2093fb2,0.05,0.8,shared_random,0.20417115511372683,21.37548828125,70.0,0.0,0.6014381075898806,0.6146651823073626,0.4073162650068601,24
93003,scale_free-N256-p005-seed93003-sha256:234d7bf6ac0d51fcfd36f56ea32e89c4bb71b469da7a8b37011291c6a2093fb2,0.05,0.8,spectral,0.2242367000629504,21.74006986618042,69.72916666666667,0.0,0.950944242378076,0.48723626385132474,0.3928747617950042,24
93003,scale_free-N256-p005-seed93003-sha256:234d7bf6ac0d51fcfd36f56ea32e89c4bb71b469da7a8b37011291c6a2093fb2,0.05,1.0,A_mid,0.26584936492145056,21.67683696746826,69.9375,0.0,0.844317615032196,0.5776224204649528,0.3508482842395703,24
93003,scale_free-N256-p005-seed93003-sha256:234d7bf6ac0d51fcfd36f56ea32e89c4bb71b469da7a8b37011291c6a2093fb2,0.05,1.0,A_pool,0.28171023540198803,21.70401922861735,69.72916666666667,0.0,0.9376312618454298,0.5747394077479839,0.3472314551472664,24
93003,scale_free-N256-p005-seed93003-sha256:234d7bf6ac0d51fcfd36f56ea32e89c4bb71b469da7a8b37011291c6a2093fb2,0.05,1.0,A_shared,0.2864270464827617,21.74552313486735,69.75,0.0,0.9096804335713387,0.5763978051642576,0.3365728985518217,24
93003,scale_free-N256-p005-seed93003-sha256:234d7bf6ac0d51fcfd36f56ea32e89c4bb71b469da7a8b37011291c6a2093fb2,0.05,1.0,A_sparse,0.30441111947099364,21.64249547322591,69.79166666666667,0.0,0.8857908075054487,0.6057108789682388,0.31815211785336334,24
93003,scale_free-N256-p005-seed93003-sha256:234d7bf6ac0d51fcfd36f56ea32e89c4bb71b469da7a8b37011291c6a2093fb2,0.05,1.0,shared_random,0.20787631301209328,21.378661314646404,70.0,0.0,0.6000332956512769,0.6206511929631233,0.3983716629445553,24
93003,scale_free-N256-p005-seed93003-sha256:234d7bf6ac0d51fcfd36f56ea32e89c4bb71b469da7a8b37011291c6a2093fb2,0.05,1.0,spectral,0.2565391538664698,21.739744822184246,69.70833333333333,0.0,0.9518950333197912,0.5380009847382704,0.37157653644680977,24
93003,scale_free-N256-p005-seed93003-sha256:234d7bf6ac0d51fcfd36f56ea32e89c4bb71b469da7a8b37011291c6a2093fb2,0.05,1.2,A_mid,0.28990210934231675,21.678139368693035,69.89583333333333,0.0,0.8380236327648163,0.6193531105915705,0.32970369172592956,24
93003,scale_free-N256-p005-seed93003-sha256:234d7bf6ac0d51fcfd36f56ea32e89c4bb71b469da7a8b37011291c6a2093fb2,0.05,1.2,A_pool,0.25959083003302413,21.70719273885091,69.77083333333333,0.0,0.9329548130432764,0.5394618051747481,0.3584633519252141,24
93003,scale_free-N256-p005-seed93003-sha256:234d7bf6ac0d51fcfd36f56ea32e89c4bb71b469da7a8b37011291c6a2093fb2,0.05,1.2,A_shared,0.30742411812146503,21.766926129659016,69.70833333333333,0.0,0.8968797251582146,0.6132702951629957,0.320666154846549,24
93003,scale_free-N256-p005-seed93003-sha256:234d7bf6ac0d51fcfd36f56ea32e89c4bb71b469da7a8b37011291c6a2093fb2,0.05,1.2,A_sparse,0.2610624271134535,21.65250523885091,69.8125,0.0,0.8826885794599851,0.5563663629194101,0.34897693060338497,24
93003,scale_free-N256-p005-seed93003-sha256:234d7bf6ac0d51fcfd36f56ea32e89c4bb71b469da7a8b37011291c6a2093fb2,0.05,1.2,shared_random,0.1839617979712784,21.387939135233562,70.0,0.0,0.5815532729029655,0.5857189781963825,0.4289786232014497,24
93003,scale_free-N256-p005-seed93003-sha256:234d7bf6ac0d51fcfd36f56ea32e89c4bb71b469da7a8b37011291c6a2093fb2,0.05,1.2,spectral,0.25749392310778296,21.740395704905193,69.70833333333333,0.0,0.9458761339386305,0.5387477874755859,0.3717677090317011,24
93004,scale_free-N256-p005-seed93004-sha256:a6849cc129179b1935da786a7c43b504b4430f7301b5482a22b960610ee37bf2,0.035,0.8,A_mid,0.4585417192429304,20.315590461095173,69.52083333333333,0.0,0.994995079934597,0.7757241390645504,0.22944590325156844,24
93004,scale_free-N256-p005-seed93004-sha256:a6849cc129179b1935da786a7c43b504b4430f7301b5482a22b960610ee37bf2,0.035,0.8,A_pool,0.3899226418385903,20.368569056193035,69.52083333333333,0.0,0.9804264729221662,0.6881240407625834,0.26497881797452766,24
93004,scale_free-N256-p005-seed93004-sha256:a6849cc129179b1935da786a7c43b504b4430f7301b5482a22b960610ee37bf2,0.035,0.8,A_shared,0.42813211120665073,20.2957337697347,69.5,0.0,0.9865997085968653,0.7398000831405321,0.24492531083524224,24
93004,scale_free-N256-p005-seed93004-sha256:a6849cc129179b1935da786a7c43b504b4430f7301b5482a22b960610ee37bf2,0.035,0.8,A_sparse,0.4139130264520645,20.26814579963684,69.4375,0.0,0.998219000796477,0.7102804382642111,0.25217857584357256,24
93004,scale_free-N256-p005-seed93004-sha256:a6849cc129179b1935da786a7c43b504b4430f7301b5482a22b960610ee37bf2,0.035,0.8,shared_random,0.2288791661461194,19.819985071818035,69.5,0.0,0.621457576751709,0.6457654386758804,0.3743517721692721,24
93004,scale_free-N256-p005-seed93004-sha256:a6849cc129179b1935da786a7c43b504b4430f7301b5482a22b960610ee37bf2,0.035,0.8,spectral,0.3535150686899821,20.329018195470173,69.45833333333333,0.0,1.0527250866095226,0.6328861738244692,0.29760330418745673,24
93004,scale_free-N256-p005-seed93004-sha256:a6849cc129179b1935da786a7c43b504b4430f7301b5482a22b960610ee37bf2,0.035,1.0,A_mid,0.478173836444815,20.3189271291097,69.52083333333333,0.0,0.975717343389988,0.8018793438871702,0.21340506710112092,24
93004,scale_free-N256-p005-seed93004-sha256:a6849cc129179b1935da786a7c43b504b4430f7301b5482a22b960610ee37bf2,0.035,1.0,A_pool,0.42357042742272216,20.370766242345173,69.5,0.0,0.9765234564741453,0.7365822903811932,0.24776807613670823,24
93004,scale_free-N256-p005-seed93004-sha256:a6849cc129179b1935da786a7c43b504b4430f7301b5482a22b960610ee37bf2,0.035,1.0,A_shared,0.4104585498571396,20.305418014526367,69.47916666666667,0.0,0.9567081357041994,0.7240688788394133,0.24915596470236775,24
93004,scale_free-N256-p005-seed93004-sha256:a6849cc129179b1935da786a7c43b504b4430f7301b5482a22b960610ee37bf2,0.035,1.0,A_sparse,0.4556117511043946,20.292234420776367,69.5,0.0,0.9733341609438261,0.7766157860557238,0.22487852349877355,24
93004,scale_free-N256-p005-seed93004-sha256:a6849cc129179b1935da786a7c43b504b4430f7301b5482a22b960610ee37bf2,0.035,1.0,shared_random,0.239535115348796,19.8301575978597,69.5,0.0,0.6171476170420647,0.6664916649460793,0.3632763437926769,24
93004,scale_free-N256-p005-seed93004-sha256:a6849cc129179b1935da786a7c43b504b4430f7301b5482a22b960610ee37bf2,0.035,1.0,spectral,0.4221139084547758,20.3433411916097,69.45833333333333,0.0,1.029167282084624,0.7150438105066618,0.25378082382182277,24
93004,scale_free-N256-p005-seed93004-sha256:a6849cc129179b1935da786a7c43b504b4430f7301b5482a22b960610ee37bf2,0.035,1.2,A_mid,0.4183441673715909,20.334145228068035,69.54166666666667,0.0,0.9520532016952833,0.737752174337705,0.2506722385684649,24
93004,scale_free-N256-p005-seed93004-sha256:a6849cc129179b1935da786a7c43b504b4430f7301b5482a22b960610ee37bf2,0.035,1.2,A_pool,0.402851536249121,20.383787155151367,69.5,0.0,0.9606237014134725,0.7255133353173733,0.26073153316974634,24
93004,scale_free-N256-p005-seed93004-sha256:a6849cc129179b1935da786a7c43b504b4430f7301b5482a22b960610ee37bf2,0.035,1.2,A_shared,0.367355652153492,20.32324020067851,69.5625,0.0,0.9312203576167425,0.6773313793043295,0.2783062029629945,24
93004,scale_free-N256-p005-seed93004-sha256:a6849cc129179b1935da786a7c43b504b4430f7301b5482a22b960610ee37bf2,0.035,1.2,A_sparse,0.43580018791059655,20.30785934130351,69.5,0.0,0.950449580947558,0.7573180596033732,0.2347254157066345,24
93004,scale_free-N256-p005-seed93004-sha256:a6849cc129179b1935da786a7c43b504b4430f7301b5482a22b960610ee37bf2,0.035,1.2,shared_random,0.20154284577195838,19.855955123901367,69.5625,0.0,0.5980760330955187,0.5926199915508429,0.40105342864990234,24
93004,scale_free-N256-p005-seed93004-sha256:a6849cc129179b1935da786a7c43b504b4430f7301b5482a22b960610ee37bf2,0.035,1.2,spectral,0.364960581685106,20.359047571818035,69.52083333333333,0.0,0.9959034820397695,0.6489286695917448,0.2810081280767917,24
93004,scale_free-N256-p005-seed93004-sha256:a6849cc129179b1935da786a7c43b504b4430f7301b5482a22b960610ee37bf2,0.03875,0.8,A_mid,0.272331482420365,20.692949930826824,69.625,0.0,0.9376556252439817,0.5519660972058773,0.3461674265563488,24
93004,scale_free-N256-p005-seed93004-sha256:a6849cc129179b1935da786a7c43b504b4430f7301b5482a22b960610ee37bf2,0.03875,0.8,A_pool,0.36874057725071907,20.7249329884847,69.5,0.0,0.9871187508106232,0.6583330084880193,0.2778417374938726,24
93004,scale_free-N256-p005-seed93004-sha256:a6849cc129179b1935da786a7c43b504b4430f7301b5482a22b960610ee37bf2,0.03875,0.8,A_shared,0.32742113340646023,20.674151341120403,69.60416666666667,0.0,0.9441161503394445,0.6175429373979568,0.3032052417596181,24
93004,scale_free-N256-p005-seed93004-sha256:a6849cc129179b1935da786a7c43b504b4430f7301b5482a22b960610ee37bf2,0.03875,0.8,A_sparse,0.40735212589303654,20.651772101720173,69.54166666666667,0.0,0.9548800140619278,0.7165067556003729,0.25407618253181374,24
93004,scale_free-N256-p005-seed93004-sha256:a6849cc129179b1935da786a7c43b504b4430f7301b5482a22b960610ee37bf2,0.03875,0.8,shared_random,0.14566134816656506,20.227455774943035,69.64583333333333,0.0,0.6144792810082436,0.46806391949454945,0.4564274065196514,24
93004,scale_free-N256-p005-seed93004-sha256:a6849cc129179b1935da786a7c43b504b4430f7301b5482a22b960610ee37bf2,0.03875,0.8,spectral,0.423623022933801,20.725014130274456,69.52083333333333,0.0,1.0109369133909543,0.7227012428144614,0.2520636655390262,24
93004,scale_free-N256-p005-seed93004-sha256:a6849cc129179b1935da786a7c43b504b4430f7301b5482a22b960610ee37bf2,0.03875,1.0,A_mid,0.3025820528467496,20.69262496630351,69.66666666666667,0.0,0.9335384021202723,0.5988085021575292,0.3258263443907102,24
93004,scale_free-N256-p005-seed93004-sha256:a6849cc129179b1935da786a7c43b504b4430f7301b5482a22b960610ee37bf2,0.03875,1.0,A_pool,0.3405590107043584,20.73779074350993,69.66666666666667,0.0,0.9602187350392342,0.6270148083567619,0.29551162570714945,24
93004,scale_free-N256-p005-seed93004-sha256:a6849cc129179b1935da786a7c43b504b4430f7301b5482a22b960610ee37bf2,0.03875,1.0,A_shared,0.31294540688395495,20.685544570287068,69.60416666666667,0.0,0.9256507034103075,0.6107331241170565,0.3153581582009792,24
93004,scale_free-N256-p005-seed93004-sha256:a6849cc129179b1935da786a7c43b504b4430f7301b5482a22b960610ee37bf2,0.03875,1.0,A_sparse,0.37278082594275475,20.6719544728597,69.66666666666667,0.0,0.9432405705253283,0.6780155052741369,0.2799734957516193,24
93004,scale_free-N256-p005-seed93004-sha256:a6849cc129179b1935da786a7c43b504b4430f7301b5482a22b960610ee37bf2,0.03875,1.0,shared_random,0.14839247893542049,20.2220033009847,69.58333333333333,0.0,0.6064529443780581,0.482428918282191,0.45054755359888077,24
93004,scale_free-N256-p005-seed93004-sha256:a6849cc129179b1935da786a7c43b504b4430f7301b5482a22b960610ee37bf2,0.03875,1.0,spectral,0.35795543529093266,20.738685925801594,69.54166666666667,0.0,0.9919828002651533,0.6488655544817448,0.29391643280784285,24
93004,scale_free-N256-p005-seed93004-sha256:a6849cc129179b1935da786a7c43b504b4430f7301b5482a22b960610ee37bf2,0.03875,1.2,A_mid,0.30767662636935705,20.723793506622314,69.79166666666667,0.0,0.9105943441390991,0.6150088272988796,0.32324648710588616,24
93004,scale_free-N256-p005-seed93004-sha256:a6849cc129179b1935da786a7c43b504b4430f7301b5482a22b960610ee37bf2,0.03875,1.2,A_pool,0.38217647932469845,20.734535535176594,69.54166666666667,0.0,0.9548884456356367,0.6869201598068079,0.27152149938046927,24
93004,scale_free-N256-p005-seed93004-sha256:a6849cc129179b1935da786a7c43b504b4430f7301b5482a22b960610ee37bf2,0.03875,1.2,A_shared,0.2741662959257761,20.695473114649456,69.66666666666667,0.0,0.9092283000548681,0.5530185885727406,0.33751048892736435,24
93004,scale_free-N256-p005-seed93004-sha256:a6849cc129179b1935da786a7c43b504b4430f7301b5482a22b960610ee37bf2,0.03875,1.2,A_sparse,0.3371704189727703,20.680173873901367,69.66666666666667,0.0,0.9219024255871773,0.6405646378795306,0.299560023471713,24
93004,scale_free-N256-p005-seed93004-sha256:a6849cc129179b1935da786a7c43b504b4430f7301b5482a22b960610ee37bf2,0.03875,1.2,shared_random,0.1374012674205005,20.238442103068035,69.5625,0.0,0.5934256439407667,0.47028545414408046,0.4697016303737958,24
93004,scale_free-N256-p005-seed93004-sha256:a6849cc129179b1935da786a7c43b504b4430f7301b5482a22b960610ee37bf2,0.03875,1.2,spectral,0.3631266113370657,20.75292730331421,69.5625,0.0,0.9784722874561945,0.6716966529687246,0.2933425319691499,24
93004,scale_free-N256-p005-seed93004-sha256:a6849cc129179b1935da786a7c43b504b4430f7301b5482a22b960610ee37bf2,0.0425,0.8,A_mid,0.2721321458617846,21.072508335113525,69.83333333333333,0.0,0.9240335077047348,0.5659625294307867,0.35320013016462326,24
93004,scale_free-N256-p005-seed93004-sha256:a6849cc129179b1935da786a7c43b504b4430f7301b5482a22b960610ee37bf2,0.0425,0.8,A_pool,0.35834820941090584,21.066242933273315,69.5625,0.0,0.9844490438699722,0.6474637687206268,0.2925286448250214,24
93004,scale_free-N256-p005-seed93004-sha256:a6849cc129179b1935da786a7c43b504b4430f7301b5482a22b960610ee37bf2,0.0425,0.8,A_shared,0.38538335512081784,20.994057257970173,69.5,0.0,0.9494412913918495,0.7022564175228277,0.2706472389400005,24
93004,scale_free-N256-p005-seed93004-sha256:a6849cc129179b1935da786a7c43b504b4430f7301b5482a22b960610ee37bf2,0.0425,0.8,A_sparse,0.33242849198480445,21.016029675801594,69.60416666666667,0.0,0.9542764673630396,0.6394724523027738,0.3143295018623272,24
93004,scale_free-N256-p005-seed93004-sha256:a6849cc129179b1935da786a7c43b504b4430f7301b5482a22b960610ee37bf2,0.0425,0.8,shared_random,0.13192385652412966,20.599363327026367,69.9375,0.0,0.5864690740903219,0.46547140305240947,0.47024309635162354,24
93004,scale_free-N256-p005-seed93004-sha256:a6849cc129179b1935da786a7c43b504b4430f7301b5482a22b960610ee37bf2,0.0425,0.8,spectral,0.36673353301982087,21.05997594197591,69.54166666666667,0.0,1.0092045192917187,0.6644738279283047,0.2964700870215892,24
93004,scale_free-N256-p005-seed93004-sha256:a6849cc129179b1935da786a7c43b504b4430f7301b5482a22b960610ee37bf2,0.0425,1.0,A_mid,0.3054376306633154,21.069252808888752,69.8125,0.0,0.9179118747512499,0.6244534999132156,0.33256721372405684,24
93004,scale_free-N256-p005-seed93004-sha256:a6849cc129179b1935da786a7c43b504b4430f7301b5482a22b960610ee37bf2,0.0425,1.0,A_pool,0.37171106102565926,21.091632843017578,69.64583333333333,0.0,0.9581717650095621,0.6798906959593296,0.2858701646327972,24
93004,scale_free-N256-p005-seed93004-sha256:a6849cc129179b1935da786a7c43b504b4430f7301b5482a22b960610ee37bf2,0.0425,1.0,A_shared,0.3208688429246346,21.011391401290894,69.58333333333333,0.0,0.9258245726426443,0.6215149809916815,0.31056773910919827,24
93004,scale_free-N256-p005-seed93004-sha256:a6849cc129179b1935da786a7c43b504b4430f7301b5482a22b960610ee37bf2,0.0425,1.0,A_sparse,0.29452857437233126,21.040281295776367,69.70833333333333,0.0,0.9308281913399696,0.5676667379836241,0.3256284166127443,24
93004,scale_free-N256-p005-seed93004-sha256:a6849cc129179b1935da786a7c43b504b4430f7301b5482a22b960610ee37bf2,0.0425,1.0,shared_random,0.12419303599745031,20.593666712443035,69.89583333333333,0.0,0.5843745296200117,0.45065795506040257,0.4802817478775978,24
93004,scale_free-N256-p005-seed93004-sha256:a6849cc129179b1935da786a7c43b504b4430f7301b5482a22b960610ee37bf2,0.0425,1.0,spectral,0.37119569815695286,21.07096266746521,69.54166666666667,0.0,0.9955016300082207,0.6601635590195656,0.28536807124813396,24
93004,scale_free-N256-p005-seed93004-sha256:a6849cc129179b1935da786a7c43b504b4430f7301b5482a22b960610ee37bf2,0.0425,1.2,A_mid,0.2735594275097052,21.08731985092163,69.85416666666667,0.0,0.9057933514316877,0.5658641618986925,0.34500115488966304,24
93004,scale_free-N256-p005-seed93004-sha256:a6849cc129179b1935da786a7c43b504b4430f7301b5482a22b960610ee37bf2,0.0425,1.2,A_pool,0.33310151224335033,21.1123849550883,69.77083333333333,0.0,0.9399434874455134,0.6380047587056955,0.3080237948646148,24
93004,scale_free-N256-p005-seed93004-sha256:a6849cc129179b1935da786a7c43b504b4430f7301b5482a22b960610ee37bf2,0.0425,1.2,A_shared,0.3543864681075017,21.01472798983256,69.58333333333333,0.0,0.9214059164126714,0.6666553430259228,0.290680656209588,24
93004,scale_free-N256-p005-seed93004-sha256:a6849cc129179b1935da786a7c43b504b4430f7301b5482a22b960610ee37bf2,0.0425,1.2,A_sparse,0.2764598385741313,21.05387218793233,69.79166666666667,0.0,0.9153900320331255,0.5698800819615523,0.34116667819519836,24
93004,scale_free-N256-p005-seed93004-sha256:a6849cc129179b1935da786a7c43b504b4430f7301b5482a22b960610ee37bf2,0.0425,1.2,shared_random,0.12091546567777789,20.606687545776367,69.89583333333333,0.0,0.5784551575779915,0.43610819801688194,0.47625258440772694,24
93004,scale_free-N256-p005-seed93004-sha256:a6849cc129179b1935da786a7c43b504b4430f7301b5482a22b960610ee37bf2,0.0425,1.2,spectral,0.3636607068280379,21.075846195220947,69.52083333333333,0.0,0.9805644502242407,0.6574688293039799,0.2865227044870456,24
93004,scale_free-N256-p005-seed93004-sha256:a6849cc129179b1935da786a7c43b504b4430f7301b5482a22b960610ee37bf2,0.04625,0.8,A_mid,0.29261856588224566,21.440264383951824,69.9375,0.0,0.9328421552975973,0.5897234752774239,0.33840148337185383,24
93004,scale_free-N256-p005-seed93004-sha256:a6849cc129179b1935da786a7c43b504b4430f7301b5482a22b960610ee37bf2,0.04625,0.8,A_pool,0.2786433355261882,21.421792030334473,69.64583333333333,0.0,0.9551606799165407,0.557586994022131,0.3457614903648694,24
93004,scale_free-N256-p005-seed93004-sha256:a6849cc129179b1935da786a7c43b504b4430f7301b5482a22b960610ee37bf2,0.04625,0.8,A_shared,0.3725706562399864,21.317869345347084,69.58333333333333,0.0,0.9674669727683067,0.6955108245213827,0.29544943509002525,24
93004,scale_free-N256-p005-seed93004-sha256:a6849cc129179b1935da786a7c43b504b4430f7301b5482a22b960610ee37bf2,0.04625,0.8,A_sparse,0.2718204520642757,21.3548158009847,69.70833333333333,0.0,0.9479196245471636,0.5618425831198692,0.3580701158692439,24
93004,scale_free-N256-p005-seed93004-sha256:a6849cc129179b1935da786a7c43b504b4430f7301b5482a22b960610ee37bf2,0.04625,0.8,shared_random,0.22562338349719838,20.938393115997314,70.0,0.0,0.5880642011761665,0.6764044215281805,0.37469440946976346,24
93004,scale_free-N256-p005-seed93004-sha256:a6849cc129179b1935da786a7c43b504b4430f7301b5482a22b960610ee37bf2,0.04625,0.8,spectral,0.33297964620093506,21.39957571029663,69.625,0.0,1.0025342951218288,0.6274993394811949,0.3222960426161686,24
93004,scale_free-N256-p005-seed93004-sha256:a6849cc129179b1935da786a7c43b504b4430f7301b5482a22b960610ee37bf2,0.04625,1.0,A_mid,0.2885935883969068,21.433265844980877,69.91666666666667,0.0,0.9310047750671705,0.5828819870948792,0.3385344445705414,24
93004,scale_free-N256-p005-seed93004-sha256:a6849cc129179b1935da786a7c43b504b4430f7301b5482a22b960610ee37bf2,0.04625,1.0,A_pool,0.28071061397592223,21.421141147613525,69.70833333333333,0.0,0.9400090500712395,0.5685155900816122,0.34061036569376785,24
93004,scale_free-N256-p005-seed93004-sha256:a6849cc129179b1935da786a7c43b504b4430f7301b5482a22b960610ee37bf2,0.04625,1.0,A_shared,0.3415759901205699,21.32315889994303,69.5625,0.0,0.9629592696825663,0.6484681218862534,0.31285826923946536,24
93004,scale_free-N256-p005-seed93004-sha256:a6849cc129179b1935da786a7c43b504b4430f7301b5482a22b960610ee37bf2,0.04625,1.0,A_sparse,0.29713790553311503,21.35782782236735,69.72916666666667,0.0,0.9433748995264372,0.5874810827275118,0.3352642667790254,24
93004,scale_free-N256-p005-seed93004-sha256:a6849cc129179b1935da786a7c43b504b4430f7301b5482a22b960610ee37bf2,0.04625,1.0,shared_random,0.21944285960247115,20.946693897247314,70.0,0.0,0.5879921019077301,0.661360195527474,0.3804054545859496,24
93004,scale_free-N256-p005-seed93004-sha256:a6849cc129179b1935da786a7c43b504b4430f7301b5482a22b960610ee37bf2,0.04625,1.0,spectral,0.3129126963516076,21.400796095530193,69.60416666666667,0.0,0.982917291422685,0.6060392918686072,0.3285216707736253,24
93004,scale_free-N256-p005-seed93004-sha256:a6849cc129179b1935da786a7c43b504b4430f7301b5482a22b960610ee37bf2,0.04625,1.2,A_mid,0.28160796190301574,21.42675558725993,69.89583333333333,0.0,0.9225186705589294,0.5744520214696726,0.339821129416426,24
93004,scale_free-N256-p005-seed93004-sha256:a6849cc129179b1935da786a7c43b504b4430f7301b5482a22b960610ee37bf2,0.04625,1.2,A_pool,0.28233124998708564,21.443683624267578,69.8125,0.0,0.9252291520436605,0.5618890536328157,0.33473226862649125,24
93004,scale_free-N256-p005-seed93004-sha256:a6849cc129179b1935da786a7c43b504b4430f7301b5482a22b960610ee37bf2,0.04625,1.2,A_shared,0.31132990059753257,21.335936228434246,69.64583333333333,0.0,0.941986694931984,0.6091936156153679,0.3263511943320433,24
93004,scale_free-N256-p005-seed93004-sha256:a6849cc129179b1935da786a7c43b504b4430f7301b5482a22b960610ee37bf2,0.04625,1.2,A_sparse,0.25572699370483554,21.374428749084473,69.75,0.0,0.9258086134990057,0.5335146486759186,0.3553696945309639,24
93004,scale_free-N256-p005-seed93004-sha256:a6849cc129179b1935da786a7c43b504b4430f7301b5482a22b960610ee37bf2,0.04625,1.2,shared_random,0.19868601299822328,20.958412806193035,70.0,0.0,0.5761606593926748,0.6313301039238771,0.39983803033828735,24
93004,scale_free-N256-p005-seed93004-sha256:a6849cc129179b1935da786a7c43b504b4430f7301b5482a22b960610ee37bf2,0.04625,1.2,spectral,0.32642956761022407,21.414061228434246,69.66666666666667,0.0,0.9761270582675934,0.619694497436285,0.3153330994149049,24
93004,scale_free-N256-p005-seed93004-sha256:a6849cc129179b1935da786a7c43b504b4430f7301b5482a22b960610ee37bf2,0.05,0.8,A_mid,0.3049255640556415,21.74128929773966,70.04166666666667,0.0,0.9178893541296324,0.6169192691644033,0.330920731027921,24
93004,scale_free-N256-p005-seed93004-sha256:a6849cc129179b1935da786a7c43b504b4430f7301b5482a22b960610ee37bf2,0.05,0.8,A_pool,0.3224048484116792,21.706297397613525,69.64583333333333,0.0,0.9618581210573515,0.6208409927785397,0.32060627949734527,24
93004,scale_free-N256-p005-seed93004-sha256:a6849cc129179b1935da786a7c43b504b4430f7301b5482a22b960610ee37bf2,0.05,0.8,A_shared,0.33306698314845556,21.63557704289754,69.64583333333333,0.0,0.9879909704128901,0.6260511068006357,0.31745583750307554,24
93004,scale_free-N256-p005-seed93004-sha256:a6849cc129179b1935da786a7c43b504b4430f7301b5482a22b960610ee37bf2,0.05,0.8,A_sparse,0.29356212044755614,21.630369504292805,69.66666666666667,0.0,0.9819900393486023,0.565996740013361,0.34391257849832374,24
93004,scale_free-N256-p005-seed93004-sha256:a6849cc129179b1935da786a7c43b504b4430f7301b5482a22b960610ee37bf2,0.05,0.8,shared_random,0.20639583972903586,21.28678274154663,70.02083333333333,0.0,0.5801428866883119,0.6299446616321802,0.4055781029164791,24
93004,scale_free-N256-p005-seed93004-sha256:a6849cc129179b1935da786a7c43b504b4430f7301b5482a22b960610ee37bf2,0.05,0.8,spectral,0.28618057227383054,21.69905440012614,69.75,0.0,1.0069924866159756,0.5618170456339916,0.3526250471671422,24
93004,scale_free-N256-p005-seed93004-sha256:a6849cc129179b1935da786a7c43b504b4430f7301b5482a22b960610ee37bf2,0.05,1.0,A_mid,0.294163833061854,21.73591820398966,69.97916666666667,0.0,0.90810576826334,0.6047454563279947,0.3374822133531173,24
93004,scale_free-N256-p005-seed93004-sha256:a6849cc129179b1935da786a7c43b504b4430f7301b5482a22b960610ee37bf2,0.05,1.0,A_pool,0.29678358634312946,21.716714064280193,69.6875,0.0,0.9533777435620626,0.5863772581020991,0.336478582272927,24
93004,scale_free-N256-p005-seed93004-sha256:a6849cc129179b1935da786a7c43b504b4430f7301b5482a22b960610ee37bf2,0.05,1.0,A_shared,0.2518480395277341,21.64461104075114,69.64583333333333,0.0,0.9684497639536858,0.5198442401985327,0.367549034456412,24
93004,scale_free-N256-p005-seed93004-sha256:a6849cc129179b1935da786a7c43b504b4430f7301b5482a22b960610ee37bf2,0.05,1.0,A_sparse,0.25888864106188214,21.65177297592163,69.70833333333333,0.0,0.958281897008419,0.5283920193711916,0.36134880781173706,24
93004,scale_free-N256-p005-seed93004-sha256:a6849cc129179b1935da786a7c43b504b4430f7301b5482a22b960610ee37bf2,0.05,1.0,shared_random,0.1807393993561466,21.29020071029663,70.02083333333333,0.0,0.5693626776337624,0.5926629478732744,0.425173569470644,24
93004,scale_free-N256-p005-seed93004-sha256:a6849cc129179b1935da786a7c43b504b4430f7301b5482a22b960610ee37bf2,0.05,1.0,spectral,0.30556337752689916,21.708981672922764,69.70833333333333,0.0,0.9946364785234133,0.5862737235923609,0.33641775014499825,24
93004,scale_free-N256-p005-seed93004-sha256:a6849cc129179b1935da786a7c43b504b4430f7301b5482a22b960610ee37bf2,0.05,1.2,A_mid,0.2537685663749774,21.76106452941894,70.02083333333333,0.0,0.8932909443974495,0.540418416261673,0.3618217104425033,24
93004,scale_free-N256-p005-seed93004-sha256:a6849cc129179b1935da786a7c43b504b4430f7301b5482a22b960610ee37bf2,0.05,1.2,A_pool,0.29996816441416735,21.730385939280193,69.64583333333333,0.0,0.940235843261083,0.5903666839003563,0.3294037940601508,24
93004,scale_free-N256-p005-seed93004-sha256:a6849cc129179b1935da786a7c43b504b4430f7301b5482a22b960610ee37bf2,0.05,1.2,A_shared,0.29040164810915786,21.657142957051594,69.66666666666667,0.0,0.9488829324642817,0.5763900441428026,0.34065827541053295,24
93004,scale_free-N256-p005-seed93004-sha256:a6849cc129179b1935da786a7c43b504b4430f7301b5482a22b960610ee37bf2,0.05,1.2,A_sparse,0.28328440462549526,21.671059608459473,69.72916666666667,0.0,0.9379181588689486,0.5793003216385841,0.3463732525706291,24
93004,scale_free-N256-p005-seed93004-sha256:a6849cc129179b1935da786a7c43b504b4430f7301b5482a22b960610ee37bf2,0.05,1.2,shared_random,0.18971676255265868,21.29435157775879,70.0,0.0,0.568253026654323,0.615771871060133,0.4200575090944767,24
93004,scale_free-N256-p005-seed93004-sha256:a6849cc129179b1935da786a7c43b504b4430f7301b5482a22b960610ee37bf2,0.05,1.2,spectral,0.2893497887998819,21.714841842651367,69.6875,0.0,0.9781537503004074,0.5668505802750587,0.34518225056429697,24
93005,scale_free-N256-p005-seed93005-sha256:55d0c0e634458619fcaa46200af2e7da623d5bc667069326e0d4e215a8552d59,0.035,0.8,A_mid,0.38182290146748227,20.201332728068035,69.5,0.0,0.9756102835138639,0.6902505743006865,0.2733537827928861,24
93005,scale_free-N256-p005-seed93005-sha256:55d0c0e634458619fcaa46200af2e7da623d5bc667069326e0d4e215a8552d59,0.035,0.8,A_pool,0.3782337826366226,20.20076298713684,69.5625,0.0,0.9071534126996994,0.6952754830320677,0.2681513242423534,24
93005,scale_free-N256-p005-seed93005-sha256:55d0c0e634458619fcaa46200af2e7da623d5bc667069326e0d4e215a8552d59,0.035,0.8,A_shared,0.3843595174451669,20.173826217651367,69.5,0.0,0.87125996251901,0.7290053268273672,0.2625991764167944,24
93005,scale_free-N256-p005-seed93005-sha256:55d0c0e634458619fcaa46200af2e7da623d5bc667069326e0d4e215a8552d59,0.035,0.8,A_sparse,0.314629690721631,20.211423873901367,69.35416666666667,0.0,0.9827859252691269,0.5989596260090669,0.31632432093222934,24
93005,scale_free-N256-p005-seed93005-sha256:55d0c0e634458619fcaa46200af2e7da623d5bc667069326e0d4e215a8552d59,0.035,0.8,shared_random,0.2731065051630139,19.888344446818035,69.5,0.0,0.6530736113588015,0.6965329572558403,0.3256953147550424,24
93005,scale_free-N256-p005-seed93005-sha256:55d0c0e634458619fcaa46200af2e7da623d5bc667069326e0d4e215a8552d59,0.035,0.8,spectral,0.34798859370251495,20.236244837443035,69.47916666666667,0.0,0.9897487461566925,0.6418212540447712,0.2946929155538479,24
93005,scale_free-N256-p005-seed93005-sha256:55d0c0e634458619fcaa46200af2e7da623d5bc667069326e0d4e215a8552d59,0.035,1.0,A_mid,0.4114888447026412,20.218422571818035,69.5,0.0,0.9469169676303864,0.7375996932387352,0.25246605277061457,24
93005,scale_free-N256-p005-seed93005-sha256:55d0c0e634458619fcaa46200af2e7da623d5bc667069326e0d4e215a8552d59,0.035,1.0,A_pool,0.371765090773503,20.209145228068035,69.5,0.0,0.9002974157532057,0.6986283970375856,0.26987779513001436,24
93005,scale_free-N256-p005-seed93005-sha256:55d0c0e634458619fcaa46200af2e7da623d5bc667069326e0d4e215a8552d59,0.035,1.0,A_shared,0.42567470856010914,20.190346399943035,69.5,0.0,0.8614789719382921,0.7825779020786285,0.2273872662335634,24
93005,scale_free-N256-p005-seed93005-sha256:55d0c0e634458619fcaa46200af2e7da623d5bc667069326e0d4e215a8552d59,0.035,1.0,A_sparse,0.3411683142185211,20.239011764526367,69.47916666666667,0.0,0.9558432449897131,0.6395453823109468,0.29317069302002585,24
93005,scale_free-N256-p005-seed93005-sha256:55d0c0e634458619fcaa46200af2e7da623d5bc667069326e0d4e215a8552d59,0.035,1.0,shared_random,0.24894681138296917,19.8990052541097,69.5,0.0,0.654464860757192,0.6557551560302576,0.345875841875871,24
93005,scale_free-N256-p005-seed93005-sha256:55d0c0e634458619fcaa46200af2e7da623d5bc667069326e0d4e215a8552d59,0.035,1.0,spectral,0.3272830564528703,20.238279342651367,69.41666666666667,0.0,0.981786866982778,0.6112009324133396,0.30335970843831694,24
93005,scale_free-N256-p005-seed93005-sha256:55d0c0e634458619fcaa46200af2e7da623d5bc667069326e0d4e215a8552d59,0.035,1.2,A_mid,0.4526100804408391,20.2378724416097,69.52083333333333,0.0,0.9196318462491035,0.7910177086790403,0.22026021095613635,24
93005,scale_free-N256-p005-seed93005-sha256:55d0c0e634458619fcaa46200af2e7da623d5bc667069326e0d4e215a8552d59,0.035,1.2,A_pool,0.3638756647706032,20.2242005666097,69.58333333333333,0.0,0.8857627014319102,0.6892936738828818,0.2737362384796142,24
93005,scale_free-N256-p005-seed93005-sha256:55d0c0e634458619fcaa46200af2e7da623d5bc667069326e0d4e215a8552d59,0.035,1.2,A_shared,0.4085692223161459,20.201902389526367,69.54166666666667,0.0,0.8426953305800756,0.7672219586869081,0.23856447450816629,24
93005,scale_free-N256-p005-seed93005-sha256:55d0c0e634458619fcaa46200af2e7da623d5bc667069326e0d4e215a8552d59,0.035,1.2,A_sparse,0.34138995967805386,20.2542298634847,69.45833333333333,0.0,0.9469872762759527,0.6364339478313923,0.2915380032112201,24
93005,scale_free-N256-p005-seed93005-sha256:55d0c0e634458619fcaa46200af2e7da623d5bc667069326e0d4e215a8552d59,0.035,1.2,shared_random,0.21637585402155912,19.911619186401367,69.54166666666667,0.0,0.6358622511227926,0.6038802973926067,0.383119098842144,24
93005,scale_free-N256-p005-seed93005-sha256:55d0c0e634458619fcaa46200af2e7da623d5bc667069326e0d4e215a8552d59,0.035,1.2,spectral,0.382878156999747,20.2586243947347,69.45833333333333,0.0,0.9679800793528557,0.6956195471187433,0.27293332355717814,24
93005,scale_free-N256-p005-seed93005-sha256:55d0c0e634458619fcaa46200af2e7da623d5bc667069326e0d4e215a8552d59,0.03875,0.8,A_mid,0.32521932137509185,20.56892689069112,69.54166666666667,0.0,0.9343151152133942,0.6200988031923771,0.30657901428639883,24
93005,scale_free-N256-p005-seed93005-sha256:55d0c0e634458619fcaa46200af2e7da623d5bc667069326e0d4e215a8552d59,0.03875,0.8,A_pool,0.30162938063343364,20.55004660288493,69.625,0.0,0.8824099600315094,0.6084257972737154,0.3218685152630011,24
93005,scale_free-N256-p005-seed93005-sha256:55d0c0e634458619fcaa46200af2e7da623d5bc667069326e0d4e215a8552d59,0.03875,0.8,A_shared,0.3414159941797455,20.532387336095173,69.58333333333333,0.0,0.871071827908357,0.6564120991776387,0.29450895699361956,24
93005,scale_free-N256-p005-seed93005-sha256:55d0c0e634458619fcaa46200af2e7da623d5bc667069326e0d4e215a8552d59,0.03875,0.8,A_sparse,0.3693038144459327,20.577146530151367,69.52083333333333,0.0,0.9424530242880186,0.6747530164817969,0.27208877913653845,24
93005,scale_free-N256-p005-seed93005-sha256:55d0c0e634458619fcaa46200af2e7da623d5bc667069326e0d4e215a8552d59,0.03875,0.8,shared_random,0.13642973437284425,20.271726608276367,69.5625,0.0,0.6164415801564852,0.45313594241937,0.4793124782542388,24
93005,scale_free-N256-p005-seed93005-sha256:55d0c0e634458619fcaa46200af2e7da623d5bc667069326e0d4e215a8552d59,0.03875,0.8,spectral,0.37466440722346306,20.57812301317851,69.45833333333333,0.0,1.0244902844230335,0.6653877658148607,0.2825456323722998,24
93005,scale_free-N256-p005-seed93005-sha256:55d0c0e634458619fcaa46200af2e7da623d5bc667069326e0d4e215a8552d59,0.03875,1.0,A_mid,0.32654638029634947,20.58088970184326,69.5625,0.0,0.9112628425161043,0.6257928634683291,0.3056403640657663,24
93005,scale_free-N256-p005-seed93005-sha256:55d0c0e634458619fcaa46200af2e7da623d5bc667069326e0d4e215a8552d59,0.03875,1.0,A_pool,0.3017894982670744,20.56746196746826,69.66666666666667,0.0,0.8702367469668388,0.6126171213885149,0.3179185061405102,24
93005,scale_free-N256-p005-seed93005-sha256:55d0c0e634458619fcaa46200af2e7da623d5bc667069326e0d4e215a8552d59,0.03875,1.0,A_shared,0.32408773433417076,20.552976369857788,69.625,0.0,0.8523689483602842,0.6396718174219131,0.3072270428140958,24
93005,scale_free-N256-p005-seed93005-sha256:55d0c0e634458619fcaa46200af2e7da623d5bc667069326e0d4e215a8552d59,0.03875,1.0,A_sparse,0.34795381035655737,20.593422492345173,69.47916666666667,0.0,0.9395884424448013,0.6483562514185905,0.28671939546863234,24
93005,scale_free-N256-p005-seed93005-sha256:55d0c0e634458619fcaa46200af2e7da623d5bc667069326e0d4e215a8552d59,0.03875,1.0,shared_random,0.16029084008187053,20.286781946818035,69.64583333333333,0.0,0.6103821247816086,0.5170930586755276,0.44444438566764194,24
93005,scale_free-N256-p005-seed93005-sha256:55d0c0e634458619fcaa46200af2e7da623d5bc667069326e0d4e215a8552d59,0.03875,1.0,spectral,0.38645066134631634,20.589841842651367,69.47916666666667,0.0,1.0170688529809315,0.6779955824216207,0.2720643275727828,24
93005,scale_free-N256-p005-seed93005-sha256:55d0c0e634458619fcaa46200af2e7da623d5bc667069326e0d4e215a8552d59,0.03875,1.2,A_mid,0.37527823199828464,20.590004444122314,69.52083333333333,0.0,0.9058189218242964,0.6992474620540937,0.2692495522399743,24
93005,scale_free-N256-p005-seed93005-sha256:55d0c0e634458619fcaa46200af2e7da623d5bc667069326e0d4e215a8552d59,0.03875,1.2,A_pool,0.2856081742793321,20.586342016855877,69.72916666666667,0.0,0.852080355087916,0.59944915274779,0.33079411275684834,24
93005,scale_free-N256-p005-seed93005-sha256:55d0c0e634458619fcaa46200af2e7da623d5bc667069326e0d4e215a8552d59,0.03875,1.2,A_shared,0.36817438279589015,20.550453821818035,69.5625,0.0,0.8562690565983454,0.7109258137643337,0.2725044035663207,24
93005,scale_free-N256-p005-seed93005-sha256:55d0c0e634458619fcaa46200af2e7da623d5bc667069326e0d4e215a8552d59,0.03875,1.2,A_sparse,0.4138409321506818,20.605466842651367,69.5,0.0,0.9324934830268224,0.7438922661046187,0.24928581900894642,24
93005,scale_free-N256-p005-seed93005-sha256:55d0c0e634458619fcaa46200af2e7da623d5bc667069326e0d4e215a8552d59,0.03875,1.2,shared_random,0.1512806916919847,20.2852357228597,69.5625,0.0,0.6055407226085663,0.4963849460085233,0.45888326565424603,24
93005,scale_free-N256-p005-seed93005-sha256:55d0c0e634458619fcaa46200af2e7da623d5bc667069326e0d4e215a8552d59,0.03875,1.2,spectral,0.4517830020437638,20.6126283009847,69.5,0.0,0.9949477960666021,0.761586623887221,0.2297361598660548,24
93005,scale_free-N256-p005-seed93005-sha256:55d0c0e634458619fcaa46200af2e7da623d5bc667069326e0d4e215a8552d59,0.0425,0.8,A_mid,0.34675853544225294,20.92048939069112,69.6875,0.0,0.9504168008764585,0.6465861933926741,0.3042498137801885,24
93005,scale_free-N256-p005-seed93005-sha256:55d0c0e634458619fcaa46200af2e7da623d5bc667069326e0d4e215a8552d59,0.0425,0.8,A_pool,0.3229596142967542,20.89257574081421,69.625,0.0,0.8899740253885587,0.6413806055982908,0.31248622822264827,24
93005,scale_free-N256-p005-seed93005-sha256:55d0c0e634458619fcaa46200af2e7da623d5bc667069326e0d4e215a8552d59,0.0425,0.8,A_shared,0.34287191058198613,20.86279074350993,69.60416666666667,0.0,0.8968655665715536,0.6631643275419871,0.2961768427242835,24
93005,scale_free-N256-p005-seed93005-sha256:55d0c0e634458619fcaa46200af2e7da623d5bc667069326e0d4e215a8552d59,0.0425,0.8,A_sparse,0.3428434319794178,20.90584111213684,69.4375,0.0,0.9805045997103056,0.6401840957502524,0.30224315449595446,24
93005,scale_free-N256-p005-seed93005-sha256:55d0c0e634458619fcaa46200af2e7da623d5bc667069326e0d4e215a8552d59,0.0425,0.8,shared_random,0.14132125054796532,20.6236146291097,69.8125,0.0,0.640678567190965,0.4545778011282285,0.46359267458319664,24
93005,scale_free-N256-p005-seed93005-sha256:55d0c0e634458619fcaa46200af2e7da623d5bc667069326e0d4e215a8552d59,0.0425,0.8,spectral,0.39796577642361325,20.94506637255351,69.5625,0.0,0.9887972474098206,0.7079421579837799,0.2739526492853959,24
93005,scale_free-N256-p005-seed93005-sha256:55d0c0e634458619fcaa46200af2e7da623d5bc667069326e0d4e215a8552d59,0.0425,1.0,A_mid,0.31423882953822607,20.928789774576824,69.625,0.0,0.9347240204612414,0.6132674229641756,0.3213706668466329,24
93005,scale_free-N256-p005-seed93005-sha256:55d0c0e634458619fcaa46200af2e7da623d5bc667069326e0d4e215a8552d59,0.0425,1.0,A_pool,0.30627503370245296,20.933021624883015,69.72916666666667,0.0,0.8730319688717524,0.6171504793067774,0.31648438175519306,24
93005,scale_free-N256-p005-seed93005-sha256:55d0c0e634458619fcaa46200af2e7da623d5bc667069326e0d4e215a8552d59,0.0425,1.0,A_shared,0.3285480613509814,20.88403081893921,69.6875,0.0,0.8747720619042715,0.6443351581692696,0.3017596844583749,24
93005,scale_free-N256-p005-seed93005-sha256:55d0c0e634458619fcaa46200af2e7da623d5bc667069326e0d4e215a8552d59,0.0425,1.0,A_sparse,0.38996461778879166,20.93066183725993,69.52083333333333,0.0,0.952260764936606,0.711465043326219,0.27068367662529147,24
93005,scale_free-N256-p005-seed93005-sha256:55d0c0e634458619fcaa46200af2e7da623d5bc667069326e0d4e215a8552d59,0.0425,1.0,shared_random,0.15208324013898766,20.640134811401367,69.8125,0.0,0.6285791372259458,0.4949002265930176,0.4540711318453153,24
93005,scale_free-N256-p005-seed93005-sha256:55d0c0e634458619fcaa46200af2e7da623d5bc667069326e0d4e215a8552d59,0.0425,1.0,spectral,0.36000391778846574,20.95076282819112,69.60416666666667,0.0,0.9694092373053232,0.6604036999245485,0.2920166241625945,24
93005,scale_free-N256-p005-seed93005-sha256:55d0c0e634458619fcaa46200af2e7da623d5bc667069326e0d4e215a8552d59,0.0425,1.2,A_mid,0.31090302144487697,20.944577773412068,69.625,0.0,0.9207879851261774,0.610738088687261,0.32412933682401973,24
93005,scale_free-N256-p005-seed93005-sha256:55d0c0e634458619fcaa46200af2e7da623d5bc667069326e0d4e215a8552d59,0.0425,1.2,A_pool,0.2857842091470956,20.923825502395626,69.6875,0.0,0.8720024799307188,0.5933501869440079,0.33199463536341983,24
93005,scale_free-N256-p005-seed93005-sha256:55d0c0e634458619fcaa46200af2e7da623d5bc667069326e0d4e215a8552d59,0.0425,1.2,A_shared,0.3314096583053469,20.877846161524456,69.60416666666667,0.0,0.876047340532144,0.65140101313591,0.30300957026580966,24
93005,scale_free-N256-p005-seed93005-sha256:55d0c0e634458619fcaa46200af2e7da623d5bc667069326e0d4e215a8552d59,0.0425,1.2,A_sparse,0.38206047378480434,20.943764368693035,69.52083333333333,0.0,0.9403936887780825,0.6984944120049477,0.27255301177501673,24
93005,scale_free-N256-p005-seed93005-sha256:55d0c0e634458619fcaa46200af2e7da623d5bc667069326e0d4e215a8552d59,0.0425,1.2,shared_random,0.16481041908264157,20.655027389526367,69.91666666666667,0.0,0.6145347828666369,0.5201972561577956,0.43865737194816273,24
93005,scale_free-N256-p005-seed93005-sha256:55d0c0e634458619fcaa46200af2e7da623d5bc667069326e0d4e215a8552d59,0.0425,1.2,spectral,0.3802844143162171,20.96296977996826,69.58333333333333,0.0,0.9614347741007805,0.6855932387212912,0.27477997665603954,24
93005,scale_free-N256-p005-seed93005-sha256:55d0c0e634458619fcaa46200af2e7da623d5bc667069326e0d4e215a8552d59,0.04625,0.8,A_mid,0.33996750600636005,21.260008811950684,69.77083333333333,0.0,0.9604312479496002,0.6377879244585832,0.3062479353199402,24
93005,scale_free-N256-p005-seed93005-sha256:55d0c0e634458619fcaa46200af2e7da623d5bc667069326e0d4e215a8552d59,0.04625,0.8,A_pool,0.26121998205780983,21.260090192159016,69.77083333333333,0.0,0.9055304055412611,0.5486349624892076,0.3505782652646303,24
93005,scale_free-N256-p005-seed93005-sha256:55d0c0e634458619fcaa46200af2e7da623d5bc667069326e0d4e215a8552d59,0.04625,0.8,A_shared,0.3545369543135166,21.175455570220947,69.5625,0.0,0.9391078278422356,0.6633646450936794,0.29254712599019206,24
93005,scale_free-N256-p005-seed93005-sha256:55d0c0e634458619fcaa46200af2e7da623d5bc667069326e0d4e215a8552d59,0.04625,0.8,A_sparse,0.3384065330028534,21.26847219467163,69.58333333333333,0.0,0.9615193580587705,0.6492170219620069,0.31400980676213897,24
93005,scale_free-N256-p005-seed93005-sha256:55d0c0e634458619fcaa46200af2e7da623d5bc667069326e0d4e215a8552d59,0.04625,0.8,shared_random,0.22695647428433097,21.000649054845173,70.0,0.0,0.6166997402906418,0.6530109706024328,0.37200433885057765,24
93005,scale_free-N256-p005-seed93005-sha256:55d0c0e634458619fcaa46200af2e7da623d5bc667069326e0d4e215a8552d59,0.04625,0.8,spectral,0.3460925246278445,21.268065134684246,69.58333333333333,0.0,0.9868966440359751,0.639535324027141,0.30865620200832683,24
93005,scale_free-N256-p005-seed93005-sha256:55d0c0e634458619fcaa46200af2e7da623d5bc667069326e0d4e215a8552d59,0.04625,1.0,A_mid,0.2602261317272981,21.262123902638752,69.6875,0.0,0.9469217831889788,0.5386106061438719,0.355044849216938,24
93005,scale_free-N256-p005-seed93005-sha256:55d0c0e634458619fcaa46200af2e7da623d5bc667069326e0d4e215a8552d59,0.04625,1.0,A_pool,0.3023293629909555,21.27799288431803,69.875,0.0,0.8866411050160726,0.6233740597963333,0.32820668009420234,24
93005,scale_free-N256-p005-seed93005-sha256:55d0c0e634458619fcaa46200af2e7da623d5bc667069326e0d4e215a8552d59,0.04625,1.0,A_shared,0.3738420611868302,21.173909346262615,69.52083333333333,0.0,0.9340667923291525,0.6827340486148993,0.2747866548597812,24
93005,scale_free-N256-p005-seed93005-sha256:55d0c0e634458619fcaa46200af2e7da623d5bc667069326e0d4e215a8552d59,0.04625,1.0,A_sparse,0.31650475785136223,21.276203791300457,69.60416666666667,0.0,0.9517805874347687,0.6199522701402506,0.3230801355093717,24
93005,scale_free-N256-p005-seed93005-sha256:55d0c0e634458619fcaa46200af2e7da623d5bc667069326e0d4e215a8552d59,0.04625,1.0,shared_random,0.1915455389147003,21.008705854415894,70.0,0.0,0.607831691702207,0.5866427881022295,0.41459450498223305,24
93005,scale_free-N256-p005-seed93005-sha256:55d0c0e634458619fcaa46200af2e7da623d5bc667069326e0d4e215a8552d59,0.04625,1.0,spectral,0.34509054695566493,21.27848243713379,69.60416666666667,0.0,0.968131830294927,0.6479001368085543,0.30880717995266116,24
93005,scale_free-N256-p005-seed93005-sha256:55d0c0e634458619fcaa46200af2e7da623d5bc667069326e0d4e215a8552d59,0.04625,1.2,A_mid,0.2845389122764269,21.29361836115519,69.79166666666667,0.0,0.9210672875245413,0.5699967965483665,0.3324969379852215,24
93005,scale_free-N256-p005-seed93005-sha256:55d0c0e634458619fcaa46200af2e7da623d5bc667069326e0d4e215a8552d59,0.04625,1.2,A_pool,0.2976237336794535,21.287352085113522,69.85416666666667,0.0,0.8796371842424074,0.6002272479236126,0.3203725051134824,24
93005,scale_free-N256-p005-seed93005-sha256:55d0c0e634458619fcaa46200af2e7da623d5bc667069326e0d4e215a8552d59,0.04625,1.2,A_shared,0.3320393422618508,21.19840431213379,69.625,0.0,0.8879793261488279,0.6480241728325685,0.3027099830408891,24
93005,scale_free-N256-p005-seed93005-sha256:55d0c0e634458619fcaa46200af2e7da623d5bc667069326e0d4e215a8552d59,0.04625,1.2,A_sparse,0.36991122737526894,21.291990598042805,69.60416666666667,0.0,0.9288769339521726,0.6953779819111029,0.28875695603589213,24
93005,scale_free-N256-p005-seed93005-sha256:55d0c0e634458619fcaa46200af2e7da623d5bc667069326e0d4e215a8552d59,0.04625,1.2,shared_random,0.1886353796968857,21.011147181193035,70.0,0.0,0.5876442169149717,0.6005675792694092,0.4177608440319697,24
93005,scale_free-N256-p005-seed93005-sha256:55d0c0e634458619fcaa46200af2e7da623d5bc667069326e0d4e215a8552d59,0.04625,1.2,spectral,0.36993480784197647,21.2744943300883,69.60416666666667,0.0,0.9595312401652336,0.6777733887235323,0.28818758080403006,24
93005,scale_free-N256-p005-seed93005-sha256:55d0c0e634458619fcaa46200af2e7da623d5bc667069326e0d4e215a8552d59,0.05,0.8,A_mid,0.2344684644291798,21.61531400680542,69.95833333333333,0.0,0.9150466769933701,0.5059798179815213,0.37144888068238896,24
93005,scale_free-N256-p005-seed93005-sha256:55d0c0e634458619fcaa46200af2e7da623d5bc667069326e0d4e215a8552d59,0.05,0.8,A_pool,0.27256517422695953,21.60798835754394,70.125,0.0,0.8468768546978632,0.5829417382677397,0.3379115549226602,24
93005,scale_free-N256-p005-seed93005-sha256:55d0c0e634458619fcaa46200af2e7da623d5bc667069326e0d4e215a8552d59,0.05,0.8,A_shared,0.3632834901412328,21.49430259068807,69.6875,0.0,0.9278472239772478,0.6761751050750414,0.2897974954297145,24
93005,scale_free-N256-p005-seed93005-sha256:55d0c0e634458619fcaa46200af2e7da623d5bc667069326e0d4e215a8552d59,0.05,0.8,A_sparse,0.43338820214072865,21.526692549387615,69.5,0.0,0.9993028789758682,0.7543043245871862,0.25106487919886905,24
93005,scale_free-N256-p005-seed93005-sha256:55d0c0e634458619fcaa46200af2e7da623d5bc667069326e0d4e215a8552d59,0.05,0.8,shared_random,0.2462512422353029,21.32877461115519,70.0,0.0,0.633820911248525,0.6790179883440336,0.35794131457805634,24
93005,scale_free-N256-p005-seed93005-sha256:55d0c0e634458619fcaa46200af2e7da623d5bc667069326e0d4e215a8552d59,0.05,0.8,spectral,0.30482671782374376,21.59757359822591,69.64583333333333,0.0,0.9540963595112165,0.6038253754377365,0.33662771557768184,24
93005,scale_free-N256-p005-seed93005-sha256:55d0c0e634458619fcaa46200af2e7da623d5bc667069326e0d4e215a8552d59,0.05,1.0,A_mid,0.2753903176635503,21.61832396189371,69.9375,0.0,0.9051693081855774,0.5715191327035427,0.34027222233513993,24
93005,scale_free-N256-p005-seed93005-sha256:55d0c0e634458619fcaa46200af2e7da623d5bc667069326e0d4e215a8552d59,0.05,1.0,A_pool,0.2733641841138402,21.61376730600993,70.08333333333333,0.0,0.850300965209802,0.5789697542786598,0.33538017980754375,24
93005,scale_free-N256-p005-seed93005-sha256:55d0c0e634458619fcaa46200af2e7da623d5bc667069326e0d4e215a8552d59,0.05,1.0,A_shared,0.3512778853376706,21.494953950246174,69.60416666666667,0.0,0.9224827786286672,0.6607733058432738,0.29544851742684836,24
93005,scale_free-N256-p005-seed93005-sha256:55d0c0e634458619fcaa46200af2e7da623d5bc667069326e0d4e215a8552d59,0.05,1.0,A_sparse,0.3871205920974414,21.540201505025227,69.54166666666667,0.0,0.9719743728637695,0.6912950364251932,0.27418568730354304,24
93005,scale_free-N256-p005-seed93005-sha256:55d0c0e634458619fcaa46200af2e7da623d5bc667069326e0d4e215a8552d59,0.05,1.0,shared_random,0.223289692774415,21.340819199879963,70.0,0.0,0.6188489571213722,0.6472020298242569,0.38019484654068947,24
93005,scale_free-N256-p005-seed93005-sha256:55d0c0e634458619fcaa46200af2e7da623d5bc667069326e0d4e215a8552d59,0.05,1.0,spectral,0.26836388247708476,21.610757033030193,69.64583333333333,0.0,0.9455176567037901,0.5449263043701649,0.35600215072433156,24
93005,scale_free-N256-p005-seed93005-sha256:55d0c0e634458619fcaa46200af2e7da623d5bc667069326e0d4e215a8552d59,0.05,1.2,A_mid,0.3201197584470113,21.623695532480877,69.9375,0.0,0.889738567173481,0.6407532083491484,0.31010861446460086,24
93005,scale_free-N256-p005-seed93005-sha256:55d0c0e634458619fcaa46200af2e7da623d5bc667069326e0d4e215a8552d59,0.05,1.2,A_pool,0.2698989271496733,21.614336649576824,70.02083333333333,0.0,0.847988948225975,0.5827588016788164,0.34711712164183456,24
93005,scale_free-N256-p005-seed93005-sha256:55d0c0e634458619fcaa46200af2e7da623d5bc667069326e0d4e215a8552d59,0.05,1.2,A_shared,0.33839287236332893,21.50878890355428,69.64583333333333,0.0,0.9071751634279887,0.64526591822505,0.2997353877872228,24
93005,scale_free-N256-p005-seed93005-sha256:55d0c0e634458619fcaa46200af2e7da623d5bc667069326e0d4e215a8552d59,0.05,1.2,A_sparse,0.40593464113771915,21.556233406066895,69.54166666666667,0.0,0.9649380395809809,0.7157120170692602,0.2613250104089578,24
93005,scale_free-N256-p005-seed93005-sha256:55d0c0e634458619fcaa46200af2e7da623d5bc667069326e0d4e215a8552d59,0.05,1.2,shared_random,0.2005708301439881,21.346190452575684,70.0,0.0,0.5994564592838287,0.6143973705669245,0.40132436404625577,24
93005,scale_free-N256-p005-seed93005-sha256:55d0c0e634458619fcaa46200af2e7da623d5bc667069326e0d4e215a8552d59,0.05,1.2,spectral,0.3052399543424447,21.62760289510091,69.77083333333333,0.0,0.9397279148300489,0.5984565690159798,0.33016062652071315,24
93006,scale_free-N256-p005-seed93006-sha256:4a4f3367e92d3222badd09d0aa9b0e591269dc9063366e3cfdd8e55cb612f80c,0.035,0.8,A_mid,0.3818727160493533,20.364418665568035,69.47916666666667,0.0,1.0121778398752213,0.6736947447061539,0.2763812399158875,24
93006,scale_free-N256-p005-seed93006-sha256:4a4f3367e92d3222badd09d0aa9b0e591269dc9063366e3cfdd8e55cb612f80c,0.035,0.8,A_pool,0.3637967898199956,20.330076217651367,69.45833333333333,0.0,1.0161593531568844,0.6494291983544827,0.28732447884976864,24
93006,scale_free-N256-p005-seed93006-sha256:4a4f3367e92d3222badd09d0aa9b0e591269dc9063366e3cfdd8e55cb612f80c,0.035,0.8,A_shared,0.4333344679325819,20.2046693166097,69.52083333333333,0.0,0.9315823962291082,0.7542024614910284,0.23349348207314805,24
93006,scale_free-N256-p005-seed93006-sha256:4a4f3367e92d3222badd09d0aa9b0e591269dc9063366e3cfdd8e55cb612f80c,0.035,0.8,A_sparse,0.44135433187087375,20.397133509318035,69.5,0.0,0.8942810297012329,0.7942099074522654,0.22389704051117099,24
93006,scale_free-N256-p005-seed93006-sha256:4a4f3367e92d3222badd09d0aa9b0e591269dc9063366e3cfdd8e55cb612f80c,0.035,0.8,shared_random,0.3310905384520689,19.7793763478597,69.5,0.0,0.7101385444402695,0.7601488182942072,0.2885252932707469,24
93006,scale_free-N256-p005-seed93006-sha256:4a4f3367e92d3222badd09d0aa9b0e591269dc9063366e3cfdd8e55cb612f80c,0.035,0.8,spectral,0.32641495950520033,20.305906295776367,69.3125,0.0,1.0335973501205444,0.6128902298708757,0.322276654963692,24
93006,scale_free-N256-p005-seed93006-sha256:4a4f3367e92d3222badd09d0aa9b0e591269dc9063366e3cfdd8e55cb612f80c,0.035,1.0,A_mid,0.4359821950395902,20.3872865041097,69.5,0.0,0.9744459564487139,0.7550390561421713,0.24047418435414628,24
93006,scale_free-N256-p005-seed93006-sha256:4a4f3367e92d3222badd09d0aa9b0e591269dc9063366e3cfdd8e55cb612f80c,0.035,1.0,A_pool,0.39915730617940426,20.346596399943035,69.45833333333333,0.0,0.9984326288104057,0.6989100091159344,0.26474537824591,24
93006,scale_free-N256-p005-seed93006-sha256:4a4f3367e92d3222badd09d0aa9b0e591269dc9063366e3cfdd8e55cb612f80c,0.035,1.0,A_shared,0.3761784291515748,20.217039108276367,69.54166666666667,0.0,0.908398412168026,0.6966269810994467,0.2706195463736852,24
93006,scale_free-N256-p005-seed93006-sha256:4a4f3367e92d3222badd09d0aa9b0e591269dc9063366e3cfdd8e55cb612f80c,0.035,1.0,A_sparse,0.4093833714723587,20.4014466603597,69.5,0.0,0.8811564818024635,0.7592892684042454,0.24730903344849742,24
93006,scale_free-N256-p005-seed93006-sha256:4a4f3367e92d3222badd09d0aa9b0e591269dc9063366e3cfdd8e55cb612f80c,0.035,1.0,shared_random,0.3157952586188912,19.786375045776367,69.5,0.0,0.6940977101524671,0.7418934081991514,0.30181143246591086,24
93006,scale_free-N256-p005-seed93006-sha256:4a4f3367e92d3222badd09d0aa9b0e591269dc9063366e3cfdd8e55cb612f80c,0.035,1.0,spectral,0.27615077110628283,20.313149134318035,69.29166666666667,0.0,1.0213010782996814,0.5396982791523138,0.3446377658595641,24
93006,scale_free-N256-p005-seed93006-sha256:4a4f3367e92d3222badd09d0aa9b0e591269dc9063366e3cfdd8e55cb612f80c,0.035,1.2,A_mid,0.42707211896777153,20.392820358276367,69.45833333333333,0.0,0.9565948421756426,0.7445433711012205,0.2402243688702583,24
93006,scale_free-N256-p005-seed93006-sha256:4a4f3367e92d3222badd09d0aa9b0e591269dc9063366e3cfdd8e55cb612f80c,0.035,1.2,A_pool,0.4217805253962676,20.369057337443035,69.47916666666667,0.0,0.9741098657250404,0.7300342159966627,0.24660356901586053,24
93006,scale_free-N256-p005-seed93006-sha256:4a4f3367e92d3222badd09d0aa9b0e591269dc9063366e3cfdd8e55cb612f80c,0.035,1.2,A_shared,0.35813737846910954,20.2246888478597,69.5,0.0,0.892696758111318,0.6809298197428385,0.27943935307363665,24
93006,scale_free-N256-p005-seed93006-sha256:4a4f3367e92d3222badd09d0aa9b0e591269dc9063366e3cfdd8e55cb612f80c,0.035,1.2,A_sparse,0.3818944127609332,20.40991012255351,69.5,0.0,0.8559579526384672,0.7345120037595431,0.26433215228219825,24
93006,scale_free-N256-p005-seed93006-sha256:4a4f3367e92d3222badd09d0aa9b0e591269dc9063366e3cfdd8e55cb612f80c,0.035,1.2,shared_random,0.32356473306814826,19.796628952026367,69.5,0.0,0.6814370180169741,0.7575502619147301,0.28587955608963966,24
93006,scale_free-N256-p005-seed93006-sha256:4a4f3367e92d3222badd09d0aa9b0e591269dc9063366e3cfdd8e55cb612f80c,0.035,1.2,spectral,0.2629316113889217,20.328529993693035,69.375,0.0,0.9963296328981718,0.5174395429591337,0.3459960265705983,24
93006,scale_free-N256-p005-seed93006-sha256:4a4f3367e92d3222badd09d0aa9b0e591269dc9063366e3cfdd8e55cb612f80c,0.03875,0.8,A_mid,0.35945683531463146,20.766273975372314,69.60416666666667,0.0,0.9449110329151154,0.6694361244638761,0.2882665389527877,24
93006,scale_free-N256-p005-seed93006-sha256:4a4f3367e92d3222badd09d0aa9b0e591269dc9063366e3cfdd8e55cb612f80c,0.03875,0.8,A_pool,0.4632612907638152,20.698158661524456,69.52083333333333,0.0,0.9754379689693451,0.7875889626642069,0.22431875082353747,24
93006,scale_free-N256-p005-seed93006-sha256:4a4f3367e92d3222badd09d0aa9b0e591269dc9063366e3cfdd8e55cb612f80c,0.03875,0.8,A_shared,0.29931180054942763,20.583412647247314,69.66666666666667,0.0,0.8899893114964167,0.6152640171349049,0.33556724588076275,24
93006,scale_free-N256-p005-seed93006-sha256:4a4f3367e92d3222badd09d0aa9b0e591269dc9063366e3cfdd8e55cb612f80c,0.03875,0.8,A_sparse,0.325101182796061,20.757810433705647,69.52083333333333,0.0,0.8696810230612755,0.653761642674605,0.31158049590885634,24
93006,scale_free-N256-p005-seed93006-sha256:4a4f3367e92d3222badd09d0aa9b0e591269dc9063366e3cfdd8e55cb612f80c,0.03875,0.8,shared_random,0.21561184929062918,20.140623092651367,69.52083333333333,0.0,0.6824715261658033,0.5919899183015028,0.40149849901596707,24
93006,scale_free-N256-p005-seed93006-sha256:4a4f3367e92d3222badd09d0aa9b0e591269dc9063366e3cfdd8e55cb612f80c,0.03875,0.8,spectral,0.26784081508715946,20.669106086095173,69.22916666666667,0.0,0.996896930038929,0.537903618067503,0.35472207019726437,24
93006,scale_free-N256-p005-seed93006-sha256:4a4f3367e92d3222badd09d0aa9b0e591269dc9063366e3cfdd8e55cb612f80c,0.03875,1.0,A_mid,0.3925684932619333,20.772133509318035,69.5625,0.0,0.9358653922875723,0.7191010129948457,0.26980919639269507,24
93006,scale_free-N256-p005-seed93006-sha256:4a4f3367e92d3222badd09d0aa9b0e591269dc9063366e3cfdd8e55cb612f80c,0.03875,1.0,A_pool,0.4494325729707877,20.704750696818035,69.5,0.0,0.9712304497758547,0.7729041104515394,0.23333637602627275,24
93006,scale_free-N256-p005-seed93006-sha256:4a4f3367e92d3222badd09d0aa9b0e591269dc9063366e3cfdd8e55cb612f80c,0.03875,1.0,A_shared,0.28260554373264307,20.594073454538982,69.64583333333333,0.0,0.8809927279750506,0.5834718843301138,0.33787906914949417,24
93006,scale_free-N256-p005-seed93006-sha256:4a4f3367e92d3222badd09d0aa9b0e591269dc9063366e3cfdd8e55cb612f80c,0.03875,1.0,A_sparse,0.30423793320854503,20.768552621205647,69.5625,0.0,0.8520511214931806,0.6242845195035139,0.3217460662126541,24
93006,scale_free-N256-p005-seed93006-sha256:4a4f3367e92d3222badd09d0aa9b0e591269dc9063366e3cfdd8e55cb612f80c,0.03875,1.0,shared_random,0.20438208524137733,20.153562545776367,69.54166666666667,0.0,0.6774697874983152,0.5584286972880363,0.40500520293911296,24
93006,scale_free-N256-p005-seed93006-sha256:4a4f3367e92d3222badd09d0aa9b0e591269dc9063366e3cfdd8e55cb612f80c,0.03875,1.0,spectral,0.3080775296936432,20.7002747853597,69.3125,0.0,0.9762969861427943,0.5935107742746671,0.3202477463831504,24
93006,scale_free-N256-p005-seed93006-sha256:4a4f3367e92d3222badd09d0aa9b0e591269dc9063366e3cfdd8e55cb612f80c,0.03875,1.2,A_mid,0.35006157432993246,20.7786439259847,69.54166666666667,0.0,0.9204167574644089,0.657386497904857,0.29105878559251624,24
93006,scale_free-N256-p005-seed93006-sha256:4a4f3367e92d3222badd09d0aa9b0e591269dc9063366e3cfdd8e55cb612f80c,0.03875,1.2,A_pool,0.4434676971286535,20.718178431193035,69.52083333333333,0.0,0.9519920746485392,0.7692313020428022,0.232608168075482,24
93006,scale_free-N256-p005-seed93006-sha256:4a4f3367e92d3222badd09d0aa9b0e591269dc9063366e3cfdd8e55cb612f80c,0.03875,1.2,A_shared,0.2940589046726624,20.601723353068035,69.625,0.0,0.870809331536293,0.6007893569767475,0.32954866439104075,24
93006,scale_free-N256-p005-seed93006-sha256:4a4f3367e92d3222badd09d0aa9b0e591269dc9063366e3cfdd8e55cb612f80c,0.03875,1.2,A_sparse,0.3107926538214087,20.777830123901367,69.5625,0.0,0.8458358570933342,0.6342277179161707,0.3107315550247828,24
93006,scale_free-N256-p005-seed93006-sha256:4a4f3367e92d3222badd09d0aa9b0e591269dc9063366e3cfdd8e55cb612f80c,0.03875,1.2,shared_random,0.22115811364104346,20.156899134318035,69.52083333333333,0.0,0.6696102892359098,0.5996068529784679,0.3863735298315684,24
93006,scale_free-N256-p005-seed93006-sha256:4a4f3367e92d3222badd09d0aa9b0e591269dc9063366e3cfdd8e55cb612f80c,0.03875,1.2,spectral,0.2844316307455301,20.719480514526367,69.39583333333333,0.0,0.967138243218263,0.5634139043589433,0.3366810114433368,24
93006,scale_free-N256-p005-seed93006-sha256:4a4f3367e92d3222badd09d0aa9b0e591269dc9063366e3cfdd8e55cb612f80c,0.0425,0.8,A_mid,0.3519113653649886,21.08764584859212,69.52083333333333,0.0,0.9733689750234286,0.6601202388604482,0.3062057141214609,24
93006,scale_free-N256-p005-seed93006-sha256:4a4f3367e92d3222badd09d0aa9b0e591269dc9063366e3cfdd8e55cb612f80c,0.0425,0.8,A_pool,0.305564222857356,21.08113439877828,69.75,0.0,0.9477561861276627,0.5936142665644487,0.32520857453346247,24
93006,scale_free-N256-p005-seed93006-sha256:4a4f3367e92d3222badd09d0aa9b0e591269dc9063366e3cfdd8e55cb612f80c,0.0425,0.8,A_shared,0.3884351799885432,20.89721481005351,69.54166666666667,0.0,0.9233546853065491,0.7213244984547297,0.2684663943946361,24
93006,scale_free-N256-p005-seed93006-sha256:4a4f3367e92d3222badd09d0aa9b0e591269dc9063366e3cfdd8e55cb612f80c,0.0425,0.8,A_sparse,0.3458910398185253,21.04142149289449,69.47916666666667,0.0,0.9197240993380547,0.6705200572808584,0.2982820086181163,24
93006,scale_free-N256-p005-seed93006-sha256:4a4f3367e92d3222badd09d0aa9b0e591269dc9063366e3cfdd8e55cb612f80c,0.0425,0.8,shared_random,0.171540983642141,20.518796920776367,69.70833333333333,0.0,0.6825680087010065,0.4976445473730564,0.43349279711643857,24
93006,scale_free-N256-p005-seed93006-sha256:4a4f3367e92d3222badd09d0aa9b0e591269dc9063366e3cfdd8e55cb612f80c,0.0425,0.8,spectral,0.2823407606532176,20.991046667099,69.27083333333333,0.0,1.0249851817886035,0.545310145864884,0.3468210293600957,24
93006,scale_free-N256-p005-seed93006-sha256:4a4f3367e92d3222badd09d0aa9b0e591269dc9063366e3cfdd8e55cb612f80c,0.0425,1.0,A_mid,0.3426658231765032,21.097086032231648,69.54166666666667,0.0,0.9594356392820677,0.6430043987929821,0.30699953312675154,24
93006,scale_free-N256-p005-seed93006-sha256:4a4f3367e92d3222badd09d0aa9b0e591269dc9063366e3cfdd8e55cb612f80c,0.0425,1.0,A_pool,0.3799616576482852,21.088459094365437,69.72916666666667,0.0,0.9472941309213638,0.699884120374918,0.2787362057715654,24
93006,scale_free-N256-p005-seed93006-sha256:4a4f3367e92d3222badd09d0aa9b0e591269dc9063366e3cfdd8e55cb612f80c,0.0425,1.0,A_shared,0.3623174900809924,20.908038298288982,69.5625,0.0,0.9004866083463033,0.6848268421987692,0.2816653444121281,24
93006,scale_free-N256-p005-seed93006-sha256:4a4f3367e92d3222badd09d0aa9b0e591269dc9063366e3cfdd8e55cb612f80c,0.0425,1.0,A_sparse,0.3343529316286246,21.057861010233562,69.5,0.0,0.9026030898094177,0.6573921019832293,0.3051665555685758,24
93006,scale_free-N256-p005-seed93006-sha256:4a4f3367e92d3222badd09d0aa9b0e591269dc9063366e3cfdd8e55cb612f80c,0.0425,1.0,shared_random,0.14077626603345073,20.5325501759847,69.72916666666667,0.0,0.6664894794424375,0.43101314827799797,0.45464447264870006,24
93006,scale_free-N256-p005-seed93006-sha256:4a4f3367e92d3222badd09d0aa9b0e591269dc9063366e3cfdd8e55cb612f80c,0.0425,1.0,spectral,0.2899094937990109,21.021727482477825,69.33333333333333,0.0,1.0047217657168706,0.5659594473739465,0.33949306917687255,24
93006,scale_free-N256-p005-seed93006-sha256:4a4f3367e92d3222badd09d0aa9b0e591269dc9063366e3cfdd8e55cb612f80c,0.0425,1.2,A_mid,0.3782893568277359,21.102376063664753,69.52083333333333,0.0,0.9389439523220062,0.6944149024784565,0.2762647774070501,24
93006,scale_free-N256-p005-seed93006-sha256:4a4f3367e92d3222badd09d0aa9b0e591269dc9063366e3cfdd8e55cb612f80c,0.0425,1.2,A_pool,0.2945658694952726,21.089435259501137,69.66666666666667,0.0,0.9304761787255605,0.5835328561564287,0.3307836186140775,24
93006,scale_free-N256-p005-seed93006-sha256:4a4f3367e92d3222badd09d0aa9b0e591269dc9063366e3cfdd8e55cb612f80c,0.0425,1.2,A_shared,0.3724969880034526,20.91650191942851,69.5625,0.0,0.8900051216284434,0.7092961917320887,0.27971396160622436,24
93006,scale_free-N256-p005-seed93006-sha256:4a4f3367e92d3222badd09d0aa9b0e591269dc9063366e3cfdd8e55cb612f80c,0.0425,1.2,A_sparse,0.37920771228770417,21.072184165318806,69.54166666666667,0.0,0.8877855017781258,0.718956625709931,0.271666199589769,24
93006,scale_free-N256-p005-seed93006-sha256:4a4f3367e92d3222badd09d0aa9b0e591269dc9063366e3cfdd8e55cb612f80c,0.0425,1.2,shared_random,0.140629862435162,20.543862024943035,69.79166666666667,0.0,0.6519214933117231,0.448344183464845,0.4625202702979247,24
93006,scale_free-N256-p005-seed93006-sha256:4a4f3367e92d3222badd09d0aa9b0e591269dc9063366e3cfdd8e55cb612f80c,0.0425,1.2,spectral,0.33417019496361416,21.04630454381307,69.375,0.0,0.9869802892208099,0.6294496742387613,0.30965837587912876,24
93006,scale_free-N256-p005-seed93006-sha256:4a4f3367e92d3222badd09d0aa9b0e591269dc9063366e3cfdd8e55cb612f80c,0.04625,0.8,A_mid,0.2785301841795444,21.409503777821858,69.5625,0.0,0.9697402939200401,0.5662148942550024,0.36077506591876346,24
93006,scale_free-N256-p005-seed93006-sha256:4a4f3367e92d3222badd09d0aa9b0e591269dc9063366e3cfdd8e55cb612f80c,0.04625,0.8,A_pool,0.2845056783407926,21.369383494059246,69.6875,0.0,0.9561543688178062,0.5762927122414112,0.35395905127127963,24
93006,scale_free-N256-p005-seed93006-sha256:4a4f3367e92d3222badd09d0aa9b0e591269dc9063366e3cfdd8e55cb612f80c,0.04625,0.8,A_shared,0.3652697994063298,21.22485287984212,69.5625,0.0,0.9424007584651312,0.6720400204261144,0.2854455125828584,24
93006,scale_free-N256-p005-seed93006-sha256:4a4f3367e92d3222badd09d0aa9b0e591269dc9063366e3cfdd8e55cb612f80c,0.04625,0.8,A_sparse,0.39708306019504863,21.370768070220947,69.5,0.0,0.950398879746596,0.7126560943822066,0.2676847148686647,24
93006,scale_free-N256-p005-seed93006-sha256:4a4f3367e92d3222badd09d0aa9b0e591269dc9063366e3cfdd8e55cb612f80c,0.04625,0.8,shared_random,0.17673939249167836,20.88842574755351,69.95833333333333,0.0,0.6669377237558365,0.5270114876329899,0.4324510184427102,24
93006,scale_free-N256-p005-seed93006-sha256:4a4f3367e92d3222badd09d0aa9b0e591269dc9063366e3cfdd8e55cb612f80c,0.04625,0.8,spectral,0.3603730592876673,21.366047859191895,69.52083333333333,0.0,1.0078895712892215,0.6678706208864847,0.3046774106721083,24
93006,scale_free-N256-p005-seed93006-sha256:4a4f3367e92d3222badd09d0aa9b0e591269dc9063366e3cfdd8e55cb612f80c,0.04625,1.0,A_mid,0.2925259610638022,21.414062023162842,69.54166666666667,0.0,0.9572742208838463,0.5851380539437135,0.3461153879761696,24
93006,scale_free-N256-p005-seed93006-sha256:4a4f3367e92d3222badd09d0aa9b0e591269dc9063366e3cfdd8e55cb612f80c,0.04625,1.0,A_pool,0.3181970622390508,21.388507684071858,69.66666666666667,0.0,0.9360435331861178,0.6243152773628632,0.3297798701872428,24
93006,scale_free-N256-p005-seed93006-sha256:4a4f3367e92d3222badd09d0aa9b0e591269dc9063366e3cfdd8e55cb612f80c,0.04625,1.0,A_shared,0.4191860569020112,21.233805179595947,69.58333333333333,0.0,0.931097482641538,0.7482977025210857,0.24955090011159575,24
93006,scale_free-N256-p005-seed93006-sha256:4a4f3367e92d3222badd09d0aa9b0e591269dc9063366e3cfdd8e55cb612f80c,0.04625,1.0,A_sparse,0.3633979558944702,21.380045255025227,69.54166666666667,0.0,0.9241109316547712,0.6795590221881866,0.2866354951014121,24
93006,scale_free-N256-p005-seed93006-sha256:4a4f3367e92d3222badd09d0aa9b0e591269dc9063366e3cfdd8e55cb612f80c,0.04625,1.0,shared_random,0.19338868993024028,20.8992493947347,69.95833333333333,0.0,0.6510332226753235,0.576222208638986,0.41776732355356216,24
93006,scale_free-N256-p005-seed93006-sha256:4a4f3367e92d3222badd09d0aa9b0e591269dc9063366e3cfdd8e55cb612f80c,0.04625,1.0,spectral,0.3618369822700818,21.374104499816895,69.5,0.0,0.9976197903354963,0.6683159110446771,0.2990767539789279,24
93006,scale_free-N256-p005-seed93006-sha256:4a4f3367e92d3222badd09d0aa9b0e591269dc9063366e3cfdd8e55cb612f80c,0.04625,1.2,A_mid,0.3246580070505539,21.43155829111735,69.5625,0.0,0.9409668867786726,0.6318340425690016,0.3236263114959001,24
93006,scale_free-N256-p005-seed93006-sha256:4a4f3367e92d3222badd09d0aa9b0e591269dc9063366e3cfdd8e55cb612f80c,0.04625,1.2,A_pool,0.2678939346224069,21.405434131622314,69.70833333333333,0.0,0.9299734855691592,0.5600312699874243,0.36509493365883827,24
93006,scale_free-N256-p005-seed93006-sha256:4a4f3367e92d3222badd09d0aa9b0e591269dc9063366e3cfdd8e55cb612f80c,0.04625,1.2,A_shared,0.3170442419747511,21.261066913604736,69.66666666666667,0.0,0.9067216416200002,0.6177149191498756,0.31561443085471785,24
93006,scale_free-N256-p005-seed93006-sha256:4a4f3367e92d3222badd09d0aa9b0e591269dc9063366e3cfdd8e55cb612f80c,0.04625,1.2,A_sparse,0.34729428961873055,21.393554369608562,69.54166666666667,0.0,0.9080358569820722,0.6660083110133806,0.2951098630825678,24
93006,scale_free-N256-p005-seed93006-sha256:4a4f3367e92d3222badd09d0aa9b0e591269dc9063366e3cfdd8e55cb612f80c,0.04625,1.2,shared_random,0.17428738406548894,20.91340947151184,69.97916666666667,0.0,0.6310118163625399,0.5405263602733612,0.4369918430844943,24
93006,scale_free-N256-p005-seed93006-sha256:4a4f3367e92d3222badd09d0aa9b0e591269dc9063366e3cfdd8e55cb612f80c,0.04625,1.2,spectral,0.4184457765271266,21.38688071568807,69.5,0.0,0.9787337283293406,0.746750496327877,0.2629554774612188,24
93006,scale_free-N256-p005-seed93006-sha256:4a4f3367e92d3222badd09d0aa9b0e591269dc9063366e3cfdd8e55cb612f80c,0.05,0.8,A_mid,0.2676288112998008,21.741454283396404,69.58333333333333,0.0,0.9368291844924291,0.5515963820119699,0.35785739310085773,24
93006,scale_free-N256-p005-seed93006-sha256:4a4f3367e92d3222badd09d0aa9b0e591269dc9063366e3cfdd8e55cb612f80c,0.05,0.8,A_pool,0.2832818053041895,21.702635129292805,69.64583333333333,0.0,0.9693125734726588,0.5637067034840584,0.35347928541402024,24
93006,scale_free-N256-p005-seed93006-sha256:4a4f3367e92d3222badd09d0aa9b0e591269dc9063366e3cfdd8e55cb612f80c,0.05,0.8,A_shared,0.30261301559706527,21.59073829650879,69.70833333333333,0.0,0.9364257628719012,0.5963907365997633,0.33282035402953625,24
93006,scale_free-N256-p005-seed93006-sha256:4a4f3367e92d3222badd09d0aa9b0e591269dc9063366e3cfdd8e55cb612f80c,0.05,0.8,A_sparse,0.3626986077676217,21.70035743713379,69.54166666666667,0.0,0.9617270405093828,0.6728826649487019,0.2998517168064912,24
93006,scale_free-N256-p005-seed93006-sha256:4a4f3367e92d3222badd09d0aa9b0e591269dc9063366e3cfdd8e55cb612f80c,0.05,0.8,shared_random,0.1934434901922941,21.221353848775227,70.0,0.0,0.6658570766448975,0.5623019523918629,0.41541124135255814,24
93006,scale_free-N256-p005-seed93006-sha256:4a4f3367e92d3222badd09d0aa9b0e591269dc9063366e3cfdd8e55cb612f80c,0.05,0.8,spectral,0.38701019684473675,21.686034679412842,69.52083333333333,0.0,0.9916647151112556,0.6948552951216698,0.28323984704911703,24
93006,scale_free-N256-p005-seed93006-sha256:4a4f3367e92d3222badd09d0aa9b0e591269dc9063366e3cfdd8e55cb612f80c,0.05,1.0,A_mid,0.2690296440074841,21.75610287984212,69.75,0.0,0.9239132180809975,0.5581143436332544,0.3543849165240924,24
93006,scale_free-N256-p005-seed93006-sha256:4a4f3367e92d3222badd09d0aa9b0e591269dc9063366e3cfdd8e55cb612f80c,0.05,1.0,A_pool,0.26613854306439555,21.72810713450114,69.77083333333333,0.0,0.9557858382662138,0.5560498535633087,0.36594981079300243,24
93006,scale_free-N256-p005-seed93006-sha256:4a4f3367e92d3222badd09d0aa9b0e591269dc9063366e3cfdd8e55cb612f80c,0.05,1.0,A_shared,0.29306617813805735,21.611083030700684,69.75,0.0,0.9046091039975485,0.5949858700235685,0.33347457088530064,24
93006,scale_free-N256-p005-seed93006-sha256:4a4f3367e92d3222badd09d0aa9b0e591269dc9063366e3cfdd8e55cb612f80c,0.05,1.0,A_sparse,0.3029193809876839,21.710529645284016,69.60416666666667,0.0,0.9441932315627733,0.6013974770903587,0.3379151237507661,24
93006,scale_free-N256-p005-seed93006-sha256:4a4f3367e92d3222badd09d0aa9b0e591269dc9063366e3cfdd8e55cb612f80c,0.05,1.0,shared_random,0.22310293155411878,21.231200853983562,69.97916666666667,0.0,0.6502278298139572,0.6232046410441399,0.38220636049906415,24
93006,scale_free-N256-p005-seed93006-sha256:4a4f3367e92d3222badd09d0aa9b0e591269dc9063366e3cfdd8e55cb612f80c,0.05,1.0,spectral,0.375070340000093,21.69645086924235,69.58333333333333,0.0,0.975017711520195,0.6877136466403803,0.2910133264958858,24
93006,scale_free-N256-p005-seed93006-sha256:4a4f3367e92d3222badd09d0aa9b0e591269dc9063366e3cfdd8e55cb612f80c,0.05,1.2,A_mid,0.2632349673658609,21.752765655517578,69.60416666666667,0.0,0.9246345286568006,0.5471325243512789,0.3583673170457284,24
93006,scale_free-N256-p005-seed93006-sha256:4a4f3367e92d3222badd09d0aa9b0e591269dc9063366e3cfdd8e55cb612f80c,0.05,1.2,A_pool,0.2755179920544227,21.728269894917805,69.70833333333333,0.0,0.9454785858591398,0.5677541730304559,0.3566584239403407,24
93006,scale_free-N256-p005-seed93006-sha256:4a4f3367e92d3222badd09d0aa9b0e591269dc9063366e3cfdd8e55cb612f80c,0.05,1.2,A_shared,0.2988994816939036,21.621499061584473,69.72916666666667,0.0,0.8913246368368467,0.6082923139135042,0.3284812041868766,24
93006,scale_free-N256-p005-seed93006-sha256:4a4f3367e92d3222badd09d0aa9b0e591269dc9063366e3cfdd8e55cb612f80c,0.05,1.2,A_sparse,0.2968200929462909,21.735676129659016,69.70833333333333,0.0,0.9171959037582079,0.5988941428562006,0.338671683644255,24
93006,scale_free-N256-p005-seed93006-sha256:4a4f3367e92d3222badd09d0aa9b0e591269dc9063366e3cfdd8e55cb612f80c,0.05,1.2,shared_random,0.20447183710833386,21.249755859375,70.0,0.0,0.6295391619205475,0.6078860076765219,0.4061688755949338,24
93006,scale_free-N256-p005-seed93006-sha256:4a4f3367e92d3222badd09d0aa9b0e591269dc9063366e3cfdd8e55cb612f80c,0.05,1.2,spectral,0.3718085316941142,21.7061349550883,69.54166666666667,0.0,0.9658099686106046,0.6822832748293877,0.29256913748880226,24
93007,scale_free-N256-p005-seed93007-sha256:1ced4f9584caffc9f54640b78134e83add21c471e07d0ec04a80db4ed9ab4e88,0.035,0.8,A_mid,0.4625580670932929,20.2659486134847,69.5,0.0,0.9541967362165451,0.7898988661666712,0.21890553459525106,24
93007,scale_free-N256-p005-seed93007-sha256:1ced4f9584caffc9f54640b78134e83add21c471e07d0ec04a80db4ed9ab4e88,0.035,0.8,A_pool,0.32331565208733076,20.233559290568035,69.33333333333333,0.0,0.9640983964006106,0.6235774047672749,0.3165961125244697,24
93007,scale_free-N256-p005-seed93007-sha256:1ced4f9584caffc9f54640b78134e83add21c471e07d0ec04a80db4ed9ab4e88,0.035,0.8,A_shared,0.4326693043112755,20.2664368947347,69.5,0.0,0.9102855374415716,0.7775772536794344,0.23632446614404515,24
93007,scale_free-N256-p005-seed93007-sha256:1ced4f9584caffc9f54640b78134e83add21c471e07d0ec04a80db4ed9ab4e88,0.035,0.8,A_sparse,0.28453691676259035,20.180580774943035,69.35416666666667,0.0,0.9435852815707525,0.5772094937662283,0.34011234280963737,24
93007,scale_free-N256-p005-seed93007-sha256:1ced4f9584caffc9f54640b78134e83add21c471e07d0ec04a80db4ed9ab4e88,0.035,0.8,shared_random,0.23135299049317834,19.8269837697347,69.5625,0.0,0.7255941927433014,0.5812849899133047,0.3849319815635681,24
93007,scale_free-N256-p005-seed93007-sha256:1ced4f9584caffc9f54640b78134e83add21c471e07d0ec04a80db4ed9ab4e88,0.035,0.8,spectral,0.3489470848192771,20.27245895067851,69.41666666666667,0.0,1.0165745889147122,0.635142325113217,0.2971418667584657,24
93007,scale_free-N256-p005-seed93007-sha256:1ced4f9584caffc9f54640b78134e83add21c471e07d0ec04a80db4ed9ab4e88,0.035,1.0,A_mid,0.39900543602804345,20.276528040568035,69.52083333333333,0.0,0.9251372913519541,0.7157063782215118,0.2576234079897403,24
93007,scale_free-N256-p005-seed93007-sha256:1ced4f9584caffc9f54640b78134e83add21c471e07d0ec04a80db4ed9ab4e88,0.035,1.0,A_pool,0.2742903071145216,20.233152389526367,69.39583333333333,0.0,0.9575352619091669,0.5509146365026633,0.3416396776835123,24
93007,scale_free-N256-p005-seed93007-sha256:1ced4f9584caffc9f54640b78134e83add21c471e07d0ec04a80db4ed9ab4e88,0.035,1.0,A_shared,0.40757235046476126,20.2808411916097,69.5625,0.0,0.8901383106907209,0.7505339806278547,0.2511668571581443,24
93007,scale_free-N256-p005-seed93007-sha256:1ced4f9584caffc9f54640b78134e83add21c471e07d0ec04a80db4ed9ab4e88,0.035,1.0,A_sparse,0.3069980647414922,20.194822311401367,69.33333333333333,0.0,0.931503489613533,0.6124935547510783,0.32230207758645213,24
93007,scale_free-N256-p005-seed93007-sha256:1ced4f9584caffc9f54640b78134e83add21c471e07d0ec04a80db4ed9ab4e88,0.035,1.0,shared_random,0.23161547662069396,19.852537155151367,69.54166666666667,0.0,0.7040007263422012,0.5812266133725643,0.37999757130940753,24
93007,scale_free-N256-p005-seed93007-sha256:1ced4f9584caffc9f54640b78134e83add21c471e07d0ec04a80db4ed9ab4e88,0.035,1.0,spectral,0.27723199998339015,20.271482467651367,69.4375,0.0,1.0001818140347798,0.5470993208388487,0.3414862025529146,24
93007,scale_free-N256-p005-seed93007-sha256:1ced4f9584caffc9f54640b78134e83add21c471e07d0ec04a80db4ed9ab4e88,0.035,1.2,A_mid,0.3965285314867894,20.290769577026367,69.54166666666667,0.0,0.926367295285066,0.7158504364391168,0.2586552929133177,24
93007,scale_free-N256-p005-seed93007-sha256:1ced4f9584caffc9f54640b78134e83add21c471e07d0ec04a80db4ed9ab4e88,0.035,1.2,A_pool,0.3215602232764164,20.2537415822347,69.39583333333333,0.0,0.9464181264241537,0.6134334666033586,0.3105026303480069,24
93007,scale_free-N256-p005-seed93007-sha256:1ced4f9584caffc9f54640b78134e83add21c471e07d0ec04a80db4ed9ab4e88,0.035,1.2,A_shared,0.37576323995987576,20.287758429845173,69.52083333333333,0.0,0.8774640733997027,0.7052906590203444,0.26822682904700434,24
93007,scale_free-N256-p005-seed93007-sha256:1ced4f9584caffc9f54640b78134e83add21c471e07d0ec04a80db4ed9ab4e88,0.035,1.2,A_sparse,0.30163624882698054,20.216225306193035,69.47916666666667,0.0,0.9280451387166977,0.593977810194095,0.31849935650825495,24
93007,scale_free-N256-p005-seed93007-sha256:1ced4f9584caffc9f54640b78134e83add21c471e07d0ec04a80db4ed9ab4e88,0.035,1.2,shared_random,0.21597090084105727,19.852781295776367,69.60416666666667,0.0,0.6895087361335754,0.5546230090161165,0.3870040352145831,24
93007,scale_free-N256-p005-seed93007-sha256:1ced4f9584caffc9f54640b78134e83add21c471e07d0ec04a80db4ed9ab4e88,0.035,1.2,spectral,0.3552490056802829,20.299721320470173,69.45833333333333,0.0,0.9779475082953771,0.6540501813093821,0.2927026338875293,24
93007,scale_free-N256-p005-seed93007-sha256:1ced4f9584caffc9f54640b78134e83add21c471e07d0ec04a80db4ed9ab4e88,0.03875,0.8,A_mid,0.29796216450631613,20.67341883977254,69.70833333333333,0.0,0.9082368562618891,0.5995188802480698,0.3280951343476772,24
93007,scale_free-N256-p005-seed93007-sha256:1ced4f9584caffc9f54640b78134e83add21c471e07d0ec04a80db4ed9ab4e88,0.03875,0.8,A_pool,0.4300224594771862,20.615151087443035,69.5,0.0,0.9694676250219345,0.7585395450393358,0.2463903160144885,24
93007,scale_free-N256-p005-seed93007-sha256:1ced4f9584caffc9f54640b78134e83add21c471e07d0ec04a80db4ed9ab4e88,0.03875,0.8,A_shared,0.36090453900396824,20.656898975372314,69.625,0.0,0.8715677584211031,0.7040283493697643,0.2844319256643454,24
93007,scale_free-N256-p005-seed93007-sha256:1ced4f9584caffc9f54640b78134e83add21c471e07d0ec04a80db4ed9ab4e88,0.03875,0.8,A_sparse,0.33648303399483365,20.558022181193035,69.5,0.0,0.9436239798863729,0.6373974519471327,0.2977145388722419,24
93007,scale_free-N256-p005-seed93007-sha256:1ced4f9584caffc9f54640b78134e83add21c471e07d0ec04a80db4ed9ab4e88,0.03875,0.8,shared_random,0.1961945338795582,20.225746790568035,69.83333333333333,0.0,0.6992058033744494,0.5414315226177374,0.4131169890364011,24
93007,scale_free-N256-p005-seed93007-sha256:1ced4f9584caffc9f54640b78134e83add21c471e07d0ec04a80db4ed9ab4e88,0.03875,0.8,spectral,0.3971488382667303,20.626951217651367,69.47916666666667,0.0,1.0120685572425525,0.6960878235598406,0.26878572255372996,24
93007,scale_free-N256-p005-seed93007-sha256:1ced4f9584caffc9f54640b78134e83add21c471e07d0ec04a80db4ed9ab4e88,0.03875,1.0,A_mid,0.2691372005889813,20.67114019393921,69.6875,0.0,0.9058129638433456,0.5554454239706198,0.34503622228900593,24
93007,scale_free-N256-p005-seed93007-sha256:1ced4f9584caffc9f54640b78134e83add21c471e07d0ec04a80db4ed9ab4e88,0.03875,1.0,A_pool,0.47022064588963985,20.620766242345173,69.5,0.0,0.9518334344029427,0.8067945664127668,0.21634922424952185,24
93007,scale_free-N256-p005-seed93007-sha256:1ced4f9584caffc9f54640b78134e83add21c471e07d0ec04a80db4ed9ab4e88,0.03875,1.0,A_shared,0.2792404039452473,20.67358175913493,69.6875,0.0,0.8539409935474396,0.591491753856341,0.3352194695423047,24
93007,scale_free-N256-p005-seed93007-sha256:1ced4f9584caffc9f54640b78134e83add21c471e07d0ec04a80db4ed9ab4e88,0.03875,1.0,A_sparse,0.3800017361839612,20.5630677541097,69.47916666666667,0.0,0.9424018462498983,0.6971289366483688,0.2729827842364708,24
93007,scale_free-N256-p005-seed93007-sha256:1ced4f9584caffc9f54640b78134e83add21c471e07d0ec04a80db4ed9ab4e88,0.03875,1.0,shared_random,0.1837710340817769,20.225014368693035,69.72916666666667,0.0,0.6940050969521204,0.5173375445107619,0.4224603275458018,24
93007,scale_free-N256-p005-seed93007-sha256:1ced4f9584caffc9f54640b78134e83add21c471e07d0ec04a80db4ed9ab4e88,0.03875,1.0,spectral,0.3809320479631424,20.629799365997314,69.5,0.0,1.0066828702886899,0.6775944282611212,0.2775353621691465,24
93007,scale_free-N256-p005-seed93007-sha256:1ced4f9584caffc9f54640b78134e83add21c471e07d0ec04a80db4ed9ab4e88,0.03875,1.2,A_mid,0.2565684259558717,20.678301731745403,69.6875,0.0,0.8915398443738619,0.539746048549811,0.3512906537701686,24
93007,scale_free-N256-p005-seed93007-sha256:1ced4f9584caffc9f54640b78134e83add21c471e07d0ec04a80db4ed9ab4e88,0.03875,1.2,A_pool,0.43077816255390644,20.626869837443035,69.47916666666667,0.0,0.9330715661247572,0.7621262681980928,0.2383323467026154,24
93007,scale_free-N256-p005-seed93007-sha256:1ced4f9584caffc9f54640b78134e83add21c471e07d0ec04a80db4ed9ab4e88,0.03875,1.2,A_shared,0.26462339113155997,20.677081267038982,69.64583333333333,0.0,0.8473933165272077,0.5771118439733982,0.3452838249504566,24
93007,scale_free-N256-p005-seed93007-sha256:1ced4f9584caffc9f54640b78134e83add21c471e07d0ec04a80db4ed9ab4e88,0.03875,1.2,A_sparse,0.4023097424457471,20.57812301317851,69.52083333333333,0.0,0.9358747005462646,0.7319657616317272,0.26072505178550875,24
93007,scale_free-N256-p005-seed93007-sha256:1ced4f9584caffc9f54640b78134e83add21c471e07d0ec04a80db4ed9ab4e88,0.03875,1.2,shared_random,0.16473109678675726,20.2456849416097,69.77083333333333,0.0,0.6684857085347176,0.4845547154545784,0.44063981249928474,24
93007,scale_free-N256-p005-seed93007-sha256:1ced4f9584caffc9f54640b78134e83add21c471e07d0ec04a80db4ed9ab4e88,0.03875,1.2,spectral,0.38984699733555317,20.638100306193035,69.54166666666667,0.0,0.9905878156423569,0.7004112886885802,0.2772609988848368,24
93007,scale_free-N256-p005-seed93007-sha256:1ced4f9584caffc9f54640b78134e83add21c471e07d0ec04a80db4ed9ab4e88,0.0425,0.8,A_mid,0.24954327195882794,21.030921856562294,69.625,0.0,0.8858131965001425,0.5389531838397185,0.368424095834295,24
93007,scale_free-N256-p005-seed93007-sha256:1ced4f9584caffc9f54640b78134e83add21c471e07d0ec04a80db4ed9ab4e88,0.0425,0.8,A_pool,0.42385315150022507,20.9451478322347,69.54166666666667,0.0,0.9429608931144079,0.7506235751012961,0.24804652668535707,24
93007,scale_free-N256-p005-seed93007-sha256:1ced4f9584caffc9f54640b78134e83add21c471e07d0ec04a80db4ed9ab4e88,0.0425,0.8,A_shared,0.2915120013058185,20.93652097384135,69.72916666666667,0.0,0.8846182848016421,0.6079475941757361,0.3414541905124982,24
93007,scale_free-N256-p005-seed93007-sha256:1ced4f9584caffc9f54640b78134e83add21c471e07d0ec04a80db4ed9ab4e88,0.0425,0.8,A_sparse,0.39976384304463863,20.88118290901184,69.54166666666667,0.0,0.9444641694426537,0.7227749166389307,0.26817742176353926,24
93007,scale_free-N256-p005-seed93007-sha256:1ced4f9584caffc9f54640b78134e83add21c471e07d0ec04a80db4ed9ab4e88,0.0425,0.8,shared_random,0.17224716084698832,20.583412726720173,69.97916666666667,0.0,0.689714307586352,0.5004648168881735,0.4343234710395336,24
93007,scale_free-N256-p005-seed93007-sha256:1ced4f9584caffc9f54640b78134e83add21c471e07d0ec04a80db4ed9ab4e88,0.0425,0.8,spectral,0.3369076270610094,20.971433242162068,69.60416666666667,0.0,0.9776186297337214,0.6237667190531889,0.30487259787817794,24
93007,scale_free-N256-p005-seed93007-sha256:1ced4f9584caffc9f54640b78134e83add21c471e07d0ec04a80db4ed9ab4e88,0.0425,1.0,A_mid,0.26351529173552984,21.050291140874226,69.83333333333333,0.0,0.8672236204147339,0.5673970021307468,0.3498027467479308,24
93007,scale_free-N256-p005-seed93007-sha256:1ced4f9584caffc9f54640b78134e83add21c471e07d0ec04a80db4ed9ab4e88,0.0425,1.0,A_pool,0.40038700712223846,20.958575407663982,69.52083333333333,0.0,0.9290799473722776,0.727497287094593,0.26339239627122873,24
93007,scale_free-N256-p005-seed93007-sha256:1ced4f9584caffc9f54640b78134e83add21c471e07d0ec04a80db4ed9ab4e88,0.0425,1.0,A_shared,0.2613500111425916,20.941810687383015,69.6875,0.0,0.8769083345929781,0.5582178719341755,0.35601451496283215,24
93007,scale_free-N256-p005-seed93007-sha256:1ced4f9584caffc9f54640b78134e83add21c471e07d0ec04a80db4ed9ab4e88,0.0425,1.0,A_sparse,0.3423373457044363,20.894203742345173,69.5625,0.0,0.9237321640054384,0.6548348814249039,0.30079332739114756,24
93007,scale_free-N256-p005-seed93007-sha256:1ced4f9584caffc9f54640b78134e83add21c471e07d0ec04a80db4ed9ab4e88,0.0425,1.0,shared_random,0.17548648485292986,20.598305384318035,69.91666666666667,0.0,0.674050455292066,0.5098401252180338,0.43654702852169674,24
93007,scale_free-N256-p005-seed93007-sha256:1ced4f9584caffc9f54640b78134e83add21c471e07d0ec04a80db4ed9ab4e88,0.0425,1.0,spectral,0.3323272100339333,20.98323329289754,69.72916666666667,0.0,0.9709125657876333,0.6241788367430369,0.3115633446723222,24
93007,scale_free-N256-p005-seed93007-sha256:1ced4f9584caffc9f54640b78134e83add21c471e07d0ec04a80db4ed9ab4e88,0.0425,1.2,A_mid,0.278138844606777,21.048012415568035,69.75,0.0,0.8648107349872589,0.5848192311823368,0.3397687915712595,24
93007,scale_free-N256-p005-seed93007-sha256:1ced4f9584caffc9f54640b78134e83add21c471e07d0ec04a80db4ed9ab4e88,0.0425,1.2,A_pool,0.33502605247000855,20.98372181256612,69.625,0.0,0.90643410384655,0.6604696922004223,0.3105646384259065,24
93007,scale_free-N256-p005-seed93007-sha256:1ced4f9584caffc9f54640b78134e83add21c471e07d0ec04a80db4ed9ab4e88,0.0425,1.2,A_shared,0.25323253062864143,20.969398895899456,69.8125,0.0,0.866321528951327,0.5431903153657913,0.3554711850980918,24
93007,scale_free-N256-p005-seed93007-sha256:1ced4f9584caffc9f54640b78134e83add21c471e07d0ec04a80db4ed9ab4e88,0.0425,1.2,A_sparse,0.3450382637480895,20.91023548444112,69.58333333333333,0.0,0.9117717742919922,0.6510582454502583,0.2957926268378893,24
93007,scale_free-N256-p005-seed93007-sha256:1ced4f9584caffc9f54640b78134e83add21c471e07d0ec04a80db4ed9ab4e88,0.0425,1.2,shared_random,0.15056794943908847,20.604734261830647,69.91666666666667,0.0,0.6513275504112244,0.4710215243200461,0.4626970589160919,24
93007,scale_free-N256-p005-seed93007-sha256:1ced4f9584caffc9f54640b78134e83add21c471e07d0ec04a80db4ed9ab4e88,0.0425,1.2,spectral,0.3522070993979772,20.99413808186849,69.60416666666667,0.0,0.9525853767991066,0.6599979338546594,0.29677280845741427,24
93007,scale_free-N256-p005-seed93007-sha256:1ced4f9584caffc9f54640b78134e83add21c471e07d0ec04a80db4ed9ab4e88,0.04625,0.8,A_mid,0.2729900907725095,21.31485891342163,69.75,0.0,0.9277369926373163,0.5630125266810259,0.3511973700175683,24
93007,scale_free-N256-p005-seed93007-sha256:1ced4f9584caffc9f54640b78134e83add21c471e07d0ec04a80db4ed9ab4e88,0.04625,0.8,A_pool,0.24613230085621274,21.305418491363522,69.77083333333333,0.0,0.9112184246381124,0.5178351116677126,0.36704371807475883,24
93007,scale_free-N256-p005-seed93007-sha256:1ced4f9584caffc9f54640b78134e83add21c471e07d0ec04a80db4ed9ab4e88,0.04625,0.8,A_shared,0.2865160293877124,21.259276549021404,69.66666666666667,0.0,0.9107453425725301,0.5848349432150522,0.33998099093635875,24
93007,scale_free-N256-p005-seed93007-sha256:1ced4f9584caffc9f54640b78134e83add21c471e07d0ec04a80db4ed9ab4e88,0.04625,0.8,A_sparse,0.28193647104005015,21.19449790318807,69.64583333333333,0.0,0.9432321985562643,0.5732797645032406,0.3513519229988257,24
93007,scale_free-N256-p005-seed93007-sha256:1ced4f9584caffc9f54640b78134e83add21c471e07d0ec04a80db4ed9ab4e88,0.04625,0.8,shared_random,0.1816154055607815,20.933346748352047,70.08333333333333,0.0,0.638521725932757,0.5320674000928799,0.439498836795489,24
93007,scale_free-N256-p005-seed93007-sha256:1ced4f9584caffc9f54640b78134e83add21c471e07d0ec04a80db4ed9ab4e88,0.04625,0.8,spectral,0.3269013166427612,21.30289554595947,69.60416666666667,0.0,0.9792576059699059,0.6307367843886217,0.32493219338357443,24
93007,scale_free-N256-p005-seed93007-sha256:1ced4f9584caffc9f54640b78134e83add21c471e07d0ec04a80db4ed9ab4e88,0.04625,1.0,A_mid,0.26894648869832355,21.320799191792805,69.79166666666667,0.0,0.9124279394745827,0.5515293379624685,0.34830334472159546,24
93007,scale_free-N256-p005-seed93007-sha256:1ced4f9584caffc9f54640b78134e83add21c471e07d0ec04a80db4ed9ab4e88,0.04625,1.0,A_pool,0.2770610532412926,21.29801305135091,69.66666666666667,0.0,0.9089663475751877,0.5839436935881773,0.35390833641091984,24
93007,scale_free-N256-p005-seed93007-sha256:1ced4f9584caffc9f54640b78134e83add21c471e07d0ec04a80db4ed9ab4e88,0.04625,1.0,A_shared,0.2623675124098857,21.266356945037842,69.66666666666667,0.0,0.8995804836352667,0.5506717438499132,0.349847374483943,24
93007,scale_free-N256-p005-seed93007-sha256:1ced4f9584caffc9f54640b78134e83add21c471e07d0ec04a80db4ed9ab4e88,0.04625,1.0,A_sparse,0.31464643031358713,21.20963430404663,69.64583333333333,0.0,0.9283388604720434,0.6222328382233778,0.32803440093994135,24
93007,scale_free-N256-p005-seed93007-sha256:1ced4f9584caffc9f54640b78134e83add21c471e07d0ec04a80db4ed9ab4e88,0.04625,1.0,shared_random,0.1779164006002247,20.942786931991574,70.125,0.0,0.6270347436269125,0.5379419873158137,0.43735315402348834,24
93007,scale_free-N256-p005-seed93007-sha256:1ced4f9584caffc9f54640b78134e83add21c471e07d0ec04a80db4ed9ab4e88,0.04625,1.0,spectral,0.3506757536282142,21.31168492635091,69.66666666666667,0.0,0.9662570431828499,0.6528163303931555,0.3033086104939381,24
93007,scale_free-N256-p005-seed93007-sha256:1ced4f9584caffc9f54640b78134e83add21c471e07d0ec04a80db4ed9ab4e88,0.04625,1.2,A_mid,0.2476730191459258,21.343749046325684,69.875,0.0,0.8992908423145612,0.529769359777371,0.35980244477589923,24
93007,scale_free-N256-p005-seed93007-sha256:1ced4f9584caffc9f54640b78134e83add21c471e07d0ec04a80db4ed9ab4e88,0.04625,1.2,A_pool,0.23172177933156488,21.32633320490519,69.72916666666667,0.0,0.892202191054821,0.5131869254012903,0.37643744982779026,24
93007,scale_free-N256-p005-seed93007-sha256:1ced4f9584caffc9f54640b78134e83add21c471e07d0ec04a80db4ed9ab4e88,0.04625,1.2,A_shared,0.26040687163670856,21.30680211385091,69.83333333333333,0.0,0.8721592649817467,0.557906374335289,0.3501978013664484,24
93007,scale_free-N256-p005-seed93007-sha256:1ced4f9584caffc9f54640b78134e83add21c471e07d0ec04a80db4ed9ab4e88,0.04625,1.2,A_sparse,0.301093112056454,21.21646976470947,69.625,0.0,0.9143340860803922,0.6010192135969797,0.3352834073205789,24
93007,scale_free-N256-p005-seed93007-sha256:1ced4f9584caffc9f54640b78134e83add21c471e07d0ec04a80db4ed9ab4e88,0.04625,1.2,shared_random,0.1574170162590841,20.957923809687294,70.0625,0.0,0.6223448018232981,0.5001990888267756,0.4674115963280201,24
93007,scale_free-N256-p005-seed93007-sha256:1ced4f9584caffc9f54640b78134e83add21c471e07d0ec04a80db4ed9ab4e88,0.04625,1.2,spectral,0.3228887937342127,21.317137082417805,69.625,0.0,0.955511120458444,0.6241486382981142,0.3217629597832759,24
93007,scale_free-N256-p005-seed93007-sha256:1ced4f9584caffc9f54640b78134e83add21c471e07d0ec04a80db4ed9ab4e88,0.05,0.8,A_mid,0.24792797304689881,21.664793173472088,69.89583333333333,0.0,0.9167453472812971,0.5274776245156924,0.3669221196323633,24
93007,scale_free-N256-p005-seed93007-sha256:1ced4f9584caffc9f54640b78134e83add21c471e07d0ec04a80db4ed9ab4e88,0.05,0.8,A_pool,0.36327705159783363,21.594563007354736,69.5,0.0,0.9439544950922331,0.6854690685868263,0.2954143155366182,24
93007,scale_free-N256-p005-seed93007-sha256:1ced4f9584caffc9f54640b78134e83add21c471e07d0ec04a80db4ed9ab4e88,0.05,0.8,A_shared,0.30072800504664576,21.662513573964432,69.95833333333333,0.0,0.8533652424812317,0.6219642336169878,0.3207294785728057,24
93007,scale_free-N256-p005-seed93007-sha256:1ced4f9584caffc9f54640b78134e83add21c471e07d0ec04a80db4ed9ab4e88,0.05,0.8,A_sparse,0.3391118807097276,21.525389512379963,69.5625,0.0,0.9147482564051946,0.6628544467190901,0.30805561629434425,24
93007,scale_free-N256-p005-seed93007-sha256:1ced4f9584caffc9f54640b78134e83add21c471e07d0ec04a80db4ed9ab4e88,0.05,0.8,shared_random,0.23123349497715628,21.20792516072591,70.04166666666667,0.0,0.7113995750745138,0.5920615531504154,0.3844924010336399,24
93007,scale_free-N256-p005-seed93007-sha256:1ced4f9584caffc9f54640b78134e83add21c471e07d0ec04a80db4ed9ab4e88,0.05,0.8,spectral,0.26188058995952207,21.65925868352254,69.77083333333333,0.0,0.9647233982880911,0.5399390316257874,0.36839406937360764,24
93007,scale_free-N256-p005-seed93007-sha256:1ced4f9584caffc9f54640b78134e83add21c471e07d0ec04a80db4ed9ab4e88,0.05,1.0,A_mid,0.26702193046609557,21.673826694488525,69.875,0.0,0.9049774756034216,0.5555655571321646,0.3466326439132293,24
93007,scale_free-N256-p005-seed93007-sha256:1ced4f9584caffc9f54640b78134e83add21c471e07d0ec04a80db4ed9ab4e88,0.05,1.0,A_pool,0.3691937414308389,21.594807306925457,69.5,0.0,0.9361040517687798,0.6888466589152813,0.28738197001318133,24
93007,scale_free-N256-p005-seed93007-sha256:1ced4f9584caffc9f54640b78134e83add21c471e07d0ec04a80db4ed9ab4e88,0.05,1.0,A_shared,0.32458954676985735,21.67463970184326,70.02083333333333,0.0,0.8493919298052788,0.6622207313776016,0.30598553704718745,24
93007,scale_free-N256-p005-seed93007-sha256:1ced4f9584caffc9f54640b78134e83add21c471e07d0ec04a80db4ed9ab4e88,0.05,1.0,A_sparse,0.3440010330329339,21.53710873921712,69.60416666666667,0.0,0.9106442704796791,0.6702850883205732,0.30130569264292717,24
93007,scale_free-N256-p005-seed93007-sha256:1ced4f9584caffc9f54640b78134e83add21c471e07d0ec04a80db4ed9ab4e88,0.05,1.0,shared_random,0.20815081816787517,21.228514194488522,70.02083333333333,0.0,0.6886134718855222,0.5523168904085954,0.4078396161397298,24
93007,scale_free-N256-p005-seed93007-sha256:1ced4f9584caffc9f54640b78134e83add21c471e07d0ec04a80db4ed9ab4e88,0.05,1.0,spectral,0.30468237927804387,21.6595040957133,69.6875,0.0,0.9601347198088964,0.5994997657835484,0.34066737815737724,24
93007,scale_free-N256-p005-seed93007-sha256:1ced4f9584caffc9f54640b78134e83add21c471e07d0ec04a80db4ed9ab4e88,0.05,1.2,A_mid,0.27858419468005496,21.6690247853597,69.95833333333333,0.0,0.8999110907316208,0.5806613862514496,0.3413498991479476,24
93007,scale_free-N256-p005-seed93007-sha256:1ced4f9584caffc9f54640b78134e83add21c471e07d0ec04a80db4ed9ab4e88,0.05,1.2,A_pool,0.3309655946989854,21.61254819234212,69.5625,0.0,0.9286029189825058,0.6367494786779085,0.30957516593237716,24
93007,scale_free-N256-p005-seed93007-sha256:1ced4f9584caffc9f54640b78134e83add21c471e07d0ec04a80db4ed9ab4e88,0.05,1.2,A_shared,0.27291346527636046,21.67537212371826,69.97916666666667,0.0,0.8403157169620196,0.5757315742472807,0.3354273034880559,24
93007,scale_free-N256-p005-seed93007-sha256:1ced4f9584caffc9f54640b78134e83add21c471e07d0ec04a80db4ed9ab4e88,0.05,1.2,A_sparse,0.32424268250664073,21.549803892771404,69.60416666666667,0.0,0.8975842470924059,0.6495365065832933,0.317762012903889,24
93007,scale_free-N256-p005-seed93007-sha256:1ced4f9584caffc9f54640b78134e83add21c471e07d0ec04a80db4ed9ab4e88,0.05,1.2,shared_random,0.19079318999623254,21.256752332051594,70.08333333333333,0.0,0.6551630819837252,0.5312101424982151,0.4275129772722721,24
93007,scale_free-N256-p005-seed93007-sha256:1ced4f9584caffc9f54640b78134e83add21c471e07d0ec04a80db4ed9ab4e88,0.05,1.2,spectral,0.2893705011035005,21.664710839589432,69.72916666666667,0.0,0.9470937599738439,0.5843909370402495,0.3515737807999055,24
93008,scale_free-N256-p005-seed93008-sha256:05f60c2c1c660bea8e1cece98b3ce850f1b691cdba1f27b3410c1d5838c97dba,0.035,0.8,A_mid,0.36957368689278763,20.32600712776184,69.5,0.0,0.9772343089183172,0.6705827936530113,0.28294384665787214,24
93008,scale_free-N256-p005-seed93008-sha256:05f60c2c1c660bea8e1cece98b3ce850f1b691cdba1f27b3410c1d5838c97dba,0.035,0.8,A_pool,0.38470303763945896,20.408689260482788,69.6875,0.0,0.9229024723172188,0.7168339801331362,0.2749129875252644,24
93008,scale_free-N256-p005-seed93008-sha256:05f60c2c1c660bea8e1cece98b3ce850f1b691cdba1f27b3410c1d5838c97dba,0.035,0.8,A_shared,0.47546347975730896,20.315916061401367,69.5,0.0,0.9289874533812205,0.8140522489945093,0.20399468423177794,24
93008,scale_free-N256-p005-seed93008-sha256:05f60c2c1c660bea8e1cece98b3ce850f1b691cdba1f27b3410c1d5838c97dba,0.035,0.8,A_sparse,0.3462712535013755,20.333656946818035,69.45833333333333,0.0,0.9726624339818954,0.6450533171494802,0.2973268286635478,24
93008,scale_free-N256-p005-seed93008-sha256:05f60c2c1c660bea8e1cece98b3ce850f1b691cdba1f27b3410c1d5838c97dba,0.035,0.8,shared_random,0.18923823752750948,19.8430970509847,69.5625,0.0,0.6650277798374494,0.5309365764260292,0.4177510105073452,24
93008,scale_free-N256-p005-seed93008-sha256:05f60c2c1c660bea8e1cece98b3ce850f1b691cdba1f27b3410c1d5838c97dba,0.035,0.8,spectral,0.34045271513362724,20.344643274943035,69.375,0.0,1.0367250467340152,0.6246295546491941,0.3104599863290786,24
93008,scale_free-N256-p005-seed93008-sha256:05f60c2c1c660bea8e1cece98b3ce850f1b691cdba1f27b3410c1d5838c97dba,0.035,1.0,A_mid,0.3750615914662679,20.3372376759847,69.54166666666667,0.0,0.9523220136761665,0.6808504487077395,0.2756754588335752,24
93008,scale_free-N256-p005-seed93008-sha256:05f60c2c1c660bea8e1cece98b3ce850f1b691cdba1f27b3410c1d5838c97dba,0.035,1.0,A_pool,0.34982867538928986,20.39461040496826,69.58333333333333,0.0,0.9355534439285597,0.6589841072758039,0.2945981087783972,24
93008,scale_free-N256-p005-seed93008-sha256:05f60c2c1c660bea8e1cece98b3ce850f1b691cdba1f27b3410c1d5838c97dba,0.035,1.0,A_shared,0.42071545620759326,20.323972702026367,69.52083333333333,0.0,0.9096483141183853,0.7539460485180219,0.23942631234725312,24
93008,scale_free-N256-p005-seed93008-sha256:05f60c2c1c660bea8e1cece98b3ce850f1b691cdba1f27b3410c1d5838c97dba,0.035,1.0,A_sparse,0.42112372380991775,20.367673873901367,69.5,0.0,0.9417630210518837,0.7470226436853409,0.2441778673479954,24
93008,scale_free-N256-p005-seed93008-sha256:05f60c2c1c660bea8e1cece98b3ce850f1b691cdba1f27b3410c1d5838c97dba,0.035,1.0,shared_random,0.16712788958102462,19.854734420776367,69.5625,0.0,0.6411977857351303,0.5103543053070704,0.4398996668557326,24
93008,scale_free-N256-p005-seed93008-sha256:05f60c2c1c660bea8e1cece98b3ce850f1b691cdba1f27b3410c1d5838c97dba,0.035,1.0,spectral,0.3088412390400966,20.351560592651367,69.4375,0.0,1.0153302103281021,0.5815732777118683,0.31930424893895787,24
93008,scale_free-N256-p005-seed93008-sha256:05f60c2c1c660bea8e1cece98b3ce850f1b691cdba1f27b3410c1d5838c97dba,0.035,1.2,A_mid,0.3832286950200796,20.349037726720173,69.52083333333333,0.0,0.9405626729130745,0.6901703762511412,0.2687720873703559,24
93008,scale_free-N256-p005-seed93008-sha256:05f60c2c1c660bea8e1cece98b3ce850f1b691cdba1f27b3410c1d5838c97dba,0.035,1.2,A_pool,0.3773235349605481,20.396400928497314,69.52083333333333,0.0,0.9219746689001719,0.699884599695603,0.2757511759797732,24
93008,scale_free-N256-p005-seed93008-sha256:05f60c2c1c660bea8e1cece98b3ce850f1b691cdba1f27b3410c1d5838c97dba,0.035,1.2,A_shared,0.44190707926948863,20.331703742345173,69.5,0.0,0.899631142616272,0.7807675376534462,0.22399257123470304,24
93008,scale_free-N256-p005-seed93008-sha256:05f60c2c1c660bea8e1cece98b3ce850f1b691cdba1f27b3410c1d5838c97dba,0.035,1.2,A_sparse,0.41823201812803745,20.381345748901367,69.52083333333333,0.0,0.9142693281173706,0.7500494035581747,0.2432363132635752,24
93008,scale_free-N256-p005-seed93008-sha256:05f60c2c1c660bea8e1cece98b3ce850f1b691cdba1f27b3410c1d5838c97dba,0.035,1.2,shared_random,0.151690662993739,19.8714173634847,69.58333333333333,0.0,0.6223595837752024,0.48533032337824505,0.45596351971228916,24
93008,scale_free-N256-p005-seed93008-sha256:05f60c2c1c660bea8e1cece98b3ce850f1b691cdba1f27b3410c1d5838c97dba,0.035,1.2,spectral,0.31171882400910056,20.3567689259847,69.41666666666667,0.0,1.0061645805835724,0.5872652232646942,0.3192060869187116,24
93008,scale_free-N256-p005-seed93008-sha256:05f60c2c1c660bea8e1cece98b3ce850f1b691cdba1f27b3410c1d5838c97dba,0.03875,0.8,A_mid,0.3948436342179775,20.702797412872314,69.54166666666667,0.0,0.9540175596872965,0.7075803987681866,0.26348388940095896,24
93008,scale_free-N256-p005-seed93008-sha256:05f60c2c1c660bea8e1cece98b3ce850f1b691cdba1f27b3410c1d5838c97dba,0.03875,0.8,A_pool,0.30405627656728024,20.74682394663493,69.6875,0.0,0.9145398164788882,0.6133785210549831,0.33141223962108296,24
93008,scale_free-N256-p005-seed93008-sha256:05f60c2c1c660bea8e1cece98b3ce850f1b691cdba1f27b3410c1d5838c97dba,0.03875,0.8,A_shared,0.291600489988923,20.700111865997314,69.72916666666667,0.0,0.881275455156962,0.5936290981868902,0.3306933032969634,24
93008,scale_free-N256-p005-seed93008-sha256:05f60c2c1c660bea8e1cece98b3ce850f1b691cdba1f27b3410c1d5838c97dba,0.03875,0.8,A_sparse,0.3982643038034439,20.704343795776367,69.52083333333333,0.0,0.9467071567972501,0.7241754693289598,0.26316192187368864,24
93008,scale_free-N256-p005-seed93008-sha256:05f60c2c1c660bea8e1cece98b3ce850f1b691cdba1f27b3410c1d5838c97dba,0.03875,0.8,shared_random,0.1469861402486761,20.1978333791097,69.85416666666667,0.0,0.6798673396309217,0.44512782866756123,0.44995389257868124,24
93008,scale_free-N256-p005-seed93008-sha256:05f60c2c1c660bea8e1cece98b3ce850f1b691cdba1f27b3410c1d5838c97dba,0.03875,0.8,spectral,0.2779807156572739,20.717934131622314,69.33333333333333,0.0,1.0080501462022464,0.5378619333108267,0.33914002651969594,24
93008,scale_free-N256-p005-seed93008-sha256:05f60c2c1c660bea8e1cece98b3ce850f1b691cdba1f27b3410c1d5838c97dba,0.03875,1.0,A_mid,0.38905304794510204,20.71264425913493,69.52083333333333,0.0,0.941654605170091,0.7122280734280745,0.26945924013853073,24
93008,scale_free-N256-p005-seed93008-sha256:05f60c2c1c660bea8e1cece98b3ce850f1b691cdba1f27b3410c1d5838c97dba,0.03875,1.0,A_pool,0.3266325462609529,20.747556289037068,69.64583333333333,0.0,0.906537247200807,0.6299015693366528,0.3094314616173505,24
93008,scale_free-N256-p005-seed93008-sha256:05f60c2c1c660bea8e1cece98b3ce850f1b691cdba1f27b3410c1d5838c97dba,0.03875,1.0,A_shared,0.34101155896981555,20.692706267038982,69.52083333333333,0.0,0.8903660650054613,0.665160745382309,0.2957335356622934,24
93008,scale_free-N256-p005-seed93008-sha256:05f60c2c1c660bea8e1cece98b3ce850f1b691cdba1f27b3410c1d5838c97dba,0.03875,1.0,A_sparse,0.4036270063370466,20.7137025197347,69.52083333333333,0.0,0.9334754546483358,0.7221707900365194,0.2509835393478473,24
93008,scale_free-N256-p005-seed93008-sha256:05f60c2c1c660bea8e1cece98b3ce850f1b691cdba1f27b3410c1d5838c97dba,0.03875,1.0,shared_random,0.15531942962358392,20.2105286916097,69.79166666666667,0.0,0.6580041398604711,0.4764755529661973,0.4464532521863778,24
93008,scale_free-N256-p005-seed93008-sha256:05f60c2c1c660bea8e1cece98b3ce850f1b691cdba1f27b3410c1d5838c97dba,0.03875,1.0,spectral,0.31820822755495703,20.72420048713684,69.35416666666667,0.0,1.0013769467671711,0.5994357479115328,0.3191086122145255,24
93008,scale_free-N256-p005-seed93008-sha256:05f60c2c1c660bea8e1cece98b3ce850f1b691cdba1f27b3410c1d5838c97dba,0.03875,1.2,A_mid,0.3813675120472908,20.72102626164754,69.5,0.0,0.9254437610507011,0.7088325309256712,0.2769940892855326,24
93008,scale_free-N256-p005-seed93008-sha256:05f60c2c1c660bea8e1cece98b3ce850f1b691cdba1f27b3410c1d5838c97dba,0.03875,1.2,A_pool,0.32253655046224594,20.751381317774456,69.64583333333333,0.0,0.8905437340339025,0.6381709165871143,0.31217201302448905,24
93008,scale_free-N256-p005-seed93008-sha256:05f60c2c1c660bea8e1cece98b3ce850f1b691cdba1f27b3410c1d5838c97dba,0.03875,1.2,A_shared,0.2987160508831342,20.705320199330647,69.625,0.0,0.8710902805129687,0.6067593259116014,0.3222724975397189,24
93008,scale_free-N256-p005-seed93008-sha256:05f60c2c1c660bea8e1cece98b3ce850f1b691cdba1f27b3410c1d5838c97dba,0.03875,1.2,A_sparse,0.42849890018502873,20.731443246205647,69.5,0.0,0.9101971487204233,0.7749578803777695,0.23756498222549752,24
93008,scale_free-N256-p005-seed93008-sha256:05f60c2c1c660bea8e1cece98b3ce850f1b691cdba1f27b3410c1d5838c97dba,0.03875,1.2,shared_random,0.1406458551064133,20.232175827026367,69.79166666666667,0.0,0.6384246299664179,0.4538096971809864,0.46272651602824527,24
93008,scale_free-N256-p005-seed93008-sha256:05f60c2c1c660bea8e1cece98b3ce850f1b691cdba1f27b3410c1d5838c97dba,0.03875,1.2,spectral,0.3204664140939712,20.741127411524456,69.45833333333333,0.0,0.9798779884974161,0.6029036976397038,0.3145974061141411,24
93008,scale_free-N256-p005-seed93008-sha256:05f60c2c1c660bea8e1cece98b3ce850f1b691cdba1f27b3410c1d5838c97dba,0.0425,0.8,A_mid,0.38476222939789295,21.02278463045756,69.52083333333333,0.0,0.9587225392460823,0.7142991262177626,0.2844912695387999,24
93008,scale_free-N256-p005-seed93008-sha256:05f60c2c1c660bea8e1cece98b3ce850f1b691cdba1f27b3410c1d5838c97dba,0.0425,0.8,A_pool,0.3584157923857371,21.009926398595173,69.52083333333333,0.0,0.9514035284519196,0.669232373436292,0.2919421518842379,24
93008,scale_free-N256-p005-seed93008-sha256:05f60c2c1c660bea8e1cece98b3ce850f1b691cdba1f27b3410c1d5838c97dba,0.0425,0.8,A_shared,0.2866460209091504,21.033445437749226,69.75,0.0,0.8797330930829048,0.5870391863087813,0.3373008631169796,24
93008,scale_free-N256-p005-seed93008-sha256:05f60c2c1c660bea8e1cece98b3ce850f1b691cdba1f27b3410c1d5838c97dba,0.0425,0.8,A_sparse,0.323118078832825,21.058104991912842,69.52083333333333,0.0,0.9194682314991951,0.637989534686009,0.3133398139228423,24
93008,scale_free-N256-p005-seed93008-sha256:05f60c2c1c660bea8e1cece98b3ce850f1b691cdba1f27b3410c1d5838c97dba,0.0425,0.8,shared_random,0.20548007590696213,20.580401579538982,70.02083333333333,0.0,0.6503555054465929,0.5898701225717863,0.40538200611869496,24
93008,scale_free-N256-p005-seed93008-sha256:05f60c2c1c660bea8e1cece98b3ce850f1b691cdba1f27b3410c1d5838c97dba,0.0425,0.8,spectral,0.2736519053578376,21.018553256988525,69.35416666666667,0.0,1.0313679178555806,0.5435889773070812,0.3622990945974986,24
93008,scale_free-N256-p005-seed93008-sha256:05f60c2c1c660bea8e1cece98b3ce850f1b691cdba1f27b3410c1d5838c97dba,0.0425,1.0,A_mid,0.3314014716694752,21.038572152455647,69.58333333333333,0.0,0.9400655950109164,0.6417809004584948,0.31888909700016177,24
93008,scale_free-N256-p005-seed93008-sha256:05f60c2c1c660bea8e1cece98b3ce850f1b691cdba1f27b3410c1d5838c97dba,0.0425,1.0,A_pool,0.3789954297244549,21.01611089706421,69.47916666666667,0.0,0.9454603989919027,0.698709037154913,0.2793435112883647,24
93008,scale_free-N256-p005-seed93008-sha256:05f60c2c1c660bea8e1cece98b3ce850f1b691cdba1f27b3410c1d5838c97dba,0.0425,1.0,A_shared,0.3317482024431228,21.020017464955647,69.58333333333333,0.0,0.8874395291010538,0.650533719609181,0.3044338207691908,24
93008,scale_free-N256-p005-seed93008-sha256:05f60c2c1c660bea8e1cece98b3ce850f1b691cdba1f27b3410c1d5838c97dba,0.0425,1.0,A_sparse,0.33844773812840384,21.063719987869263,69.52083333333333,0.0,0.9025713031490644,0.6575677047173182,0.2989772589256366,24
93008,scale_free-N256-p005-seed93008-sha256:05f60c2c1c660bea8e1cece98b3ce850f1b691cdba1f27b3410c1d5838c97dba,0.0425,1.0,shared_random,0.22229552951951817,20.589597543080647,70.0,0.0,0.649190920094649,0.625614769756794,0.38486512874563533,24
93008,scale_free-N256-p005-seed93008-sha256:05f60c2c1c660bea8e1cece98b3ce850f1b691cdba1f27b3410c1d5838c97dba,0.0425,1.0,spectral,0.3248921812822421,21.038410504659016,69.35416666666667,0.0,1.008016583820184,0.608368252714475,0.32087926877041656,24
93008,scale_free-N256-p005-seed93008-sha256:05f60c2c1c660bea8e1cece98b3ce850f1b691cdba1f27b3410c1d5838c97dba,0.0425,1.2,A_mid,0.3118809430549542,21.049803177515667,69.60416666666667,0.0,0.9204943825801214,0.6274679464598497,0.32942671452959377,24
93008,scale_free-N256-p005-seed93008-sha256:05f60c2c1c660bea8e1cece98b3ce850f1b691cdba1f27b3410c1d5838c97dba,0.0425,1.2,A_pool,0.36531037216385204,21.025795618693035,69.54166666666667,0.0,0.9235852509737015,0.6963193466265997,0.28742419742047787,24
93008,scale_free-N256-p005-seed93008-sha256:05f60c2c1c660bea8e1cece98b3ce850f1b691cdba1f27b3410c1d5838c97dba,0.0425,1.2,A_shared,0.284368564064304,21.035642464955647,69.60416666666667,0.0,0.8687805409232775,0.5849438980221748,0.33270117516318953,24
93008,scale_free-N256-p005-seed93008-sha256:05f60c2c1c660bea8e1cece98b3ce850f1b691cdba1f27b3410c1d5838c97dba,0.0425,1.2,A_sparse,0.3500220210601886,21.077310880025227,69.5625,0.0,0.8979340195655823,0.6702915901939074,0.2889763849476973,24
93008,scale_free-N256-p005-seed93008-sha256:05f60c2c1c660bea8e1cece98b3ce850f1b691cdba1f27b3410c1d5838c97dba,0.0425,1.2,shared_random,0.1940874789531032,20.602537155151367,70.0,0.0,0.6292703648408254,0.5706029168019692,0.413045975069205,24
93008,scale_free-N256-p005-seed93008-sha256:05f60c2c1c660bea8e1cece98b3ce850f1b691cdba1f27b3410c1d5838c97dba,0.0425,1.2,spectral,0.3864697174479564,21.0612788995107,69.4375,0.0,0.9813274517655373,0.7013670963545641,0.2811903736243645,24
93008,scale_free-N256-p005-seed93008-sha256:05f60c2c1c660bea8e1cece98b3ce850f1b691cdba1f27b3410c1d5838c97dba,0.04625,0.8,A_mid,0.29846319245795405,21.388670444488525,69.66666666666667,0.0,0.9339393600821495,0.5970000326633453,0.33658008463680744,24
93008,scale_free-N256-p005-seed93008-sha256:05f60c2c1c660bea8e1cece98b3ce850f1b691cdba1f27b3410c1d5838c97dba,0.04625,0.8,A_pool,0.26802383549511427,21.3682427406311,69.6875,0.0,0.9506025910377502,0.5494671737154325,0.359315050765872,24
93008,scale_free-N256-p005-seed93008-sha256:05f60c2c1c660bea8e1cece98b3ce850f1b691cdba1f27b3410c1d5838c97dba,0.04625,0.8,A_shared,0.2949322716643413,21.356606483459473,69.70833333333333,0.0,0.8944690898060799,0.6070114473501841,0.33920485712587833,24
93008,scale_free-N256-p005-seed93008-sha256:05f60c2c1c660bea8e1cece98b3ce850f1b691cdba1f27b3410c1d5838c97dba,0.04625,0.8,A_sparse,0.3357451803361376,21.376627286275227,69.4375,0.0,0.9683784792820612,0.631200110539794,0.3109987123558918,24
93008,scale_free-N256-p005-seed93008-sha256:05f60c2c1c660bea8e1cece98b3ce850f1b691cdba1f27b3410c1d5838c97dba,0.04625,0.8,shared_random,0.238776307242612,20.939043919245403,70.0,0.0,0.6399586970607439,0.6517323466638724,0.37035420288642246,24
93008,scale_free-N256-p005-seed93008-sha256:05f60c2c1c660bea8e1cece98b3ce850f1b691cdba1f27b3410c1d5838c97dba,0.04625,0.8,spectral,0.2998242148508628,21.356037934621174,69.39583333333333,0.0,1.0158967251578968,0.5849560188750426,0.3441730874280135,24
93008,scale_free-N256-p005-seed93008-sha256:05f60c2c1c660bea8e1cece98b3ce850f1b691cdba1f27b3410c1d5838c97dba,0.04625,1.0,A_mid,0.28932811506092543,21.400877157847088,69.79166666666667,0.0,0.9279435575008392,0.5874257336060206,0.337509219845136,24
93008,scale_free-N256-p005-seed93008-sha256:05f60c2c1c660bea8e1cece98b3ce850f1b691cdba1f27b3410c1d5838c97dba,0.04625,1.0,A_pool,0.2709172510852416,21.3599427541097,69.64583333333333,0.0,0.9438873380422592,0.5499437190592289,0.3517702830334504,24
93008,scale_free-N256-p005-seed93008-sha256:05f60c2c1c660bea8e1cece98b3ce850f1b691cdba1f27b3410c1d5838c97dba,0.04625,1.0,A_shared,0.34031276653210324,21.350014845530193,69.58333333333333,0.0,0.8959446251392365,0.6539718272785345,0.3038249853998422,24
93008,scale_free-N256-p005-seed93008-sha256:05f60c2c1c660bea8e1cece98b3ce850f1b691cdba1f27b3410c1d5838c97dba,0.04625,1.0,A_sparse,0.33812891443570453,21.40079657236735,69.5625,0.0,0.9406615694363912,0.6522229301432768,0.3123396318405866,24
93008,scale_free-N256-p005-seed93008-sha256:05f60c2c1c660bea8e1cece98b3ce850f1b691cdba1f27b3410c1d5838c97dba,0.04625,1.0,shared_random,0.237834389321506,20.946205377578735,70.02083333333333,0.0,0.6198878064751625,0.6651828487714132,0.3675612887988488,24
93008,scale_free-N256-p005-seed93008-sha256:05f60c2c1c660bea8e1cece98b3ce850f1b691cdba1f27b3410c1d5838c97dba,0.04625,1.0,spectral,0.35575258421401185,21.37003533045451,69.4375,0.0,0.9973360026876131,0.6574400812387466,0.30307629952828086,24
93008,scale_free-N256-p005-seed93008-sha256:05f60c2c1c660bea8e1cece98b3ce850f1b691cdba1f27b3410c1d5838c97dba,0.04625,1.2,A_mid,0.3108114864056309,21.41096846262614,69.75,0.0,0.9153659616907438,0.6205957643687725,0.3260253525028626,24
93008,scale_free-N256-p005-seed93008-sha256:05f60c2c1c660bea8e1cece98b3ce850f1b691cdba1f27b3410c1d5838c97dba,0.04625,1.2,A_pool,0.30829889203111327,21.385170618693035,69.6875,0.0,0.9276524658004442,0.6105302621920904,0.32629508028427756,24
93008,scale_free-N256-p005-seed93008-sha256:05f60c2c1c660bea8e1cece98b3ce850f1b691cdba1f27b3410c1d5838c97dba,0.04625,1.2,A_shared,0.2836993380139271,21.368162949879963,69.64583333333333,0.0,0.8765707413355509,0.5869846815864245,0.33303843314448994,24
93008,scale_free-N256-p005-seed93008-sha256:05f60c2c1c660bea8e1cece98b3ce850f1b691cdba1f27b3410c1d5838c97dba,0.04625,1.2,A_sparse,0.38139891748627025,21.397704760233562,69.52083333333333,0.0,0.9390171791116396,0.7052556785444418,0.27775008045136923,24
93008,scale_free-N256-p005-seed93008-sha256:05f60c2c1c660bea8e1cece98b3ce850f1b691cdba1f27b3410c1d5838c97dba,0.04625,1.2,shared_random,0.22811966544638074,20.94710048039754,70.0,0.0,0.6240365902582804,0.6480462588369846,0.37584905698895454,24
93008,scale_free-N256-p005-seed93008-sha256:05f60c2c1c660bea8e1cece98b3ce850f1b691cdba1f27b3410c1d5838c97dba,0.04625,1.2,spectral,0.32015239757796127,21.378010590871174,69.47916666666667,0.0,0.9783601810534795,0.6157487792273363,0.3230157246192296,24
93008,scale_free-N256-p005-seed93008-sha256:05f60c2c1c660bea8e1cece98b3ce850f1b691cdba1f27b3410c1d5838c97dba,0.05,0.8,A_mid,0.28887166113903123,21.681150913238525,69.60416666666667,0.0,0.9419939344127973,0.5830572918057442,0.34250418779750663,24
93008,scale_free-N256-p005-seed93008-sha256:05f60c2c1c660bea8e1cece98b3ce850f1b691cdba1f27b3410c1d5838c97dba,0.05,0.8,A_pool,0.4113431802640359,21.666991392771404,69.5,0.0,0.9983378847440084,0.7284971922636032,0.267782828460137,24
93008,scale_free-N256-p005-seed93008-sha256:05f60c2c1c660bea8e1cece98b3ce850f1b691cdba1f27b3410c1d5838c97dba,0.05,0.8,A_shared,0.30634397547692055,21.655516465504963,69.60416666666667,0.0,0.9129534264405569,0.6057076100260019,0.3258913538108269,24
93008,scale_free-N256-p005-seed93008-sha256:05f60c2c1c660bea8e1cece98b3ce850f1b691cdba1f27b3410c1d5838c97dba,0.05,0.8,A_sparse,0.3540332317352295,21.71036672592163,69.54166666666667,0.0,0.9534760688742002,0.6577800065279007,0.2960565369576215,24
93008,scale_free-N256-p005-seed93008-sha256:05f60c2c1c660bea8e1cece98b3ce850f1b691cdba1f27b3410c1d5838c97dba,0.05,0.8,shared_random,0.24174802657216785,21.269935448964436,70.02083333333333,0.0,0.6428425709406534,0.655800054470698,0.3682660087943077,24
93008,scale_free-N256-p005-seed93008-sha256:05f60c2c1c660bea8e1cece98b3ce850f1b691cdba1f27b3410c1d5838c97dba,0.05,0.8,spectral,0.2725531452645858,21.657307306925457,69.3125,0.0,1.0108108048637707,0.5587270942827066,0.3729555619259675,24
93008,scale_free-N256-p005-seed93008-sha256:05f60c2c1c660bea8e1cece98b3ce850f1b691cdba1f27b3410c1d5838c97dba,0.05,1.0,A_mid,0.2686371734986702,21.685056845347088,69.625,0.0,0.9335615138212839,0.5505105070769787,0.3548758924007416,24
93008,scale_free-N256-p005-seed93008-sha256:05f60c2c1c660bea8e1cece98b3ce850f1b691cdba1f27b3410c1d5838c97dba,0.05,1.0,A_pool,0.41553170916934806,21.671793301900227,69.52083333333333,0.0,0.9806876430908839,0.7381882220506668,0.26214283332228655,24
93008,scale_free-N256-p005-seed93008-sha256:05f60c2c1c660bea8e1cece98b3ce850f1b691cdba1f27b3410c1d5838c97dba,0.05,1.0,A_shared,0.2687167233477036,21.686522324879963,69.66666666666667,0.0,0.8871583044528961,0.5585149464507898,0.34796338342130184,24
93008,scale_free-N256-p005-seed93008-sha256:05f60c2c1c660bea8e1cece98b3ce850f1b691cdba1f27b3410c1d5838c97dba,0.05,1.0,A_sparse,0.3646981331209342,21.716471036275227,69.5,0.0,0.9480537474155426,0.6693234778940678,0.2877876913795868,24
93008,scale_free-N256-p005-seed93008-sha256:05f60c2c1c660bea8e1cece98b3ce850f1b691cdba1f27b3410c1d5838c97dba,0.05,1.0,shared_random,0.23389781545847652,21.27701616287231,70.0,0.0,0.6335429251194,0.6507404198249181,0.3712431838115056,24
93008,scale_free-N256-p005-seed93008-sha256:05f60c2c1c660bea8e1cece98b3ce850f1b691cdba1f27b3410c1d5838c97dba,0.05,1.0,spectral,0.2873832210898399,21.667805353800457,69.27083333333333,0.0,0.9973786473274231,0.5769727552930514,0.3589687490214904,24
93008,scale_free-N256-p005-seed93008-sha256:05f60c2c1c660bea8e1cece98b3ce850f1b691cdba1f27b3410c1d5838c97dba,0.05,1.2,A_mid,0.2789521130422751,21.69539213180542,69.60416666666667,0.0,0.9226262668768564,0.5762647700806459,0.35022929683327675,24
93008,scale_free-N256-p005-seed93008-sha256:05f60c2c1c660bea8e1cece98b3ce850f1b691cdba1f27b3410c1d5838c97dba,0.05,1.2,A_pool,0.40046823024749756,21.687498728434246,69.54166666666667,0.0,0.9615636294086775,0.7280134111642838,0.27363228735824424,24
93008,scale_free-N256-p005-seed93008-sha256:05f60c2c1c660bea8e1cece98b3ce850f1b691cdba1f27b3410c1d5838c97dba,0.05,1.2,A_shared,0.2845889832824468,21.698565642038982,69.72916666666667,0.0,0.8805810759464899,0.5973281847933928,0.3418630088369052,24
93008,scale_free-N256-p005-seed93008-sha256:05f60c2c1c660bea8e1cece98b3ce850f1b691cdba1f27b3410c1d5838c97dba,0.05,1.2,A_sparse,0.3194246366620063,21.742267449696858,69.625,0.0,0.9231036479274431,0.6245032822092375,0.3178308966259161,24
93008,scale_free-N256-p005-seed93008-sha256:05f60c2c1c660bea8e1cece98b3ce850f1b691cdba1f27b3410c1d5838c97dba,0.05,1.2,shared_random,0.20819319536288575,21.29207102457682,70.02083333333333,0.0,0.6206996440887451,0.5997911946227154,0.40089479212959606,24
93008,scale_free-N256-p005-seed93008-sha256:05f60c2c1c660bea8e1cece98b3ce850f1b691cdba1f27b3410c1d5838c97dba,0.05,1.2,spectral,0.3007463943213224,21.685871918996174,69.41666666666667,0.0,0.9779428914189339,0.5976593171556791,0.3429919059077899,24
93009,scale_free-N256-p005-seed93009-sha256:c4651732bb417b95e053fd5e0202728c1b4c9b780895450248d0c8fdeef0a19f,0.035,0.8,A_mid,0.4373265877366066,20.3587220509847,69.47916666666667,0.0,1.0333942919969559,0.7354824741681417,0.2472809522102276,24
93009,scale_free-N256-p005-seed93009-sha256:c4651732bb417b95e053fd5e0202728c1b4c9b780895450248d0c8fdeef0a19f,0.035,0.8,A_pool,0.43169794666270417,20.267738978068035,69.5,0.0,0.9550007730722427,0.7565037248035272,0.23926582994560397,24
93009,scale_free-N256-p005-seed93009-sha256:c4651732bb417b95e053fd5e0202728c1b4c9b780895450248d0c8fdeef0a19f,0.035,0.8,A_shared,0.4058702892313401,20.2969544728597,69.5,0.0,0.9062551930546761,0.7375845313072205,0.24844033084809777,24
93009,scale_free-N256-p005-seed93009-sha256:c4651732bb417b95e053fd5e0202728c1b4c9b780895450248d0c8fdeef0a19f,0.035,0.8,A_sparse,0.4041512329131365,20.219724655151367,69.4375,0.0,0.9872611363728842,0.7117656382421652,0.26122550728420413,24
93009,scale_free-N256-p005-seed93009-sha256:c4651732bb417b95e053fd5e0202728c1b4c9b780895450248d0c8fdeef0a19f,0.035,0.8,shared_random,0.19276582418630517,19.946775436401367,69.54166666666667,0.0,0.6527788663903872,0.5406699491043886,0.4094269846876462,24
93009,scale_free-N256-p005-seed93009-sha256:c4651732bb417b95e053fd5e0202728c1b4c9b780895450248d0c8fdeef0a19f,0.035,0.8,spectral,0.3073659998675187,20.3247865041097,69.22916666666667,0.0,1.0288206934928894,0.5687222667038441,0.329070092489322,24
93009,scale_free-N256-p005-seed93009-sha256:c4651732bb417b95e053fd5e0202728c1b4c9b780895450248d0c8fdeef0a19f,0.035,1.0,A_mid,0.43052283488214016,20.3794740041097,69.5,0.0,0.997456985215346,0.7415935372312864,0.2457679553578297,24
93009,scale_free-N256-p005-seed93009-sha256:c4651732bb417b95e053fd5e0202728c1b4c9b780895450248d0c8fdeef0a19f,0.035,1.0,A_pool,0.479587076852719,20.2871888478597,69.5,0.0,0.9366564601659775,0.8140107008318106,0.20298325736075637,24
93009,scale_free-N256-p005-seed93009-sha256:c4651732bb417b95e053fd5e0202728c1b4c9b780895450248d0c8fdeef0a19f,0.035,1.0,A_shared,0.4270206888516744,20.307289679845173,69.52083333333333,0.0,0.8925665790836016,0.7681469780703386,0.2332265929629405,24
93009,scale_free-N256-p005-seed93009-sha256:c4651732bb417b95e053fd5e0202728c1b4c9b780895450248d0c8fdeef0a19f,0.035,1.0,A_sparse,0.4569304672380288,20.2398255666097,69.47916666666667,0.0,0.9644696563482285,0.7774819421271483,0.22197572266062096,24
93009,scale_free-N256-p005-seed93009-sha256:c4651732bb417b95e053fd5e0202728c1b4c9b780895450248d0c8fdeef0a19f,0.035,1.0,shared_random,0.20982322438309586,19.957192103068035,69.54166666666667,0.0,0.6341732914249102,0.5870411122838656,0.39176205173134804,24
93009,scale_free-N256-p005-seed93009-sha256:c4651732bb417b95e053fd5e0202728c1b4c9b780895450248d0c8fdeef0a19f,0.035,1.0,spectral,0.32409455813467497,20.326902389526367,69.20833333333333,0.0,1.0204947143793106,0.6034241765737534,0.32027882585922873,24
93009,scale_free-N256-p005-seed93009-sha256:c4651732bb417b95e053fd5e0202728c1b4c9b780895450248d0c8fdeef0a19f,0.035,1.2,A_mid,0.41962186867992085,20.392983118693035,69.47916666666667,0.0,0.9589973712960879,0.7370968361695608,0.24626812587181723,24
93009,scale_free-N256-p005-seed93009-sha256:c4651732bb417b95e053fd5e0202728c1b4c9b780895450248d0c8fdeef0a19f,0.035,1.2,A_pool,0.4948484922448794,20.298500696818035,69.5,0.0,0.9249374717473984,0.8361925780773163,0.19028496804336703,24
93009,scale_free-N256-p005-seed93009-sha256:c4651732bb417b95e053fd5e0202728c1b4c9b780895450248d0c8fdeef0a19f,0.035,1.2,A_shared,0.4285624958574772,20.3218568166097,69.52083333333333,0.0,0.8734665140509605,0.7818566312392553,0.23219506752987698,24
93009,scale_free-N256-p005-seed93009-sha256:c4651732bb417b95e053fd5e0202728c1b4c9b780895450248d0c8fdeef0a19f,0.035,1.2,A_sparse,0.4452444079021613,20.253822882970173,69.52083333333333,0.0,0.9258280545473099,0.7799698375165462,0.22674240265041587,24
93009,scale_free-N256-p005-seed93009-sha256:c4651732bb417b95e053fd5e0202728c1b4c9b780895450248d0c8fdeef0a19f,0.035,1.2,shared_random,0.17045824043452737,19.9717591603597,69.625,0.0,0.6056193088491758,0.5327300243079662,0.4338761158287525,24
93009,scale_free-N256-p005-seed93009-sha256:c4651732bb417b95e053fd5e0202728c1b4c9b780895450248d0c8fdeef0a19f,0.035,1.2,spectral,0.28708075483640033,20.354001839955647,69.39583333333333,0.0,0.9954427580038706,0.5637070871889591,0.34031385121246177,24
93009,scale_free-N256-p005-seed93009-sha256:c4651732bb417b95e053fd5e0202728c1b4c9b780895450248d0c8fdeef0a19f,0.03875,0.8,A_mid,0.35723086446523666,20.78645618756612,69.70833333333333,0.0,0.9729634746909142,0.6509311671058337,0.28939592589934665,24
93009,scale_free-N256-p005-seed93009-sha256:c4651732bb417b95e053fd5e0202728c1b4c9b780895450248d0c8fdeef0a19f,0.03875,0.8,A_pool,0.41152101072172326,20.635007858276367,69.5,0.0,0.916469027598699,0.7440889452894529,0.2486430400361617,24
93009,scale_free-N256-p005-seed93009-sha256:c4651732bb417b95e053fd5e0202728c1b4c9b780895450248d0c8fdeef0a19f,0.03875,0.8,A_shared,0.3716059311603506,20.67236129442851,69.5625,0.0,0.8832111805677414,0.7019188789029916,0.2700446577121814,24
93009,scale_free-N256-p005-seed93009-sha256:c4651732bb417b95e053fd5e0202728c1b4c9b780895450248d0c8fdeef0a19f,0.03875,0.8,A_sparse,0.39679568881789845,20.59700322151184,69.5,0.0,0.9419760555028915,0.724824799845616,0.266160437837243,24
93009,scale_free-N256-p005-seed93009-sha256:c4651732bb417b95e053fd5e0202728c1b4c9b780895450248d0c8fdeef0a19f,0.03875,0.8,shared_random,0.12390367283175385,20.317543665568035,69.70833333333333,0.0,0.6123165513078371,0.4292179861416419,0.4838767622907956,24
93009,scale_free-N256-p005-seed93009-sha256:c4651732bb417b95e053fd5e0202728c1b4c9b780895450248d0c8fdeef0a19f,0.03875,0.8,spectral,0.3365933025876681,20.66064254442851,69.22916666666667,0.0,1.0514596104621887,0.6204468148450056,0.317709415530165,24
93009,scale_free-N256-p005-seed93009-sha256:c4651732bb417b95e053fd5e0202728c1b4c9b780895450248d0c8fdeef0a19f,0.03875,1.0,A_mid,0.3649438762416442,20.796058813730877,69.6875,0.0,0.9596534669399261,0.6709002157052358,0.2826672711720069,24
93009,scale_free-N256-p005-seed93009-sha256:c4651732bb417b95e053fd5e0202728c1b4c9b780895450248d0c8fdeef0a19f,0.03875,1.0,A_pool,0.34852233063429594,20.656085173288982,69.60416666666667,0.0,0.8919322565197945,0.6651115790009499,0.29589701754351455,24
93009,scale_free-N256-p005-seed93009-sha256:c4651732bb417b95e053fd5e0202728c1b4c9b780895450248d0c8fdeef0a19f,0.03875,1.0,A_shared,0.35744446081419784,20.676755905151367,69.5625,0.0,0.8712816163897514,0.6891936821242174,0.28063748031854624,24
93009,scale_free-N256-p005-seed93009-sha256:c4651732bb417b95e053fd5e0202728c1b4c9b780895450248d0c8fdeef0a19f,0.03875,1.0,A_sparse,0.42972560475269955,20.6106751759847,69.52083333333333,0.0,0.9168600117166837,0.7675777226686478,0.23873131784300006,24
93009,scale_free-N256-p005-seed93009-sha256:c4651732bb417b95e053fd5e0202728c1b4c9b780895450248d0c8fdeef0a19f,0.03875,1.0,shared_random,0.09966963638241089,20.337318976720173,69.70833333333333,0.0,0.5831259936094284,0.38087518761555356,0.5117354554434618,24
93009,scale_free-N256-p005-seed93009-sha256:c4651732bb417b95e053fd5e0202728c1b4c9b780895450248d0c8fdeef0a19f,0.03875,1.0,spectral,0.3002447498341401,20.676186164220173,69.22916666666667,0.0,1.0383970215916634,0.5691039624313513,0.3340910940120618,24
93009,scale_free-N256-p005-seed93009-sha256:c4651732bb417b95e053fd5e0202728c1b4c9b780895450248d0c8fdeef0a19f,0.03875,1.2,A_mid,0.32706425835688907,20.801918268203735,69.70833333333333,0.0,0.9349330887198448,0.6076879091560841,0.29661577939987177,24
93009,scale_free-N256-p005-seed93009-sha256:c4651732bb417b95e053fd5e0202728c1b4c9b780895450248d0c8fdeef0a19f,0.03875,1.2,A_pool,0.3638044061760108,20.6612122853597,69.58333333333333,0.0,0.8850681185722351,0.6803027813633283,0.27751324201623595,24
93009,scale_free-N256-p005-seed93009-sha256:c4651732bb417b95e053fd5e0202728c1b4c9b780895450248d0c8fdeef0a19f,0.03875,1.2,A_shared,0.33522819199909765,20.6897767384847,69.5625,0.0,0.8613621965050697,0.6498558161159357,0.28837035906811553,24
93009,scale_free-N256-p005-seed93009-sha256:c4651732bb417b95e053fd5e0202728c1b4c9b780895450248d0c8fdeef0a19f,0.03875,1.2,A_sparse,0.32834930345416063,20.620522022247314,69.5625,0.0,0.9025153865416845,0.6454047014315923,0.30985542821387446,24
93009,scale_free-N256-p005-seed93009-sha256:c4651732bb417b95e053fd5e0202728c1b4c9b780895450248d0c8fdeef0a19f,0.03875,1.2,shared_random,0.10646918741986151,20.348142623901367,69.77083333333333,0.0,0.574455497165521,0.40487832700212795,0.5141760086019834,24
93009,scale_free-N256-p005-seed93009-sha256:c4651732bb417b95e053fd5e0202728c1b4c9b780895450248d0c8fdeef0a19f,0.03875,1.2,spectral,0.317479923988382,20.6951478322347,69.375,0.0,1.0033871258298557,0.6045864224433899,0.32380250282585615,24
93009,scale_free-N256-p005-seed93009-sha256:c4651732bb417b95e053fd5e0202728c1b4c9b780895450248d0c8fdeef0a19f,0.0425,0.8,A_mid,0.3542055493841569,21.138751983642578,69.6875,0.0,0.937892513970534,0.669800995538632,0.29243791289627546,24
93009,scale_free-N256-p005-seed93009-sha256:c4651732bb417b95e053fd5e0202728c1b4c9b780895450248d0c8fdeef0a19f,0.0425,0.8,A_pool,0.31601764758427936,20.99592916170756,69.72916666666667,0.0,0.9053664108117422,0.6228645443916321,0.3146313410252332,24
93009,scale_free-N256-p005-seed93009-sha256:c4651732bb417b95e053fd5e0202728c1b4c9b780895450248d0c8fdeef0a19f,0.0425,0.8,A_shared,0.3577214398731788,21.0017884572347,69.5625,0.0,0.8947466959555944,0.6928669040401777,0.2897273109604915,24
93009,scale_free-N256-p005-seed93009-sha256:c4651732bb417b95e053fd5e0202728c1b4c9b780895450248d0c8fdeef0a19f,0.0425,0.8,A_sparse,0.32365520733098185,20.917641083399456,69.52083333333333,0.0,0.9219065308570862,0.6388777655859789,0.3188279798875252,24
93009,scale_free-N256-p005-seed93009-sha256:c4651732bb417b95e053fd5e0202728c1b4c9b780895450248d0c8fdeef0a19f,0.0425,0.8,shared_random,0.11496767021405196,20.679197311401367,70.04166666666667,0.0,0.5737635592619578,0.4317835867404938,0.5241567678749561,24
93009,scale_free-N256-p005-seed93009-sha256:c4651732bb417b95e053fd5e0202728c1b4c9b780895450248d0c8fdeef0a19f,0.0425,0.8,spectral,0.2654235878338416,21.025144815444946,69.1875,0.0,1.0242664441466331,0.5257594411571821,0.3580284447719653,24
93009,scale_free-N256-p005-seed93009-sha256:c4651732bb417b95e053fd5e0202728c1b4c9b780895450248d0c8fdeef0a19f,0.0425,1.0,A_mid,0.3481810012211402,21.145751158396404,69.64583333333333,0.0,0.9282039105892181,0.6522439606487751,0.29370066896080965,24
93009,scale_free-N256-p005-seed93009-sha256:c4651732bb417b95e053fd5e0202728c1b4c9b780895450248d0c8fdeef0a19f,0.0425,1.0,A_pool,0.323258364573121,20.998207569122314,69.66666666666667,0.0,0.9038205817341805,0.6365727049609026,0.31084072838226956,24
93009,scale_free-N256-p005-seed93009-sha256:c4651732bb417b95e053fd5e0202728c1b4c9b780895450248d0c8fdeef0a19f,0.0425,1.0,A_shared,0.3355114037791888,21.006345510482788,69.58333333333333,0.0,0.8816472937663397,0.6680880300700665,0.30151297586659587,24
93009,scale_free-N256-p005-seed93009-sha256:c4651732bb417b95e053fd5e0202728c1b4c9b780895450248d0c8fdeef0a19f,0.0425,1.0,A_sparse,0.3973253332078457,20.932126839955647,69.54166666666667,0.0,0.9163876821597418,0.738374633093675,0.2700042805323998,24
93009,scale_free-N256-p005-seed93009-sha256:c4651732bb417b95e053fd5e0202728c1b4c9b780895450248d0c8fdeef0a19f,0.0425,1.0,shared_random,0.09488837467506524,20.689613739649456,69.9375,0.0,0.5629710418482622,0.38169696771850187,0.5482769310474396,24
93009,scale_free-N256-p005-seed93009-sha256:c4651732bb417b95e053fd5e0202728c1b4c9b780895450248d0c8fdeef0a19f,0.0425,1.0,spectral,0.29513793749113876,21.02970250447591,69.20833333333333,0.0,1.0123952875534694,0.5715593881905079,0.33651252277195454,24
93009,scale_free-N256-p005-seed93009-sha256:c4651732bb417b95e053fd5e0202728c1b4c9b780895450248d0c8fdeef0a19f,0.0425,1.2,A_mid,0.3195253467808167,21.15567874908447,69.72916666666667,0.0,0.9142557978630066,0.6248130338887373,0.3118435330688953,24
93009,scale_free-N256-p005-seed93009-sha256:c4651732bb417b95e053fd5e0202728c1b4c9b780895450248d0c8fdeef0a19f,0.0425,1.2,A_pool,0.32455734163522715,21.024086872736614,69.83333333333333,0.0,0.876903144021829,0.6490650549530983,0.3083926370988289,24
93009,scale_free-N256-p005-seed93009-sha256:c4651732bb417b95e053fd5e0202728c1b4c9b780895450248d0c8fdeef0a19f,0.0425,1.2,A_shared,0.3130819350481033,21.005775610605877,69.60416666666667,0.0,0.8641779745618502,0.6271541280051073,0.3133108286807934,24
93009,scale_free-N256-p005-seed93009-sha256:c4651732bb417b95e053fd5e0202728c1b4c9b780895450248d0c8fdeef0a19f,0.0425,1.2,A_sparse,0.3211005330085754,20.948402643203735,69.58333333333333,0.0,0.8915634950002035,0.6487573546667894,0.3182965299735466,24
93009,scale_free-N256-p005-seed93009-sha256:c4651732bb417b95e053fd5e0202728c1b4c9b780895450248d0c8fdeef0a19f,0.0425,1.2,shared_random,0.09973316693988936,20.699135303497314,69.97916666666667,0.0,0.5569217565159003,0.39072446276744205,0.5320897238949934,24
93009,scale_free-N256-p005-seed93009-sha256:c4651732bb417b95e053fd5e0202728c1b4c9b780895450248d0c8fdeef0a19f,0.0425,1.2,spectral,0.297420517851909,21.055907408396404,69.3125,0.0,0.9932404284675916,0.5768806052704653,0.3314094375818967,24
93009,scale_free-N256-p005-seed93009-sha256:c4651732bb417b95e053fd5e0202728c1b4c9b780895450248d0c8fdeef0a19f,0.04625,0.8,A_mid,0.2773726520438989,21.510008494059246,69.77083333333333,0.0,0.9013350779811541,0.5817399521668752,0.3471131008118391,24
93009,scale_free-N256-p005-seed93009-sha256:c4651732bb417b95e053fd5e0202728c1b4c9b780895450248d0c8fdeef0a19f,0.04625,0.8,A_pool,0.3258564664671818,21.299641132354736,69.60416666666667,0.0,0.9396835416555405,0.6246087538699309,0.31430379115045065,24
93009,scale_free-N256-p005-seed93009-sha256:c4651732bb417b95e053fd5e0202728c1b4c9b780895450248d0c8fdeef0a19f,0.04625,0.8,A_shared,0.270992562174797,21.272297859191895,69.4375,0.0,0.9490732178092003,0.5498211632172266,0.3427509081860383,24
93009,scale_free-N256-p005-seed93009-sha256:c4651732bb417b95e053fd5e0202728c1b4c9b780895450248d0c8fdeef0a19f,0.04625,0.8,A_sparse,0.3371753388394912,21.275470574696858,69.58333333333333,0.0,0.9443290457129478,0.639820663879315,0.3094211729864279,24
93009,scale_free-N256-p005-seed93009-sha256:c4651732bb417b95e053fd5e0202728c1b4c9b780895450248d0c8fdeef0a19f,0.04625,0.8,shared_random,0.10359747102484101,21.025307496388752,70.10416666666667,0.0,0.5588273828228315,0.40690914789835614,0.5405103092392286,24
93009,scale_free-N256-p005-seed93009-sha256:c4651732bb417b95e053fd5e0202728c1b4c9b780895450248d0c8fdeef0a19f,0.04625,0.8,spectral,0.27652767114341253,21.361978848775227,69.14583333333333,0.0,1.0230740681290627,0.5423623199264208,0.35389269950489205,24
93009,scale_free-N256-p005-seed93009-sha256:c4651732bb417b95e053fd5e0202728c1b4c9b780895450248d0c8fdeef0a19f,0.04625,1.0,A_mid,0.2794853014250596,21.51944891611735,69.72916666666667,0.0,0.8807941451668739,0.5922414722541968,0.34521343000233173,24
93009,scale_free-N256-p005-seed93009-sha256:c4651732bb417b95e053fd5e0202728c1b4c9b780895450248d0c8fdeef0a19f,0.04625,1.0,A_pool,0.2892697304487228,21.314940611521404,69.6875,0.0,0.9047611529628435,0.5903996415436268,0.33939727147420246,24
93009,scale_free-N256-p005-seed93009-sha256:c4651732bb417b95e053fd5e0202728c1b4c9b780895450248d0c8fdeef0a19f,0.04625,1.0,A_shared,0.3788739461451769,21.289387543996174,69.5,0.0,0.924402097860972,0.7104661948978901,0.2778686967988809,24
93009,scale_free-N256-p005-seed93009-sha256:c4651732bb417b95e053fd5e0202728c1b4c9b780895450248d0c8fdeef0a19f,0.04625,1.0,A_sparse,0.33119943924248213,21.282063007354736,69.60416666666667,0.0,0.9175547286868095,0.6443290300667286,0.30881132992605365,24
93009,scale_free-N256-p005-seed93009-sha256:c4651732bb417b95e053fd5e0202728c1b4c9b780895450248d0c8fdeef0a19f,0.04625,1.0,shared_random,0.11737334460485722,21.024900833765667,70.14583333333333,0.0,0.561575940499703,0.4285767652715246,0.518575963874658,24
93009,scale_free-N256-p005-seed93009-sha256:c4651732bb417b95e053fd5e0202728c1b4c9b780895450248d0c8fdeef0a19f,0.04625,1.0,spectral,0.27643598181505996,21.37207015355428,69.3125,0.0,1.0053545782963436,0.5487094459434351,0.3523484996209542,24
93009,scale_free-N256-p005-seed93009-sha256:c4651732bb417b95e053fd5e0202728c1b4c9b780895450248d0c8fdeef0a19f,0.04625,1.2,A_mid,0.2855421801408132,21.530516783396404,69.77083333333333,0.0,0.8785494814316431,0.5920291046301523,0.3308837711811065,24
93009,scale_free-N256-p005-seed93009-sha256:c4651732bb417b95e053fd5e0202728c1b4c9b780895450248d0c8fdeef0a19f,0.04625,1.2,A_pool,0.27711457945406437,21.318440437316895,69.66666666666667,0.0,0.9005636473496755,0.5769155472517014,0.3464010190218687,24
93009,scale_free-N256-p005-seed93009-sha256:c4651732bb417b95e053fd5e0202728c1b4c9b780895450248d0c8fdeef0a19f,0.04625,1.2,A_shared,0.3935324295113484,21.302815437316895,69.52083333333333,0.0,0.9051845173041025,0.7302919241289297,0.2628290522843599,24
93009,scale_free-N256-p005-seed93009-sha256:c4651732bb417b95e053fd5e0202728c1b4c9b780895450248d0c8fdeef0a19f,0.04625,1.2,A_sparse,0.3650703076273203,21.277831236521404,69.60416666666667,0.0,0.910879152516524,0.6936341772476832,0.2873089661200841,24
93009,scale_free-N256-p005-seed93009-sha256:c4651732bb417b95e053fd5e0202728c1b4c9b780895450248d0c8fdeef0a19f,0.04625,1.2,shared_random,0.09288921164503937,21.045409202575684,70.125,0.0,0.5442793729404608,0.374909482896328,0.5597379257281622,24
93009,scale_free-N256-p005-seed93009-sha256:c4651732bb417b95e053fd5e0202728c1b4c9b780895450248d0c8fdeef0a19f,0.04625,1.2,spectral,0.2680490439136823,21.38061507542928,69.25,0.0,0.9917966996630033,0.5444059483706951,0.3573220285276571,24
93009,scale_free-N256-p005-seed93009-sha256:c4651732bb417b95e053fd5e0202728c1b4c9b780895450248d0c8fdeef0a19f,0.05,0.8,A_mid,0.23274190568675593,21.863035202026367,69.89583333333333,0.0,0.8901374762256941,0.5061575577904781,0.3741885342945655,24
93009,scale_free-N256-p005-seed93009-sha256:c4651732bb417b95e053fd5e0202728c1b4c9b780895450248d0c8fdeef0a19f,0.05,0.8,A_pool,0.3396582504113515,21.65397071838379,69.64583333333333,0.0,0.9186950698494911,0.656337690850099,0.3058186043053865,24
93009,scale_free-N256-p005-seed93009-sha256:c4651732bb417b95e053fd5e0202728c1b4c9b780895450248d0c8fdeef0a19f,0.05,0.8,A_shared,0.408027754475673,21.61840756734212,69.54166666666667,0.0,0.9174109275142351,0.7362120263278484,0.24976829563577965,24
93009,scale_free-N256-p005-seed93009-sha256:c4651732bb417b95e053fd5e0202728c1b4c9b780895450248d0c8fdeef0a19f,0.05,0.8,A_sparse,0.43778133019804955,21.555256684621174,69.47916666666667,0.0,0.9693218246102333,0.7635831522444884,0.2426903682450453,24
93009,scale_free-N256-p005-seed93009-sha256:c4651732bb417b95e053fd5e0202728c1b4c9b780895450248d0c8fdeef0a19f,0.05,0.8,shared_random,0.1029430464841425,21.370197614034016,70.10416666666667,0.0,0.5503774570922056,0.4070465036978324,0.540336354325215,24
93009,scale_free-N256-p005-seed93009-sha256:c4651732bb417b95e053fd5e0202728c1b4c9b780895450248d0c8fdeef0a19f,0.05,0.8,spectral,0.27171215849618113,21.729166507720947,69.35416666666667,0.0,0.9925510386625925,0.5503639702995619,0.36058113103111583,24
93009,scale_free-N256-p005-seed93009-sha256:c4651732bb417b95e053fd5e0202728c1b4c9b780895450248d0c8fdeef0a19f,0.05,1.0,A_mid,0.24124951660633084,21.86987066268921,69.91666666666667,0.0,0.867475392917792,0.5354721968372663,0.3654451159139474,24
93009,scale_free-N256-p005-seed93009-sha256:c4651732bb417b95e053fd5e0202728c1b4c9b780895450248d0c8fdeef0a19f,0.05,1.0,A_pool,0.3078280426561832,21.66349204381307,69.64583333333333,0.0,0.9152007674177488,0.6080447869996229,0.32376841207345325,24
93009,scale_free-N256-p005-seed93009-sha256:c4651732bb417b95e053fd5e0202728c1b4c9b780895450248d0c8fdeef0a19f,0.05,1.0,A_shared,0.3905981443822384,21.628010114034016,69.54166666666667,0.0,0.9010698894659678,0.7293923757970333,0.2664347166816393,24
93009,scale_free-N256-p005-seed93009-sha256:c4651732bb417b95e053fd5e0202728c1b4c9b780895450248d0c8fdeef0a19f,0.05,1.0,A_sparse,0.4039260819554329,21.558349132537842,69.5,0.0,0.9553472598393759,0.7246302713950475,0.26383789380391437,24
93009,scale_free-N256-p005-seed93009-sha256:c4651732bb417b95e053fd5e0202728c1b4c9b780895450248d0c8fdeef0a19f,0.05,1.0,shared_random,0.09319222206249829,21.384764671325684,70.25,0.0,0.537250621865193,0.39275184956689674,0.5583505605657896,24
93009,scale_free-N256-p005-seed93009-sha256:c4651732bb417b95e053fd5e0202728c1b4c9b780895450248d0c8fdeef0a19f,0.05,1.0,spectral,0.3146733678877353,21.762450853983562,69.45833333333333,0.0,0.9791670938332876,0.6110872241357962,0.3322064789632956,24
93009,scale_free-N256-p005-seed93009-sha256:c4651732bb417b95e053fd5e0202728c1b4c9b780895450248d0c8fdeef0a19f,0.05,1.2,A_mid,0.2700343256195386,21.86034933725993,69.89583333333333,0.0,0.8681083420912424,0.5777926209072272,0.34660772420465946,24
93009,scale_free-N256-p005-seed93009-sha256:c4651732bb417b95e053fd5e0202728c1b4c9b780895450248d0c8fdeef0a19f,0.05,1.2,A_pool,0.284989058971405,21.686848004659016,69.72916666666667,0.0,0.8931932722528776,0.5903470988074938,0.3404997779677312,24
93009,scale_free-N256-p005-seed93009-sha256:c4651732bb417b95e053fd5e0202728c1b4c9b780895450248d0c8fdeef0a19f,0.05,1.2,A_shared,0.29334477521479124,21.655760924021404,69.64583333333333,0.0,0.8836061730980873,0.5954597828288873,0.32550779667993385,24
93009,scale_free-N256-p005-seed93009-sha256:c4651732bb417b95e053fd5e0202728c1b4c9b780895450248d0c8fdeef0a19f,0.05,1.2,A_sparse,0.3670376731703679,21.58105405171712,69.5625,0.0,0.9311032270391782,0.6878802714248499,0.288441190496087,24
93009,scale_free-N256-p005-seed93009-sha256:c4651732bb417b95e053fd5e0202728c1b4c9b780895450248d0c8fdeef0a19f,0.05,1.2,shared_random,0.06410157261416312,21.396565437316895,70.22916666666667,0.0,0.5187586471438408,0.30964863207191223,0.6021995122234026,24
93009,scale_free-N256-p005-seed93009-sha256:c4651732bb417b95e053fd5e0202728c1b4c9b780895450248d0c8fdeef0a19f,0.05,1.2,spectral,0.3292651406178872,21.759765148162842,69.5,0.0,0.9626233850916227,0.6283140381177267,0.31439530414839584,24
93010,scale_free-N256-p005-seed93010-sha256:d05569bee043f50eae7b4edce69e432391fd5e2042faf0bd016ac63a74e652da,0.035,0.8,A_mid,0.5004753669102987,20.2925599416097,69.5,0.0,1.0003804862499237,0.8217076857884725,0.20399857622881726,24
93010,scale_free-N256-p005-seed93010-sha256:d05569bee043f50eae7b4edce69e432391fd5e2042faf0bd016ac63a74e652da,0.035,0.8,A_pool,0.3530945461243391,20.383949915568035,69.58333333333333,0.0,0.9354622090856234,0.6490280615786711,0.2893592938780784,24
93010,scale_free-N256-p005-seed93010-sha256:d05569bee043f50eae7b4edce69e432391fd5e2042faf0bd016ac63a74e652da,0.035,0.8,A_shared,0.4622407717009385,20.420326709747314,69.5,0.0,0.9437797392408053,0.7927076468865076,0.2176749128848314,24
93010,scale_free-N256-p005-seed93010-sha256:d05569bee043f50eae7b4edce69e432391fd5e2042faf0bd016ac63a74e652da,0.035,0.8,A_sparse,0.2988423698892196,20.274168014526367,69.3125,0.0,1.0185009712974231,0.5726113356649876,0.3345033215979735,24
93010,scale_free-N256-p005-seed93010-sha256:d05569bee043f50eae7b4edce69e432391fd5e2042faf0bd016ac63a74e652da,0.035,0.8,shared_random,0.24755247278759873,19.859861373901367,69.5,0.0,0.6460216790437698,0.6640782008568445,0.3649491233130296,24
93010,scale_free-N256-p005-seed93010-sha256:d05569bee043f50eae7b4edce69e432391fd5e2042faf0bd016ac63a74e652da,0.035,0.8,spectral,0.3009784078846375,20.380613327026367,69.1875,0.0,1.0504757712284725,0.5712280546625456,0.3389499969780445,24
93010,scale_free-N256-p005-seed93010-sha256:d05569bee043f50eae7b4edce69e432391fd5e2042faf0bd016ac63a74e652da,0.035,1.0,A_mid,0.468026132012407,20.302406867345173,69.5,0.0,0.9655504996577898,0.7965889573097229,0.22173689119517803,24
93010,scale_free-N256-p005-seed93010-sha256:d05569bee043f50eae7b4edce69e432391fd5e2042faf0bd016ac63a74e652da,0.035,1.0,A_pool,0.4267614179601272,20.394203662872314,69.52083333333333,0.0,0.9313184296091398,0.7545853282014529,0.2425374848147233,24
93010,scale_free-N256-p005-seed93010-sha256:d05569bee043f50eae7b4edce69e432391fd5e2042faf0bd016ac63a74e652da,0.035,1.0,A_shared,0.4752509792645772,20.431150436401367,69.5,0.0,0.917488361398379,0.8197256252169609,0.20493000249067939,24
93010,scale_free-N256-p005-seed93010-sha256:d05569bee043f50eae7b4edce69e432391fd5e2042faf0bd016ac63a74e652da,0.035,1.0,A_sparse,0.34171558109422523,20.315590540568035,69.47916666666667,0.0,0.9838139414787292,0.6380616563061873,0.30263500412305194,24
93010,scale_free-N256-p005-seed93010-sha256:d05569bee043f50eae7b4edce69e432391fd5e2042faf0bd016ac63a74e652da,0.035,1.0,shared_random,0.23211052610228455,19.869301478068035,69.5,0.0,0.6314684251944224,0.6469582679371039,0.3758029180268447,24
93010,scale_free-N256-p005-seed93010-sha256:d05569bee043f50eae7b4edce69e432391fd5e2042faf0bd016ac63a74e652da,0.035,1.0,spectral,0.2870892081409692,20.394285202026367,69.3125,0.0,1.033863772948583,0.5527060801784197,0.34399378299713135,24
93010,scale_free-N256-p005-seed93010-sha256:d05569bee043f50eae7b4edce69e432391fd5e2042faf0bd016ac63a74e652da,0.035,1.2,A_mid,0.42485888053973514,20.31274215380351,69.5,0.0,0.9419602503379186,0.7509189496437708,0.2459462030480305,24
93010,scale_free-N256-p005-seed93010-sha256:d05569bee043f50eae7b4edce69e432391fd5e2042faf0bd016ac63a74e652da,0.035,1.2,A_pool,0.362623527025183,20.407468636830647,69.54166666666667,0.0,0.8963112185398737,0.6865604830284914,0.28122735458115733,24
93010,scale_free-N256-p005-seed93010-sha256:d05569bee043f50eae7b4edce69e432391fd5e2042faf0bd016ac63a74e652da,0.035,1.2,A_shared,0.4574445678542058,20.440427780151367,69.52083333333333,0.0,0.9030017157395681,0.7959939142068228,0.21279816546787814,24
93010,scale_free-N256-p005-seed93010-sha256:d05569bee043f50eae7b4edce69e432391fd5e2042faf0bd016ac63a74e652da,0.035,1.2,A_sparse,0.4045871899773677,20.331541061401367,69.5,0.0,0.9628596479694048,0.7209949394067129,0.25873619069655734,24
93010,scale_free-N256-p005-seed93010-sha256:d05569bee043f50eae7b4edce69e432391fd5e2042faf0bd016ac63a74e652da,0.035,1.2,shared_random,0.225710648111999,19.872475306193035,69.5,0.0,0.6169587671756744,0.635208444048961,0.378817821542422,24
93010,scale_free-N256-p005-seed93010-sha256:d05569bee043f50eae7b4edce69e432391fd5e2042faf0bd016ac63a74e652da,0.035,1.2,spectral,0.30898561204473174,20.416990280151367,69.375,0.0,1.0078266263008118,0.5959050506353378,0.3316045167545477,24
93010,scale_free-N256-p005-seed93010-sha256:d05569bee043f50eae7b4edce69e432391fd5e2042faf0bd016ac63a74e652da,0.03875,0.8,A_mid,0.37589566595852375,20.646889209747314,69.5625,0.0,0.9648034771283468,0.680010716120402,0.28151090008517105,24
93010,scale_free-N256-p005-seed93010-sha256:d05569bee043f50eae7b4edce69e432391fd5e2042faf0bd016ac63a74e652da,0.03875,0.8,A_pool,0.3222570077826579,20.74861431121826,69.625,0.0,0.9058684830864271,0.6353726026912531,0.31505860636631644,24
93010,scale_free-N256-p005-seed93010-sha256:d05569bee043f50eae7b4edce69e432391fd5e2042faf0bd016ac63a74e652da,0.03875,0.8,A_shared,0.34790406686564285,20.761960824330647,69.5625,0.0,0.9029434820016226,0.6729199836651484,0.29653109610080713,24
93010,scale_free-N256-p005-seed93010-sha256:d05569bee043f50eae7b4edce69e432391fd5e2042faf0bd016ac63a74e652da,0.03875,0.8,A_sparse,0.29907321060697234,20.6316712697347,69.39583333333333,0.0,1.015021339058876,0.5754773306349913,0.3350887919465701,24
93010,scale_free-N256-p005-seed93010-sha256:d05569bee043f50eae7b4edce69e432391fd5e2042faf0bd016ac63a74e652da,0.03875,0.8,shared_random,0.18552025500684974,20.182615280151367,69.52083333333333,0.0,0.6318375567595164,0.5457707407573859,0.4235600084066391,24
93010,scale_free-N256-p005-seed93010-sha256:d05569bee043f50eae7b4edce69e432391fd5e2042faf0bd016ac63a74e652da,0.03875,0.8,spectral,0.32662400106588996,20.712644338607788,69.29166666666667,0.0,1.0414244830608368,0.6108311812082926,0.3262700413664182,24
93010,scale_free-N256-p005-seed93010-sha256:d05569bee043f50eae7b4edce69e432391fd5e2042faf0bd016ac63a74e652da,0.03875,1.0,A_mid,0.3162346159418424,20.66723434130351,69.58333333333333,0.0,0.9285334969560305,0.6107072221736113,0.3161856364458799,24
93010,scale_free-N256-p005-seed93010-sha256:d05569bee043f50eae7b4edce69e432391fd5e2042faf0bd016ac63a74e652da,0.03875,1.0,A_pool,0.32824213926990825,20.77465565999349,69.72916666666667,0.0,0.8906361882885298,0.6410238233705362,0.30264180650313693,24
93010,scale_free-N256-p005-seed93010-sha256:d05569bee043f50eae7b4edce69e432391fd5e2042faf0bd016ac63a74e652da,0.03875,1.0,A_shared,0.3032028811673323,20.778074105580647,69.64583333333333,0.0,0.8891022478540739,0.6081701715787252,0.32408876282473403,24
93010,scale_free-N256-p005-seed93010-sha256:d05569bee043f50eae7b4edce69e432391fd5e2042faf0bd016ac63a74e652da,0.03875,1.0,A_sparse,0.36100060244401294,20.650632699330647,69.41666666666667,0.0,0.9926158264279366,0.6619430221617222,0.29269729368388653,24
93010,scale_free-N256-p005-seed93010-sha256:d05569bee043f50eae7b4edce69e432391fd5e2042faf0bd016ac63a74e652da,0.03875,1.0,shared_random,0.19469634552175796,20.196694056193035,69.52083333333333,0.0,0.6292290588219961,0.570368617773056,0.4164746341605981,24
93010,scale_free-N256-p005-seed93010-sha256:d05569bee043f50eae7b4edce69e432391fd5e2042faf0bd016ac63a74e652da,0.03875,1.0,spectral,0.3303768262267112,20.724281867345173,69.39583333333333,0.0,1.0192524045705795,0.627922672778368,0.32723441285391647,24
93010,scale_free-N256-p005-seed93010-sha256:d05569bee043f50eae7b4edce69e432391fd5e2042faf0bd016ac63a74e652da,0.03875,1.2,A_mid,0.3212540124853452,20.681719938913982,69.64583333333333,0.0,0.9182134792208672,0.6284614913165569,0.31310700190563995,24
93010,scale_free-N256-p005-seed93010-sha256:d05569bee043f50eae7b4edce69e432391fd5e2042faf0bd016ac63a74e652da,0.03875,1.2,A_pool,0.29013412942488986,20.786293188730877,69.8125,0.0,0.8714918543895086,0.6107606738805771,0.3335430355121692,24
93010,scale_free-N256-p005-seed93010-sha256:d05569bee043f50eae7b4edce69e432391fd5e2042faf0bd016ac63a74e652da,0.03875,1.2,A_shared,0.28737953491508955,20.796059211095173,69.64583333333333,0.0,0.8756177177031835,0.6021636625130972,0.33723916858434677,24
93010,scale_free-N256-p005-seed93010-sha256:d05569bee043f50eae7b4edce69e432391fd5e2042faf0bd016ac63a74e652da,0.03875,1.2,A_sparse,0.38205984979867935,20.67016402880351,69.47916666666667,0.0,0.9698782215515772,0.7087211782733599,0.28495906541744864,24
93010,scale_free-N256-p005-seed93010-sha256:d05569bee043f50eae7b4edce69e432391fd5e2042faf0bd016ac63a74e652da,0.03875,1.2,shared_random,0.2010406039965649,20.2036927541097,69.52083333333333,0.0,0.6180238599578539,0.5887004981438319,0.408900648355484,24
93010,scale_free-N256-p005-seed93010-sha256:d05569bee043f50eae7b4edce69e432391fd5e2042faf0bd016ac63a74e652da,0.03875,1.2,spectral,0.3156923453013102,20.7381165822347,69.41666666666667,0.0,1.002746877570947,0.6094955826799074,0.33325750691195327,24
93010,scale_free-N256-p005-seed93010-sha256:d05569bee043f50eae7b4edce69e432391fd5e2042faf0bd016ac63a74e652da,0.0425,0.8,A_mid,0.28372207097709173,21.012856006622314,69.70833333333333,0.0,0.9411751305063566,0.5788904714087645,0.3467991625269254,24
93010,scale_free-N256-p005-seed93010-sha256:d05569bee043f50eae7b4edce69e432391fd5e2042faf0bd016ac63a74e652da,0.0425,0.8,A_pool,0.2694219869251052,21.081542174021404,69.6875,0.0,0.8928551450371742,0.5647730144361655,0.34822223025063676,24
93010,scale_free-N256-p005-seed93010-sha256:d05569bee043f50eae7b4edce69e432391fd5e2042faf0bd016ac63a74e652da,0.0425,0.8,A_shared,0.24090331792831418,21.09440040588379,69.64583333333333,0.0,0.8900594264268875,0.522101629525423,0.3626065781960885,24
93010,scale_free-N256-p005-seed93010-sha256:d05569bee043f50eae7b4edce69e432391fd5e2042faf0bd016ac63a74e652da,0.0425,0.8,A_sparse,0.35419286228716373,20.97338668505351,69.58333333333333,0.0,1.0017921502391498,0.6445563174784184,0.2989830604443947,24
93010,scale_free-N256-p005-seed93010-sha256:d05569bee043f50eae7b4edce69e432391fd5e2042faf0bd016ac63a74e652da,0.0425,0.8,shared_random,0.12613822209338343,20.552732467651367,69.75,0.0,0.6194766809542974,0.44486891975005466,0.4944264143705368,24
93010,scale_free-N256-p005-seed93010-sha256:d05569bee043f50eae7b4edce69e432391fd5e2042faf0bd016ac63a74e652da,0.0425,0.8,spectral,0.30692070536315436,21.03922422726949,69.35416666666667,0.0,1.0423708657423656,0.5788074011603991,0.3315583492318789,24
93010,scale_free-N256-p005-seed93010-sha256:d05569bee043f50eae7b4edce69e432391fd5e2042faf0bd016ac63a74e652da,0.0425,1.0,A_mid,0.30704565035800135,21.017088095347088,69.75,0.0,0.929503766198953,0.604861086855332,0.32447007546822226,24
93010,scale_free-N256-p005-seed93010-sha256:d05569bee043f50eae7b4edce69e432391fd5e2042faf0bd016ac63a74e652da,0.0425,1.0,A_pool,0.2721789022907614,21.08658727010091,69.625,0.0,0.8932446440060934,0.5596578891078631,0.34349893654386204,24
93010,scale_free-N256-p005-seed93010-sha256:d05569bee043f50eae7b4edce69e432391fd5e2042faf0bd016ac63a74e652da,0.0425,1.0,A_shared,0.2794986190274357,21.121662616729736,69.72916666666667,0.0,0.8753574341535568,0.5770928468555212,0.33388702260951203,24
93010,scale_free-N256-p005-seed93010-sha256:d05569bee043f50eae7b4edce69e432391fd5e2042faf0bd016ac63a74e652da,0.0425,1.0,A_sparse,0.3321661098549763,20.976479053497314,69.47916666666667,0.0,0.9912518262863159,0.617598082870245,0.3104047036419312,24
93010,scale_free-N256-p005-seed93010-sha256:d05569bee043f50eae7b4edce69e432391fd5e2042faf0bd016ac63a74e652da,0.0425,1.0,shared_random,0.11733544431626791,20.563149134318035,69.72916666666667,0.0,0.6116210495432218,0.4238087472816308,0.5019179706772169,24
93010,scale_free-N256-p005-seed93010-sha256:d05569bee043f50eae7b4edce69e432391fd5e2042faf0bd016ac63a74e652da,0.0425,1.0,spectral,0.34663839762409526,21.03360875447591,69.29166666666667,0.0,1.031705878674984,0.6328607089817524,0.30635004366437596,24
93010,scale_free-N256-p005-seed93010-sha256:d05569bee043f50eae7b4edce69e432391fd5e2042faf0bd016ac63a74e652da,0.0425,1.2,A_mid,0.27178081373373664,21.03059736887614,69.625,0.0,0.9165263026952744,0.5597007436056932,0.3470917871842781,24
93010,scale_free-N256-p005-seed93010-sha256:d05569bee043f50eae7b4edce69e432391fd5e2042faf0bd016ac63a74e652da,0.0425,1.2,A_pool,0.29717217013239855,21.092853864034016,69.625,0.0,0.8753029058376948,0.607017225275437,0.3287906429419915,24
93010,scale_free-N256-p005-seed93010-sha256:d05569bee043f50eae7b4edce69e432391fd5e2042faf0bd016ac63a74e652da,0.0425,1.2,A_shared,0.26339049699405825,21.132567882537842,69.75,0.0,0.8653574362397194,0.5631463825702667,0.34414722335835296,24
93010,scale_free-N256-p005-seed93010-sha256:d05569bee043f50eae7b4edce69e432391fd5e2042faf0bd016ac63a74e652da,0.0425,1.2,A_sparse,0.3911581300199032,20.989662567774456,69.5,0.0,0.9749241098761559,0.7049436680972576,0.2740173283964395,24
93010,scale_free-N256-p005-seed93010-sha256:d05569bee043f50eae7b4edce69e432391fd5e2042faf0bd016ac63a74e652da,0.0425,1.2,shared_random,0.11979184113442892,20.567136764526367,69.64583333333333,0.0,0.6116524040699005,0.4185994329551856,0.49219708020488423,24
93010,scale_free-N256-p005-seed93010-sha256:d05569bee043f50eae7b4edce69e432391fd5e2042faf0bd016ac63a74e652da,0.0425,1.2,spectral,0.3249705235163371,21.061278581619263,69.4375,0.0,1.0101648742953937,0.6062135510146618,0.3134484595308701,24
93010,scale_free-N256-p005-seed93010-sha256:d05569bee043f50eae7b4edce69e432391fd5e2042faf0bd016ac63a74e652da,0.04625,0.8,A_mid,0.33485471674551565,21.319823424021404,69.58333333333333,0.0,0.9748364761471748,0.6344266794621944,0.3224482436974843,24
93010,scale_free-N256-p005-seed93010-sha256:d05569bee043f50eae7b4edce69e432391fd5e2042faf0bd016ac63a74e652da,0.04625,0.8,A_pool,0.33370529611905414,21.381916046142578,69.52083333333333,0.0,0.9512090682983398,0.6414263633390268,0.31419273093342776,24
93010,scale_free-N256-p005-seed93010-sha256:d05569bee043f50eae7b4edce69e432391fd5e2042faf0bd016ac63a74e652da,0.04625,0.8,A_shared,0.34388624286899966,21.416258811950684,69.54166666666667,0.0,0.9325858031709989,0.6510987455646197,0.29594922314087546,24
93010,scale_free-N256-p005-seed93010-sha256:d05569bee043f50eae7b4edce69e432391fd5e2042faf0bd016ac63a74e652da,0.04625,0.8,A_sparse,0.37822914371887845,21.297851085662842,69.47916666666667,0.0,1.0119976202646892,0.6821632000307242,0.2889883865912755,24
93010,scale_free-N256-p005-seed93010-sha256:d05569bee043f50eae7b4edce69e432391fd5e2042faf0bd016ac63a74e652da,0.04625,0.8,shared_random,0.12937842713048056,20.898516813913982,69.97916666666667,0.0,0.5930933480461439,0.4737546481192112,0.49588839958111447,24
93010,scale_free-N256-p005-seed93010-sha256:d05569bee043f50eae7b4edce69e432391fd5e2042faf0bd016ac63a74e652da,0.04625,0.8,spectral,0.2844862658530473,21.35205062230428,69.3125,0.0,1.0545503695805867,0.5465543319781622,0.3518560528755188,24
93010,scale_free-N256-p005-seed93010-sha256:d05569bee043f50eae7b4edce69e432391fd5e2042faf0bd016ac63a74e652da,0.04625,1.0,A_mid,0.28730003846188384,21.343586603800457,69.6875,0.0,0.9444388250509897,0.5783739251395067,0.3470690517375867,24
93010,scale_free-N256-p005-seed93010-sha256:d05569bee043f50eae7b4edce69e432391fd5e2042faf0bd016ac63a74e652da,0.04625,1.0,A_pool,0.33242803253233427,21.400145212809246,69.625,0.0,0.9278199871381124,0.6420735778907934,0.3132353592664003,24
93010,scale_free-N256-p005-seed93010-sha256:d05569bee043f50eae7b4edce69e432391fd5e2042faf0bd016ac63a74e652da,0.04625,1.0,A_shared,0.3346542802949746,21.435383160909016,69.58333333333333,0.0,0.9126546060045561,0.647668627401193,0.30798925397296745,24
93010,scale_free-N256-p005-seed93010-sha256:d05569bee043f50eae7b4edce69e432391fd5e2042faf0bd016ac63a74e652da,0.04625,1.0,A_sparse,0.3599786361058553,21.308919111887615,69.52083333333333,0.0,0.9896197666724523,0.6594353007773558,0.29894083179533476,24
93010,scale_free-N256-p005-seed93010-sha256:d05569bee043f50eae7b4edce69e432391fd5e2042faf0bd016ac63a74e652da,0.04625,1.0,shared_random,0.13508234126493332,20.915688117345173,70.0,0.0,0.5916324779391289,0.4853592589497566,0.48594747359553975,24
93010,scale_free-N256-p005-seed93010-sha256:d05569bee043f50eae7b4edce69e432391fd5e2042faf0bd016ac63a74e652da,0.04625,1.0,spectral,0.2875242798278729,21.374186038970947,69.375,0.0,1.0334164202213287,0.56415044516325,0.35155593665937585,24
93010,scale_free-N256-p005-seed93010-sha256:d05569bee043f50eae7b4edce69e432391fd5e2042faf0bd016ac63a74e652da,0.04625,1.2,A_mid,0.27645149392386276,21.353270530700684,69.70833333333333,0.0,0.9272321710983912,0.5749574080109596,0.35431036291023094,24
93010,scale_free-N256-p005-seed93010-sha256:d05569bee043f50eae7b4edce69e432391fd5e2042faf0bd016ac63a74e652da,0.04625,1.2,A_pool,0.28392376191914076,21.409584999084473,69.54166666666667,0.0,0.9147425889968872,0.582101546227932,0.3458105369160573,24
93010,scale_free-N256-p005-seed93010-sha256:d05569bee043f50eae7b4edce69e432391fd5e2042faf0bd016ac63a74e652da,0.04625,1.2,A_shared,0.297914778192838,21.45084508260091,69.625,0.0,0.8922276273369789,0.6076258880396684,0.33181496212879813,24
93010,scale_free-N256-p005-seed93010-sha256:d05569bee043f50eae7b4edce69e432391fd5e2042faf0bd016ac63a74e652da,0.04625,1.2,A_sparse,0.3713820514579614,21.321858088175457,69.5,0.0,0.968916654586792,0.6841397496561209,0.2884631523241599,24
93010,scale_free-N256-p005-seed93010-sha256:d05569bee043f50eae7b4edce69e432391fd5e2042faf0bd016ac63a74e652da,0.04625,1.2,shared_random,0.11777371090526377,20.9331849416097,69.97916666666667,0.0,0.5678547198573748,0.4550471144417922,0.5119910339514414,24
93010,scale_free-N256-p005-seed93010-sha256:d05569bee043f50eae7b4edce69e432391fd5e2042faf0bd016ac63a74e652da,0.04625,1.2,spectral,0.3138068163146575,21.39160092671712,69.375,0.0,1.0083411460121472,0.5959024156133333,0.32727792238195735,24
93010,scale_free-N256-p005-seed93010-sha256:d05569bee043f50eae7b4edce69e432391fd5e2042faf0bd016ac63a74e652da,0.05,0.8,A_mid,0.34506820638974506,21.71777089436849,69.9375,0.0,0.9193683639168739,0.6667238672574362,0.3012756866713365,24
93010,scale_free-N256-p005-seed93010-sha256:d05569bee043f50eae7b4edce69e432391fd5e2042faf0bd016ac63a74e652da,0.05,0.8,A_pool,0.34603028868635494,21.72037712732951,69.6875,0.0,0.9625975439945856,0.6446988681952158,0.30083701573312277,24
93010,scale_free-N256-p005-seed93010-sha256:d05569bee043f50eae7b4edce69e432391fd5e2042faf0bd016ac63a74e652da,0.05,0.8,A_shared,0.39717692881822586,21.75602165857951,69.52083333333333,0.0,0.964055985212326,0.7140962108969688,0.2707307587067286,24
93010,scale_free-N256-p005-seed93010-sha256:d05569bee043f50eae7b4edce69e432391fd5e2042faf0bd016ac63a74e652da,0.05,0.8,A_sparse,0.3877829958995183,21.638020038604736,69.52083333333333,0.0,0.9981041302283605,0.6939698830246925,0.28137202312548953,24
93010,scale_free-N256-p005-seed93010-sha256:d05569bee043f50eae7b4edce69e432391fd5e2042faf0bd016ac63a74e652da,0.05,0.8,shared_random,0.16549200005829331,21.274250984191895,70.0,0.0,0.5622425302863121,0.5805006735026836,0.44872064391771954,24
93010,scale_free-N256-p005-seed93010-sha256:d05569bee043f50eae7b4edce69e432391fd5e2042faf0bd016ac63a74e652da,0.05,0.8,spectral,0.314056122675538,21.734618822733562,69.4375,0.0,1.0319202120105426,0.6043034034470717,0.33909071795642376,24
93010,scale_free-N256-p005-seed93010-sha256:d05569bee043f50eae7b4edce69e432391fd5e2042faf0bd016ac63a74e652da,0.05,1.0,A_mid,0.3075544703751802,21.72078164418538,70.02083333333333,0.0,0.9081577137112617,0.6162935073177019,0.32355317783852416,24
93010,scale_free-N256-p005-seed93010-sha256:d05569bee043f50eae7b4edce69e432391fd5e2042faf0bd016ac63a74e652da,0.05,1.0,A_pool,0.33825907359520596,21.72770134607951,69.625,0.0,0.9557591378688812,0.6453206750253836,0.31232650081316626,24
93010,scale_free-N256-p005-seed93010-sha256:d05569bee043f50eae7b4edce69e432391fd5e2042faf0bd016ac63a74e652da,0.05,1.0,A_shared,0.3841474521905184,21.7510568300883,69.5,0.0,0.9473290344079336,0.7073265338937441,0.2741757314652204,24
93010,scale_free-N256-p005-seed93010-sha256:d05569bee043f50eae7b4edce69e432391fd5e2042faf0bd016ac63a74e652da,0.05,1.0,A_sparse,0.40701436810195446,21.6453439394633,69.52083333333333,0.0,0.9876808250943819,0.7128806461890539,0.265238322938482,24
93010,scale_free-N256-p005-seed93010-sha256:d05569bee043f50eae7b4edce69e432391fd5e2042faf0bd016ac63a74e652da,0.05,1.0,shared_random,0.15942939246694243,21.285237471262615,70.02083333333333,0.0,0.548740591853857,0.5771053619682789,0.45820098494489986,24
93010,scale_free-N256-p005-seed93010-sha256:d05569bee043f50eae7b4edce69e432391fd5e2042faf0bd016ac63a74e652da,0.05,1.0,spectral,0.30145923731227714,21.737792174021404,69.39583333333333,0.0,1.0245750347773235,0.5799986918767294,0.3427036541203658,24
93010,scale_free-N256-p005-seed93010-sha256:d05569bee043f50eae7b4edce69e432391fd5e2042faf0bd016ac63a74e652da,0.05,1.2,A_mid,0.352310919513305,21.724850654602047,69.97916666666667,0.0,0.9097624147931734,0.6789265101154646,0.2947340266158183,24
93010,scale_free-N256-p005-seed93010-sha256:d05569bee043f50eae7b4edce69e432391fd5e2042faf0bd016ac63a74e652da,0.05,1.2,A_pool,0.3024684389432271,21.753172715504963,69.77083333333333,0.0,0.9272212708989779,0.6080671238402525,0.3334675927956899,24
93010,scale_free-N256-p005-seed93010-sha256:d05569bee043f50eae7b4edce69e432391fd5e2042faf0bd016ac63a74e652da,0.05,1.2,A_shared,0.36868576643367607,21.77335532506307,69.58333333333333,0.0,0.9323686212301254,0.6762252412736416,0.2833123902479807,24
93010,scale_free-N256-p005-seed93010-sha256:d05569bee043f50eae7b4edce69e432391fd5e2042faf0bd016ac63a74e652da,0.05,1.2,A_sparse,0.38808896020054817,21.667723337809246,69.60416666666667,0.0,0.966190313299497,0.7040378600358963,0.2761080712080001,24
93010,scale_free-N256-p005-seed93010-sha256:d05569bee043f50eae7b4edce69e432391fd5e2042faf0bd016ac63a74e652da,0.05,1.2,shared_random,0.12842072204997138,21.298258304595947,70.04166666666667,0.0,0.5340270325541496,0.501908348252376,0.5004462810854117,24
93010,scale_free-N256-p005-seed93010-sha256:d05569bee043f50eae7b4edce69e432391fd5e2042faf0bd016ac63a74e652da,0.05,1.2,spectral,0.32355461952586967,21.748046398162842,69.41666666666667,0.0,1.0055654446283977,0.6177655669550101,0.3257039915770292,24
93011,scale_free-N256-p005-seed93011-sha256:2e5d468e9e29a1e76c4abf43c2b978010ddc03104b821c27299f65f31a750a30,0.035,0.8,A_mid,0.42177280969917774,20.384275436401367,69.5,0.0,0.93000711252292,0.7468292315800985,0.24403321618835128,24
93011,scale_free-N256-p005-seed93011-sha256:2e5d468e9e29a1e76c4abf43c2b978010ddc03104b821c27299f65f31a750a30,0.035,0.8,A_pool,0.31934935227036476,20.4390443166097,69.14583333333333,0.0,1.0109438200791676,0.6021230407059193,0.32017195969820017,24
93011,scale_free-N256-p005-seed93011-sha256:2e5d468e9e29a1e76c4abf43c2b978010ddc03104b821c27299f65f31a750a30,0.035,0.8,A_shared,0.35140395040313405,20.462318976720173,69.47916666666667,0.0,0.9318605437874794,0.6638438714047273,0.29096095636487,24
93011,scale_free-N256-p005-seed93011-sha256:2e5d468e9e29a1e76c4abf43c2b978010ddc03104b821c27299f65f31a750a30,0.035,0.8,A_sparse,0.3100873908648888,20.468748092651367,69.08333333333333,0.0,0.9895618408918381,0.600921760002772,0.32993076927959913,24
93011,scale_free-N256-p005-seed93011-sha256:2e5d468e9e29a1e76c4abf43c2b978010ddc03104b821c27299f65f31a750a30,0.035,0.8,shared_random,0.21405633321652806,20.026853561401367,69.875,0.0,0.6986348529656728,0.5750652191539606,0.39260807633399963,24
93011,scale_free-N256-p005-seed93011-sha256:2e5d468e9e29a1e76c4abf43c2b978010ddc03104b821c27299f65f31a750a30,0.035,0.8,spectral,0.3266343300541242,20.512612024943035,69.29166666666667,0.0,1.029106338818868,0.6129735248784224,0.3196069654077291,24
93011,scale_free-N256-p005-seed93011-sha256:2e5d468e9e29a1e76c4abf43c2b978010ddc03104b821c27299f65f31a750a30,0.035,1.0,A_mid,0.3751501925289631,20.3929017384847,69.5,0.0,0.9056864455342293,0.6964402024944624,0.26952656917274,24
93011,scale_free-N256-p005-seed93011-sha256:2e5d468e9e29a1e76c4abf43c2b978010ddc03104b821c27299f65f31a750a30,0.035,1.0,A_pool,0.3042856398969888,20.4602845509847,69.25,0.0,0.9834516222278277,0.5879685754577318,0.3241372654835383,24
93011,scale_free-N256-p005-seed93011-sha256:2e5d468e9e29a1e76c4abf43c2b978010ddc03104b821c27299f65f31a750a30,0.035,1.0,A_shared,0.39008807266751916,20.47371220588684,69.52083333333333,0.0,0.9170380110541979,0.7205371508995692,0.2656096443533897,24
93011,scale_free-N256-p005-seed93011-sha256:2e5d468e9e29a1e76c4abf43c2b978010ddc03104b821c27299f65f31a750a30,0.035,1.0,A_sparse,0.27161713689565653,20.496498743693035,69.29166666666667,0.0,0.9558674817283949,0.5455641746520996,0.3416732468952735,24
93011,scale_free-N256-p005-seed93011-sha256:2e5d468e9e29a1e76c4abf43c2b978010ddc03104b821c27299f65f31a750a30,0.035,1.0,shared_random,0.16930168867111203,20.03963017463684,69.875,0.0,0.6742904136578242,0.4911571530004342,0.425040685882171,24
93011,scale_free-N256-p005-seed93011-sha256:2e5d468e9e29a1e76c4abf43c2b978010ddc03104b821c27299f65f31a750a30,0.035,1.0,spectral,0.2985732182860374,20.527992884318035,69.3125,0.0,1.0091019024451573,0.5796435003479322,0.3352580592036247,24
93011,scale_free-N256-p005-seed93011-sha256:2e5d468e9e29a1e76c4abf43c2b978010ddc03104b821c27299f65f31a750a30,0.035,1.2,A_mid,0.4188691508024931,20.399412155151367,69.52083333333333,0.0,0.8959080080191294,0.7546233845253786,0.24034336892267064,24
93011,scale_free-N256-p005-seed93011-sha256:2e5d468e9e29a1e76c4abf43c2b978010ddc03104b821c27299f65f31a750a30,0.035,1.2,A_pool,0.313546617825826,20.477781295776367,69.29166666666667,0.0,0.9655696973204613,0.6044893488287926,0.31666544762750465,24
93011,scale_free-N256-p005-seed93011-sha256:2e5d468e9e29a1e76c4abf43c2b978010ddc03104b821c27299f65f31a750a30,0.035,1.2,A_shared,0.3661050411562125,20.479001998901367,69.5,0.0,0.9084413970510165,0.691303892681996,0.27821418022116023,24
93011,scale_free-N256-p005-seed93011-sha256:2e5d468e9e29a1e76c4abf43c2b978010ddc03104b821c27299f65f31a750a30,0.035,1.2,A_sparse,0.2953103985637426,20.5083802541097,69.39583333333333,0.0,0.941222665210565,0.5875709081689516,0.3299476082126299,24
93011,scale_free-N256-p005-seed93011-sha256:2e5d468e9e29a1e76c4abf43c2b978010ddc03104b821c27299f65f31a750a30,0.035,1.2,shared_random,0.2082953307156761,20.0564759572347,69.95833333333333,0.0,0.6386567875742912,0.5993619126578172,0.3938390215237935,24
93011,scale_free-N256-p005-seed93011-sha256:2e5d468e9e29a1e76c4abf43c2b978010ddc03104b821c27299f65f31a750a30,0.035,1.2,spectral,0.27292370796203613,20.5325501759847,69.33333333333333,0.0,0.9961766973137856,0.5384607091546059,0.34639847713212174,24
93011,scale_free-N256-p005-seed93011-sha256:2e5d468e9e29a1e76c4abf43c2b978010ddc03104b821c27299f65f31a750a30,0.03875,0.8,A_mid,0.3172214888036251,20.739906628926594,69.625,0.0,0.9057233557105064,0.6199267966051897,0.315727699548006,24
93011,scale_free-N256-p005-seed93011-sha256:2e5d468e9e29a1e76c4abf43c2b978010ddc03104b821c27299f65f31a750a30,0.03875,0.8,A_pool,0.2717733240375916,20.787514368693035,69.1875,0.0,1.0025066956877708,0.5343949149052302,0.34862456160287064,24
93011,scale_free-N256-p005-seed93011-sha256:2e5d468e9e29a1e76c4abf43c2b978010ddc03104b821c27299f65f31a750a30,0.03875,0.8,A_shared,0.29469733685255045,20.809731086095173,69.41666666666667,0.0,0.9765282521645228,0.5680736141900221,0.32929143930474913,24
93011,scale_free-N256-p005-seed93011-sha256:2e5d468e9e29a1e76c4abf43c2b978010ddc03104b821c27299f65f31a750a30,0.03875,0.8,A_sparse,0.2714763587961594,20.814939498901367,69.3125,0.0,0.9924900084733963,0.5385695869723955,0.3449187794079383,24
93011,scale_free-N256-p005-seed93011-sha256:2e5d468e9e29a1e76c4abf43c2b978010ddc03104b821c27299f65f31a750a30,0.03875,0.8,shared_random,0.2510489244014024,20.40022563934326,70.0,0.0,0.6795449281732241,0.6428321686883768,0.35736424041291076,24
93011,scale_free-N256-p005-seed93011-sha256:2e5d468e9e29a1e76c4abf43c2b978010ddc03104b821c27299f65f31a750a30,0.03875,0.8,spectral,0.26942255285878974,20.868162155151367,69.27083333333333,0.0,1.01213788241148,0.538665696978569,0.358657560000817,24
93011,scale_free-N256-p005-seed93011-sha256:2e5d468e9e29a1e76c4abf43c2b978010ddc03104b821c27299f65f31a750a30,0.03875,1.0,A_mid,0.3203897979110479,20.746173063913982,69.64583333333333,0.0,0.893051008383433,0.6347649817665418,0.3140336057792107,24
93011,scale_free-N256-p005-seed93011-sha256:2e5d468e9e29a1e76c4abf43c2b978010ddc03104b821c27299f65f31a750a30,0.03875,1.0,A_pool,0.28790625495215255,20.8179505666097,69.22916666666667,0.0,0.9794525057077408,0.5673926472663879,0.33709497191011906,24
93011,scale_free-N256-p005-seed93011-sha256:2e5d468e9e29a1e76c4abf43c2b978010ddc03104b821c27299f65f31a750a30,0.03875,1.0,A_shared,0.30623143352568144,20.806557337443035,69.33333333333333,0.0,0.9729779536525408,0.5921648554503918,0.32303704631825286,24
93011,scale_free-N256-p005-seed93011-sha256:2e5d468e9e29a1e76c4abf43c2b978010ddc03104b821c27299f65f31a750a30,0.03875,1.0,A_sparse,0.2906208423276742,20.831541061401367,69.375,0.0,0.9688874731461207,0.5750987542172273,0.33280007479091483,24
93011,scale_free-N256-p005-seed93011-sha256:2e5d468e9e29a1e76c4abf43c2b978010ddc03104b821c27299f65f31a750a30,0.03875,1.0,shared_random,0.2603999180719256,20.41308355331421,70.0,0.0,0.6689517647027969,0.6589528098702431,0.35105552958945435,24
93011,scale_free-N256-p005-seed93011-sha256:2e5d468e9e29a1e76c4abf43c2b978010ddc03104b821c27299f65f31a750a30,0.03875,1.0,spectral,0.2927449656029542,20.87239384651184,69.29166666666667,0.0,1.0023480628927548,0.5734970035652319,0.34336270454029244,24
93011,scale_free-N256-p005-seed93011-sha256:2e5d468e9e29a1e76c4abf43c2b978010ddc03104b821c27299f65f31a750a30,0.03875,1.2,A_mid,0.26161350434025127,20.758217414220173,69.625,0.0,0.8693628186980883,0.5512791946530342,0.34441178602476913,24
93011,scale_free-N256-p005-seed93011-sha256:2e5d468e9e29a1e76c4abf43c2b978010ddc03104b821c27299f65f31a750a30,0.03875,1.2,A_pool,0.2987230401486158,20.8347962697347,69.375,0.0,0.9726194441318512,0.5817455016076565,0.32689490107198554,24
93011,scale_free-N256-p005-seed93011-sha256:2e5d468e9e29a1e76c4abf43c2b978010ddc03104b821c27299f65f31a750a30,0.03875,1.2,A_shared,0.33563865286608535,20.836423873901367,69.5,0.0,0.9448788041869799,0.6326030716300011,0.29703412515421707,24
93011,scale_free-N256-p005-seed93011-sha256:2e5d468e9e29a1e76c4abf43c2b978010ddc03104b821c27299f65f31a750a30,0.03875,1.2,A_sparse,0.349949116508166,20.860024134318035,69.4375,0.0,0.9517155711849531,0.6610350087285042,0.2960976542284091,24
93011,scale_free-N256-p005-seed93011-sha256:2e5d468e9e29a1e76c4abf43c2b978010ddc03104b821c27299f65f31a750a30,0.03875,1.2,shared_random,0.24321975434819854,20.41707142194112,70.0,0.0,0.6629858190814654,0.6386403702199459,0.36227860301733017,24
93011,scale_free-N256-p005-seed93011-sha256:2e5d468e9e29a1e76c4abf43c2b978010ddc03104b821c27299f65f31a750a30,0.03875,1.2,spectral,0.2892083525657654,20.887205123901367,69.33333333333333,0.0,0.9897151663899422,0.569774940609932,0.33875010535120964,24
93011,scale_free-N256-p005-seed93011-sha256:2e5d468e9e29a1e76c4abf43c2b978010ddc03104b821c27299f65f31a750a30,0.0425,0.8,A_mid,0.26020926733811695,21.151772340138752,69.79166666666667,0.0,0.865974652270476,0.5667903088033199,0.3554429095238447,24
93011,scale_free-N256-p005-seed93011-sha256:2e5d468e9e29a1e76c4abf43c2b978010ddc03104b821c27299f65f31a750a30,0.0425,0.8,A_pool,0.2832879144698381,21.15161116917928,69.35416666666667,0.0,0.9963103433450063,0.5531148662169775,0.3388174405942361,24
93011,scale_free-N256-p005-seed93011-sha256:2e5d468e9e29a1e76c4abf43c2b978010ddc03104b821c27299f65f31a750a30,0.0425,0.8,A_shared,0.3114805414030949,21.150227864583332,69.41666666666667,0.0,0.9825556228558222,0.6047654623786608,0.3271399245907863,24
93011,scale_free-N256-p005-seed93011-sha256:2e5d468e9e29a1e76c4abf43c2b978010ddc03104b821c27299f65f31a750a30,0.0425,0.8,A_sparse,0.34594231968124706,21.164957682291668,69.4375,0.0,0.9901436865329742,0.6450966323415438,0.3030088289330403,24
93011,scale_free-N256-p005-seed93011-sha256:2e5d468e9e29a1e76c4abf43c2b978010ddc03104b821c27299f65f31a750a30,0.0425,0.8,shared_random,0.14840255770832297,20.817541996637978,70.16666666666667,0.0,0.6325225258866946,0.47152621919910115,0.4575336314737797,24
93011,scale_free-N256-p005-seed93011-sha256:2e5d468e9e29a1e76c4abf43c2b978010ddc03104b821c27299f65f31a750a30,0.0425,0.8,spectral,0.25939427316188807,21.188801447550457,69.20833333333333,0.0,1.0287742465734482,0.5101198280851046,0.3590905573219061,24
93011,scale_free-N256-p005-seed93011-sha256:2e5d468e9e29a1e76c4abf43c2b978010ddc03104b821c27299f65f31a750a30,0.0425,1.0,A_mid,0.2416067216545343,21.146564801534016,69.6875,0.0,0.8650988464554151,0.5300132371485233,0.3622733646382888,24
93011,scale_free-N256-p005-seed93011-sha256:2e5d468e9e29a1e76c4abf43c2b978010ddc03104b821c27299f65f31a750a30,0.0425,1.0,A_pool,0.30616963716844714,21.17138671875,69.39583333333333,0.0,0.9845962698260943,0.5927034951746464,0.3253416617711385,24
93011,scale_free-N256-p005-seed93011-sha256:2e5d468e9e29a1e76c4abf43c2b978010ddc03104b821c27299f65f31a750a30,0.0425,1.0,A_shared,0.35310078288118046,21.164957523345947,69.45833333333333,0.0,0.9558148458600044,0.661616454521815,0.2939815074205398,24
93011,scale_free-N256-p005-seed93011-sha256:2e5d468e9e29a1e76c4abf43c2b978010ddc03104b821c27299f65f31a750a30,0.0425,1.0,A_sparse,0.3384879318376382,21.192952473958332,69.45833333333333,0.0,0.9700397700071335,0.6338780497511228,0.30110671619574225,24
93011,scale_free-N256-p005-seed93011-sha256:2e5d468e9e29a1e76c4abf43c2b978010ddc03104b821c27299f65f31a750a30,0.0425,1.0,shared_random,0.16442003318419054,20.814287344614662,70.25,0.0,0.6171292687455813,0.5001903641968966,0.4509718790650368,24
93011,scale_free-N256-p005-seed93011-sha256:2e5d468e9e29a1e76c4abf43c2b978010ddc03104b821c27299f65f31a750a30,0.0425,1.0,spectral,0.3397994215289752,21.20239194234212,69.3125,0.0,1.0047201241056125,0.6425269146760305,0.31647970465322334,24
93011,scale_free-N256-p005-seed93011-sha256:2e5d468e9e29a1e76c4abf43c2b978010ddc03104b821c27299f65f31a750a30,0.0425,1.2,A_mid,0.2846652350078026,21.15038998921712,69.72916666666667,0.0,0.8656984691818556,0.5878890218834082,0.33484425333638984,24
93011,scale_free-N256-p005-seed93011-sha256:2e5d468e9e29a1e76c4abf43c2b978010ddc03104b821c27299f65f31a750a30,0.0425,1.2,A_pool,0.3427967466413975,21.192138671875,69.4375,0.0,0.9646858498454094,0.6449066822727522,0.2999772609521945,24
93011,scale_free-N256-p005-seed93011-sha256:2e5d468e9e29a1e76c4abf43c2b978010ddc03104b821c27299f65f31a750a30,0.0425,1.2,A_shared,0.40717939163247746,21.187987963358562,69.52083333333333,0.0,0.9334049920241038,0.7413123982648054,0.2592531001816193,24
93011,scale_free-N256-p005-seed93011-sha256:2e5d468e9e29a1e76c4abf43c2b978010ddc03104b821c27299f65f31a750a30,0.0425,1.2,A_sparse,0.3426197078078985,21.209798018137615,69.45833333333333,0.0,0.9541360562046369,0.6443280006448427,0.2968093461046616,24
93011,scale_free-N256-p005-seed93011-sha256:2e5d468e9e29a1e76c4abf43c2b978010ddc03104b821c27299f65f31a750a30,0.0425,1.2,shared_random,0.13782022241502997,20.82665697733561,70.16666666666667,0.0,0.60767812281847,0.469883577277263,0.47314755370219547,24
93011,scale_free-N256-p005-seed93011-sha256:2e5d468e9e29a1e76c4abf43c2b978010ddc03104b821c27299f65f31a750a30,0.0425,1.2,spectral,0.3386629583934943,21.2265625,69.39583333333333,0.0,0.9879148801167806,0.6334036538998286,0.3074593469500541,24
93011,scale_free-N256-p005-seed93011-sha256:2e5d468e9e29a1e76c4abf43c2b978010ddc03104b821c27299f65f31a750a30,0.04625,0.8,A_mid,0.23742093952993548,21.46720282236735,69.875,0.0,0.8979142506917318,0.5198056983451048,0.3716628576318423,24
93011,scale_free-N256-p005-seed93011-sha256:2e5d468e9e29a1e76c4abf43c2b978010ddc03104b821c27299f65f31a750a30,0.04625,0.8,A_pool,0.3267729015400012,21.51098569234212,69.45833333333333,0.0,0.9619105358918508,0.630552738904953,0.3157838794092337,24
93011,scale_free-N256-p005-seed93011-sha256:2e5d468e9e29a1e76c4abf43c2b978010ddc03104b821c27299f65f31a750a30,0.04625,0.8,A_shared,0.3140540768702825,21.457356770833332,69.47916666666667,0.0,1.0164481451114018,0.6045071346064409,0.33408673976858455,24
93011,scale_free-N256-p005-seed93011-sha256:2e5d468e9e29a1e76c4abf43c2b978010ddc03104b821c27299f65f31a750a30,0.04625,0.8,A_sparse,0.3209438128396868,21.51017204920451,69.4375,0.0,0.9593484327197075,0.6208495981991291,0.3202704886595408,24
93011,scale_free-N256-p005-seed93011-sha256:2e5d468e9e29a1e76c4abf43c2b978010ddc03104b821c27299f65f31a750a30,0.04625,0.8,shared_random,0.15284490585327146,21.176267306009926,70.27083333333333,0.0,0.603191132346789,0.5035824229319891,0.4525970245401065,24
93011,scale_free-N256-p005-seed93011-sha256:2e5d468e9e29a1e76c4abf43c2b978010ddc03104b821c27299f65f31a750a30,0.04625,0.8,spectral,0.3773370025058587,21.54313071568807,69.4375,0.0,0.9995369414488474,0.6950256464382013,0.29422387791176635,24
93011,scale_free-N256-p005-seed93011-sha256:2e5d468e9e29a1e76c4abf43c2b978010ddc03104b821c27299f65f31a750a30,0.04625,1.0,A_mid,0.27388274980088073,21.468749205271404,69.89583333333333,0.0,0.8752900958061218,0.5743361959854761,0.33767500643928844,24
93011,scale_free-N256-p005-seed93011-sha256:2e5d468e9e29a1e76c4abf43c2b978010ddc03104b821c27299f65f31a750a30,0.04625,1.0,A_pool,0.3505864559362332,21.517252286275227,69.5,0.0,0.9529860292871793,0.6618277579545975,0.30036196857690806,24
93011,scale_free-N256-p005-seed93011-sha256:2e5d468e9e29a1e76c4abf43c2b978010ddc03104b821c27299f65f31a750a30,0.04625,1.0,A_shared,0.3725065377851327,21.46557601292928,69.5,0.0,0.9918007006247839,0.6770805728932222,0.2871781556556622,24
93011,scale_free-N256-p005-seed93011-sha256:2e5d468e9e29a1e76c4abf43c2b978010ddc03104b821c27299f65f31a750a30,0.04625,1.0,A_sparse,0.33499029961725074,21.519612471262615,69.45833333333333,0.0,0.9523713886737823,0.6342462599277496,0.30313963753481704,24
93011,scale_free-N256-p005-seed93011-sha256:2e5d468e9e29a1e76c4abf43c2b978010ddc03104b821c27299f65f31a750a30,0.04625,1.0,shared_random,0.11468469429140286,21.17594194412231,70.20833333333333,0.0,0.586998293797175,0.4146555146823327,0.5038430740435919,24
93011,scale_free-N256-p005-seed93011-sha256:2e5d468e9e29a1e76c4abf43c2b978010ddc03104b821c27299f65f31a750a30,0.04625,1.0,spectral,0.38181843670705956,21.551350434621174,69.5,0.0,0.9901966328422228,0.6918945809205373,0.28379176246623194,24
93011,scale_free-N256-p005-seed93011-sha256:2e5d468e9e29a1e76c4abf43c2b978010ddc03104b821c27299f65f31a750a30,0.04625,1.2,A_mid,0.24413372079531348,21.47525930404663,69.85416666666667,0.0,0.872944841782252,0.5313966137667497,0.35905340127646923,24
93011,scale_free-N256-p005-seed93011-sha256:2e5d468e9e29a1e76c4abf43c2b978010ddc03104b821c27299f65f31a750a30,0.04625,1.2,A_pool,0.3872235144178073,21.535563151041668,69.5,0.0,0.9342412451903025,0.7123778089880943,0.26841236837208265,24
93011,scale_free-N256-p005-seed93011-sha256:2e5d468e9e29a1e76c4abf43c2b978010ddc03104b821c27299f65f31a750a30,0.04625,1.2,A_shared,0.37545582838356495,21.483479340871174,69.5,0.0,0.9655422568321228,0.6917039739588896,0.2861755738655726,24
93011,scale_free-N256-p005-seed93011-sha256:2e5d468e9e29a1e76c4abf43c2b978010ddc03104b821c27299f65f31a750a30,0.04625,1.2,A_sparse,0.3560691059877475,21.548014005025227,69.47916666666667,0.0,0.9296794682741165,0.6727922347684702,0.28705485413471854,24
93011,scale_free-N256-p005-seed93011-sha256:2e5d468e9e29a1e76c4abf43c2b978010ddc03104b821c27299f65f31a750a30,0.04625,1.2,shared_random,0.10712035799709456,21.181719779968258,70.25,0.0,0.5891067596773306,0.39629980238775414,0.5204987650116285,24
93011,scale_free-N256-p005-seed93011-sha256:2e5d468e9e29a1e76c4abf43c2b978010ddc03104b821c27299f65f31a750a30,0.04625,1.2,spectral,0.34902938765784103,21.56241798400879,69.52083333333333,0.0,0.9725892270604769,0.6535597095886866,0.30393222533166403,24
93011,scale_free-N256-p005-seed93011-sha256:2e5d468e9e29a1e76c4abf43c2b978010ddc03104b821c27299f65f31a750a30,0.05,0.8,A_mid,0.2870059227570891,21.80867290496826,69.91666666666667,0.0,0.8881612444917361,0.5963284485042095,0.33844274282455444,24
93011,scale_free-N256-p005-seed93011-sha256:2e5d468e9e29a1e76c4abf43c2b978010ddc03104b821c27299f65f31a750a30,0.05,0.8,A_pool,0.36688409994045895,21.850911140441895,69.5,0.0,0.990519198278586,0.6767118846376737,0.2943337000906467,24
93011,scale_free-N256-p005-seed93011-sha256:2e5d468e9e29a1e76c4abf43c2b978010ddc03104b821c27299f65f31a750a30,0.05,0.8,A_shared,0.4135901002834241,21.795165538787842,69.5,0.0,0.9756091187397639,0.7335348265866438,0.2633605214456717,24
93011,scale_free-N256-p005-seed93011-sha256:2e5d468e9e29a1e76c4abf43c2b978010ddc03104b821c27299f65f31a750a30,0.05,0.8,A_sparse,0.39738145594795543,21.870605150858562,69.5,0.0,0.960293136537075,0.7126340232789516,0.2642177660018205,24
93011,scale_free-N256-p005-seed93011-sha256:2e5d468e9e29a1e76c4abf43c2b978010ddc03104b821c27299f65f31a750a30,0.05,0.8,shared_random,0.1766108827044566,21.47216415405273,70.33333333333333,0.0,0.6736415574947993,0.5061386805027723,0.42897521580259007,24
93011,scale_free-N256-p005-seed93011-sha256:2e5d468e9e29a1e76c4abf43c2b978010ddc03104b821c27299f65f31a750a30,0.05,0.8,spectral,0.3866308269401391,21.91275962193807,69.52083333333333,0.0,0.9875332588950793,0.6954292592902979,0.28331399460633594,24
93011,scale_free-N256-p005-seed93011-sha256:2e5d468e9e29a1e76c4abf43c2b978010ddc03104b821c27299f65f31a750a30,0.05,1.0,A_mid,0.29151781772573787,21.814451535542805,69.91666666666667,0.0,0.8815400525927544,0.6033901385962963,0.33157221227884287,24
93011,scale_free-N256-p005-seed93011-sha256:2e5d468e9e29a1e76c4abf43c2b978010ddc03104b821c27299f65f31a750a30,0.05,1.0,A_pool,0.4232341305663188,21.859130541483562,69.5,0.0,0.9672753885388374,0.7498142669598261,0.25346170179545874,24
93011,scale_free-N256-p005-seed93011-sha256:2e5d468e9e29a1e76c4abf43c2b978010ddc03104b821c27299f65f31a750a30,0.05,1.0,A_shared,0.36948870805402595,21.80338478088379,69.5625,0.0,0.9561919967333475,0.6793094649910927,0.2892534577598174,24
93011,scale_free-N256-p005-seed93011-sha256:2e5d468e9e29a1e76c4abf43c2b978010ddc03104b821c27299f65f31a750a30,0.05,1.0,A_sparse,0.40163930878043175,21.875081221262615,69.5,0.0,0.9580991814533869,0.7273094765841961,0.264297009135286,24
93011,scale_free-N256-p005-seed93011-sha256:2e5d468e9e29a1e76c4abf43c2b978010ddc03104b821c27299f65f31a750a30,0.05,1.0,shared_random,0.15344781056046483,21.489905039469395,70.27083333333333,0.0,0.6572667136788368,0.4653423173973958,0.44382302090525627,24
93011,scale_free-N256-p005-seed93011-sha256:2e5d468e9e29a1e76c4abf43c2b978010ddc03104b821c27299f65f31a750a30,0.05,1.0,spectral,0.34782540425658226,21.92594353357951,69.52083333333333,0.0,0.9706811557213465,0.6494444273412228,0.30717484901348746,24
93011,scale_free-N256-p005-seed93011-sha256:2e5d468e9e29a1e76c4abf43c2b978010ddc03104b821c27299f65f31a750a30,0.05,1.2,A_mid,0.2664342705781261,21.818031311035156,70.0,0.0,0.862395353615284,0.5722904118398825,0.34766331563393277,24
93011,scale_free-N256-p005-seed93011-sha256:2e5d468e9e29a1e76c4abf43c2b978010ddc03104b821c27299f65f31a750a30,0.05,1.2,A_pool,0.4293188080191612,21.870686213175457,69.47916666666667,0.0,0.9529993782440821,0.7594957600037257,0.2453582305461168,24
93011,scale_free-N256-p005-seed93011-sha256:2e5d468e9e29a1e76c4abf43c2b978010ddc03104b821c27299f65f31a750a30,0.05,1.2,A_shared,0.3392987654854854,21.80615170796712,69.54166666666667,0.0,0.9458924060066541,0.6409071497619152,0.306426636253794,24
93011,scale_free-N256-p005-seed93011-sha256:2e5d468e9e29a1e76c4abf43c2b978010ddc03104b821c27299f65f31a750a30,0.05,1.2,A_sparse,0.40513213103016216,21.884113947550457,69.52083333333333,0.0,0.9393787731726965,0.73098066324989,0.2602480668574571,24
93011,scale_free-N256-p005-seed93011-sha256:2e5d468e9e29a1e76c4abf43c2b978010ddc03104b821c27299f65f31a750a30,0.05,1.2,shared_random,0.15148283727467057,21.495276610056553,70.375,0.0,0.640730045735836,0.4721864350140095,0.4495270289480686,24
93011,scale_free-N256-p005-seed93011-sha256:2e5d468e9e29a1e76c4abf43c2b978010ddc03104b821c27299f65f31a750a30,0.05,1.2,spectral,0.3030311424906055,21.934406757354736,69.58333333333333,0.0,0.9580402423938116,0.5888468312720457,0.33462479213873547,24
93012,scale_free-N256-p005-seed93012-sha256:fb4a04d49cfa033d223282178b8976510739bfd82d6837a764845ebd411fc6e7,0.035,0.8,A_mid,0.3613792633016904,20.240639289220173,69.58333333333333,0.0,0.9236308882633845,0.6806162136296431,0.28637256473302836,24
93012,scale_free-N256-p005-seed93012-sha256:fb4a04d49cfa033d223282178b8976510739bfd82d6837a764845ebd411fc6e7,0.035,0.8,A_pool,0.3930573333054781,20.279294967651367,69.5625,0.0,0.9474295104543368,0.7000467479228973,0.2596527921656767,24
93012,scale_free-N256-p005-seed93012-sha256:fb4a04d49cfa033d223282178b8976510739bfd82d6837a764845ebd411fc6e7,0.035,0.8,A_shared,0.3851362857967615,20.192869186401367,69.54166666666667,0.0,0.9365711286664009,0.7032676202555498,0.2690628369649251,24
93012,scale_free-N256-p005-seed93012-sha256:fb4a04d49cfa033d223282178b8976510739bfd82d6837a764845ebd411fc6e7,0.035,0.8,A_sparse,0.2706085263441006,20.353269577026367,69.375,0.0,0.9435077706972758,0.5522967179616293,0.34305342100560665,24
93012,scale_free-N256-p005-seed93012-sha256:fb4a04d49cfa033d223282178b8976510739bfd82d6837a764845ebd411fc6e7,0.035,0.8,shared_random,0.2004867950454354,19.729978561401367,69.60416666666667,0.0,0.6595348616441091,0.5609277797242006,0.4133503499130408,24
93012,scale_free-N256-p005-seed93012-sha256:fb4a04d49cfa033d223282178b8976510739bfd82d6837a764845ebd411fc6e7,0.035,0.8,spectral,0.33794663784404594,20.317380905151367,69.54166666666667,0.0,0.9611689920226733,0.6409484830995401,0.3031830663482348,24
93012,scale_free-N256-p005-seed93012-sha256:fb4a04d49cfa033d223282178b8976510739bfd82d6837a764845ebd411fc6e7,0.035,1.0,A_mid,0.3246796329816182,20.261635462443035,69.58333333333333,0.0,0.9046941151221594,0.6333128549158573,0.305505804096659,24
93012,scale_free-N256-p005-seed93012-sha256:fb4a04d49cfa033d223282178b8976510739bfd82d6837a764845ebd411fc6e7,0.035,1.0,A_pool,0.41067880019545555,20.293861945470173,69.58333333333333,0.0,0.926822322110335,0.7320276809235414,0.24898193652431166,24
93012,scale_free-N256-p005-seed93012-sha256:fb4a04d49cfa033d223282178b8976510739bfd82d6837a764845ebd411fc6e7,0.035,1.0,A_shared,0.40716870812078315,20.202634811401367,69.52083333333333,0.0,0.9243097652991613,0.7383734658360481,0.25273092649877066,24
93012,scale_free-N256-p005-seed93012-sha256:fb4a04d49cfa033d223282178b8976510739bfd82d6837a764845ebd411fc6e7,0.035,1.0,A_sparse,0.32041833549737925,20.373451868693035,69.41666666666667,0.0,0.9316257014870644,0.621390367547671,0.3081345576792955,24
93012,scale_free-N256-p005-seed93012-sha256:fb4a04d49cfa033d223282178b8976510739bfd82d6837a764845ebd411fc6e7,0.035,1.0,shared_random,0.16960291704162953,19.747068405151367,69.64583333333333,0.0,0.6484076976776123,0.5031931089858214,0.4375676363706589,24
93012,scale_free-N256-p005-seed93012-sha256:fb4a04d49cfa033d223282178b8976510739bfd82d6837a764845ebd411fc6e7,0.035,1.0,spectral,0.339321494102478,20.320717414220173,69.54166666666667,0.0,0.957513136168321,0.6330366308490435,0.29624708866079646,24
93012,scale_free-N256-p005-seed93012-sha256:fb4a04d49cfa033d223282178b8976510739bfd82d6837a764845ebd411fc6e7,0.035,1.2,A_mid,0.3370061752696832,20.276039759318035,69.60416666666667,0.0,0.8828353360295296,0.6578342368205389,0.2960739657282829,24
93012,scale_free-N256-p005-seed93012-sha256:fb4a04d49cfa033d223282178b8976510739bfd82d6837a764845ebd411fc6e7,0.035,1.2,A_pool,0.36546168848872185,20.3013490041097,69.5625,0.0,0.9044160346190134,0.6833274786671003,0.2775051146745681,24
93012,scale_free-N256-p005-seed93012-sha256:fb4a04d49cfa033d223282178b8976510739bfd82d6837a764845ebd411fc6e7,0.035,1.2,A_shared,0.4061254970729351,20.214516321818035,69.52083333333333,0.0,0.9204574351509412,0.7350367307662964,0.24937223146359122,24
93012,scale_free-N256-p005-seed93012-sha256:fb4a04d49cfa033d223282178b8976510739bfd82d6837a764845ebd411fc6e7,0.035,1.2,A_sparse,0.34282220900058746,20.392087777455647,69.45833333333333,0.0,0.9106399243076643,0.6606276618937651,0.2925108335912227,24
93012,scale_free-N256-p005-seed93012-sha256:fb4a04d49cfa033d223282178b8976510739bfd82d6837a764845ebd411fc6e7,0.035,1.2,shared_random,0.19041391058514512,19.747312545776367,69.60416666666667,0.0,0.644660510122776,0.5480564646422863,0.4156210528065761,24
93012,scale_free-N256-p005-seed93012-sha256:fb4a04d49cfa033d223282178b8976510739bfd82d6837a764845ebd411fc6e7,0.035,1.2,spectral,0.3571523192028205,20.34325973192851,69.52083333333333,0.0,0.9468348423639933,0.6628325233856837,0.2846743476887544,24
93012,scale_free-N256-p005-seed93012-sha256:fb4a04d49cfa033d223282178b8976510739bfd82d6837a764845ebd411fc6e7,0.03875,0.8,A_mid,0.30350805042932427,20.612709283828735,69.625,0.0,0.9126167967915535,0.6015085764229298,0.32466513166824973,24
93012,scale_free-N256-p005-seed93012-sha256:fb4a04d49cfa033d223282178b8976510739bfd82d6837a764845ebd411fc6e7,0.03875,0.8,A_pool,0.3798756853987773,20.628090222676594,69.54166666666667,0.0,0.9289199312527975,0.6991855874657631,0.27785142449041206,24
93012,scale_free-N256-p005-seed93012-sha256:fb4a04d49cfa033d223282178b8976510739bfd82d6837a764845ebd411fc6e7,0.03875,0.8,A_shared,0.3460784399261077,20.5327943166097,69.5,0.0,0.9521305511395136,0.6579532139003277,0.2970047785590092,24
93012,scale_free-N256-p005-seed93012-sha256:fb4a04d49cfa033d223282178b8976510739bfd82d6837a764845ebd411fc6e7,0.03875,0.8,A_sparse,0.3200723367432753,20.713621139526367,69.375,0.0,0.976030799249808,0.6101016700267792,0.315631257990996,24
93012,scale_free-N256-p005-seed93012-sha256:fb4a04d49cfa033d223282178b8976510739bfd82d6837a764845ebd411fc6e7,0.03875,0.8,shared_random,0.1418152465485036,20.080076217651367,69.95833333333333,0.0,0.6376227140426636,0.4658477728565534,0.4719192075232665,24
93012,scale_free-N256-p005-seed93012-sha256:fb4a04d49cfa033d223282178b8976510739bfd82d6837a764845ebd411fc6e7,0.03875,0.8,spectral,0.37043518635133904,20.666420618693035,69.45833333333333,0.0,0.9879954333106676,0.6739009730517864,0.2853813109298547,24
93012,scale_free-N256-p005-seed93012-sha256:fb4a04d49cfa033d223282178b8976510739bfd82d6837a764845ebd411fc6e7,0.03875,1.0,A_mid,0.3256943859159946,20.621498505274456,69.625,0.0,0.9071634858846664,0.6261580300827821,0.3000469555457433,24
93012,scale_free-N256-p005-seed93012-sha256:fb4a04d49cfa033d223282178b8976510739bfd82d6837a764845ebd411fc6e7,0.03875,1.0,A_pool,0.35802649706602097,20.64111129442851,69.625,0.0,0.9065349847078323,0.6761138116319975,0.290120493620634,24
93012,scale_free-N256-p005-seed93012-sha256:fb4a04d49cfa033d223282178b8976510739bfd82d6837a764845ebd411fc6e7,0.03875,1.0,A_shared,0.39693987431625527,20.552162806193035,69.52083333333333,0.0,0.9257170731822649,0.7305369774500529,0.26339343748986715,24
93012,scale_free-N256-p005-seed93012-sha256:fb4a04d49cfa033d223282178b8976510739bfd82d6837a764845ebd411fc6e7,0.03875,1.0,A_sparse,0.3342981481303771,20.726723353068035,69.45833333333333,0.0,0.9484678109486898,0.6317576517661413,0.29918293965359527,24
93012,scale_free-N256-p005-seed93012-sha256:fb4a04d49cfa033d223282178b8976510739bfd82d6837a764845ebd411fc6e7,0.03875,1.0,shared_random,0.17019118027140692,20.085121790568035,69.875,0.0,0.6486338526010513,0.5191148941715559,0.436070932696263,24
93012,scale_free-N256-p005-seed93012-sha256:fb4a04d49cfa033d223282178b8976510739bfd82d6837a764845ebd411fc6e7,0.03875,1.0,spectral,0.3389621265232563,20.666908740997314,69.41666666666667,0.0,0.9833574990431467,0.6354157775640488,0.3049501919498046,24
93012,scale_free-N256-p005-seed93012-sha256:fb4a04d49cfa033d223282178b8976510739bfd82d6837a764845ebd411fc6e7,0.03875,1.2,A_mid,0.33471903887887794,20.635251839955647,69.58333333333333,0.0,0.8981772437691689,0.6588185764849186,0.2988547291606664,24
93012,scale_free-N256-p005-seed93012-sha256:fb4a04d49cfa033d223282178b8976510739bfd82d6837a764845ebd411fc6e7,0.03875,1.2,A_pool,0.33873877239724,20.66235152880351,69.64583333333333,0.0,0.8912619426846504,0.6608055867254734,0.30239964897433913,24
93012,scale_free-N256-p005-seed93012-sha256:fb4a04d49cfa033d223282178b8976510739bfd82d6837a764845ebd411fc6e7,0.03875,1.2,A_shared,0.38289710817237693,20.556719938913982,69.52083333333333,0.0,0.9161934604247411,0.7097461385031542,0.26886320859193796,24
93012,scale_free-N256-p005-seed93012-sha256:fb4a04d49cfa033d223282178b8976510739bfd82d6837a764845ebd411fc6e7,0.03875,1.2,A_sparse,0.30967962928116316,20.733559290568035,69.4375,0.0,0.9406992147366205,0.6012807749211788,0.3157811630517244,24
93012,scale_free-N256-p005-seed93012-sha256:fb4a04d49cfa033d223282178b8976510739bfd82d6837a764845ebd411fc6e7,0.03875,1.2,shared_random,0.15436163948227957,20.101479212443035,69.875,0.0,0.643303836385409,0.48192936306198436,0.450762207309405,24
93012,scale_free-N256-p005-seed93012-sha256:fb4a04d49cfa033d223282178b8976510739bfd82d6837a764845ebd411fc6e7,0.03875,1.2,spectral,0.3423554419229428,20.6934388478597,69.5,0.0,0.9616834074258804,0.6406795171399912,0.29817235159377253,24
93012,scale_free-N256-p005-seed93012-sha256:fb4a04d49cfa033d223282178b8976510739bfd82d6837a764845ebd411fc6e7,0.0425,0.8,A_mid,0.3578730517377456,20.946937958399456,69.52083333333333,0.0,0.9454478124777476,0.6659515562156836,0.29041790155073005,24
93012,scale_free-N256-p005-seed93012-sha256:fb4a04d49cfa033d223282178b8976510739bfd82d6837a764845ebd411fc6e7,0.0425,0.8,A_pool,0.33496274426579475,20.976967414220173,69.66666666666667,0.0,0.9324358304341634,0.6366817293067774,0.3030617653081814,24
93012,scale_free-N256-p005-seed93012-sha256:fb4a04d49cfa033d223282178b8976510739bfd82d6837a764845ebd411fc6e7,0.0425,0.8,A_shared,0.293672817448775,20.86970829963684,69.58333333333333,0.0,0.9473942766586939,0.5910453846057256,0.3412550787130992,24
93012,scale_free-N256-p005-seed93012-sha256:fb4a04d49cfa033d223282178b8976510739bfd82d6837a764845ebd411fc6e7,0.0425,0.8,A_sparse,0.3655887891848882,21.056721448898315,69.5,0.0,0.9667163093884786,0.6720814754565557,0.28360304671029246,24
93012,scale_free-N256-p005-seed93012-sha256:fb4a04d49cfa033d223282178b8976510739bfd82d6837a764845ebd411fc6e7,0.0425,0.8,shared_random,0.1969952285289764,20.453285614649456,69.97916666666667,0.0,0.6421437636017799,0.5676789209246635,0.4107794091105461,24
93012,scale_free-N256-p005-seed93012-sha256:fb4a04d49cfa033d223282178b8976510739bfd82d6837a764845ebd411fc6e7,0.0425,0.8,spectral,0.3209778691331545,20.981524387995403,69.54166666666667,0.0,0.9921151772141457,0.6016961832841238,0.31597334332764143,24
93012,scale_free-N256-p005-seed93012-sha256:fb4a04d49cfa033d223282178b8976510739bfd82d6837a764845ebd411fc6e7,0.0425,1.0,A_mid,0.32497375272214407,20.965980768203735,69.54166666666667,0.0,0.9229355156421661,0.6341538180907568,0.30974268044034636,24
93012,scale_free-N256-p005-seed93012-sha256:fb4a04d49cfa033d223282178b8976510739bfd82d6837a764845ebd411fc6e7,0.0425,1.0,A_pool,0.26992975485821563,20.99487066268921,69.66666666666667,0.0,0.9120136102040609,0.5574753868083159,0.3430754604438941,24
93012,scale_free-N256-p005-seed93012-sha256:fb4a04d49cfa033d223282178b8976510739bfd82d6837a764845ebd411fc6e7,0.0425,1.0,A_shared,0.34663773886859417,20.876869599024456,69.52083333333333,0.0,0.937408521771431,0.6565299953023592,0.2975299594302972,24
93012,scale_free-N256-p005-seed93012-sha256:fb4a04d49cfa033d223282178b8976510739bfd82d6837a764845ebd411fc6e7,0.0425,1.0,A_sparse,0.3696402770777543,21.068440437316895,69.54166666666667,0.0,0.9509886528054873,0.6785495343307654,0.27744720938305056,24
93012,scale_free-N256-p005-seed93012-sha256:fb4a04d49cfa033d223282178b8976510739bfd82d6837a764845ebd411fc6e7,0.0425,1.0,shared_random,0.21267118615408734,20.46443486213684,69.97916666666667,0.0,0.6227778146664301,0.622123787800471,0.39555900792280835,24
93012,scale_free-N256-p005-seed93012-sha256:fb4a04d49cfa033d223282178b8976510739bfd82d6837a764845ebd411fc6e7,0.0425,1.0,spectral,0.3482978244622548,20.98445415496826,69.5,0.0,0.9860451966524124,0.6415161391099294,0.2978964683910211,24
93012,scale_free-N256-p005-seed93012-sha256:fb4a04d49cfa033d223282178b8976510739bfd82d6837a764845ebd411fc6e7,0.0425,1.2,A_mid,0.33008158641556895,20.977048476537068,69.625,0.0,0.9125213896234831,0.6320284840961298,0.30714777360359824,24
93012,scale_free-N256-p005-seed93012-sha256:fb4a04d49cfa033d223282178b8976510739bfd82d6837a764845ebd411fc6e7,0.0425,1.2,A_pool,0.3172760295371214,20.997556527455647,69.64583333333333,0.0,0.9105294148127238,0.6246117738385996,0.3111278122911851,24
93012,scale_free-N256-p005-seed93012-sha256:fb4a04d49cfa033d223282178b8976510739bfd82d6837a764845ebd411fc6e7,0.0425,1.2,A_shared,0.37790965257833403,20.8797181447347,69.47916666666667,0.0,0.9311597595612208,0.6956135717531046,0.2735704202204942,24
93012,scale_free-N256-p005-seed93012-sha256:fb4a04d49cfa033d223282178b8976510739bfd82d6837a764845ebd411fc6e7,0.0425,1.2,A_sparse,0.39420738567908603,21.08219353357951,69.54166666666667,0.0,0.9253429646293322,0.7170975022017956,0.2636353019624948,24
93012,scale_free-N256-p005-seed93012-sha256:fb4a04d49cfa033d223282178b8976510739bfd82d6837a764845ebd411fc6e7,0.0425,1.2,shared_random,0.20688438850144542,20.478757619857788,70.0,0.0,0.6087270503242811,0.62128929545482,0.39893383036057156,24
93012,scale_free-N256-p005-seed93012-sha256:fb4a04d49cfa033d223282178b8976510739bfd82d6837a764845ebd411fc6e7,0.0425,1.2,spectral,0.3239445475240548,20.99690532684326,69.5625,0.0,0.9720038225253423,0.6135815468927225,0.31065426456431544,24
93012,scale_free-N256-p005-seed93012-sha256:fb4a04d49cfa033d223282178b8976510739bfd82d6837a764845ebd411fc6e7,0.04625,0.8,A_mid,0.3893666695803404,21.25919500986735,69.54166666666667,0.0,0.9697799980640411,0.7019956285754839,0.2774613828708728,24
93012,scale_free-N256-p005-seed93012-sha256:fb4a04d49cfa033d223282178b8976510739bfd82d6837a764845ebd411fc6e7,0.04625,0.8,A_pool,0.2559220402811964,21.339597543080647,69.6875,0.0,0.9351336061954498,0.531805980950594,0.367759491627415,24
93012,scale_free-N256-p005-seed93012-sha256:fb4a04d49cfa033d223282178b8976510739bfd82d6837a764845ebd411fc6e7,0.04625,0.8,A_shared,0.355428708717227,21.21866782506307,69.54166666666667,0.0,0.9368724375963211,0.6668520954747995,0.2938057978947957,24
93012,scale_free-N256-p005-seed93012-sha256:fb4a04d49cfa033d223282178b8976510739bfd82d6837a764845ebd411fc6e7,0.04625,0.8,A_sparse,0.33279141162832576,21.38330014546712,69.58333333333333,0.0,0.9308050299684206,0.6426764043668906,0.3098828246196111,24
93012,scale_free-N256-p005-seed93012-sha256:fb4a04d49cfa033d223282178b8976510739bfd82d6837a764845ebd411fc6e7,0.04625,0.8,shared_random,0.20843764922271169,20.801918029785156,70.04166666666667,0.0,0.6389610469341278,0.5902129473785559,0.39802443608641624,24
93012,scale_free-N256-p005-seed93012-sha256:fb4a04d49cfa033d223282178b8976510739bfd82d6837a764845ebd411fc6e7,0.04625,0.8,spectral,0.32032192001740134,21.314369996388752,69.54166666666667,0.0,0.9729581748445829,0.6156268753111362,0.3245976983259121,24
93012,scale_free-N256-p005-seed93012-sha256:fb4a04d49cfa033d223282178b8976510739bfd82d6837a764845ebd411fc6e7,0.04625,1.0,A_mid,0.3428113653014104,21.26847251256307,69.5625,0.0,0.9460980519652367,0.6513529879351457,0.30564517155289644,24
93012,scale_free-N256-p005-seed93012-sha256:fb4a04d49cfa033d223282178b8976510739bfd82d6837a764845ebd411fc6e7,0.04625,1.0,A_pool,0.23968712519854304,21.367916901906327,69.8125,0.0,0.9126509974400202,0.5003799485663573,0.3710860249896844,24
93012,scale_free-N256-p005-seed93012-sha256:fb4a04d49cfa033d223282178b8976510739bfd82d6837a764845ebd411fc6e7,0.04625,1.0,A_shared,0.3274816153571009,21.222981135050457,69.58333333333333,0.0,0.929009939233462,0.6302940684060255,0.31030881342788535,24
93012,scale_free-N256-p005-seed93012-sha256:fb4a04d49cfa033d223282178b8976510739bfd82d6837a764845ebd411fc6e7,0.04625,1.0,A_sparse,0.2876797299832105,21.40665610631307,69.625,0.0,0.9127104704578718,0.5718569730718931,0.3321528068433205,24
93012,scale_free-N256-p005-seed93012-sha256:fb4a04d49cfa033d223282178b8976510739bfd82d6837a764845ebd411fc6e7,0.04625,1.0,shared_random,0.22579367862393454,20.81078855196635,70.0,0.0,0.6248813644051552,0.6477838816742102,0.3797137017051379,24
93012,scale_free-N256-p005-seed93012-sha256:fb4a04d49cfa033d223282178b8976510739bfd82d6837a764845ebd411fc6e7,0.04625,1.0,spectral,0.30940911670525867,21.327960650126137,69.5625,0.0,0.9586652591824532,0.6022648190458616,0.32480763085186476,24
93012,scale_free-N256-p005-seed93012-sha256:fb4a04d49cfa033d223282178b8976510739bfd82d6837a764845ebd411fc6e7,0.04625,1.2,A_mid,0.3464520424604416,21.2945138613383,69.58333333333333,0.0,0.9304668928186098,0.6547417044639587,0.30034040783842403,24
93012,scale_free-N256-p005-seed93012-sha256:fb4a04d49cfa033d223282178b8976510739bfd82d6837a764845ebd411fc6e7,0.04625,1.2,A_pool,0.2603046574319402,21.369872252146404,69.79166666666667,0.0,0.9072502056757609,0.5471240896731615,0.36012565592924756,24
93012,scale_free-N256-p005-seed93012-sha256:fb4a04d49cfa033d223282178b8976510739bfd82d6837a764845ebd411fc6e7,0.04625,1.2,A_shared,0.38017791664848727,21.231770197550457,69.58333333333333,0.0,0.9218293676773707,0.6916309197743734,0.27403810123602546,24
93012,scale_free-N256-p005-seed93012-sha256:fb4a04d49cfa033d223282178b8976510739bfd82d6837a764845ebd411fc6e7,0.04625,1.2,A_sparse,0.28168456194301444,21.41373618443807,69.66666666666667,0.0,0.9066850145657858,0.5675796456634998,0.33298249604801333,24
93012,scale_free-N256-p005-seed93012-sha256:fb4a04d49cfa033d223282178b8976510739bfd82d6837a764845ebd411fc6e7,0.04625,1.2,shared_random,0.19826381715635455,20.837318658828735,70.04166666666667,0.0,0.6041025022665659,0.608247023075819,0.4148638794819514,24
93012,scale_free-N256-p005-seed93012-sha256:fb4a04d49cfa033d223282178b8976510739bfd82d6837a764845ebd411fc6e7,0.04625,1.2,spectral,0.38132191604624194,21.335692405700684,69.5625,0.0,0.9475941061973572,0.704945075015227,0.28093267853061354,24
93012,scale_free-N256-p005-seed93012-sha256:fb4a04d49cfa033d223282178b8976510739bfd82d6837a764845ebd411fc6e7,0.05,0.8,A_mid,0.2907017438362042,21.637042840321858,69.79166666666667,0.0,0.9286689882477125,0.5828954552610716,0.3355605745067199,24
93012,scale_free-N256-p005-seed93012-sha256:fb4a04d49cfa033d223282178b8976510739bfd82d6837a764845ebd411fc6e7,0.05,0.8,A_pool,0.27535769715905184,21.685299873352047,69.97916666666667,0.0,0.9088319937388102,0.582206296424071,0.3532411952813466,24
93012,scale_free-N256-p005-seed93012-sha256:fb4a04d49cfa033d223282178b8976510739bfd82d6837a764845ebd411fc6e7,0.05,0.8,A_shared,0.32397874444723124,21.524250984191895,69.5625,0.0,0.9267282535632452,0.6278578527271748,0.31710478663444513,24
93012,scale_free-N256-p005-seed93012-sha256:fb4a04d49cfa033d223282178b8976510739bfd82d6837a764845ebd411fc6e7,0.05,0.8,A_sparse,0.3631178252398968,21.7071115175883,69.625,0.0,0.9197820375363032,0.6777432151138783,0.2839643228799104,24
93012,scale_free-N256-p005-seed93012-sha256:fb4a04d49cfa033d223282178b8976510739bfd82d6837a764845ebd411fc6e7,0.05,0.8,shared_random,0.15964487505455807,21.174883842468258,70.14583333333333,0.0,0.6047173216938972,0.5164644494652748,0.45534105350573856,24
93012,scale_free-N256-p005-seed93012-sha256:fb4a04d49cfa033d223282178b8976510739bfd82d6837a764845ebd411fc6e7,0.05,0.8,spectral,0.31722688519706327,21.636960983276367,69.54166666666667,0.0,0.9783805906772614,0.6185310718913873,0.3359234494467576,24
93012,scale_free-N256-p005-seed93012-sha256:fb4a04d49cfa033d223282178b8976510739bfd82d6837a764845ebd411fc6e7,0.05,1.0,A_mid,0.27349708539744216,21.649250030517578,69.83333333333333,0.0,0.9253274475534757,0.5625431003669897,0.3487614765763283,24
93012,scale_free-N256-p005-seed93012-sha256:fb4a04d49cfa033d223282178b8976510739bfd82d6837a764845ebd411fc6e7,0.05,1.0,A_pool,0.24145450939734772,21.678953170776367,69.875,0.0,0.9098760734001795,0.5202636035780112,0.3703401864816745,24
93012,scale_free-N256-p005-seed93012-sha256:fb4a04d49cfa033d223282178b8976510739bfd82d6837a764845ebd411fc6e7,0.05,1.0,A_shared,0.3011121501525243,21.532877445220947,69.66666666666667,0.0,0.9088358953595161,0.6029939390718937,0.3303500780214866,24
93012,scale_free-N256-p005-seed93012-sha256:fb4a04d49cfa033d223282178b8976510739bfd82d6837a764845ebd411fc6e7,0.05,1.0,A_sparse,0.2949773091822862,21.728514512379963,69.72916666666667,0.0,0.9044677565495173,0.5965557992458344,0.3353704164425532,24
93012,scale_free-N256-p005-seed93012-sha256:fb4a04d49cfa033d223282178b8976510739bfd82d6837a764845ebd411fc6e7,0.05,1.0,shared_random,0.13246897623563803,21.190833568572994,70.08333333333333,0.0,0.5905358617504438,0.46494800473252934,0.48185138031840324,24
93012,scale_free-N256-p005-seed93012-sha256:fb4a04d49cfa033d223282178b8976510739bfd82d6837a764845ebd411fc6e7,0.05,1.0,spectral,0.3174349094430606,21.656899293263752,69.625,0.0,0.9643717631697655,0.6213550741473833,0.3301333567748467,24
93012,scale_free-N256-p005-seed93012-sha256:fb4a04d49cfa033d223282178b8976510739bfd82d6837a764845ebd411fc6e7,0.05,1.2,A_mid,0.30458425109585124,21.66463041305542,69.9375,0.0,0.9056752597292265,0.6137416201333205,0.32750210600594676,24
93012,scale_free-N256-p005-seed93012-sha256:fb4a04d49cfa033d223282178b8976510739bfd82d6837a764845ebd411fc6e7,0.05,1.2,A_pool,0.23708368154863513,21.7007630666097,69.97916666666667,0.0,0.8880046183864275,0.5205293670296669,0.37303179999192554,24
93012,scale_free-N256-p005-seed93012-sha256:fb4a04d49cfa033d223282178b8976510739bfd82d6837a764845ebd411fc6e7,0.05,1.2,A_shared,0.3141020027299722,21.549885272979736,69.60416666666667,0.0,0.9093904371062914,0.618973239014546,0.3167991675436496,24
93012,scale_free-N256-p005-seed93012-sha256:fb4a04d49cfa033d223282178b8976510739bfd82d6837a764845ebd411fc6e7,0.05,1.2,A_sparse,0.296758832099537,21.73868703842163,69.66666666666667,0.0,0.8928831393520037,0.6009023586908976,0.32701237685978407,24
93012,scale_free-N256-p005-seed93012-sha256:fb4a04d49cfa033d223282178b8976510739bfd82d6837a764845ebd411fc6e7,0.05,1.2,shared_random,0.16790387531121567,21.18464914957682,70.08333333333333,0.0,0.6035084451238314,0.5349435470998287,0.44536377489566803,24
93012,scale_free-N256-p005-seed93012-sha256:fb4a04d49cfa033d223282178b8976510739bfd82d6837a764845ebd411fc6e7,0.05,1.2,spectral,0.24900932516902682,21.664467493693035,69.60416666666667,0.0,0.9500956560174624,0.5219966707130274,0.3739462389300267,24
