phase,priority,N,topology,graph_seed,regime,coupling,connection_prob,noise_sigma,k,budget_fraction,evaluation_repeats,task_id,evidence_source,method,score,raw_rows,mask_key,sel_total_degree,sel_feedback,sel_cycle3,sel_bridge,sel_spectral,coverage1,coverage2,out_neighbor_redundancy,selected_dispersion,optimizer_search_best,task_type,search_replicate,validation_repeats
stage4b_replication,0,256,scale_free,42001,sparse_drive,0.05,0.05,1.0,8,0.03125,16.0,91577d065d1e86f845,stage4_complete,cycle_proxy,0.0326829627156257,1,"1,2,3,6,7,11,13,15",79.875,1686.75,158.125,0.0,0.167432393436526,0.6640625,1.0,0.1193652364207957,1.0357142857142858,0.3437315225601196,,,
stage4b_replication,0,256,scale_free,42001,sparse_drive,0.05,0.05,1.0,8,0.03125,16.0,91577d065d1e86f845,stage4_complete,feedback_hub,0.0465013086795806,1,"1,2,3,6,9,11,15,25",80.625,1715.75,149.375,0.0,0.1629840084514171,0.6875,1.0,0.1177688454565304,1.25,0.3437315225601196,,,
stage4b_replication,0,256,scale_free,42001,sparse_drive,0.05,0.05,1.0,8,0.03125,16.0,91577d065d1e86f845,stage4_complete,dynamics_aware,0.2856296300888061,1,"5,31,39,99,163,201,219,238",27.5,281.875,24.5,0.0,0.0589218756639801,0.3359375,0.98046875,0.0430963665293769,1.8928571428571428,0.3437315225601196,,,
stage4b_replication,0,256,scale_free,42001,sparse_drive,0.05,0.05,1.0,8,0.03125,16.0,91577d065d1e86f845,stage4_complete,high_degree,0.0278442911803722,1,"0,1,2,3,6,9,11,15",80.625,1715.125,152.5,0.0,0.1649116924021976,0.703125,1.0,0.1232311549086675,1.0714285714285714,0.3437315225601196,,,
stage4b_replication,0,256,scale_free,42001,sparse_drive,0.05,0.05,1.0,8,0.03125,16.0,91577d065d1e86f845,stage4_complete,module_bridge,0.0278442911803722,1,"0,1,2,3,6,9,11,15",80.625,1715.125,152.5,0.0,0.1649116924021976,0.703125,1.0,0.1232311549086675,1.0714285714285714,0.3437315225601196,,,
stage4b_replication,0,256,scale_free,42001,sparse_drive,0.05,0.05,1.0,8,0.03125,16.0,91577d065d1e86f845,stage4_complete,random,0.08189865946769712,32,,24.29296875,222.9453125,19.796875,0.0,0.050397021193052075,0.32763671875,0.9796142578125,0.030953499118174414,2.0033482142857144,0.3437315225601196,,,
stage4b_replication,0,256,scale_free,42001,sparse_drive,0.05,0.05,1.0,8,0.03125,16.0,91577d065d1e86f845,stage4_complete,spectral,0.0326829627156257,1,"1,2,3,6,7,11,13,15",79.875,1686.75,158.125,0.0,0.167432393436526,0.6640625,1.0,0.1193652364207957,1.0357142857142858,0.3437315225601196,,,
stage4b_replication,0,256,scale_free,42001,sparse_drive,0.05,0.05,1.0,16,0.0625,16.0,cba6acd7d8e5a07e32,stage4_complete,cycle_proxy,0.1729275584220886,1,"0,1,2,3,4,6,7,8,9,10,11,12,13,15,20,21",72.6875,1406.1875,135.1875,0.0,0.154040142307091,0.85546875,1.0,0.1052202446480577,1.0833333333333333,0.27841916680336,,,
stage4b_replication,0,256,scale_free,42001,sparse_drive,0.05,0.05,1.0,16,0.0625,16.0,cba6acd7d8e5a07e32,stage4_complete,feedback_hub,0.1309355944395065,1,"0,1,2,3,4,6,7,9,11,12,13,15,20,21,23,25",73.1875,1429.625,129.9375,0.0,0.1514640161842433,0.85546875,1.0,0.1058734842307533,1.2166666666666666,0.27841916680336,,,
stage4b_replication,0,256,scale_free,42001,sparse_drive,0.05,0.05,1.0,16,0.0625,16.0,cba6acd7d8e5a07e32,stage4_complete,dynamics_aware,0.1873056590557098,1,"0,20,25,77,81,82,113,138,163,170,186,211,212,218,225,242",26.6875,303.625,24.125,0.0,0.053581798884347,0.5703125,0.99609375,0.026165195818656,2.05,0.27841916680336,,,
stage4b_replication,0,256,scale_free,42001,sparse_drive,0.05,0.05,1.0,16,0.0625,16.0,cba6acd7d8e5a07e32,stage4_complete,high_degree,0.1121880710124969,1,"0,1,2,3,6,7,9,10,11,12,13,15,20,21,23,25",73.25,1424.8125,130.5625,0.0,0.1518302925360493,0.859375,1.0,0.1024437682874853,1.2,0.27841916680336,,,
stage4b_replication,0,256,scale_free,42001,sparse_drive,0.05,0.05,1.0,16,0.0625,16.0,cba6acd7d8e5a07e32,stage4_complete,module_bridge,0.1121880710124969,1,"0,1,2,3,6,7,9,10,11,12,13,15,20,21,23,25",73.25,1424.8125,130.5625,0.0,0.1518302925360493,0.859375,1.0,0.1024437682874853,1.2,0.27841916680336,,,
stage4b_replication,0,256,scale_free,42001,sparse_drive,0.05,0.05,1.0,16,0.0625,16.0,cba6acd7d8e5a07e32,stage4_complete,random,0.024334991205250792,32,,24.55859375,233.69921875,20.22265625,0.0,0.05058894777072116,0.53759765625,0.9971923828125,0.0297037599491221,2.00546875,0.27841916680336,,,
stage4b_replication,0,256,scale_free,42001,sparse_drive,0.05,0.05,1.0,16,0.0625,16.0,cba6acd7d8e5a07e32,stage4_complete,spectral,0.1144918575882911,1,"0,1,2,3,4,5,6,7,8,9,10,11,12,13,14,15",72.0625,1385.625,133.5,0.0,0.1542348947847605,0.85546875,1.0,0.1083018190397826,1.025,0.27841916680336,,,
stage4b_replication,0,256,scale_free,42001,sparse_drive,0.05,0.05,1.0,24,0.09375,16.0,04e1a03173794ab24e,stage4_complete,cycle_proxy,0.2680511772632599,1,"0,1,2,3,4,5,6,7,8,9,10,11,12,13,14,15,17,18,19,20,21,22,23,25",68.33333333333333,1253.7083333333333,117.33333333333331,0.0,0.144122159248767,0.9140625,1.0,0.1007915015531161,1.2210144927536233,0.4366970956325531,,,
stage4b_replication,0,256,scale_free,42001,sparse_drive,0.05,0.05,1.0,24,0.09375,16.0,04e1a03173794ab24e,stage4_complete,feedback_hub,0.2685336768627167,1,"0,1,2,3,4,5,6,7,8,9,10,11,12,13,14,15,18,19,20,21,22,23,25,26",68.54166666666667,1258.7083333333333,116.20833333333331,0.0,0.1436961276374126,0.91796875,1.0,0.1008178259528322,1.2355072463768115,0.4366970956325531,,,
stage4b_replication,0,256,scale_free,42001,sparse_drive,0.05,0.05,1.0,24,0.09375,16.0,04e1a03173794ab24e,stage4_complete,dynamics_aware,0.2735411822795868,1,"1,2,3,4,6,8,10,12,13,14,15,18,19,20,21,22,23,25,26,68,77,111,113,147",57.833333333333336,982.125,91.29166666666669,0.0,0.1212624919789957,0.875,1.0,0.0722140273006213,1.4384057971014492,0.4366970956325531,,,
stage4b_replication,0,256,scale_free,42001,sparse_drive,0.05,0.05,1.0,24,0.09375,16.0,04e1a03173794ab24e,stage4_complete,high_degree,0.2685336768627167,1,"0,1,2,3,4,5,6,7,8,9,10,11,12,13,14,15,18,19,20,21,22,23,25,26",68.54166666666667,1258.7083333333333,116.20833333333331,0.0,0.1436961276374126,0.91796875,1.0,0.1008178259528322,1.2355072463768115,0.4366970956325531,,,
stage4b_replication,0,256,scale_free,42001,sparse_drive,0.05,0.05,1.0,24,0.09375,16.0,04e1a03173794ab24e,stage4_complete,module_bridge,0.2685336768627167,1,"0,1,2,3,4,5,6,7,8,9,10,11,12,13,14,15,18,19,20,21,22,23,25,26",68.54166666666667,1258.7083333333333,116.20833333333331,0.0,0.1436961276374126,0.91796875,1.0,0.1008178259528322,1.2355072463768115,0.4366970956325531,,,
stage4b_replication,0,256,scale_free,42001,sparse_drive,0.05,0.05,1.0,24,0.09375,16.0,04e1a03173794ab24e,stage4_complete,random,0.02394677136908281,32,,25.717447916666664,250.8828125,21.708333333333332,0.0,0.05298853353437245,0.685546875,0.999755859375,0.03111092351058205,1.992866847826087,0.4366970956325531,,,
stage4b_replication,0,256,scale_free,42001,sparse_drive,0.05,0.05,1.0,24,0.09375,16.0,04e1a03173794ab24e,stage4_complete,spectral,0.3258357346057892,1,"0,1,2,3,4,5,6,7,8,9,10,11,12,13,14,15,16,17,18,19,20,21,23,25",67.95833333333333,1242.9166666666667,117.29166666666669,0.0,0.1443589348768004,0.90625,1.0,0.1000767404304018,1.2065217391304348,0.4366970956325531,,,
stage4b_replication,0,256,scale_free,42001,sparse_drive,0.05,0.05,1.0,32,0.125,16.0,dbd3294d8845024ad3,stage4_complete,cycle_proxy,0.3077300190925598,1,"0,1,2,3,4,5,6,7,8,9,10,11,12,13,14,15,16,17,18,19,20,21,22,23,24,25,26,28,29,30,35,44",62.1875,1069.46875,101.125,0.0,0.1314342873460077,0.9453125,1.0,0.0921685868197851,1.3548387096774193,0.5953276753425598,,,
stage4b_replication,0,256,scale_free,42001,sparse_drive,0.05,0.05,1.0,32,0.125,16.0,dbd3294d8845024ad3,stage4_complete,feedback_hub,0.2491975426673889,1,"0,1,2,3,4,5,6,7,8,9,10,11,12,13,14,15,16,17,18,19,20,21,22,23,25,26,29,33,37,39,40,44",63.0625,1088.34375,99.53125,0.0,0.131370546908364,0.96875,1.0,0.0918668375295089,1.3709677419354838,0.5953276753425598,,,
stage4b_replication,0,256,scale_free,42001,sparse_drive,0.05,0.05,1.0,32,0.125,16.0,dbd3294d8845024ad3,stage4_complete,dynamics_aware,0.1780205368995666,1,"0,1,2,3,4,5,6,7,8,10,11,12,13,14,15,17,18,20,22,23,25,26,29,31,33,37,39,40,44,45,71,144",58.5625,984.21875,90.71875,0.0,0.1219803642954139,0.953125,1.0,0.0840250385143906,1.4637096774193548,0.5953276753425598,,,
stage4b_replication,0,256,scale_free,42001,sparse_drive,0.05,0.05,1.0,32,0.125,16.0,dbd3294d8845024ad3,stage4_complete,high_degree,0.2491975426673889,1,"0,1,2,3,4,5,6,7,8,9,10,11,12,13,14,15,16,17,18,19,20,21,22,23,25,26,29,33,37,39,40,44",63.0625,1088.34375,99.53125,0.0,0.131370546908364,0.96875,1.0,0.0918668375295089,1.3709677419354838,0.5953276753425598,,,
stage4b_replication,0,256,scale_free,42001,sparse_drive,0.05,0.05,1.0,32,0.125,16.0,dbd3294d8845024ad3,stage4_complete,module_bridge,0.2491975426673889,1,"0,1,2,3,4,5,6,7,8,9,10,11,12,13,14,15,16,17,18,19,20,21,22,23,25,26,29,33,37,39,40,44",63.0625,1088.34375,99.53125,0.0,0.131370546908364,0.96875,1.0,0.0918668375295089,1.3709677419354838,0.5953276753425598,,,
stage4b_replication,0,256,scale_free,42001,sparse_drive,0.05,0.05,1.0,32,0.125,16.0,dbd3294d8845024ad3,stage4_complete,random,0.03323076537344599,32,,25.12109375,246.9091796875,21.5322265625,0.0,0.05173293284950341,0.7711181640625,1.0,0.030041008564493432,2.001386088709677,0.5953276753425598,,,
stage4b_replication,0,256,scale_free,42001,sparse_drive,0.05,0.05,1.0,32,0.125,16.0,dbd3294d8845024ad3,stage4_complete,spectral,0.3585454821586609,1,"0,1,2,3,4,5,6,7,8,9,10,11,12,13,14,15,16,17,18,19,20,21,22,23,24,25,26,29,30,33,37,39",62.875,1084.09375,100.3125,0.0,0.1320279255881295,0.96484375,1.0,0.092554237447104,1.3528225806451613,0.5953276753425598,,,
stage4b_replication,0,256,scale_free,42001,sparse_drive,0.05,0.05,1.0,48,0.1875,16.0,e4fd8d782622a18427,stage4_complete,cycle_proxy,0.3217130005359649,1,"0,1,2,3,4,5,6,7,8,9,10,11,12,13,14,15,16,17,18,19,20,21,22,23,24,25,26,27,28,29,30,31,32,33,34,35,36,37,38,39,40,41,44,45,46,47,48,74",53.895833333333336,839.9583333333334,78.41666666666667,0.0,0.1132438625083259,0.98828125,1.0,0.0805751089512788,1.5310283687943262,0.7446159720420837,,,
stage4b_replication,0,256,scale_free,42001,sparse_drive,0.05,0.05,1.0,48,0.1875,16.0,e4fd8d782622a18427,stage4_complete,feedback_hub,0.4460470676422119,1,"0,1,2,3,4,5,6,7,8,9,10,11,12,13,14,15,16,17,18,19,20,21,22,23,24,25,26,27,28,29,30,33,35,37,38,39,40,41,43,44,45,46,47,48,51,52,53,74",54.333333333333336,848.0416666666666,77.8125,0.0,0.1129987889917722,0.98046875,1.0,0.0780844694971788,1.5407801418439715,0.7446159720420837,,,
stage4b_replication,0,256,scale_free,42001,sparse_drive,0.05,0.05,1.0,48,0.1875,16.0,e4fd8d782622a18427,stage4_complete,dynamics_aware,0.6061879396438599,1,"0,1,2,3,5,6,7,8,10,11,12,13,14,15,16,17,18,19,20,21,22,23,24,25,26,27,28,30,35,37,38,39,41,43,44,45,46,47,48,51,52,56,57,62,74,119,163,207",50.895833333333336,775.75,71.58333333333333,0.0,0.1061145565673906,0.97265625,1.0,0.071265626578085,1.5859929078014183,0.7446159720420837,,,
stage4b_replication,0,256,scale_free,42001,sparse_drive,0.05,0.05,1.0,48,0.1875,16.0,e4fd8d782622a18427,stage4_complete,high_degree,0.4861502349376678,1,"0,1,2,3,4,5,6,7,8,9,10,11,12,13,14,15,16,17,18,19,20,21,22,23,24,25,26,27,28,29,30,33,35,37,38,39,40,41,43,44,45,46,47,48,51,52,57,74",54.375,848.0208333333334,77.875,0.0,0.1128649724383098,0.984375,1.0,0.0777423983503723,1.5398936170212767,0.7446159720420837,,,
stage4b_replication,0,256,scale_free,42001,sparse_drive,0.05,0.05,1.0,48,0.1875,16.0,e4fd8d782622a18427,stage4_complete,module_bridge,0.4861502349376678,1,"0,1,2,3,4,5,6,7,8,9,10,11,12,13,14,15,16,17,18,19,20,21,22,23,24,25,26,27,28,29,30,33,35,37,38,39,40,41,43,44,45,46,47,48,51,52,57,74",54.375,848.0208333333334,77.875,0.0,0.1128649724383098,0.984375,1.0,0.0777423983503723,1.5398936170212767,0.7446159720420837,,,
stage4b_replication,0,256,scale_free,42001,sparse_drive,0.05,0.05,1.0,48,0.1875,16.0,e4fd8d782622a18427,stage4_complete,random,0.09294345020316537,32,,25.489583333333332,250.24283854166669,21.445963541666664,0.0,0.05236187410875523,0.882080078125,1.0,0.03175098875474258,1.9983377659574468,0.7446159720420837,,,
stage4b_replication,0,256,scale_free,42001,sparse_drive,0.05,0.05,1.0,48,0.1875,16.0,e4fd8d782622a18427,stage4_complete,spectral,0.5686098337173462,1,"0,1,2,3,4,5,6,7,8,9,10,11,12,13,14,15,16,17,18,19,20,21,22,23,24,25,26,27,28,29,30,31,32,33,35,36,37,38,39,40,41,43,44,46,47,48,52,53",54.04166666666666,843.4166666666666,78.04166666666667,0.0,0.1136377218673547,0.98828125,1.0,0.08133131432007,1.5301418439716312,0.7446159720420837,,,
stage4b_replication,0,256,scale_free,42001,sparse_drive,0.05,0.05,1.0,64,0.25,16.0,bed7146c0901204f0d,stage4_complete,cycle_proxy,0.594835638999939,1,"0,1,2,3,4,5,6,7,8,9,10,11,12,13,14,15,16,17,18,19,20,21,22,23,24,25,26,27,28,29,30,31,32,33,34,35,36,37,38,39,40,41,42,43,44,45,46,47,48,49,50,51,52,53,57,59,60,62,64,65,74,77,78,98",48.0,695.0625,64.140625,0.0,0.1002190703929822,0.9921875,1.0,0.0692782516429897,1.6383928571428572,0.809813916683197,,,
stage4b_replication,0,256,scale_free,42001,sparse_drive,0.05,0.05,1.0,64,0.25,16.0,bed7146c0901204f0d,stage4_complete,feedback_hub,0.4226266145706177,1,"0,1,2,3,4,5,6,7,8,9,10,11,12,13,14,15,16,17,18,19,20,21,22,23,24,25,26,27,28,29,30,31,32,33,34,35,36,37,38,39,40,41,43,44,45,46,47,48,49,50,51,52,53,57,62,64,66,74,75,77,84,85,100,108",48.46875,701.921875,63.640625,0.0,0.1003441449489795,0.9921875,1.0,0.0682108839995256,1.6393849206349207,0.809813916683197,,,
stage4b_replication,0,256,scale_free,42001,sparse_drive,0.05,0.05,1.0,64,0.25,16.0,bed7146c0901204f0d,stage4_complete,dynamics_aware,0.3253557980060577,1,"0,1,2,3,4,5,6,7,8,10,12,13,14,15,16,17,18,19,20,21,22,23,25,26,27,28,29,30,31,32,33,34,37,38,39,40,41,44,45,46,47,48,49,50,51,52,53,57,62,64,74,77,84,93,100,103,108,132,194,198,203,213,224,232",44.34375,617.046875,56.53125,0.0,0.0920672412195258,0.98046875,1.0,0.0597645182974808,1.706845238095238,0.809813916683197,,,
stage4b_replication,0,256,scale_free,42001,sparse_drive,0.05,0.05,1.0,64,0.25,16.0,bed7146c0901204f0d,stage4_complete,high_degree,0.4226266145706177,1,"0,1,2,3,4,5,6,7,8,9,10,11,12,13,14,15,16,17,18,19,20,21,22,23,24,25,26,27,28,29,30,31,32,33,34,35,36,37,38,39,40,41,43,44,45,46,47,48,49,50,51,52,53,57,62,64,66,74,75,77,84,85,100,108",48.46875,701.921875,63.640625,0.0,0.1003441449489795,0.9921875,1.0,0.0682108839995256,1.6393849206349207,0.809813916683197,,,
stage4b_replication,0,256,scale_free,42001,sparse_drive,0.05,0.05,1.0,64,0.25,16.0,bed7146c0901204f0d,stage4_complete,module_bridge,0.4226266145706177,1,"0,1,2,3,4,5,6,7,8,9,10,11,12,13,14,15,16,17,18,19,20,21,22,23,24,25,26,27,28,29,30,31,32,33,34,35,36,37,38,39,40,41,43,44,45,46,47,48,49,50,51,52,53,57,62,64,66,74,75,77,84,85,100,108",48.46875,701.921875,63.640625,0.0,0.1003441449489795,0.9921875,1.0,0.0682108839995256,1.6393849206349207,0.809813916683197,,,
stage4b_replication,0,256,scale_free,42001,sparse_drive,0.05,0.05,1.0,64,0.25,16.0,bed7146c0901204f0d,stage4_complete,random,0.20699943206273017,32,,25.14111328125,238.064453125,20.35107421875,0.0,0.05161497036568517,0.9381103515625,1.0,0.03134625855239509,1.9977213541666667,0.809813916683197,,,
stage4b_replication,0,256,scale_free,42001,sparse_drive,0.05,0.05,1.0,64,0.25,16.0,bed7146c0901204f0d,stage4_complete,spectral,0.4457913637161255,1,"0,1,2,3,4,5,6,7,8,9,10,11,12,13,14,15,16,17,18,19,20,21,22,23,24,25,26,27,28,29,30,31,32,33,34,35,36,37,38,39,40,41,42,43,44,45,46,47,48,49,50,51,52,53,54,57,59,60,62,64,74,75,77,85",48.21875,697.9375,63.875,0.0,0.1006718759137185,0.9921875,1.0,0.0696813893739815,1.636904761904762,0.809813916683197,,,
stage4b_replication,0,256,scale_free,42001,transition_dense,0.035,0.1,1.0,8,0.03125,16.0,800677b813ae50665b,stage4_complete,cycle_proxy,0.0549970418214798,1,"6,12,19,20,22,23,24,26",115.625,3449.875,506.5,0.0,0.129448319527933,0.76953125,1.0,0.1839468553648112,1.0,0.3491976261138916,,,
stage4b_replication,0,256,scale_free,42001,transition_dense,0.035,0.1,1.0,8,0.03125,16.0,800677b813ae50665b,stage4_complete,feedback_hub,0.036841906607151,1,"0,6,11,19,20,22,23,26",116.5,3482.5,502.75,0.0,0.1293575113482469,0.79296875,1.0,0.162648280240293,1.0,0.3491976261138916,,,
stage4b_replication,0,256,scale_free,42001,transition_dense,0.035,0.1,1.0,8,0.03125,16.0,800677b813ae50665b,stage4_complete,dynamics_aware,0.140570193529129,1,"4,10,38,50,65,116,128,228",63.375,1228.875,187.0,0.0,0.0718907118000703,0.6015625,1.0,0.0748180190763044,1.7142857142857142,0.3491976261138916,,,
stage4b_replication,0,256,scale_free,42001,transition_dense,0.035,0.1,1.0,8,0.03125,16.0,800677b813ae50665b,stage4_complete,high_degree,0.036841906607151,1,"0,6,11,19,20,22,23,26",116.5,3482.5,502.75,0.0,0.1293575113482469,0.79296875,1.0,0.162648280240293,1.0,0.3491976261138916,,,
stage4b_replication,0,256,scale_free,42001,transition_dense,0.035,0.1,1.0,8,0.03125,16.0,800677b813ae50665b,stage4_complete,module_bridge,0.036841906607151,1,"0,6,11,19,20,22,23,26",116.5,3482.5,502.75,0.0,0.1293575113482469,0.79296875,1.0,0.162648280240293,1.0,0.3491976261138916,,,
stage4b_replication,0,256,scale_free,42001,transition_dense,0.035,0.1,1.0,8,0.03125,16.0,800677b813ae50665b,stage4_complete,random,0.10123036522418258,32,,47.76953125,753.6640625,108.9375,0.0,0.05323839150537102,0.52880859375,0.9996337890625,0.05747318143364716,1.8058035714285716,0.3491976261138916,,,
stage4b_replication,0,256,scale_free,42001,transition_dense,0.035,0.1,1.0,8,0.03125,16.0,800677b813ae50665b,stage4_complete,spectral,0.0405101180076599,1,"6,11,19,20,22,23,24,26",116.125,3466.875,503.0,0.0,0.1297909288633316,0.78515625,1.0,0.1752076058726872,1.0,0.3491976261138916,,,
stage4b_replication,0,256,scale_free,42001,transition_dense,0.035,0.1,1.0,16,0.0625,16.0,fa6921d5a812b4354a,stage4_complete,cycle_proxy,0.084571398794651,1,"0,2,3,6,10,11,12,13,15,19,20,22,23,24,25,26",111.3125,3202.5,480.8125,0.0,0.1258432501270592,0.92578125,1.0,0.1607941885539902,1.0,0.3180840313434601,,,
stage4b_replication,0,256,scale_free,42001,transition_dense,0.035,0.1,1.0,16,0.0625,16.0,fa6921d5a812b4354a,stage4_complete,feedback_hub,0.1630645990371704,1,"0,2,3,5,6,10,11,12,19,20,22,23,24,25,26,36",112.125,3239.375,476.8125,0.0,0.1257792523535506,0.9296875,1.0,0.1588574671719456,1.0333333333333334,0.3180840313434601,,,
stage4b_replication,0,256,scale_free,42001,transition_dense,0.035,0.1,1.0,16,0.0625,16.0,fa6921d5a812b4354a,stage4_complete,dynamics_aware,0.114586554467678,1,"47,50,57,61,88,95,96,107,115,191,192,224,226,236,237,246",41.3125,518.5625,73.0,0.0,0.0460366128389522,0.703125,1.0,0.0509109983258943,1.8416666666666663,0.3180840313434601,,,
stage4b_replication,0,256,scale_free,42001,transition_dense,0.035,0.1,1.0,16,0.0625,16.0,fa6921d5a812b4354a,stage4_complete,high_degree,0.1630645990371704,1,"0,2,3,5,6,10,11,12,19,20,22,23,24,25,26,36",112.125,3239.375,476.8125,0.0,0.1257792523535506,0.9296875,1.0,0.1588574671719456,1.0333333333333334,0.3180840313434601,,,
stage4b_replication,0,256,scale_free,42001,transition_dense,0.035,0.1,1.0,16,0.0625,16.0,fa6921d5a812b4354a,stage4_complete,module_bridge,0.1630645990371704,1,"0,2,3,5,6,10,11,12,19,20,22,23,24,25,26,36",112.125,3239.375,476.8125,0.0,0.1257792523535506,0.9296875,1.0,0.1588574671719456,1.0333333333333334,0.3180840313434601,,,
stage4b_replication,0,256,scale_free,42001,transition_dense,0.035,0.1,1.0,16,0.0625,16.0,fa6921d5a812b4354a,stage4_complete,random,0.07226046721916643,32,,47.89453125,771.23828125,112.162109375,0.0,0.05355269929406789,0.755615234375,1.0,0.056804229054551694,1.8174479166666666,0.3180840313434601,,,
stage4b_replication,0,256,scale_free,42001,transition_dense,0.035,0.1,1.0,16,0.0625,16.0,fa6921d5a812b4354a,stage4_complete,spectral,0.1170834824442863,1,"0,2,3,6,10,11,12,15,18,19,20,22,23,24,25,26",111.5625,3215.5,480.25,0.0,0.1260491542564499,0.93359375,1.0,0.1616676511425442,1.0,0.3180840313434601,,,
stage4b_replication,0,256,scale_free,42001,transition_dense,0.035,0.1,1.0,24,0.09375,16.0,a469b7f52a7ce2078c,stage4_complete,cycle_proxy,0.3341387212276459,1,"0,2,3,5,6,9,10,11,12,13,15,16,18,19,20,21,22,23,24,25,26,27,28,36",107.04166666666669,2973.75,458.0416666666667,0.0,0.1222184603798031,0.96875,1.0,0.1564793063643342,1.0217391304347827,0.5030511617660522,,,
stage4b_replication,0,256,scale_free,42001,transition_dense,0.035,0.1,1.0,24,0.09375,16.0,a469b7f52a7ce2078c,stage4_complete,feedback_hub,0.3874176144599914,1,"0,1,2,3,5,6,9,10,11,12,13,15,18,19,20,22,23,24,25,26,31,34,35,36",107.95833333333331,3017.458333333333,449.7083333333333,0.0,0.1218245327330037,0.96484375,1.0,0.1539314849334402,1.0615942028985508,0.5030511617660522,,,
stage4b_replication,0,256,scale_free,42001,transition_dense,0.035,0.1,1.0,24,0.09375,16.0,a469b7f52a7ce2078c,stage4_complete,dynamics_aware,0.4021948575973511,1,"0,1,2,5,6,9,10,11,12,13,15,18,19,20,22,23,24,25,26,34,35,56,100,240",100.875,2746.0,408.9583333333333,0.0,0.1137973902269213,0.95703125,1.0,0.1416960757371984,1.170289855072464,0.5030511617660522,,,
stage4b_replication,0,256,scale_free,42001,transition_dense,0.035,0.1,1.0,24,0.09375,16.0,a469b7f52a7ce2078c,stage4_complete,high_degree,0.3874176144599914,1,"0,1,2,3,5,6,9,10,11,12,13,15,18,19,20,22,23,24,25,26,31,34,35,36",107.95833333333331,3017.458333333333,449.7083333333333,0.0,0.1218245327330037,0.96484375,1.0,0.1539314849334402,1.0615942028985508,0.5030511617660522,,,
stage4b_replication,0,256,scale_free,42001,transition_dense,0.035,0.1,1.0,24,0.09375,16.0,a469b7f52a7ce2078c,stage4_complete,module_bridge,0.3874176144599914,1,"0,1,2,3,5,6,9,10,11,12,13,15,18,19,20,22,23,24,25,26,31,34,35,36",107.95833333333331,3017.458333333333,449.7083333333333,0.0,0.1218245327330037,0.96484375,1.0,0.1539314849334402,1.0615942028985508,0.5030511617660522,,,
stage4b_replication,0,256,scale_free,42001,transition_dense,0.035,0.1,1.0,24,0.09375,16.0,a469b7f52a7ce2078c,stage4_complete,random,0.056436322280205745,32,,50.5390625,847.85546875,122.68229166666669,0.0,0.056490103015815286,0.8746337890625,1.0,0.06175306978299372,1.796082427536232,0.5030511617660522,,,
stage4b_replication,0,256,scale_free,42001,transition_dense,0.035,0.1,1.0,24,0.09375,16.0,a469b7f52a7ce2078c,stage4_complete,spectral,0.3921203911304474,1,"0,1,2,3,4,5,6,9,10,11,12,13,15,18,19,20,21,22,23,24,25,26,28,36",107.41666666666669,2991.5,456.125,0.0,0.1223900345656053,0.96875,1.0,0.1550350086725418,1.0289855072463767,0.5030511617660522,,,
stage4b_replication,0,256,scale_free,42001,transition_dense,0.035,0.1,1.0,32,0.125,16.0,55a1a46d86e84d580e,stage4_complete,cycle_proxy,0.4369080066680908,1,"0,1,2,3,4,5,6,8,9,10,11,12,13,15,16,17,18,19,20,21,22,23,24,25,26,27,28,29,31,34,35,36",104.46875,2834.65625,435.21875,0.0,0.1194166966665204,0.98046875,1.0,0.153610756341626,1.0584677419354838,0.5984383225440979,,,
stage4b_replication,0,256,scale_free,42001,transition_dense,0.035,0.1,1.0,32,0.125,16.0,55a1a46d86e84d580e,stage4_complete,feedback_hub,0.5167684555053711,1,"0,1,2,3,4,5,6,8,9,10,11,12,13,14,15,16,17,18,19,20,21,22,23,24,25,26,27,28,31,34,35,36",104.5625,2837.6875,434.84375,0.0,0.1195683833212813,0.98046875,1.0,0.1508852466946132,1.0544354838709675,0.5984383225440979,,,
stage4b_replication,0,256,scale_free,42001,transition_dense,0.035,0.1,1.0,32,0.125,16.0,55a1a46d86e84d580e,stage4_complete,dynamics_aware,0.4944562315940857,1,"0,1,2,3,4,5,6,7,9,11,12,13,14,15,16,17,18,19,20,22,23,24,25,27,28,31,34,36,92,141,160,199",95.5625,2512.0625,383.90625,0.0,0.1093444441986883,0.96875,1.0,0.1316157007205877,1.2056451612903225,0.5984383225440979,,,
stage4b_replication,0,256,scale_free,42001,transition_dense,0.035,0.1,1.0,32,0.125,16.0,55a1a46d86e84d580e,stage4_complete,high_degree,0.3105706572532654,1,"0,1,2,3,4,5,6,8,9,10,11,12,13,14,15,17,18,19,20,21,22,23,24,25,26,27,28,29,31,34,35,36",104.5625,2835.71875,432.90625,0.0,0.1193891316118369,0.984375,1.0,0.1513686580010358,1.060483870967742,0.5984383225440979,,,
stage4b_replication,0,256,scale_free,42001,transition_dense,0.035,0.1,1.0,32,0.125,16.0,55a1a46d86e84d580e,stage4_complete,module_bridge,0.3105706572532654,1,"0,1,2,3,4,5,6,8,9,10,11,12,13,14,15,17,18,19,20,21,22,23,24,25,26,27,28,29,31,34,35,36",104.5625,2835.71875,432.90625,0.0,0.1193891316118369,0.984375,1.0,0.1513686580010358,1.060483870967742,0.5984383225440979,,,
stage4b_replication,0,256,scale_free,42001,transition_dense,0.035,0.1,1.0,32,0.125,16.0,55a1a46d86e84d580e,stage4_complete,random,0.11155931488610801,32,,48.6103515625,786.9306640625,112.7509765625,0.0,0.05413298358771932,0.9248046875,1.0,0.05879065564645194,1.815587197580645,0.5984383225440979,,,
stage4b_replication,0,256,scale_free,42001,transition_dense,0.035,0.1,1.0,32,0.125,16.0,55a1a46d86e84d580e,stage4_complete,spectral,0.4326730966567993,1,"0,1,2,3,4,5,6,7,8,9,10,11,12,13,14,15,16,17,18,19,20,21,22,23,24,25,26,27,28,31,34,36",104.25,2822.5,433.75,0.0,0.1195789263422455,0.9765625,1.0,0.1514456681307017,1.0443548387096775,0.5984383225440979,,,
stage4b_replication,0,256,scale_free,42001,transition_dense,0.035,0.1,1.0,48,0.1875,16.0,e44fbc4b2e171b64df,stage4_complete,cycle_proxy,0.6375986337661743,1,"0,1,2,3,4,5,6,7,8,9,10,11,12,13,14,15,16,17,18,19,20,21,22,23,24,25,26,27,28,29,30,31,32,33,34,35,36,37,38,39,40,41,44,46,47,48,49,53",96.60416666666669,2461.583333333333,372.5833333333333,0.0,0.1099466219582368,1.0,1.0,0.138724154095653,1.2109929078014183,0.7899525165557861,,,
stage4b_replication,0,256,scale_free,42001,transition_dense,0.035,0.1,1.0,48,0.1875,16.0,e44fbc4b2e171b64df,stage4_complete,feedback_hub,0.6523286700248718,1,"0,1,2,3,4,5,6,7,8,9,10,11,12,13,14,15,16,17,18,19,20,21,22,23,24,25,26,27,28,29,30,31,32,33,34,35,36,37,38,39,40,44,46,47,48,49,53,69",96.66666666666669,2462.520833333333,371.6666666666667,0.0,0.1098300956473566,1.0,1.0,0.1389665657877766,1.2189716312056738,0.7899525165557861,,,
stage4b_replication,0,256,scale_free,42001,transition_dense,0.035,0.1,1.0,48,0.1875,16.0,e44fbc4b2e171b64df,stage4_complete,dynamics_aware,0.6929624080657959,1,"0,1,3,4,5,6,7,9,10,11,12,13,14,15,16,17,18,19,20,21,22,23,25,26,27,28,29,30,31,32,33,34,35,36,37,39,40,44,46,47,48,49,53,69,75,92,106,137",92.39583333333331,2301.7291666666665,346.2916666666667,0.0,0.1047080367125788,1.0,1.0,0.1285773141328374,1.2925531914893618,0.7899525165557861,,,
stage4b_replication,0,256,scale_free,42001,transition_dense,0.035,0.1,1.0,48,0.1875,16.0,e44fbc4b2e171b64df,stage4_complete,high_degree,0.6523286700248718,1,"0,1,2,3,4,5,6,7,8,9,10,11,12,13,14,15,16,17,18,19,20,21,22,23,24,25,26,27,28,29,30,31,32,33,34,35,36,37,38,39,40,44,46,47,48,49,53,69",96.66666666666669,2462.520833333333,371.6666666666667,0.0,0.1098300956473566,1.0,1.0,0.1389665657877766,1.2189716312056738,0.7899525165557861,,,
stage4b_replication,0,256,scale_free,42001,transition_dense,0.035,0.1,1.0,48,0.1875,16.0,e44fbc4b2e171b64df,stage4_complete,module_bridge,0.6523286700248718,1,"0,1,2,3,4,5,6,7,8,9,10,11,12,13,14,15,16,17,18,19,20,21,22,23,24,25,26,27,28,29,30,31,32,33,34,35,36,37,38,39,40,44,46,47,48,49,53,69",96.66666666666669,2462.520833333333,371.6666666666667,0.0,0.1098300956473566,1.0,1.0,0.1389665657877766,1.2189716312056738,0.7899525165557861,,,
stage4b_replication,0,256,scale_free,42001,transition_dense,0.035,0.1,1.0,48,0.1875,16.0,e44fbc4b2e171b64df,stage4_complete,random,0.30241306871175766,32,,49.290364583333336,817.3984375,118.39192708333331,0.0,0.055152829020154844,0.9754638671875,1.0,0.059366036865390465,1.809591090425532,0.7899525165557861,,,
stage4b_replication,0,256,scale_free,42001,transition_dense,0.035,0.1,1.0,48,0.1875,16.0,e44fbc4b2e171b64df,stage4_complete,spectral,0.6137868165969849,1,"0,1,2,3,4,5,6,7,8,9,10,11,12,13,14,15,16,17,18,19,20,21,22,23,24,25,26,27,28,29,30,31,32,33,34,35,36,37,38,39,40,41,43,44,46,47,49,53",96.5625,2459.645833333333,372.125,0.0,0.1100141438041194,1.0,1.0,0.1388599206195909,1.2092198581560285,0.7899525165557861,,,
stage4b_replication,0,256,scale_free,42001,transition_dense,0.035,0.1,1.0,64,0.25,16.0,725ef3e5a98adb4257,stage4_complete,cycle_proxy,0.66880863904953,1,"0,1,2,3,4,5,6,7,8,9,10,11,12,13,14,15,16,17,18,19,20,21,22,23,24,25,26,27,28,29,30,31,32,33,34,35,36,37,38,39,40,41,42,43,44,45,46,47,48,49,50,51,53,54,56,57,58,60,62,64,65,68,69,85",88.796875,2126.125,317.40625,0.0,0.1004824577378455,1.0,1.0,0.1230487834939609,1.355654761904762,0.8328627347946167,,,
stage4b_replication,0,256,scale_free,42001,transition_dense,0.035,0.1,1.0,64,0.25,16.0,725ef3e5a98adb4257,stage4_complete,feedback_hub,0.6526728272438049,1,"0,1,2,3,4,5,6,7,8,9,10,11,12,13,14,15,16,17,18,19,20,21,22,23,24,25,26,27,28,29,30,31,32,33,34,35,36,37,38,39,40,41,42,43,44,45,46,47,48,49,50,51,53,54,56,57,58,60,62,65,69,71,74,85",88.890625,2128.84375,317.125,0.0,0.1004932028111628,1.0,1.0,0.1234753963632599,1.3561507936507935,0.8328627347946167,,,
stage4b_replication,0,256,scale_free,42001,transition_dense,0.035,0.1,1.0,64,0.25,16.0,725ef3e5a98adb4257,stage4_complete,dynamics_aware,0.7236359119415283,1,"0,1,2,4,5,6,7,8,10,12,13,14,15,18,19,20,21,22,23,24,25,26,27,28,29,30,32,33,34,36,37,38,39,40,41,42,43,44,45,46,47,48,49,50,51,53,54,57,58,60,62,65,69,71,74,79,85,97,166,169,185,210,237,248",80.890625,1859.859375,275.3125,0.0,0.0912102171907229,0.99609375,1.0,0.1090325597533782,1.468253968253968,0.8328627347946167,,,
stage4b_replication,0,256,scale_free,42001,transition_dense,0.035,0.1,1.0,64,0.25,16.0,725ef3e5a98adb4257,stage4_complete,high_degree,0.6526728272438049,1,"0,1,2,3,4,5,6,7,8,9,10,11,12,13,14,15,16,17,18,19,20,21,22,23,24,25,26,27,28,29,30,31,32,33,34,35,36,37,38,39,40,41,42,43,44,45,46,47,48,49,50,51,53,54,56,57,58,60,62,65,69,71,74,85",88.890625,2128.84375,317.125,0.0,0.1004932028111628,1.0,1.0,0.1234753963632599,1.3561507936507935,0.8328627347946167,,,
stage4b_replication,0,256,scale_free,42001,transition_dense,0.035,0.1,1.0,64,0.25,16.0,725ef3e5a98adb4257,stage4_complete,module_bridge,0.6526728272438049,1,"0,1,2,3,4,5,6,7,8,9,10,11,12,13,14,15,16,17,18,19,20,21,22,23,24,25,26,27,28,29,30,31,32,33,34,35,36,37,38,39,40,41,42,43,44,45,46,47,48,49,50,51,53,54,56,57,58,60,62,65,69,71,74,85",88.890625,2128.84375,317.125,0.0,0.1004932028111628,1.0,1.0,0.1234753963632599,1.3561507936507935,0.8328627347946167,,,
stage4b_replication,0,256,scale_free,42001,transition_dense,0.035,0.1,1.0,64,0.25,16.0,725ef3e5a98adb4257,stage4_complete,random,0.3539693942293525,32,,49.28662109375,807.72265625,116.87158203125,0.0,0.05507698849553025,0.99169921875,1.0,0.059211049995443056,1.8068111359126984,0.8328627347946167,,,
stage4b_replication,0,256,scale_free,42001,transition_dense,0.035,0.1,1.0,64,0.25,16.0,725ef3e5a98adb4257,stage4_complete,spectral,0.5060338377952576,1,"0,1,2,3,4,5,6,7,8,9,10,11,12,13,14,15,16,17,18,19,20,21,22,23,24,25,26,27,28,29,30,31,32,33,34,35,36,37,38,39,40,41,42,43,44,45,46,47,48,49,50,51,52,53,54,56,57,58,60,62,65,67,69,85",88.859375,2126.96875,317.296875,0.0,0.1005706294571873,1.0,1.0,0.1242446772792261,1.3531746031746033,0.8328627347946167,,,
stage4b_replication,0,256,scale_free,42001,transition_mid,0.035,0.05,1.0,8,0.03125,16.0,ed0ff56336c6777e99,stage4_complete,cycle_proxy,0.0288973078131675,1,"1,2,3,6,7,11,13,15",79.875,1686.75,158.125,0.0,0.167432393436526,0.6640625,1.0,0.1193652364207957,1.0357142857142858,0.3266111314296722,,,
stage4b_replication,0,256,scale_free,42001,transition_mid,0.035,0.05,1.0,8,0.03125,16.0,ed0ff56336c6777e99,stage4_complete,feedback_hub,0.0284884143620729,1,"1,2,3,6,9,11,15,25",80.625,1715.75,149.375,0.0,0.1629840084514171,0.6875,1.0,0.1177688454565304,1.25,0.3266111314296722,,,
stage4b_replication,0,256,scale_free,42001,transition_mid,0.035,0.05,1.0,8,0.03125,16.0,ed0ff56336c6777e99,stage4_complete,dynamics_aware,0.11406060308218,1,"98,130,138,176,196,230,233,254",16.5,87.625,5.75,0.0,0.0309853886993035,0.23046875,0.9609375,0.0243576597305588,2.2142857142857144,0.3266111314296722,,,
stage4b_replication,0,256,scale_free,42001,transition_mid,0.035,0.05,1.0,8,0.03125,16.0,ed0ff56336c6777e99,stage4_complete,high_degree,0.0274928752332925,1,"0,1,2,3,6,9,11,15",80.625,1715.125,152.5,0.0,0.1649116924021976,0.703125,1.0,0.1232311549086675,1.0714285714285714,0.3266111314296722,,,
stage4b_replication,0,256,scale_free,42001,transition_mid,0.035,0.05,1.0,8,0.03125,16.0,ed0ff56336c6777e99,stage4_complete,module_bridge,0.0274928752332925,1,"0,1,2,3,6,9,11,15",80.625,1715.125,152.5,0.0,0.1649116924021976,0.703125,1.0,0.1232311549086675,1.0714285714285714,0.3266111314296722,,,
stage4b_replication,0,256,scale_free,42001,transition_mid,0.035,0.05,1.0,8,0.03125,16.0,ed0ff56336c6777e99,stage4_complete,random,0.06555114046204832,32,,24.29296875,222.9453125,19.796875,0.0,0.050397021193052075,0.32763671875,0.9796142578125,0.030953499118174414,2.0033482142857144,0.3266111314296722,,,
stage4b_replication,0,256,scale_free,42001,transition_mid,0.035,0.05,1.0,8,0.03125,16.0,ed0ff56336c6777e99,stage4_complete,spectral,0.0288973078131675,1,"1,2,3,6,7,11,13,15",79.875,1686.75,158.125,0.0,0.167432393436526,0.6640625,1.0,0.1193652364207957,1.0357142857142858,0.3266111314296722,,,
stage4b_replication,0,256,scale_free,42001,transition_mid,0.035,0.05,1.0,16,0.0625,16.0,4bd10d1c281337b09d,stage4_complete,cycle_proxy,0.188038483262062,1,"0,1,2,3,4,6,7,8,9,10,11,12,13,15,20,21",72.6875,1406.1875,135.1875,0.0,0.154040142307091,0.85546875,1.0,0.1052202446480577,1.0833333333333333,0.2905273139476776,,,
stage4b_replication,0,256,scale_free,42001,transition_mid,0.035,0.05,1.0,16,0.0625,16.0,4bd10d1c281337b09d,stage4_complete,feedback_hub,0.1424176692962646,1,"0,1,2,3,4,6,7,9,11,12,13,15,20,21,23,25",73.1875,1429.625,129.9375,0.0,0.1514640161842433,0.85546875,1.0,0.1058734842307533,1.2166666666666666,0.2905273139476776,,,
stage4b_replication,0,256,scale_free,42001,transition_mid,0.035,0.05,1.0,16,0.0625,16.0,4bd10d1c281337b09d,stage4_complete,dynamics_aware,0.1277677416801452,1,"0,1,2,3,4,6,7,11,12,13,15,20,21,23,25,145",69.4375,1345.0,122.875,0.0,0.1441931976995159,0.82421875,1.0,0.0955879926962048,1.275,0.2905273139476776,,,
stage4b_replication,0,256,scale_free,42001,transition_mid,0.035,0.05,1.0,16,0.0625,16.0,4bd10d1c281337b09d,stage4_complete,high_degree,0.1627427339553833,1,"0,1,2,3,6,7,9,10,11,12,13,15,20,21,23,25",73.25,1424.8125,130.5625,0.0,0.1518302925360493,0.859375,1.0,0.1024437682874853,1.2,0.2905273139476776,,,
stage4b_replication,0,256,scale_free,42001,transition_mid,0.035,0.05,1.0,16,0.0625,16.0,4bd10d1c281337b09d,stage4_complete,module_bridge,0.1627427339553833,1,"0,1,2,3,6,7,9,10,11,12,13,15,20,21,23,25",73.25,1424.8125,130.5625,0.0,0.1518302925360493,0.859375,1.0,0.1024437682874853,1.2,0.2905273139476776,,,
stage4b_replication,0,256,scale_free,42001,transition_mid,0.035,0.05,1.0,16,0.0625,16.0,4bd10d1c281337b09d,stage4_complete,random,0.028567705565364997,32,,24.55859375,233.69921875,20.22265625,0.0,0.05058894777072116,0.53759765625,0.9971923828125,0.0297037599491221,2.00546875,0.2905273139476776,,,
stage4b_replication,0,256,scale_free,42001,transition_mid,0.035,0.05,1.0,16,0.0625,16.0,4bd10d1c281337b09d,stage4_complete,spectral,0.1409202218055725,1,"0,1,2,3,4,5,6,7,8,9,10,11,12,13,14,15",72.0625,1385.625,133.5,0.0,0.1542348947847605,0.85546875,1.0,0.1083018190397826,1.025,0.2905273139476776,,,
stage4b_replication,0,256,scale_free,42001,transition_mid,0.035,0.05,1.0,24,0.09375,16.0,3b977c5b2ee2635012,stage4_complete,cycle_proxy,0.2523585855960846,1,"0,1,2,3,4,5,6,7,8,9,10,11,12,13,14,15,17,18,19,20,21,22,23,25",68.33333333333333,1253.7083333333333,117.33333333333331,0.0,0.144122159248767,0.9140625,1.0,0.1007915015531161,1.2210144927536233,0.5065033435821533,,,
stage4b_replication,0,256,scale_free,42001,transition_mid,0.035,0.05,1.0,24,0.09375,16.0,3b977c5b2ee2635012,stage4_complete,feedback_hub,0.4525346159934997,1,"0,1,2,3,4,5,6,7,8,9,10,11,12,13,14,15,18,19,20,21,22,23,25,26",68.54166666666667,1258.7083333333333,116.20833333333331,0.0,0.1436961276374126,0.91796875,1.0,0.1008178259528322,1.2355072463768115,0.5065033435821533,,,
stage4b_replication,0,256,scale_free,42001,transition_mid,0.035,0.05,1.0,24,0.09375,16.0,3b977c5b2ee2635012,stage4_complete,dynamics_aware,0.2842612266540527,1,"0,1,2,3,4,5,6,7,8,9,11,12,13,14,15,18,20,22,23,25,26,34,75,251",63.5,1150.625,105.45833333333331,0.0,0.1327315291509072,0.90625,1.0,0.0910833086205568,1.3623188405797102,0.5065033435821533,,,
stage4b_replication,0,256,scale_free,42001,transition_mid,0.035,0.05,1.0,24,0.09375,16.0,3b977c5b2ee2635012,stage4_complete,high_degree,0.4525346159934997,1,"0,1,2,3,4,5,6,7,8,9,10,11,12,13,14,15,18,19,20,21,22,23,25,26",68.54166666666667,1258.7083333333333,116.20833333333331,0.0,0.1436961276374126,0.91796875,1.0,0.1008178259528322,1.2355072463768115,0.5065033435821533,,,
stage4b_replication,0,256,scale_free,42001,transition_mid,0.035,0.05,1.0,24,0.09375,16.0,3b977c5b2ee2635012,stage4_complete,module_bridge,0.4525346159934997,1,"0,1,2,3,4,5,6,7,8,9,10,11,12,13,14,15,18,19,20,21,22,23,25,26",68.54166666666667,1258.7083333333333,116.20833333333331,0.0,0.1436961276374126,0.91796875,1.0,0.1008178259528322,1.2355072463768115,0.5065033435821533,,,
stage4b_replication,0,256,scale_free,42001,transition_mid,0.035,0.05,1.0,24,0.09375,16.0,3b977c5b2ee2635012,stage4_complete,random,0.038208816316910046,32,,25.717447916666664,250.8828125,21.708333333333332,0.0,0.05298853353437245,0.685546875,0.999755859375,0.03111092351058205,1.992866847826087,0.5065033435821533,,,
stage4b_replication,0,256,scale_free,42001,transition_mid,0.035,0.05,1.0,24,0.09375,16.0,3b977c5b2ee2635012,stage4_complete,spectral,0.3032236099243164,1,"0,1,2,3,4,5,6,7,8,9,10,11,12,13,14,15,16,17,18,19,20,21,23,25",67.95833333333333,1242.9166666666667,117.29166666666669,0.0,0.1443589348768004,0.90625,1.0,0.1000767404304018,1.2065217391304348,0.5065033435821533,,,
stage4b_replication,0,256,scale_free,42001,transition_mid,0.035,0.05,1.0,32,0.125,16.0,9cef4db507471f4b78,stage4_complete,cycle_proxy,0.2446762174367904,1,"0,1,2,3,4,5,6,7,8,9,10,11,12,13,14,15,16,17,18,19,20,21,22,23,24,25,26,28,29,30,35,44",62.1875,1069.46875,101.125,0.0,0.1314342873460077,0.9453125,1.0,0.0921685868197851,1.3548387096774193,0.5891711711883545,,,
stage4b_replication,0,256,scale_free,42001,transition_mid,0.035,0.05,1.0,32,0.125,16.0,9cef4db507471f4b78,stage4_complete,feedback_hub,0.3596827387809753,1,"0,1,2,3,4,5,6,7,8,9,10,11,12,13,14,15,16,17,18,19,20,21,22,23,25,26,29,33,37,39,40,44",63.0625,1088.34375,99.53125,0.0,0.131370546908364,0.96875,1.0,0.0918668375295089,1.3709677419354838,0.5891711711883545,,,
stage4b_replication,0,256,scale_free,42001,transition_mid,0.035,0.05,1.0,32,0.125,16.0,9cef4db507471f4b78,stage4_complete,dynamics_aware,0.3597142100334167,1,"0,1,2,3,4,6,7,9,10,11,12,13,14,16,17,18,20,21,22,23,29,33,37,39,40,44,150,168,176,180,200,214",53.4375,883.625,81.8125,0.0,0.1117974595896628,0.9453125,1.0,0.0694764136444413,1.5504032258064515,0.5891711711883545,,,
stage4b_replication,0,256,scale_free,42001,transition_mid,0.035,0.05,1.0,32,0.125,16.0,9cef4db507471f4b78,stage4_complete,high_degree,0.3596827387809753,1,"0,1,2,3,4,5,6,7,8,9,10,11,12,13,14,15,16,17,18,19,20,21,22,23,25,26,29,33,37,39,40,44",63.0625,1088.34375,99.53125,0.0,0.131370546908364,0.96875,1.0,0.0918668375295089,1.3709677419354838,0.5891711711883545,,,
stage4b_replication,0,256,scale_free,42001,transition_mid,0.035,0.05,1.0,32,0.125,16.0,9cef4db507471f4b78,stage4_complete,module_bridge,0.3596827387809753,1,"0,1,2,3,4,5,6,7,8,9,10,11,12,13,14,15,16,17,18,19,20,21,22,23,25,26,29,33,37,39,40,44",63.0625,1088.34375,99.53125,0.0,0.131370546908364,0.96875,1.0,0.0918668375295089,1.3709677419354838,0.5891711711883545,,,
stage4b_replication,0,256,scale_free,42001,transition_mid,0.035,0.05,1.0,32,0.125,16.0,9cef4db507471f4b78,stage4_complete,random,0.06567302206531161,32,,25.12109375,246.9091796875,21.5322265625,0.0,0.05173293284950341,0.7711181640625,1.0,0.030041008564493432,2.001386088709677,0.5891711711883545,,,
stage4b_replication,0,256,scale_free,42001,transition_mid,0.035,0.05,1.0,32,0.125,16.0,9cef4db507471f4b78,stage4_complete,spectral,0.2993124723434448,1,"0,1,2,3,4,5,6,7,8,9,10,11,12,13,14,15,16,17,18,19,20,21,22,23,24,25,26,29,30,33,37,39",62.875,1084.09375,100.3125,0.0,0.1320279255881295,0.96484375,1.0,0.092554237447104,1.3528225806451613,0.5891711711883545,,,
stage4b_replication,0,256,scale_free,42001,transition_mid,0.035,0.05,1.0,48,0.1875,16.0,a0e48e991881c7cdfc,stage4_complete,cycle_proxy,0.6335256099700928,1,"0,1,2,3,4,5,6,7,8,9,10,11,12,13,14,15,16,17,18,19,20,21,22,23,24,25,26,27,28,29,30,31,32,33,34,35,36,37,38,39,40,41,44,45,46,47,48,74",53.895833333333336,839.9583333333334,78.41666666666667,0.0,0.1132438625083259,0.98828125,1.0,0.0805751089512788,1.5310283687943262,0.7693628072738647,,,
stage4b_replication,0,256,scale_free,42001,transition_mid,0.035,0.05,1.0,48,0.1875,16.0,a0e48e991881c7cdfc,stage4_complete,feedback_hub,0.6787997484207153,1,"0,1,2,3,4,5,6,7,8,9,10,11,12,13,14,15,16,17,18,19,20,21,22,23,24,25,26,27,28,29,30,33,35,37,38,39,40,41,43,44,45,46,47,48,51,52,53,74",54.333333333333336,848.0416666666666,77.8125,0.0,0.1129987889917722,0.98046875,1.0,0.0780844694971788,1.5407801418439715,0.7693628072738647,,,
stage4b_replication,0,256,scale_free,42001,transition_mid,0.035,0.05,1.0,48,0.1875,16.0,a0e48e991881c7cdfc,stage4_complete,dynamics_aware,0.5026581287384033,1,"0,1,2,3,4,5,6,7,8,9,10,11,12,13,14,15,16,17,19,20,21,22,23,24,25,26,27,28,29,30,33,35,37,41,43,44,45,46,47,51,52,53,63,74,149,183,207,227",51.5,802.0,73.95833333333333,0.0,0.1071762888219764,0.9765625,1.0,0.0698138566053136,1.5886524822695036,0.7693628072738647,,,
stage4b_replication,0,256,scale_free,42001,transition_mid,0.035,0.05,1.0,48,0.1875,16.0,a0e48e991881c7cdfc,stage4_complete,high_degree,0.538413405418396,1,"0,1,2,3,4,5,6,7,8,9,10,11,12,13,14,15,16,17,18,19,20,21,22,23,24,25,26,27,28,29,30,33,35,37,38,39,40,41,43,44,45,46,47,48,51,52,57,74",54.375,848.0208333333334,77.875,0.0,0.1128649724383098,0.984375,1.0,0.0777423983503723,1.5398936170212767,0.7693628072738647,,,
stage4b_replication,0,256,scale_free,42001,transition_mid,0.035,0.05,1.0,48,0.1875,16.0,a0e48e991881c7cdfc,stage4_complete,module_bridge,0.538413405418396,1,"0,1,2,3,4,5,6,7,8,9,10,11,12,13,14,15,16,17,18,19,20,21,22,23,24,25,26,27,28,29,30,33,35,37,38,39,40,41,43,44,45,46,47,48,51,52,57,74",54.375,848.0208333333334,77.875,0.0,0.1128649724383098,0.984375,1.0,0.0777423983503723,1.5398936170212767,0.7693628072738647,,,
stage4b_replication,0,256,scale_free,42001,transition_mid,0.035,0.05,1.0,48,0.1875,16.0,a0e48e991881c7cdfc,stage4_complete,random,0.16004625544883305,32,,25.489583333333332,250.24283854166669,21.445963541666664,0.0,0.05236187410875523,0.882080078125,1.0,0.03175098875474258,1.9983377659574468,0.7693628072738647,,,
stage4b_replication,0,256,scale_free,42001,transition_mid,0.035,0.05,1.0,48,0.1875,16.0,a0e48e991881c7cdfc,stage4_complete,spectral,0.5774878263473511,1,"0,1,2,3,4,5,6,7,8,9,10,11,12,13,14,15,16,17,18,19,20,21,22,23,24,25,26,27,28,29,30,31,32,33,35,36,37,38,39,40,41,43,44,46,47,48,52,53",54.04166666666666,843.4166666666666,78.04166666666667,0.0,0.1136377218673547,0.98828125,1.0,0.08133131432007,1.5301418439716312,0.7693628072738647,,,
stage4b_replication,0,256,scale_free,42001,transition_mid,0.035,0.05,1.0,64,0.25,16.0,baa7adb0d3fc6ff928,stage4_complete,cycle_proxy,0.517364501953125,1,"0,1,2,3,4,5,6,7,8,9,10,11,12,13,14,15,16,17,18,19,20,21,22,23,24,25,26,27,28,29,30,31,32,33,34,35,36,37,38,39,40,41,42,43,44,45,46,47,48,49,50,51,52,53,57,59,60,62,64,65,74,77,78,98",48.0,695.0625,64.140625,0.0,0.1002190703929822,0.9921875,1.0,0.0692782516429897,1.6383928571428572,0.8060477375984192,,,
stage4b_replication,0,256,scale_free,42001,transition_mid,0.035,0.05,1.0,64,0.25,16.0,baa7adb0d3fc6ff928,stage4_complete,feedback_hub,0.5131232738494873,1,"0,1,2,3,4,5,6,7,8,9,10,11,12,13,14,15,16,17,18,19,20,21,22,23,24,25,26,27,28,29,30,31,32,33,34,35,36,37,38,39,40,41,43,44,45,46,47,48,49,50,51,52,53,57,62,64,66,74,75,77,84,85,100,108",48.46875,701.921875,63.640625,0.0,0.1003441449489795,0.9921875,1.0,0.0682108839995256,1.6393849206349207,0.8060477375984192,,,
stage4b_replication,0,256,scale_free,42001,transition_mid,0.035,0.05,1.0,64,0.25,16.0,baa7adb0d3fc6ff928,stage4_complete,dynamics_aware,0.5561758875846863,1,"0,2,3,5,6,7,8,9,10,11,12,13,14,15,17,18,19,20,21,22,24,25,28,29,30,32,33,34,36,37,38,39,40,41,42,43,44,45,46,47,48,49,50,51,52,53,54,57,59,60,62,64,74,75,77,83,85,126,157,161,205,207,208,250",44.0,618.703125,55.84375,0.0,0.0911808310468328,0.984375,1.0,0.0588846571346764,1.716765873015873,0.8060477375984192,,,
stage4b_replication,0,256,scale_free,42001,transition_mid,0.035,0.05,1.0,64,0.25,16.0,baa7adb0d3fc6ff928,stage4_complete,high_degree,0.5131232738494873,1,"0,1,2,3,4,5,6,7,8,9,10,11,12,13,14,15,16,17,18,19,20,21,22,23,24,25,26,27,28,29,30,31,32,33,34,35,36,37,38,39,40,41,43,44,45,46,47,48,49,50,51,52,53,57,62,64,66,74,75,77,84,85,100,108",48.46875,701.921875,63.640625,0.0,0.1003441449489795,0.9921875,1.0,0.0682108839995256,1.6393849206349207,0.8060477375984192,,,
stage4b_replication,0,256,scale_free,42001,transition_mid,0.035,0.05,1.0,64,0.25,16.0,baa7adb0d3fc6ff928,stage4_complete,module_bridge,0.5131232738494873,1,"0,1,2,3,4,5,6,7,8,9,10,11,12,13,14,15,16,17,18,19,20,21,22,23,24,25,26,27,28,29,30,31,32,33,34,35,36,37,38,39,40,41,43,44,45,46,47,48,49,50,51,52,53,57,62,64,66,74,75,77,84,85,100,108",48.46875,701.921875,63.640625,0.0,0.1003441449489795,0.9921875,1.0,0.0682108839995256,1.6393849206349207,0.8060477375984192,,,
stage4b_replication,0,256,scale_free,42001,transition_mid,0.035,0.05,1.0,64,0.25,16.0,baa7adb0d3fc6ff928,stage4_complete,random,0.29701341851614416,32,,25.14111328125,238.064453125,20.35107421875,0.0,0.05161497036568517,0.9381103515625,1.0,0.03134625855239509,1.9977213541666667,0.8060477375984192,,,
stage4b_replication,0,256,scale_free,42001,transition_mid,0.035,0.05,1.0,64,0.25,16.0,baa7adb0d3fc6ff928,stage4_complete,spectral,0.5544924139976501,1,"0,1,2,3,4,5,6,7,8,9,10,11,12,13,14,15,16,17,18,19,20,21,22,23,24,25,26,27,28,29,30,31,32,33,34,35,36,37,38,39,40,41,42,43,44,45,46,47,48,49,50,51,52,53,54,57,59,60,62,64,74,75,77,85",48.21875,697.9375,63.875,0.0,0.1006718759137185,0.9921875,1.0,0.0696813893739815,1.636904761904762,0.8060477375984192,,,
stage4b_replication,0,256,scale_free,42002,sparse_drive,0.05,0.05,1.0,8,0.03125,16.0,dd4335b460349b42b0,stage4_complete,cycle_proxy,0.0429928973317146,1,"0,1,3,8,10,12,13,15",85.75,1920.125,164.125,0.0,0.1711447456308447,0.70703125,1.0,0.1247575079386221,1.0357142857142858,0.322631299495697,,,
stage4b_replication,0,256,scale_free,42002,sparse_drive,0.05,0.05,1.0,8,0.03125,16.0,dd4335b460349b42b0,stage4_complete,feedback_hub,0.0426384061574935,1,"0,1,3,8,10,11,13,15",87.125,1976.5,161.125,0.0,0.1718797686268424,0.70703125,1.0,0.1204402398666654,1.0357142857142858,0.322631299495697,,,
stage4b_replication,0,256,scale_free,42002,sparse_drive,0.05,0.05,1.0,8,0.03125,16.0,dd4335b460349b42b0,stage4_complete,dynamics_aware,0.16989266872406,1,"11,120,179,185,196,214,218,248",24.375,313.5,22.375,0.0,0.0483251187427706,0.33984375,0.98828125,0.0184211128710123,2.25,0.322631299495697,,,
stage4b_replication,0,256,scale_free,42002,sparse_drive,0.05,0.05,1.0,8,0.03125,16.0,dd4335b460349b42b0,stage4_complete,high_degree,0.0426384061574935,1,"0,1,3,8,10,11,13,15",87.125,1976.5,161.125,0.0,0.1718797686268424,0.70703125,1.0,0.1204402398666654,1.0357142857142858,0.322631299495697,,,
stage4b_replication,0,256,scale_free,42002,sparse_drive,0.05,0.05,1.0,8,0.03125,16.0,dd4335b460349b42b0,stage4_complete,module_bridge,0.0426384061574935,1,"0,1,3,8,10,11,13,15",87.125,1976.5,161.125,0.0,0.1718797686268424,0.70703125,1.0,0.1204402398666654,1.0357142857142858,0.322631299495697,,,
stage4b_replication,0,256,scale_free,42002,sparse_drive,0.05,0.05,1.0,8,0.03125,16.0,dd4335b460349b42b0,stage4_complete,random,0.06184199702693144,32,,24.51171875,248.609375,21.27734375,0.0,0.05075892240204551,0.3369140625,0.984619140625,0.03126205576248647,2.016741071428571,0.322631299495697,,,
stage4b_replication,0,256,scale_free,42002,sparse_drive,0.05,0.05,1.0,8,0.03125,16.0,dd4335b460349b42b0,stage4_complete,spectral,0.0359464809298515,1,"0,1,3,8,10,11,12,15",87.0,1972.875,163.875,0.0,0.1720647282944933,0.69921875,1.0,0.1258460059651621,1.0357142857142858,0.322631299495697,,,
stage4b_replication,0,256,scale_free,42002,sparse_drive,0.05,0.05,1.0,16,0.0625,16.0,2e8f3828a3e9e33f46,stage4_complete,cycle_proxy,0.1611758768558502,1,"0,1,2,3,4,6,7,8,9,10,11,12,13,14,15,16",77.875,1605.9375,143.375,0.0,0.1594627342416243,0.85546875,1.0,0.117454030201787,1.05,0.2636617422103882,,,
stage4b_replication,0,256,scale_free,42002,sparse_drive,0.05,0.05,1.0,16,0.0625,16.0,2e8f3828a3e9e33f46,stage4_complete,feedback_hub,0.1611758768558502,1,"0,1,2,3,4,6,7,8,9,10,11,12,13,14,15,16",77.875,1605.9375,143.375,0.0,0.1594627342416243,0.85546875,1.0,0.117454030201787,1.05,0.2636617422103882,,,
stage4b_replication,0,256,scale_free,42002,sparse_drive,0.05,0.05,1.0,16,0.0625,16.0,2e8f3828a3e9e33f46,stage4_complete,dynamics_aware,0.17186139523983,1,"13,14,25,34,54,64,68,82,85,118,123,142,182,227,236,250",27.625,304.1875,27.375,0.0,0.0593917390838775,0.578125,0.99609375,0.0377007111857357,1.925,0.2636617422103882,,,
stage4b_replication,0,256,scale_free,42002,sparse_drive,0.05,0.05,1.0,16,0.0625,16.0,2e8f3828a3e9e33f46,stage4_complete,high_degree,0.1272801756858825,1,"0,1,3,4,6,7,8,9,10,11,12,13,14,15,16,24",77.875,1599.9375,140.125,0.0,0.1585861274209861,0.86328125,1.0,0.1104946219807446,1.075,0.2636617422103882,,,
stage4b_replication,0,256,scale_free,42002,sparse_drive,0.05,0.05,1.0,16,0.0625,16.0,2e8f3828a3e9e33f46,stage4_complete,module_bridge,0.1272801756858825,1,"0,1,3,4,6,7,8,9,10,11,12,13,14,15,16,24",77.875,1599.9375,140.125,0.0,0.1585861274209861,0.86328125,1.0,0.1104946219807446,1.075,0.2636617422103882,,,
stage4b_replication,0,256,scale_free,42002,sparse_drive,0.05,0.05,1.0,16,0.0625,16.0,2e8f3828a3e9e33f46,stage4_complete,random,0.020203584776027083,32,,25.23046875,249.181640625,20.810546875,0.0,0.0520724033192217,0.5418701171875,0.99853515625,0.03358915045513274,1.9888020833333333,0.2636617422103882,,,
stage4b_replication,0,256,scale_free,42002,sparse_drive,0.05,0.05,1.0,16,0.0625,16.0,2e8f3828a3e9e33f46,stage4_complete,spectral,0.1272249817848205,1,"0,1,3,4,5,6,7,8,9,10,11,12,13,14,15,16",77.6875,1599.5625,142.4375,0.0,0.1598243796097471,0.8515625,1.0,0.1195917909924152,1.0416666666666667,0.2636617422103882,,,
stage4b_replication,0,256,scale_free,42002,sparse_drive,0.05,0.05,1.0,24,0.09375,16.0,830afb21201221370a,stage4_complete,cycle_proxy,0.259880781173706,1,"0,1,2,3,4,5,6,7,8,9,10,11,12,13,14,15,16,17,18,19,20,21,24,38",70.83333333333333,1350.2083333333333,119.125,0.0,0.1448684911222461,0.9375,1.0,0.1022218858671752,1.213768115942029,0.4461686611175537,,,
stage4b_replication,0,256,scale_free,42002,sparse_drive,0.05,0.05,1.0,24,0.09375,16.0,830afb21201221370a,stage4_complete,feedback_hub,0.1611993610858917,1,"0,1,2,3,4,5,6,7,8,9,10,11,12,13,14,15,16,17,18,19,21,24,38,41",71.16666666666667,1360.5833333333333,118.625,0.0,0.1445136162967017,0.9375,1.0,0.0978366323180925,1.2355072463768115,0.4461686611175537,,,
stage4b_replication,0,256,scale_free,42002,sparse_drive,0.05,0.05,1.0,24,0.09375,16.0,830afb21201221370a,stage4_complete,dynamics_aware,0.2845935523509979,1,"0,2,3,4,5,6,7,8,9,10,11,12,13,14,15,17,18,19,20,21,24,38,88,141",66.25,1240.0833333333333,108.58333333333331,0.0,0.1352175801612844,0.91015625,1.0,0.0924652015362101,1.322463768115942,0.4461686611175537,,,
stage4b_replication,0,256,scale_free,42002,sparse_drive,0.05,0.05,1.0,24,0.09375,16.0,830afb21201221370a,stage4_complete,high_degree,0.1611993610858917,1,"0,1,2,3,4,5,6,7,8,9,10,11,12,13,14,15,16,17,18,19,21,24,38,41",71.16666666666667,1360.5833333333333,118.625,0.0,0.1445136162967017,0.9375,1.0,0.0978366323180925,1.2355072463768115,0.4461686611175537,,,
stage4b_replication,0,256,scale_free,42002,sparse_drive,0.05,0.05,1.0,24,0.09375,16.0,830afb21201221370a,stage4_complete,module_bridge,0.1611993610858917,1,"0,1,2,3,4,5,6,7,8,9,10,11,12,13,14,15,16,17,18,19,21,24,38,41",71.16666666666667,1360.5833333333333,118.625,0.0,0.1445136162967017,0.9375,1.0,0.0978366323180925,1.2355072463768115,0.4461686611175537,,,
stage4b_replication,0,256,scale_free,42002,sparse_drive,0.05,0.05,1.0,24,0.09375,16.0,830afb21201221370a,stage4_complete,random,0.023369852220639552,32,,24.160156249999996,228.93229166666666,19.173177083333332,0.0,0.04974050678800312,0.663818359375,0.9996337890625,0.03251230562626614,2.003736413043478,0.4461686611175537,,,
stage4b_replication,0,256,scale_free,42002,sparse_drive,0.05,0.05,1.0,24,0.09375,16.0,830afb21201221370a,stage4_complete,spectral,0.259880781173706,1,"0,1,2,3,4,5,6,7,8,9,10,11,12,13,14,15,16,17,18,19,20,21,24,38",70.83333333333333,1350.2083333333333,119.125,0.0,0.1448684911222461,0.9375,1.0,0.1022218858671752,1.213768115942029,0.4461686611175537,,,
stage4b_replication,0,256,scale_free,42002,sparse_drive,0.05,0.05,1.0,32,0.125,16.0,b04cb4aa0692679b3c,stage4_complete,cycle_proxy,0.1898810267448425,1,"0,1,2,3,4,5,6,7,8,9,10,11,12,13,14,15,16,17,18,19,20,21,22,23,24,26,27,28,38,41,46,50",64.59375,1157.25,100.46875,0.0,0.1314468238208873,0.96875,1.0,0.0907061273853592,1.3669354838709675,0.5980130434036255,,,
stage4b_replication,0,256,scale_free,42002,sparse_drive,0.05,0.05,1.0,32,0.125,16.0,b04cb4aa0692679b3c,stage4_complete,feedback_hub,0.216598704457283,1,"0,1,2,3,4,5,6,7,8,9,10,11,12,13,14,15,16,17,18,19,20,21,22,24,26,30,31,38,39,41,46,50",65.0,1165.40625,99.4375,0.0,0.1311097553391294,0.96484375,1.0,0.0892207962789748,1.3830645161290325,0.5980130434036255,,,
stage4b_replication,0,256,scale_free,42002,sparse_drive,0.05,0.05,1.0,32,0.125,16.0,b04cb4aa0692679b3c,stage4_complete,dynamics_aware,0.4768901467323303,1,"0,1,2,3,4,5,6,7,8,9,10,11,12,13,14,15,16,17,19,21,24,26,27,28,41,46,50,51,59,110,128,177",60.25,1076.75,94.71875,0.0,0.1226934376227477,0.94140625,1.0,0.0813928763731228,1.4375,0.5980130434036255,,,
stage4b_replication,0,256,scale_free,42002,sparse_drive,0.05,0.05,1.0,32,0.125,16.0,b04cb4aa0692679b3c,stage4_complete,high_degree,0.216598704457283,1,"0,1,2,3,4,5,6,7,8,9,10,11,12,13,14,15,16,17,18,19,20,21,22,24,26,30,31,38,39,41,46,50",65.0,1165.40625,99.4375,0.0,0.1311097553391294,0.96484375,1.0,0.0892207962789748,1.3830645161290325,0.5980130434036255,,,
stage4b_replication,0,256,scale_free,42002,sparse_drive,0.05,0.05,1.0,32,0.125,16.0,b04cb4aa0692679b3c,stage4_complete,module_bridge,0.216598704457283,1,"0,1,2,3,4,5,6,7,8,9,10,11,12,13,14,15,16,17,18,19,20,21,22,24,26,30,31,38,39,41,46,50",65.0,1165.40625,99.4375,0.0,0.1311097553391294,0.96484375,1.0,0.0892207962789748,1.3830645161290325,0.5980130434036255,,,
stage4b_replication,0,256,scale_free,42002,sparse_drive,0.05,0.05,1.0,32,0.125,16.0,b04cb4aa0692679b3c,stage4_complete,random,0.032652062160195734,32,,26.298828125,274.9345703125,23.2919921875,0.0,0.05382234583788813,0.781494140625,0.9998779296875,0.034220037475287526,1.974420362903226,0.5980130434036255,,,
stage4b_replication,0,256,scale_free,42002,sparse_drive,0.05,0.05,1.0,32,0.125,16.0,b04cb4aa0692679b3c,stage4_complete,spectral,0.2500519454479217,1,"0,1,2,3,4,5,6,7,8,9,10,11,12,13,14,15,16,17,18,19,20,21,22,23,24,25,26,27,30,38,41,50",64.5625,1155.65625,99.75,0.0,0.1318342061870758,0.97265625,1.0,0.0926427167242971,1.3588709677419355,0.5980130434036255,,,
stage4b_replication,0,256,scale_free,42002,sparse_drive,0.05,0.05,1.0,48,0.1875,16.0,89973c3c76b8e87e46,stage4_complete,cycle_proxy,0.4274730086326599,1,"0,1,2,3,4,5,6,7,8,9,10,11,12,13,14,15,16,17,18,19,20,21,22,23,24,25,26,27,28,29,30,31,32,34,38,39,40,41,44,45,46,47,48,50,51,57,58,67",55.16666666666666,894.2083333333334,77.79166666666667,0.0,0.1121145448745384,0.98828125,1.0,0.0762012080853993,1.5425531914893618,0.7068457007408142,,,
stage4b_replication,0,256,scale_free,42002,sparse_drive,0.05,0.05,1.0,48,0.1875,16.0,89973c3c76b8e87e46,stage4_complete,feedback_hub,0.3801416158676147,1,"0,1,2,3,4,5,6,7,8,9,10,11,12,13,14,15,16,17,18,19,20,21,22,23,24,25,26,27,28,30,31,32,38,39,40,41,44,46,47,48,50,51,55,57,58,60,80,89",55.5625,899.8958333333334,76.66666666666667,0.0,0.1115750781852102,0.9921875,1.0,0.0750758294373599,1.5549645390070923,0.7068457007408142,,,
stage4b_replication,0,256,scale_free,42002,sparse_drive,0.05,0.05,1.0,48,0.1875,16.0,89973c3c76b8e87e46,stage4_complete,dynamics_aware,0.2395693957805633,1,"0,1,2,3,5,6,7,8,9,10,12,13,14,15,16,17,19,20,21,22,24,25,27,28,29,30,32,34,38,39,40,41,44,45,46,47,48,50,51,58,67,86,87,100,101,127,171,250",49.79166666666666,781.4583333333334,68.97916666666667,0.0,0.1015540729247159,0.9765625,1.0,0.0682204203695838,1.62145390070922,0.7068457007408142,,,
stage4b_replication,0,256,scale_free,42002,sparse_drive,0.05,0.05,1.0,48,0.1875,16.0,89973c3c76b8e87e46,stage4_complete,high_degree,0.3904735445976257,1,"0,1,2,3,4,5,6,7,8,9,10,11,12,13,14,15,16,17,18,19,20,21,22,23,24,25,26,27,28,30,31,32,34,38,39,40,41,44,46,47,48,50,55,57,58,60,80,89",55.5625,899.7708333333334,76.5,0.0,0.1116595325455343,0.9921875,1.0,0.0748226131773884,1.552304964539007,0.7068457007408142,,,
stage4b_replication,0,256,scale_free,42002,sparse_drive,0.05,0.05,1.0,48,0.1875,16.0,89973c3c76b8e87e46,stage4_complete,module_bridge,0.3904735445976257,1,"0,1,2,3,4,5,6,7,8,9,10,11,12,13,14,15,16,17,18,19,20,21,22,23,24,25,26,27,28,30,31,32,34,38,39,40,41,44,46,47,48,50,55,57,58,60,80,89",55.5625,899.7708333333334,76.5,0.0,0.1116595325455343,0.9921875,1.0,0.0748226131773884,1.552304964539007,0.7068457007408142,,,
stage4b_replication,0,256,scale_free,42002,sparse_drive,0.05,0.05,1.0,48,0.1875,16.0,89973c3c76b8e87e46,stage4_complete,random,0.11144088662695134,32,,25.708984375000004,262.43489583333337,22.486328125,0.0,0.052928088572318205,0.882568359375,1.0,0.03340889058634352,1.9844304078014183,0.7068457007408142,,,
stage4b_replication,0,256,scale_free,42002,sparse_drive,0.05,0.05,1.0,48,0.1875,16.0,89973c3c76b8e87e46,stage4_complete,spectral,0.3316285908222198,1,"0,1,2,3,4,5,6,7,8,9,10,11,12,13,14,15,16,17,18,19,20,21,22,23,24,25,26,27,28,29,30,31,32,33,34,35,38,39,40,41,43,44,46,47,48,50,51,57",55.0625,892.0,77.125,0.0,0.1124493224907381,0.98046875,1.0,0.0793493187611269,1.5345744680851063,0.7068457007408142,,,
stage4b_replication,0,256,scale_free,42002,sparse_drive,0.05,0.05,1.0,64,0.25,16.0,79c8436ead29986a36,stage4_complete,cycle_proxy,0.475990891456604,1,"0,1,2,3,4,5,6,7,8,9,10,11,12,13,14,15,16,17,18,19,20,21,22,23,24,25,26,27,28,29,30,31,32,33,34,35,36,38,39,40,41,42,44,45,46,47,48,50,51,55,56,57,58,61,65,67,68,70,72,79,80,82,89,96",48.46875,727.734375,63.671875,0.0,0.0984215844062289,0.9921875,1.0,0.0656604711086796,1.6438492063492065,0.7990188598632812,,,
stage4b_replication,0,256,scale_free,42002,sparse_drive,0.05,0.05,1.0,64,0.25,16.0,79c8436ead29986a36,stage4_complete,feedback_hub,0.3591843247413635,1,"0,1,2,3,4,5,6,7,8,9,10,11,12,13,14,15,16,17,18,19,20,21,22,23,24,25,26,27,28,29,30,31,32,33,34,35,37,38,39,40,41,42,43,44,45,46,47,48,50,51,52,55,57,58,59,60,61,67,69,70,77,80,89,91",49.078125,736.3125,62.921875,0.0,0.0991426378329791,0.99609375,1.0,0.0694317970725051,1.6423611111111112,0.7990188598632812,,,
stage4b_replication,0,256,scale_free,42002,sparse_drive,0.05,0.05,1.0,64,0.25,16.0,79c8436ead29986a36,stage4_complete,dynamics_aware,0.4601549506187439,1,"0,1,3,4,5,6,7,8,9,10,11,12,14,15,16,17,18,19,20,21,22,23,24,25,26,27,28,29,30,32,33,34,35,36,38,40,41,42,44,46,47,50,51,55,56,57,58,61,65,68,70,72,78,79,80,82,83,88,89,96,122,135,156,192",45.546875,669.03125,58.28125,0.0,0.0926113692908207,0.9921875,1.0,0.0605776745767948,1.6860119047619049,0.7990188598632812,,,
stage4b_replication,0,256,scale_free,42002,sparse_drive,0.05,0.05,1.0,64,0.25,16.0,79c8436ead29986a36,stage4_complete,high_degree,0.4844259619712829,1,"0,1,2,3,4,5,6,7,8,9,10,11,12,13,14,15,16,17,18,19,20,21,22,23,24,25,26,27,28,29,30,31,32,33,34,35,37,38,39,40,41,42,43,44,45,46,47,48,50,51,52,55,57,58,59,60,61,67,69,70,72,80,89,91",49.078125,736.03125,63.015625,0.0,0.0991243560488057,0.99609375,1.0,0.0684673402148541,1.6408730158730158,0.7990188598632812,,,
stage4b_replication,0,256,scale_free,42002,sparse_drive,0.05,0.05,1.0,64,0.25,16.0,79c8436ead29986a36,stage4_complete,module_bridge,0.4844259619712829,1,"0,1,2,3,4,5,6,7,8,9,10,11,12,13,14,15,16,17,18,19,20,21,22,23,24,25,26,27,28,29,30,31,32,33,34,35,37,38,39,40,41,42,43,44,45,46,47,48,50,51,52,55,57,58,59,60,61,67,69,70,72,80,89,91",49.078125,736.03125,63.015625,0.0,0.0991243560488057,0.99609375,1.0,0.0684673402148541,1.6408730158730158,0.7990188598632812,,,
stage4b_replication,0,256,scale_free,42002,sparse_drive,0.05,0.05,1.0,64,0.25,16.0,79c8436ead29986a36,stage4_complete,random,0.22583498968742785,32,,25.50927734375,256.7177734375,21.64453125,0.0,0.05237887244016515,0.9405517578125,1.0,0.033502287067267475,1.9866846478174605,0.7990188598632812,,,
stage4b_replication,0,256,scale_free,42002,sparse_drive,0.05,0.05,1.0,64,0.25,16.0,79c8436ead29986a36,stage4_complete,spectral,0.5710073709487915,1,"0,1,2,3,4,5,6,7,8,9,10,11,12,13,14,15,16,17,18,19,20,21,22,23,24,25,26,27,28,29,30,31,32,33,34,35,36,37,38,39,40,41,42,43,44,45,46,47,48,50,51,52,53,55,57,58,59,60,61,67,69,77,80,89",48.9375,734.375,62.921875,0.0,0.0993968018842656,0.99609375,1.0,0.0704306500236846,1.6383928571428572,0.7990188598632812,,,
stage4b_replication,0,256,scale_free,42002,transition_dense,0.035,0.1,1.0,8,0.03125,16.0,7032b041ec24bad5ca,stage4_complete,cycle_proxy,0.0509903281927108,1,"0,1,3,10,11,13,17,19",114.75,3416.875,524.375,0.0,0.1285433684568734,0.82421875,1.0,0.1531446620974594,1.0,0.3559649586677551,,,
stage4b_replication,0,256,scale_free,42002,transition_dense,0.035,0.1,1.0,8,0.03125,16.0,7032b041ec24bad5ca,stage4_complete,feedback_hub,0.0608355924487113,1,"1,3,10,11,13,16,18,21",117.375,3537.625,510.0,0.0,0.1292216970177807,0.828125,1.0,0.1639032293073257,1.0,0.3559649586677551,,,
stage4b_replication,0,256,scale_free,42002,transition_dense,0.035,0.1,1.0,8,0.03125,16.0,7032b041ec24bad5ca,stage4_complete,dynamics_aware,0.109166532754898,1,"13,22,25,66,172,181,214,215",62.125,1335.75,203.75,0.0,0.0703051319845102,0.58203125,1.0,0.0833441408549495,1.7142857142857142,0.3559649586677551,,,
stage4b_replication,0,256,scale_free,42002,transition_dense,0.035,0.1,1.0,8,0.03125,16.0,7032b041ec24bad5ca,stage4_complete,high_degree,0.0608355924487113,1,"1,3,10,11,13,16,18,21",117.375,3537.625,510.0,0.0,0.1292216970177807,0.828125,1.0,0.1639032293073257,1.0,0.3559649586677551,,,
stage4b_replication,0,256,scale_free,42002,transition_dense,0.035,0.1,1.0,8,0.03125,16.0,7032b041ec24bad5ca,stage4_complete,module_bridge,0.0608355924487113,1,"1,3,10,11,13,16,18,21",117.375,3537.625,510.0,0.0,0.1292216970177807,0.828125,1.0,0.1639032293073257,1.0,0.3559649586677551,,,
stage4b_replication,0,256,scale_free,42002,transition_dense,0.035,0.1,1.0,8,0.03125,16.0,7032b041ec24bad5ca,stage4_complete,random,0.10139076295308765,32,,47.32421875,765.19140625,111.65234375,0.0,0.052921353523368284,0.5257568359375,1.0,0.05634426943227922,1.8169642857142856,0.3559649586677551,,,
stage4b_replication,0,256,scale_free,42002,transition_dense,0.035,0.1,1.0,8,0.03125,16.0,7032b041ec24bad5ca,stage4_complete,spectral,0.0701529458165168,1,"1,3,8,10,11,13,16,21",117.0,3526.625,514.0,0.0,0.1295398303419158,0.859375,1.0,0.1627587130068612,1.0,0.3559649586677551,,,
stage4b_replication,0,256,scale_free,42002,transition_dense,0.035,0.1,1.0,16,0.0625,16.0,190d0461c63a748660,stage4_complete,cycle_proxy,0.113745167851448,1,"0,1,2,3,5,7,8,10,11,13,16,17,19,23,25,30",110.9375,3192.3125,495.375,0.0,0.1253046061147263,0.96484375,1.0,0.1592575918398111,1.0,0.3244823217391968,,,
stage4b_replication,0,256,scale_free,42002,transition_dense,0.035,0.1,1.0,16,0.0625,16.0,190d0461c63a748660,stage4_complete,feedback_hub,0.1374619305133819,1,"0,1,2,3,7,8,10,11,13,14,16,18,19,21,23,24",112.5625,3269.5625,489.625,0.0,0.1259131997933993,0.9453125,1.0,0.165067839630158,1.0,0.3244823217391968,,,
stage4b_replication,0,256,scale_free,42002,transition_dense,0.035,0.1,1.0,16,0.0625,16.0,190d0461c63a748660,stage4_complete,dynamics_aware,0.1338934749364853,1,"43,49,84,95,103,111,114,120,172,179,180,189,200,224,244,249",38.6875,448.625,64.0625,0.0,0.0434319121074258,0.69921875,1.0,0.0421900131724771,1.875,0.3244823217391968,,,
stage4b_replication,0,256,scale_free,42002,transition_dense,0.035,0.1,1.0,16,0.0625,16.0,190d0461c63a748660,stage4_complete,high_degree,0.0960275530815124,1,"1,2,3,6,7,8,10,11,13,14,16,18,19,21,23,24",112.625,3266.625,486.4375,0.0,0.1258095972600365,0.94921875,1.0,0.1640916347253501,1.0,0.3244823217391968,,,
stage4b_replication,0,256,scale_free,42002,transition_dense,0.035,0.1,1.0,16,0.0625,16.0,190d0461c63a748660,stage4_complete,module_bridge,0.0960275530815124,1,"1,2,3,6,7,8,10,11,13,14,16,18,19,21,23,24",112.625,3266.625,486.4375,0.0,0.1258095972600365,0.94921875,1.0,0.1640916347253501,1.0,0.3244823217391968,,,
stage4b_replication,0,256,scale_free,42002,transition_dense,0.035,0.1,1.0,16,0.0625,16.0,190d0461c63a748660,stage4_complete,random,0.05972928454866628,32,,49.865234375,832.509765625,121.052734375,0.0,0.05550835906882605,0.7652587890625,1.0,0.059316719794283206,1.8093750000000002,0.3244823217391968,,,
stage4b_replication,0,256,scale_free,42002,transition_dense,0.035,0.1,1.0,16,0.0625,16.0,190d0461c63a748660,stage4_complete,spectral,0.1027509123086929,1,"0,1,2,3,7,8,10,11,13,14,16,17,18,19,21,23",112.375,3259.8125,492.0,0.0,0.1261508708178655,0.953125,1.0,0.1645405090195258,1.0,0.3244823217391968,,,
stage4b_replication,0,256,scale_free,42002,transition_dense,0.035,0.1,1.0,24,0.09375,16.0,9cb7226dbf07f31bbd,stage4_complete,cycle_proxy,0.3829542994499206,1,"0,1,2,3,5,6,7,8,9,10,11,12,13,14,16,17,18,19,21,23,24,25,28,30",109.66666666666669,3104.708333333333,475.2083333333333,0.0,0.1236096069475272,0.984375,1.0,0.1574303632036065,1.0108695652173914,0.511617124080658,,,
stage4b_replication,0,256,scale_free,42002,transition_dense,0.035,0.1,1.0,24,0.09375,16.0,9cb7226dbf07f31bbd,stage4_complete,feedback_hub,0.3829542994499206,1,"0,1,2,3,5,6,7,8,9,10,11,12,13,14,16,17,18,19,21,23,24,25,28,30",109.66666666666669,3104.708333333333,475.2083333333333,0.0,0.1236096069475272,0.984375,1.0,0.1574303632036065,1.0108695652173914,0.511617124080658,,,
stage4b_replication,0,256,scale_free,42002,transition_dense,0.035,0.1,1.0,24,0.09375,16.0,9cb7226dbf07f31bbd,stage4_complete,dynamics_aware,0.3663095235824585,1,"0,1,2,3,5,6,7,8,9,10,11,12,13,14,16,17,19,20,23,24,25,30,55,94",105.41666666666669,2920.208333333333,449.5833333333333,0.0,0.1188674355734676,0.9765625,1.0,0.1485409229842058,1.0942028985507246,0.511617124080658,,,
stage4b_replication,0,256,scale_free,42002,transition_dense,0.035,0.1,1.0,24,0.09375,16.0,9cb7226dbf07f31bbd,stage4_complete,high_degree,0.3829542994499206,1,"0,1,2,3,5,6,7,8,9,10,11,12,13,14,16,17,18,19,21,23,24,25,28,30",109.66666666666669,3104.708333333333,475.2083333333333,0.0,0.1236096069475272,0.984375,1.0,0.1574303632036065,1.0108695652173914,0.511617124080658,,,
stage4b_replication,0,256,scale_free,42002,transition_dense,0.035,0.1,1.0,24,0.09375,16.0,9cb7226dbf07f31bbd,stage4_complete,module_bridge,0.3829542994499206,1,"0,1,2,3,5,6,7,8,9,10,11,12,13,14,16,17,18,19,21,23,24,25,28,30",109.66666666666669,3104.708333333333,475.2083333333333,0.0,0.1236096069475272,0.984375,1.0,0.1574303632036065,1.0108695652173914,0.511617124080658,,,
stage4b_replication,0,256,scale_free,42002,transition_dense,0.035,0.1,1.0,24,0.09375,16.0,9cb7226dbf07f31bbd,stage4_complete,random,0.04789893189445134,32,,46.97916666666667,743.8880208333334,108.48958333333334,0.0,0.05247537637299719,0.8585205078125,1.0,0.0579809107200995,1.8290307971014492,0.511617124080658,,,
stage4b_replication,0,256,scale_free,42002,transition_dense,0.035,0.1,1.0,24,0.09375,16.0,9cb7226dbf07f31bbd,stage4_complete,spectral,0.316764771938324,1,"0,1,2,3,5,6,7,8,9,10,11,12,13,14,16,17,18,19,20,21,23,24,25,30",109.58333333333331,3099.958333333333,474.5416666666667,0.0,0.1236533776354373,0.98046875,1.0,0.1585187495544189,1.0072463768115942,0.511617124080658,,,
stage4b_replication,0,256,scale_free,42002,transition_dense,0.035,0.1,1.0,32,0.125,16.0,d59c536f4f14175ad8,stage4_complete,cycle_proxy,0.3297457695007324,1,"0,1,2,3,4,5,6,7,8,9,10,11,12,13,14,16,17,18,19,20,21,22,23,24,25,26,27,28,29,30,32,35",105.84375,2903.03125,450.46875,0.0,0.1198885107569724,0.99609375,1.0,0.1529217854346264,1.0463709677419355,0.5890845656394958,,,
stage4b_replication,0,256,scale_free,42002,transition_dense,0.035,0.1,1.0,32,0.125,16.0,d59c536f4f14175ad8,stage4_complete,feedback_hub,0.314938485622406,1,"0,1,2,3,4,5,6,7,8,9,10,11,12,13,14,15,16,17,18,19,20,21,22,23,24,25,28,29,30,32,35,36",106.3125,2922.0,447.5,0.0,0.1198200763090683,0.99609375,1.0,0.1514401890865309,1.0584677419354838,0.5890845656394958,,,
stage4b_replication,0,256,scale_free,42002,transition_dense,0.035,0.1,1.0,32,0.125,16.0,d59c536f4f14175ad8,stage4_complete,dynamics_aware,0.3711966872215271,1,"0,1,2,3,4,5,6,7,8,9,10,11,12,13,14,15,16,17,18,19,20,21,22,23,24,25,26,27,28,29,30,32",105.9375,2908.96875,450.3125,0.0,0.1200476381131115,0.99609375,1.0,0.1528057889425174,1.032258064516129,0.5890845656394958,,,
stage4b_replication,0,256,scale_free,42002,transition_dense,0.035,0.1,1.0,32,0.125,16.0,d59c536f4f14175ad8,stage4_complete,high_degree,0.314938485622406,1,"0,1,2,3,4,5,6,7,8,9,10,11,12,13,14,15,16,17,18,19,20,21,22,23,24,25,28,29,30,32,35,36",106.3125,2922.0,447.5,0.0,0.1198200763090683,0.99609375,1.0,0.1514401890865309,1.0584677419354838,0.5890845656394958,,,
stage4b_replication,0,256,scale_free,42002,transition_dense,0.035,0.1,1.0,32,0.125,16.0,d59c536f4f14175ad8,stage4_complete,module_bridge,0.314938485622406,1,"0,1,2,3,4,5,6,7,8,9,10,11,12,13,14,15,16,17,18,19,20,21,22,23,24,25,28,29,30,32,35,36",106.3125,2922.0,447.5,0.0,0.1198200763090683,0.99609375,1.0,0.1514401890865309,1.0584677419354838,0.5890845656394958,,,
stage4b_replication,0,256,scale_free,42002,transition_dense,0.035,0.1,1.0,32,0.125,16.0,d59c536f4f14175ad8,stage4_complete,random,0.12407101504504676,32,,50.48046875,852.5341796875,124.482421875,0.0,0.056227945443353425,0.933349609375,1.0,0.06028055614316606,1.7966859879032258,0.5890845656394958,,,
stage4b_replication,0,256,scale_free,42002,transition_dense,0.035,0.1,1.0,32,0.125,16.0,d59c536f4f14175ad8,stage4_complete,spectral,0.3711966872215271,1,"0,1,2,3,4,5,6,7,8,9,10,11,12,13,14,15,16,17,18,19,20,21,22,23,24,25,26,27,28,29,30,32",105.9375,2908.96875,450.3125,0.0,0.1200476381131115,0.99609375,1.0,0.1528057889425174,1.032258064516129,0.5890845656394958,,,
stage4b_replication,0,256,scale_free,42002,transition_dense,0.035,0.1,1.0,48,0.1875,16.0,a21df424aae284d308,stage4_complete,cycle_proxy,0.6251818537712097,1,"0,1,2,3,4,5,6,7,8,9,10,11,12,13,14,15,16,17,18,19,20,21,22,23,24,25,26,27,28,29,30,31,32,33,34,35,36,37,38,39,40,41,42,43,45,46,48,63",97.95833333333331,2518.5625,383.4791666666667,0.0,0.110187160051281,1.0,1.0,0.1377116464944741,1.2109929078014183,0.7857264876365662,,,
stage4b_replication,0,256,scale_free,42002,transition_dense,0.035,0.1,1.0,48,0.1875,16.0,a21df424aae284d308,stage4_complete,feedback_hub,0.6714911460876465,1,"0,1,2,3,4,5,6,7,8,9,10,11,12,13,14,15,16,17,18,19,20,21,22,23,24,25,26,27,28,29,30,31,32,33,34,35,36,37,38,39,40,41,42,46,48,49,50,63",98.16666666666669,2528.0,382.9166666666667,0.0,0.1101794257885639,1.0,1.0,0.1389481197091756,1.2180851063829787,0.7857264876365662,,,
stage4b_replication,0,256,scale_free,42002,transition_dense,0.035,0.1,1.0,48,0.1875,16.0,a21df424aae284d308,stage4_complete,dynamics_aware,0.5852471590042114,1,"1,2,3,4,5,6,8,9,10,11,12,14,16,17,18,19,20,21,22,23,24,26,27,28,30,31,32,33,34,35,36,37,38,39,40,41,48,49,50,63,79,114,127,170,192,210,220,233",87.29166666666667,2155.875,325.0833333333333,0.0,0.0980501149445594,0.99609375,1.0,0.1175482819151351,1.38031914893617,0.7857264876365662,,,
stage4b_replication,0,256,scale_free,42002,transition_dense,0.035,0.1,1.0,48,0.1875,16.0,a21df424aae284d308,stage4_complete,high_degree,0.6714911460876465,1,"0,1,2,3,4,5,6,7,8,9,10,11,12,13,14,15,16,17,18,19,20,21,22,23,24,25,26,27,28,29,30,31,32,33,34,35,36,37,38,39,40,41,42,46,48,49,50,63",98.16666666666669,2528.0,382.9166666666667,0.0,0.1101794257885639,1.0,1.0,0.1389481197091756,1.2180851063829787,0.7857264876365662,,,
stage4b_replication,0,256,scale_free,42002,transition_dense,0.035,0.1,1.0,48,0.1875,16.0,a21df424aae284d308,stage4_complete,module_bridge,0.6714911460876465,1,"0,1,2,3,4,5,6,7,8,9,10,11,12,13,14,15,16,17,18,19,20,21,22,23,24,25,26,27,28,29,30,31,32,33,34,35,36,37,38,39,40,41,42,46,48,49,50,63",98.16666666666669,2528.0,382.9166666666667,0.0,0.1101794257885639,1.0,1.0,0.1389481197091756,1.2180851063829787,0.7857264876365662,,,
stage4b_replication,0,256,scale_free,42002,transition_dense,0.035,0.1,1.0,48,0.1875,16.0,a21df424aae284d308,stage4_complete,random,0.32633551908656955,32,,49.74088541666667,831.5481770833334,122.56315104166667,0.0,0.055672960040774426,0.9801025390625,1.0,0.05993862862971207,1.8052138741134751,0.7857264876365662,,,
stage4b_replication,0,256,scale_free,42002,transition_dense,0.035,0.1,1.0,48,0.1875,16.0,a21df424aae284d308,stage4_complete,spectral,0.7214202880859375,1,"0,1,2,3,4,5,6,7,8,9,10,11,12,13,14,15,16,17,18,19,20,21,22,23,24,25,26,27,28,29,30,31,32,33,34,35,36,37,38,39,40,41,42,43,46,48,49,63",98.0625,2524.1875,383.0833333333333,0.0,0.1102292495182189,1.0,1.0,0.1377889473326294,1.2136524822695036,0.7857264876365662,,,
stage4b_replication,0,256,scale_free,42002,transition_dense,0.035,0.1,1.0,64,0.25,16.0,451b87fcda1b7e9766,stage4_complete,cycle_proxy,0.436574637889862,1,"0,1,2,3,4,5,6,7,8,9,10,11,12,13,14,15,16,17,18,19,20,21,22,23,24,25,26,27,28,29,30,31,32,33,34,35,36,37,38,39,40,41,42,43,44,45,46,48,49,50,51,53,54,55,56,57,59,60,61,62,63,66,69,80",89.59375,2163.546875,326.140625,0.0,0.1004239692767401,1.0,1.0,0.1223921110711845,1.355654761904762,0.8088083267211914,,,
stage4b_replication,0,256,scale_free,42002,transition_dense,0.035,0.1,1.0,64,0.25,16.0,451b87fcda1b7e9766,stage4_complete,feedback_hub,0.573012113571167,1,"0,1,2,3,4,5,6,7,8,9,10,11,12,13,14,15,16,17,18,19,20,21,22,23,24,25,26,27,28,29,30,31,32,33,34,35,36,37,38,39,40,41,42,43,44,45,46,48,49,50,51,53,54,55,56,57,59,61,62,63,66,69,85,94",89.703125,2166.71875,325.328125,0.0,0.10028438061499,1.0,1.0,0.1219048466506894,1.3606150793650793,0.8088083267211914,,,
stage4b_replication,0,256,scale_free,42002,transition_dense,0.035,0.1,1.0,64,0.25,16.0,451b87fcda1b7e9766,stage4_complete,dynamics_aware,0.7908437252044678,1,"0,1,3,8,10,11,13,15,17,19,20,26,29,31,32,34,39,40,44,50,56,59,60,64,66,71,72,75,78,97,101,102,104,107,108,110,112,115,116,120,122,130,131,137,140,144,147,151,155,157,163,168,180,192,203,212,233,234,235,238,241,242,245,248",57.359375,1106.1875,166.96875,0.0,0.0645714720666199,0.99609375,1.0,0.0685963574111605,1.7405753968253967,0.8088083267211914,,,
stage4b_replication,0,256,scale_free,42002,transition_dense,0.035,0.1,1.0,64,0.25,16.0,451b87fcda1b7e9766,stage4_complete,high_degree,0.573012113571167,1,"0,1,2,3,4,5,6,7,8,9,10,11,12,13,14,15,16,17,18,19,20,21,22,23,24,25,26,27,28,29,30,31,32,33,34,35,36,37,38,39,40,41,42,43,44,45,46,48,49,50,51,53,54,55,56,57,59,61,62,63,66,69,85,94",89.703125,2166.71875,325.328125,0.0,0.10028438061499,1.0,1.0,0.1219048466506894,1.3606150793650793,0.8088083267211914,,,
stage4b_replication,0,256,scale_free,42002,transition_dense,0.035,0.1,1.0,64,0.25,16.0,451b87fcda1b7e9766,stage4_complete,module_bridge,0.573012113571167,1,"0,1,2,3,4,5,6,7,8,9,10,11,12,13,14,15,16,17,18,19,20,21,22,23,24,25,26,27,28,29,30,31,32,33,34,35,36,37,38,39,40,41,42,43,44,45,46,48,49,50,51,53,54,55,56,57,59,61,62,63,66,69,85,94",89.703125,2166.71875,325.328125,0.0,0.10028438061499,1.0,1.0,0.1219048466506894,1.3606150793650793,0.8088083267211914,,,
stage4b_replication,0,256,scale_free,42002,transition_dense,0.035,0.1,1.0,64,0.25,16.0,451b87fcda1b7e9766,stage4_complete,random,0.37633312214165926,32,,49.62060546875,830.46337890625,121.93408203125,0.0,0.055443898705085266,0.9930419921875,1.0,0.059908236778900295,1.8063306051587302,0.8088083267211914,,,
stage4b_replication,0,256,scale_free,42002,transition_dense,0.035,0.1,1.0,64,0.25,16.0,451b87fcda1b7e9766,stage4_complete,spectral,0.5086592435836792,1,"0,1,2,3,4,5,6,7,8,9,10,11,12,13,14,15,16,17,18,19,20,21,22,23,24,25,26,27,28,29,30,31,32,33,34,35,36,37,38,39,40,41,42,43,44,45,46,47,48,49,50,51,52,53,54,55,56,57,58,59,61,62,63,66",89.5625,2160.796875,325.46875,0.0,0.1005573666663773,1.0,1.0,0.1224238662116994,1.3492063492063493,0.8088083267211914,,,
stage4b_replication,0,256,scale_free,42002,transition_mid,0.035,0.05,1.0,8,0.03125,16.0,d50e29a9b9b7734ced,stage4_complete,cycle_proxy,0.0452012494206428,1,"0,1,3,8,10,12,13,15",85.75,1920.125,164.125,0.0,0.1711447456308447,0.70703125,1.0,0.1247575079386221,1.0357142857142858,0.3000587522983551,,,
stage4b_replication,0,256,scale_free,42002,transition_mid,0.035,0.05,1.0,8,0.03125,16.0,d50e29a9b9b7734ced,stage4_complete,feedback_hub,0.0461154356598854,1,"0,1,3,8,10,11,13,15",87.125,1976.5,161.125,0.0,0.1718797686268424,0.70703125,1.0,0.1204402398666654,1.0357142857142858,0.3000587522983551,,,
stage4b_replication,0,256,scale_free,42002,transition_mid,0.035,0.05,1.0,8,0.03125,16.0,d50e29a9b9b7734ced,stage4_complete,dynamics_aware,0.22438845038414,1,"0,5,43,110,120,149,160,189",32.625,442.75,41.75,0.0,0.0709081208459971,0.3828125,0.99609375,0.040759805685253,1.8928571428571428,0.3000587522983551,,,
stage4b_replication,0,256,scale_free,42002,transition_mid,0.035,0.05,1.0,8,0.03125,16.0,d50e29a9b9b7734ced,stage4_complete,high_degree,0.0461154356598854,1,"0,1,3,8,10,11,13,15",87.125,1976.5,161.125,0.0,0.1718797686268424,0.70703125,1.0,0.1204402398666654,1.0357142857142858,0.3000587522983551,,,
stage4b_replication,0,256,scale_free,42002,transition_mid,0.035,0.05,1.0,8,0.03125,16.0,d50e29a9b9b7734ced,stage4_complete,module_bridge,0.0461154356598854,1,"0,1,3,8,10,11,13,15",87.125,1976.5,161.125,0.0,0.1718797686268424,0.70703125,1.0,0.1204402398666654,1.0357142857142858,0.3000587522983551,,,
stage4b_replication,0,256,scale_free,42002,transition_mid,0.035,0.05,1.0,8,0.03125,16.0,d50e29a9b9b7734ced,stage4_complete,random,0.048652381286956314,32,,24.51171875,248.609375,21.27734375,0.0,0.05075892240204551,0.3369140625,0.984619140625,0.03126205576248647,2.016741071428571,0.3000587522983551,,,
stage4b_replication,0,256,scale_free,42002,transition_mid,0.035,0.05,1.0,8,0.03125,16.0,d50e29a9b9b7734ced,stage4_complete,spectral,0.0385090932250022,1,"0,1,3,8,10,11,12,15",87.0,1972.875,163.875,0.0,0.1720647282944933,0.69921875,1.0,0.1258460059651621,1.0357142857142858,0.3000587522983551,,,
stage4b_replication,0,256,scale_free,42002,transition_mid,0.035,0.05,1.0,16,0.0625,16.0,48d3b404167fad9d60,stage4_complete,cycle_proxy,0.1992014646530151,1,"0,1,2,3,4,6,7,8,9,10,11,12,13,14,15,16",77.875,1605.9375,143.375,0.0,0.1594627342416243,0.85546875,1.0,0.117454030201787,1.05,0.2933874428272247,,,
stage4b_replication,0,256,scale_free,42002,transition_mid,0.035,0.05,1.0,16,0.0625,16.0,48d3b404167fad9d60,stage4_complete,feedback_hub,0.1992014646530151,1,"0,1,2,3,4,6,7,8,9,10,11,12,13,14,15,16",77.875,1605.9375,143.375,0.0,0.1594627342416243,0.85546875,1.0,0.117454030201787,1.05,0.2933874428272247,,,
stage4b_replication,0,256,scale_free,42002,transition_mid,0.035,0.05,1.0,16,0.0625,16.0,48d3b404167fad9d60,stage4_complete,dynamics_aware,0.1992014646530151,1,"0,1,2,3,4,6,7,8,9,10,11,12,13,14,15,16",77.875,1605.9375,143.375,0.0,0.1594627342416243,0.85546875,1.0,0.117454030201787,1.05,0.2933874428272247,,,
stage4b_replication,0,256,scale_free,42002,transition_mid,0.035,0.05,1.0,16,0.0625,16.0,48d3b404167fad9d60,stage4_complete,high_degree,0.2104143798351287,1,"0,1,3,4,6,7,8,9,10,11,12,13,14,15,16,24",77.875,1599.9375,140.125,0.0,0.1585861274209861,0.86328125,1.0,0.1104946219807446,1.075,0.2933874428272247,,,
stage4b_replication,0,256,scale_free,42002,transition_mid,0.035,0.05,1.0,16,0.0625,16.0,48d3b404167fad9d60,stage4_complete,module_bridge,0.2104143798351287,1,"0,1,3,4,6,7,8,9,10,11,12,13,14,15,16,24",77.875,1599.9375,140.125,0.0,0.1585861274209861,0.86328125,1.0,0.1104946219807446,1.075,0.2933874428272247,,,
stage4b_replication,0,256,scale_free,42002,transition_mid,0.035,0.05,1.0,16,0.0625,16.0,48d3b404167fad9d60,stage4_complete,random,0.02370280175819057,32,,25.23046875,249.181640625,20.810546875,0.0,0.0520724033192217,0.5418701171875,0.99853515625,0.03358915045513274,1.9888020833333333,0.2933874428272247,,,
stage4b_replication,0,256,scale_free,42002,transition_mid,0.035,0.05,1.0,16,0.0625,16.0,48d3b404167fad9d60,stage4_complete,spectral,0.2210844755172729,1,"0,1,3,4,5,6,7,8,9,10,11,12,13,14,15,16",77.6875,1599.5625,142.4375,0.0,0.1598243796097471,0.8515625,1.0,0.1195917909924152,1.0416666666666667,0.2933874428272247,,,
stage4b_replication,0,256,scale_free,42002,transition_mid,0.035,0.05,1.0,24,0.09375,16.0,e7c0d26e82e911bfed,stage4_complete,cycle_proxy,0.2966046631336212,1,"0,1,2,3,4,5,6,7,8,9,10,11,12,13,14,15,16,17,18,19,20,21,24,38",70.83333333333333,1350.2083333333333,119.125,0.0,0.1448684911222461,0.9375,1.0,0.1022218858671752,1.213768115942029,0.511894166469574,,,
stage4b_replication,0,256,scale_free,42002,transition_mid,0.035,0.05,1.0,24,0.09375,16.0,e7c0d26e82e911bfed,stage4_complete,feedback_hub,0.2947642803192138,1,"0,1,2,3,4,5,6,7,8,9,10,11,12,13,14,15,16,17,18,19,21,24,38,41",71.16666666666667,1360.5833333333333,118.625,0.0,0.1445136162967017,0.9375,1.0,0.0978366323180925,1.2355072463768115,0.511894166469574,,,
stage4b_replication,0,256,scale_free,42002,transition_mid,0.035,0.05,1.0,24,0.09375,16.0,e7c0d26e82e911bfed,stage4_complete,dynamics_aware,0.3256298303604126,1,"0,1,2,3,4,5,7,8,9,10,12,13,14,15,16,17,18,19,21,38,41,62,130,219",64.58333333333333,1203.8333333333333,106.04166666666669,0.0,0.1316556258832306,0.92578125,1.0,0.0902801193468285,1.358695652173913,0.511894166469574,,,
stage4b_replication,0,256,scale_free,42002,transition_mid,0.035,0.05,1.0,24,0.09375,16.0,e7c0d26e82e911bfed,stage4_complete,high_degree,0.2947642803192138,1,"0,1,2,3,4,5,6,7,8,9,10,11,12,13,14,15,16,17,18,19,21,24,38,41",71.16666666666667,1360.5833333333333,118.625,0.0,0.1445136162967017,0.9375,1.0,0.0978366323180925,1.2355072463768115,0.511894166469574,,,
stage4b_replication,0,256,scale_free,42002,transition_mid,0.035,0.05,1.0,24,0.09375,16.0,e7c0d26e82e911bfed,stage4_complete,module_bridge,0.2947642803192138,1,"0,1,2,3,4,5,6,7,8,9,10,11,12,13,14,15,16,17,18,19,21,24,38,41",71.16666666666667,1360.5833333333333,118.625,0.0,0.1445136162967017,0.9375,1.0,0.0978366323180925,1.2355072463768115,0.511894166469574,,,
stage4b_replication,0,256,scale_free,42002,transition_mid,0.035,0.05,1.0,24,0.09375,16.0,e7c0d26e82e911bfed,stage4_complete,random,0.044529709004564155,32,,24.160156249999996,228.93229166666666,19.173177083333332,0.0,0.04974050678800312,0.663818359375,0.9996337890625,0.03251230562626614,2.003736413043478,0.511894166469574,,,
stage4b_replication,0,256,scale_free,42002,transition_mid,0.035,0.05,1.0,24,0.09375,16.0,e7c0d26e82e911bfed,stage4_complete,spectral,0.2966046631336212,1,"0,1,2,3,4,5,6,7,8,9,10,11,12,13,14,15,16,17,18,19,20,21,24,38",70.83333333333333,1350.2083333333333,119.125,0.0,0.1448684911222461,0.9375,1.0,0.1022218858671752,1.213768115942029,0.511894166469574,,,
stage4b_replication,0,256,scale_free,42002,transition_mid,0.035,0.05,1.0,32,0.125,16.0,90d6cfd83a00dbbf1a,stage4_complete,cycle_proxy,0.3124513030052185,1,"0,1,2,3,4,5,6,7,8,9,10,11,12,13,14,15,16,17,18,19,20,21,22,23,24,26,27,28,38,41,46,50",64.59375,1157.25,100.46875,0.0,0.1314468238208873,0.96875,1.0,0.0907061273853592,1.3669354838709675,0.6038223505020142,,,
stage4b_replication,0,256,scale_free,42002,transition_mid,0.035,0.05,1.0,32,0.125,16.0,90d6cfd83a00dbbf1a,stage4_complete,feedback_hub,0.3134457767009735,1,"0,1,2,3,4,5,6,7,8,9,10,11,12,13,14,15,16,17,18,19,20,21,22,24,26,30,31,38,39,41,46,50",65.0,1165.40625,99.4375,0.0,0.1311097553391294,0.96484375,1.0,0.0892207962789748,1.3830645161290325,0.6038223505020142,,,
stage4b_replication,0,256,scale_free,42002,transition_mid,0.035,0.05,1.0,32,0.125,16.0,90d6cfd83a00dbbf1a,stage4_complete,dynamics_aware,0.3657342493534088,1,"0,1,2,3,5,6,7,8,9,10,11,12,13,15,16,17,18,19,20,21,22,24,25,26,27,30,36,38,50,58,126,224",59.96875,1054.90625,91.34375,0.0,0.1222333931400183,0.9609375,1.0,0.0846212232163305,1.4475806451612905,0.6038223505020142,,,
stage4b_replication,0,256,scale_free,42002,transition_mid,0.035,0.05,1.0,32,0.125,16.0,90d6cfd83a00dbbf1a,stage4_complete,high_degree,0.3134457767009735,1,"0,1,2,3,4,5,6,7,8,9,10,11,12,13,14,15,16,17,18,19,20,21,22,24,26,30,31,38,39,41,46,50",65.0,1165.40625,99.4375,0.0,0.1311097553391294,0.96484375,1.0,0.0892207962789748,1.3830645161290325,0.6038223505020142,,,
stage4b_replication,0,256,scale_free,42002,transition_mid,0.035,0.05,1.0,32,0.125,16.0,90d6cfd83a00dbbf1a,stage4_complete,module_bridge,0.3134457767009735,1,"0,1,2,3,4,5,6,7,8,9,10,11,12,13,14,15,16,17,18,19,20,21,22,24,26,30,31,38,39,41,46,50",65.0,1165.40625,99.4375,0.0,0.1311097553391294,0.96484375,1.0,0.0892207962789748,1.3830645161290325,0.6038223505020142,,,
stage4b_replication,0,256,scale_free,42002,transition_mid,0.035,0.05,1.0,32,0.125,16.0,90d6cfd83a00dbbf1a,stage4_complete,random,0.06529802328441289,32,,26.298828125,274.9345703125,23.2919921875,0.0,0.05382234583788813,0.781494140625,0.9998779296875,0.034220037475287526,1.974420362903226,0.6038223505020142,,,
stage4b_replication,0,256,scale_free,42002,transition_mid,0.035,0.05,1.0,32,0.125,16.0,90d6cfd83a00dbbf1a,stage4_complete,spectral,0.3637621104717254,1,"0,1,2,3,4,5,6,7,8,9,10,11,12,13,14,15,16,17,18,19,20,21,22,23,24,25,26,27,30,38,41,50",64.5625,1155.65625,99.75,0.0,0.1318342061870758,0.97265625,1.0,0.0926427167242971,1.3588709677419355,0.6038223505020142,,,
stage4b_replication,0,256,scale_free,42002,transition_mid,0.035,0.05,1.0,48,0.1875,16.0,9703d5f6a7cf89fad0,stage4_complete,cycle_proxy,0.3405667543411255,1,"0,1,2,3,4,5,6,7,8,9,10,11,12,13,14,15,16,17,18,19,20,21,22,23,24,25,26,27,28,29,30,31,32,34,38,39,40,41,44,45,46,47,48,50,51,57,58,67",55.16666666666666,894.2083333333334,77.79166666666667,0.0,0.1121145448745384,0.98828125,1.0,0.0762012080853993,1.5425531914893618,0.7646021842956543,,,
stage4b_replication,0,256,scale_free,42002,transition_mid,0.035,0.05,1.0,48,0.1875,16.0,9703d5f6a7cf89fad0,stage4_complete,feedback_hub,0.3053041100502014,1,"0,1,2,3,4,5,6,7,8,9,10,11,12,13,14,15,16,17,18,19,20,21,22,23,24,25,26,27,28,30,31,32,38,39,40,41,44,46,47,48,50,51,55,57,58,60,80,89",55.5625,899.8958333333334,76.66666666666667,0.0,0.1115750781852102,0.9921875,1.0,0.0750758294373599,1.5549645390070923,0.7646021842956543,,,
stage4b_replication,0,256,scale_free,42002,transition_mid,0.035,0.05,1.0,48,0.1875,16.0,9703d5f6a7cf89fad0,stage4_complete,dynamics_aware,0.6379717588424683,1,"0,1,2,3,4,5,6,7,8,9,10,11,12,14,15,16,17,18,19,20,23,24,25,26,28,30,33,34,35,38,40,41,43,44,46,47,48,50,51,53,55,57,88,108,141,221,246,254",50.458333333333336,805.375,69.5,0.0,0.1026860750533737,0.96484375,1.0,0.0690114174622801,1.6125886524822697,0.7646021842956543,,,
stage4b_replication,0,256,scale_free,42002,transition_mid,0.035,0.05,1.0,48,0.1875,16.0,9703d5f6a7cf89fad0,stage4_complete,high_degree,0.3218818306922912,1,"0,1,2,3,4,5,6,7,8,9,10,11,12,13,14,15,16,17,18,19,20,21,22,23,24,25,26,27,28,30,31,32,34,38,39,40,41,44,46,47,48,50,55,57,58,60,80,89",55.5625,899.7708333333334,76.5,0.0,0.1116595325455343,0.9921875,1.0,0.0748226131773884,1.552304964539007,0.7646021842956543,,,
stage4b_replication,0,256,scale_free,42002,transition_mid,0.035,0.05,1.0,48,0.1875,16.0,9703d5f6a7cf89fad0,stage4_complete,module_bridge,0.3218818306922912,1,"0,1,2,3,4,5,6,7,8,9,10,11,12,13,14,15,16,17,18,19,20,21,22,23,24,25,26,27,28,30,31,32,34,38,39,40,41,44,46,47,48,50,55,57,58,60,80,89",55.5625,899.7708333333334,76.5,0.0,0.1116595325455343,0.9921875,1.0,0.0748226131773884,1.552304964539007,0.7646021842956543,,,
stage4b_replication,0,256,scale_free,42002,transition_mid,0.035,0.05,1.0,48,0.1875,16.0,9703d5f6a7cf89fad0,stage4_complete,random,0.16699699265882373,32,,25.708984375000004,262.43489583333337,22.486328125,0.0,0.052928088572318205,0.882568359375,1.0,0.03340889058634352,1.9844304078014183,0.7646021842956543,,,
stage4b_replication,0,256,scale_free,42002,transition_mid,0.035,0.05,1.0,48,0.1875,16.0,9703d5f6a7cf89fad0,stage4_complete,spectral,0.3980956077575683,1,"0,1,2,3,4,5,6,7,8,9,10,11,12,13,14,15,16,17,18,19,20,21,22,23,24,25,26,27,28,29,30,31,32,33,34,35,38,39,40,41,43,44,46,47,48,50,51,57",55.0625,892.0,77.125,0.0,0.1124493224907381,0.98046875,1.0,0.0793493187611269,1.5345744680851063,0.7646021842956543,,,
stage4b_replication,0,256,scale_free,42002,transition_mid,0.035,0.05,1.0,64,0.25,16.0,0acf2ff990b398a6ff,stage4_complete,cycle_proxy,0.5603436231613159,1,"0,1,2,3,4,5,6,7,8,9,10,11,12,13,14,15,16,17,18,19,20,21,22,23,24,25,26,27,28,29,30,31,32,33,34,35,36,38,39,40,41,42,44,45,46,47,48,50,51,55,56,57,58,61,65,67,68,70,72,79,80,82,89,96",48.46875,727.734375,63.671875,0.0,0.0984215844062289,0.9921875,1.0,0.0656604711086796,1.6438492063492065,0.8265175819396973,,,
stage4b_replication,0,256,scale_free,42002,transition_mid,0.035,0.05,1.0,64,0.25,16.0,0acf2ff990b398a6ff,stage4_complete,feedback_hub,0.7087423801422119,1,"0,1,2,3,4,5,6,7,8,9,10,11,12,13,14,15,16,17,18,19,20,21,22,23,24,25,26,27,28,29,30,31,32,33,34,35,37,38,39,40,41,42,43,44,45,46,47,48,50,51,52,55,57,58,59,60,61,67,69,70,77,80,89,91",49.078125,736.3125,62.921875,0.0,0.0991426378329791,0.99609375,1.0,0.0694317970725051,1.6423611111111112,0.8265175819396973,,,
stage4b_replication,0,256,scale_free,42002,transition_mid,0.035,0.05,1.0,64,0.25,16.0,0acf2ff990b398a6ff,stage4_complete,dynamics_aware,0.7063202261924744,1,"0,1,3,4,6,7,8,9,10,11,13,14,15,16,17,18,19,20,21,22,23,24,25,26,27,28,30,31,32,33,34,35,37,39,40,41,42,43,44,45,46,47,48,50,51,55,57,58,59,60,61,67,69,72,80,89,91,100,129,136,140,145,222,254",45.71875,667.359375,55.828125,0.0,0.0920204644653403,0.9921875,1.0,0.0608043518163842,1.6949404761904765,0.8265175819396973,,,
stage4b_replication,0,256,scale_free,42002,transition_mid,0.035,0.05,1.0,64,0.25,16.0,0acf2ff990b398a6ff,stage4_complete,high_degree,0.6907504796981812,1,"0,1,2,3,4,5,6,7,8,9,10,11,12,13,14,15,16,17,18,19,20,21,22,23,24,25,26,27,28,29,30,31,32,33,34,35,37,38,39,40,41,42,43,44,45,46,47,48,50,51,52,55,57,58,59,60,61,67,69,70,72,80,89,91",49.078125,736.03125,63.015625,0.0,0.0991243560488057,0.99609375,1.0,0.0684673402148541,1.6408730158730158,0.8265175819396973,,,
stage4b_replication,0,256,scale_free,42002,transition_mid,0.035,0.05,1.0,64,0.25,16.0,0acf2ff990b398a6ff,stage4_complete,module_bridge,0.6907504796981812,1,"0,1,2,3,4,5,6,7,8,9,10,11,12,13,14,15,16,17,18,19,20,21,22,23,24,25,26,27,28,29,30,31,32,33,34,35,37,38,39,40,41,42,43,44,45,46,47,48,50,51,52,55,57,58,59,60,61,67,69,70,72,80,89,91",49.078125,736.03125,63.015625,0.0,0.0991243560488057,0.99609375,1.0,0.0684673402148541,1.6408730158730158,0.8265175819396973,,,
stage4b_replication,0,256,scale_free,42002,transition_mid,0.035,0.05,1.0,64,0.25,16.0,0acf2ff990b398a6ff,stage4_complete,random,0.31106059718877077,32,,25.50927734375,256.7177734375,21.64453125,0.0,0.05237887244016515,0.9405517578125,1.0,0.033502287067267475,1.9866846478174605,0.8265175819396973,,,
stage4b_replication,0,256,scale_free,42002,transition_mid,0.035,0.05,1.0,64,0.25,16.0,0acf2ff990b398a6ff,stage4_complete,spectral,0.59596848487854,1,"0,1,2,3,4,5,6,7,8,9,10,11,12,13,14,15,16,17,18,19,20,21,22,23,24,25,26,27,28,29,30,31,32,33,34,35,36,37,38,39,40,41,42,43,44,45,46,47,48,50,51,52,53,55,57,58,59,60,61,67,69,77,80,89",48.9375,734.375,62.921875,0.0,0.0993968018842656,0.99609375,1.0,0.0704306500236846,1.6383928571428572,0.8265175819396973,,,
stage4b_replication,0,256,scale_free,42003,sparse_drive,0.05,0.05,1.0,8,0.03125,16.0,def2f9fef96c08c750,stage4_complete,cycle_proxy,0.024480827152729,1,"0,1,2,3,4,5,16,23",78.75,1629.25,158.25,0.0,0.1645206314973977,0.66015625,1.0,0.1139370363153065,1.0,0.332311600446701,,,
stage4b_replication,0,256,scale_free,42003,sparse_drive,0.05,0.05,1.0,8,0.03125,16.0,def2f9fef96c08c750,stage4_complete,feedback_hub,0.024919394403696,1,"0,1,2,3,5,13,16,17",79.75,1663.125,155.375,0.0,0.1639054001923385,0.6640625,1.0,0.119079041753723,1.0357142857142858,0.332311600446701,,,
stage4b_replication,0,256,scale_free,42003,sparse_drive,0.05,0.05,1.0,8,0.03125,16.0,def2f9fef96c08c750,stage4_complete,dynamics_aware,0.0929194390773773,1,"86,111,138,169,199,213,239,244",16.875,89.375,7.25,0.0,0.0338091364871735,0.25390625,0.94921875,0.0168062096633525,2.392857142857143,0.332311600446701,,,
stage4b_replication,0,256,scale_free,42003,sparse_drive,0.05,0.05,1.0,8,0.03125,16.0,def2f9fef96c08c750,stage4_complete,high_degree,0.024919394403696,1,"0,1,2,3,5,13,16,17",79.75,1663.125,155.375,0.0,0.1639054001923385,0.6640625,1.0,0.119079041753723,1.0357142857142858,0.332311600446701,,,
stage4b_replication,0,256,scale_free,42003,sparse_drive,0.05,0.05,1.0,8,0.03125,16.0,def2f9fef96c08c750,stage4_complete,module_bridge,0.024919394403696,1,"0,1,2,3,5,13,16,17",79.75,1663.125,155.375,0.0,0.1639054001923385,0.6640625,1.0,0.119079041753723,1.0357142857142858,0.332311600446701,,,
stage4b_replication,0,256,scale_free,42003,sparse_drive,0.05,0.05,1.0,8,0.03125,16.0,def2f9fef96c08c750,stage4_complete,random,0.042594877857482005,32,,26.70703125,277.73828125,25.265625,0.0,0.05501581885118213,0.353759765625,0.9827880859375,0.03172008036211601,1.9765625,0.332311600446701,,,
stage4b_replication,0,256,scale_free,42003,sparse_drive,0.05,0.05,1.0,8,0.03125,16.0,def2f9fef96c08c750,stage4_complete,spectral,0.0319975838065147,1,"0,1,2,3,4,5,7,16",78.875,1634.375,157.5,0.0,0.1666642286518828,0.6484375,1.0,0.1227293517183692,1.0,0.332311600446701,,,
stage4b_replication,0,256,scale_free,42003,sparse_drive,0.05,0.05,1.0,16,0.0625,16.0,ef58bc857fba42453a,stage4_complete,cycle_proxy,0.1596142947673797,1,"0,1,2,3,4,5,7,10,11,13,14,15,16,17,18,23",73.4375,1429.6875,140.5,0.0,0.1543121409556087,0.875,1.0,0.1119017161984907,1.125,0.2860684990882873,,,
stage4b_replication,0,256,scale_free,42003,sparse_drive,0.05,0.05,1.0,16,0.0625,16.0,ef58bc857fba42453a,stage4_complete,feedback_hub,0.0827274844050407,1,"0,1,2,3,4,5,7,11,12,13,15,16,17,18,23,24",74.3125,1456.875,137.75,0.0,0.1543985380596693,0.88671875,1.0,0.1133090441179343,1.1416666666666666,0.2860684990882873,,,
stage4b_replication,0,256,scale_free,42003,sparse_drive,0.05,0.05,1.0,16,0.0625,16.0,ef58bc857fba42453a,stage4_complete,dynamics_aware,0.1596142947673797,1,"0,1,2,3,4,5,7,10,11,13,14,15,16,17,18,23",73.4375,1429.6875,140.5,0.0,0.1543121409556087,0.875,1.0,0.1119017161984907,1.125,0.2860684990882873,,,
stage4b_replication,0,256,scale_free,42003,sparse_drive,0.05,0.05,1.0,16,0.0625,16.0,ef58bc857fba42453a,stage4_complete,high_degree,0.0827274844050407,1,"0,1,2,3,4,5,7,11,12,13,15,16,17,18,23,24",74.3125,1456.875,137.75,0.0,0.1543985380596693,0.88671875,1.0,0.1133090441179343,1.1416666666666666,0.2860684990882873,,,
stage4b_replication,0,256,scale_free,42003,sparse_drive,0.05,0.05,1.0,16,0.0625,16.0,ef58bc857fba42453a,stage4_complete,module_bridge,0.0827274844050407,1,"0,1,2,3,4,5,7,11,12,13,15,16,17,18,23,24",74.3125,1456.875,137.75,0.0,0.1543985380596693,0.88671875,1.0,0.1133090441179343,1.1416666666666666,0.2860684990882873,,,
stage4b_replication,0,256,scale_free,42003,sparse_drive,0.05,0.05,1.0,16,0.0625,16.0,ef58bc857fba42453a,stage4_complete,random,0.021421052515506706,32,,23.921875,214.609375,19.09375,0.0,0.04957312536001901,0.5172119140625,0.997802734375,0.03129796768597567,2.017708333333333,0.2860684990882873,,,
stage4b_replication,0,256,scale_free,42003,sparse_drive,0.05,0.05,1.0,16,0.0625,16.0,ef58bc857fba42453a,stage4_complete,spectral,0.095079056918621,1,"0,1,2,3,4,5,7,11,12,13,14,15,16,17,18,23",74.125,1451.625,140.375,0.0,0.1549584731177757,0.88671875,1.0,0.1130341634804762,1.1166666666666667,0.2860684990882873,,,
stage4b_replication,0,256,scale_free,42003,sparse_drive,0.05,0.05,1.0,24,0.09375,16.0,bc5a278eaeede95f99,stage4_complete,cycle_proxy,0.3246476948261261,1,"0,1,2,3,4,5,6,7,8,9,10,11,12,13,14,15,16,17,18,19,21,23,24,25",67.0,1212.0833333333333,119.79166666666669,0.0,0.1428782002423924,0.93359375,1.0,0.1034018532338227,1.2028985507246377,0.4636658728122711,,,
stage4b_replication,0,256,scale_free,42003,sparse_drive,0.05,0.05,1.0,24,0.09375,16.0,bc5a278eaeede95f99,stage4_complete,feedback_hub,0.191268503665924,1,"0,1,2,3,4,5,7,8,10,11,12,13,14,15,16,17,18,21,23,24,25,27,29,38",67.91666666666667,1236.625,117.83333333333331,0.0,0.1414205326195584,0.93359375,1.0,0.0995074065591679,1.2644927536231885,0.4636658728122711,,,
stage4b_replication,0,256,scale_free,42003,sparse_drive,0.05,0.05,1.0,24,0.09375,16.0,bc5a278eaeede95f99,stage4_complete,dynamics_aware,0.3461242914199829,1,"0,1,2,4,6,7,9,10,11,12,13,14,15,16,17,18,19,21,23,25,62,91,97,102",58.75,1000.5416666666666,99.58333333333331,0.0,0.1256769021283788,0.91796875,1.0,0.0846780661551721,1.3804347826086956,0.4636658728122711,,,
stage4b_replication,0,256,scale_free,42003,sparse_drive,0.05,0.05,1.0,24,0.09375,16.0,bc5a278eaeede95f99,stage4_complete,high_degree,0.191268503665924,1,"0,1,2,3,4,5,7,8,10,11,12,13,14,15,16,17,18,21,23,24,25,27,29,38",67.91666666666667,1236.625,117.83333333333331,0.0,0.1414205326195584,0.93359375,1.0,0.0995074065591679,1.2644927536231885,0.4636658728122711,,,
stage4b_replication,0,256,scale_free,42003,sparse_drive,0.05,0.05,1.0,24,0.09375,16.0,bc5a278eaeede95f99,stage4_complete,module_bridge,0.191268503665924,1,"0,1,2,3,4,5,7,8,10,11,12,13,14,15,16,17,18,21,23,24,25,27,29,38",67.91666666666667,1236.625,117.83333333333331,0.0,0.1414205326195584,0.93359375,1.0,0.0995074065591679,1.2644927536231885,0.4636658728122711,,,
stage4b_replication,0,256,scale_free,42003,sparse_drive,0.05,0.05,1.0,24,0.09375,16.0,bc5a278eaeede95f99,stage4_complete,random,0.02135790756437923,32,,24.856770833333336,239.79947916666666,21.695312499999996,0.0,0.051494292969965896,0.669677734375,0.9996337890625,0.02993278260665895,2.0109827898550723,0.4636658728122711,,,
stage4b_replication,0,256,scale_free,42003,sparse_drive,0.05,0.05,1.0,24,0.09375,16.0,bc5a278eaeede95f99,stage4_complete,spectral,0.31540247797966,1,"0,1,2,3,4,5,6,7,8,9,10,11,12,13,14,15,16,17,18,19,21,23,24,27",67.20833333333333,1219.4583333333333,119.45833333333331,0.0,0.1430385085767045,0.93359375,1.0,0.1027533843108296,1.2028985507246377,0.4636658728122711,,,
stage4b_replication,0,256,scale_free,42003,sparse_drive,0.05,0.05,1.0,32,0.125,16.0,e6493895833d1811d2,stage4_complete,cycle_proxy,0.2453282177448272,1,"0,1,2,3,4,5,6,7,8,9,10,11,12,13,14,15,16,17,18,19,21,22,23,24,25,26,27,28,29,30,31,38",62.15625,1064.625,102.9375,0.0,0.1314400560165232,0.95703125,1.0,0.0940338425832902,1.3528225806451613,0.583992600440979,,,
stage4b_replication,0,256,scale_free,42003,sparse_drive,0.05,0.05,1.0,32,0.125,16.0,e6493895833d1811d2,stage4_complete,feedback_hub,0.3109444975852966,1,"0,1,2,3,4,5,6,7,8,9,10,11,12,13,14,15,16,17,18,19,21,23,24,25,26,27,29,31,37,38,42,53",62.46875,1070.78125,101.6875,0.0,0.1304070019989673,0.9609375,1.0,0.0906137900449275,1.377016129032258,0.583992600440979,,,
stage4b_replication,0,256,scale_free,42003,sparse_drive,0.05,0.05,1.0,32,0.125,16.0,e6493895833d1811d2,stage4_complete,dynamics_aware,0.2464486509561538,1,"0,1,2,3,4,6,8,9,10,11,12,13,14,15,16,17,19,23,24,26,27,29,31,37,38,42,47,53,61,90,155,207",55.25,892.25,85.9375,0.0,0.1153524453484488,0.94921875,1.0,0.0770283493546808,1.5060483870967742,0.583992600440979,,,
stage4b_replication,0,256,scale_free,42003,sparse_drive,0.05,0.05,1.0,32,0.125,16.0,e6493895833d1811d2,stage4_complete,high_degree,0.3109444975852966,1,"0,1,2,3,4,5,6,7,8,9,10,11,12,13,14,15,16,17,18,19,21,23,24,25,26,27,29,31,37,38,42,53",62.46875,1070.78125,101.6875,0.0,0.1304070019989673,0.9609375,1.0,0.0906137900449275,1.377016129032258,0.583992600440979,,,
stage4b_replication,0,256,scale_free,42003,sparse_drive,0.05,0.05,1.0,32,0.125,16.0,e6493895833d1811d2,stage4_complete,module_bridge,0.3109444975852966,1,"0,1,2,3,4,5,6,7,8,9,10,11,12,13,14,15,16,17,18,19,21,23,24,25,26,27,29,31,37,38,42,53",62.46875,1070.78125,101.6875,0.0,0.1304070019989673,0.9609375,1.0,0.0906137900449275,1.377016129032258,0.583992600440979,,,
stage4b_replication,0,256,scale_free,42003,sparse_drive,0.05,0.05,1.0,32,0.125,16.0,e6493895833d1811d2,stage4_complete,random,0.03537123341811816,32,,25.6328125,255.6455078125,22.6884765625,0.0,0.052843199403306854,0.7841796875,0.9998779296875,0.03033521751588466,1.989478326612903,0.583992600440979,,,
stage4b_replication,0,256,scale_free,42003,sparse_drive,0.05,0.05,1.0,32,0.125,16.0,e6493895833d1811d2,stage4_complete,spectral,0.2453282177448272,1,"0,1,2,3,4,5,6,7,8,9,10,11,12,13,14,15,16,17,18,19,21,22,23,24,25,26,27,28,29,30,31,38",62.15625,1064.625,102.9375,0.0,0.1314400560165232,0.95703125,1.0,0.0940338425832902,1.3528225806451613,0.583992600440979,,,
stage4b_replication,0,256,scale_free,42003,sparse_drive,0.05,0.05,1.0,48,0.1875,16.0,be054187b8619b925e,stage4_complete,cycle_proxy,0.4571965634822845,1,"0,1,2,3,4,5,6,7,8,9,10,11,12,13,14,15,16,17,18,19,20,21,22,23,24,25,26,27,28,29,30,31,32,33,34,35,36,37,38,39,40,42,44,48,50,53,54,55",54.270833333333336,846.125,80.35416666666667,0.0,0.1135053378671469,0.984375,1.0,0.076593004239318,1.5310283687943262,0.7033990621566772,,,
stage4b_replication,0,256,scale_free,42003,sparse_drive,0.05,0.05,1.0,48,0.1875,16.0,be054187b8619b925e,stage4_complete,feedback_hub,0.5309048295021057,1,"0,1,2,3,4,5,6,7,8,9,10,11,12,13,14,15,16,17,18,19,20,21,22,23,24,25,26,27,28,29,30,31,32,33,34,35,36,37,38,40,42,43,44,48,52,53,54,61",54.625,852.5833333333334,80.20833333333333,0.0,0.1135858552325074,0.984375,1.0,0.0770744600606847,1.5328014184397163,0.7033990621566772,,,
stage4b_replication,0,256,scale_free,42003,sparse_drive,0.05,0.05,1.0,48,0.1875,16.0,be054187b8619b925e,stage4_complete,dynamics_aware,0.5474701523780823,1,"2,3,4,5,6,7,8,9,10,11,12,13,14,16,17,18,19,20,21,22,23,24,25,26,27,28,29,30,31,33,34,36,37,38,40,42,43,44,48,52,54,61,65,92,109,116,125,197",49.79166666666666,744.2083333333334,70.0625,0.0,0.1040143670586879,0.98046875,1.0,0.0706805774028085,1.6054964539007093,0.7033990621566772,,,
stage4b_replication,0,256,scale_free,42003,sparse_drive,0.05,0.05,1.0,48,0.1875,16.0,be054187b8619b925e,stage4_complete,high_degree,0.2637964487075805,1,"0,1,2,3,4,5,6,7,8,9,10,11,12,13,14,15,16,17,18,19,20,21,22,23,24,25,26,27,28,29,30,31,32,34,35,36,37,38,40,42,43,44,48,52,53,54,56,61",54.625,852.4583333333334,79.97916666666667,0.0,0.113368018773471,0.984375,1.0,0.0763038310364473,1.5363475177304964,0.7033990621566772,,,
stage4b_replication,0,256,scale_free,42003,sparse_drive,0.05,0.05,1.0,48,0.1875,16.0,be054187b8619b925e,stage4_complete,module_bridge,0.2637964487075805,1,"0,1,2,3,4,5,6,7,8,9,10,11,12,13,14,15,16,17,18,19,20,21,22,23,24,25,26,27,28,29,30,31,32,34,35,36,37,38,40,42,43,44,48,52,53,54,56,61",54.625,852.4583333333334,79.97916666666667,0.0,0.113368018773471,0.984375,1.0,0.0763038310364473,1.5363475177304964,0.7033990621566772,,,
stage4b_replication,0,256,scale_free,42003,sparse_drive,0.05,0.05,1.0,48,0.1875,16.0,be054187b8619b925e,stage4_complete,random,0.09543985326308754,32,,24.5234375,233.24088541666663,20.975260416666664,0.0,0.050741758947098155,0.877685546875,1.0,0.030428883847815256,2.0138242464539005,0.7033990621566772,,,
stage4b_replication,0,256,scale_free,42003,sparse_drive,0.05,0.05,1.0,48,0.1875,16.0,be054187b8619b925e,stage4_complete,spectral,0.4899435043334961,1,"0,1,2,3,4,5,6,7,8,9,10,11,12,13,14,15,16,17,18,19,20,21,22,23,24,25,26,27,28,29,30,31,32,33,34,35,36,37,38,39,40,42,44,48,50,52,53,54",54.47916666666666,849.875,80.3125,0.0,0.1137321439262919,0.984375,1.0,0.076596674438623,1.5310283687943262,0.7033990621566772,,,
stage4b_replication,0,256,scale_free,42003,sparse_drive,0.05,0.05,1.0,64,0.25,16.0,d20b50be075c50bee5,stage4_complete,cycle_proxy,0.294003814458847,1,"0,1,2,3,4,5,6,7,8,9,10,11,12,13,14,15,16,17,18,19,20,21,22,23,24,25,26,27,28,29,30,31,32,33,34,35,36,37,38,39,40,42,43,44,45,46,48,49,50,51,52,53,54,55,57,60,61,64,65,66,80,83,84,105",48.546875,704.625,66.0,0.0,0.1003665598685073,0.9921875,1.0,0.0660100589358734,1.6393849206349207,0.7149341702461243,,,
stage4b_replication,0,256,scale_free,42003,sparse_drive,0.05,0.05,1.0,64,0.25,16.0,d20b50be075c50bee5,stage4_complete,feedback_hub,0.4410486221313476,1,"0,1,2,3,4,5,6,7,8,9,10,11,12,13,14,15,16,17,18,19,20,21,22,23,24,25,26,27,28,29,30,31,32,33,34,35,36,37,38,39,40,42,43,44,45,46,48,49,50,51,52,53,54,55,56,57,59,61,66,67,69,78,80,83",49.203125,714.40625,65.53125,0.0,0.1008549254187236,0.98828125,1.0,0.0649709207752365,1.6364087301587302,0.7149341702461243,,,
stage4b_replication,0,256,scale_free,42003,sparse_drive,0.05,0.05,1.0,64,0.25,16.0,d20b50be075c50bee5,stage4_complete,dynamics_aware,0.4224229753017425,1,"3,5,6,7,15,18,21,23,24,26,28,29,35,36,37,40,46,52,58,66,69,79,83,85,89,91,92,93,96,98,100,106,111,113,114,120,123,139,142,143,155,156,157,166,168,173,177,189,191,194,198,200,203,206,214,224,228,230,234,238,241,250,253,254",28.6875,328.078125,28.21875,0.0,0.0586745325769279,0.953125,1.0,0.0325006558025309,1.94593253968254,0.7149341702461243,,,
stage4b_replication,0,256,scale_free,42003,sparse_drive,0.05,0.05,1.0,64,0.25,16.0,d20b50be075c50bee5,stage4_complete,high_degree,0.4410486221313476,1,"0,1,2,3,4,5,6,7,8,9,10,11,12,13,14,15,16,17,18,19,20,21,22,23,24,25,26,27,28,29,30,31,32,33,34,35,36,37,38,39,40,42,43,44,45,46,48,49,50,51,52,53,54,55,56,57,59,61,66,67,69,78,80,83",49.203125,714.40625,65.53125,0.0,0.1008549254187236,0.98828125,1.0,0.0649709207752365,1.6364087301587302,0.7149341702461243,,,
stage4b_replication,0,256,scale_free,42003,sparse_drive,0.05,0.05,1.0,64,0.25,16.0,d20b50be075c50bee5,stage4_complete,module_bridge,0.4410486221313476,1,"0,1,2,3,4,5,6,7,8,9,10,11,12,13,14,15,16,17,18,19,20,21,22,23,24,25,26,27,28,29,30,31,32,33,34,35,36,37,38,39,40,42,43,44,45,46,48,49,50,51,52,53,54,55,56,57,59,61,66,67,69,78,80,83",49.203125,714.40625,65.53125,0.0,0.1008549254187236,0.98828125,1.0,0.0649709207752365,1.6364087301587302,0.7149341702461243,,,
stage4b_replication,0,256,scale_free,42003,sparse_drive,0.05,0.05,1.0,64,0.25,16.0,d20b50be075c50bee5,stage4_complete,random,0.1889027159195393,32,,25.16357421875,245.57470703125,21.99951171875,0.0,0.051942080468231205,0.941650390625,1.0,0.03037241859301948,2.001441592261905,0.7149341702461243,,,
stage4b_replication,0,256,scale_free,42003,sparse_drive,0.05,0.05,1.0,64,0.25,16.0,d20b50be075c50bee5,stage4_complete,spectral,0.3638309836387634,1,"0,1,2,3,4,5,6,7,8,9,10,11,12,13,14,15,16,17,18,19,20,21,22,23,24,25,26,27,28,29,30,31,32,33,34,35,36,37,38,39,40,41,42,43,44,45,46,48,49,50,51,52,53,54,55,56,57,61,65,67,68,69,78,80",48.984375,711.015625,65.46875,0.0,0.101111220715493,0.9921875,1.0,0.0658749948709933,1.6344246031746033,0.7149341702461243,,,
stage4b_replication,0,256,scale_free,42003,transition_dense,0.035,0.1,1.0,8,0.03125,16.0,ca68d064f8eb064d48,stage4_complete,cycle_proxy,0.1300371587276458,1,"0,4,5,14,16,21,24,26",117.375,3561.75,534.25,0.0,0.1306935064155464,0.82421875,1.0,0.1457115243058051,1.0,0.3411590754985809,,,
stage4b_replication,0,256,scale_free,42003,transition_dense,0.035,0.1,1.0,8,0.03125,16.0,ca68d064f8eb064d48,stage4_complete,feedback_hub,0.1300371587276458,1,"0,4,5,14,16,21,24,26",117.375,3561.75,534.25,0.0,0.1306935064155464,0.82421875,1.0,0.1457115243058051,1.0,0.3411590754985809,,,
stage4b_replication,0,256,scale_free,42003,transition_dense,0.035,0.1,1.0,8,0.03125,16.0,ca68d064f8eb064d48,stage4_complete,dynamics_aware,0.0837431848049163,1,"20,25,37,52,53,145,171,181",67.625,1444.375,210.625,0.0,0.0756550630253706,0.6484375,1.0,0.0811037086852641,1.5714285714285714,0.3411590754985809,,,
stage4b_replication,0,256,scale_free,42003,transition_dense,0.035,0.1,1.0,8,0.03125,16.0,ca68d064f8eb064d48,stage4_complete,high_degree,0.1300371587276458,1,"0,4,5,14,16,21,24,26",117.375,3561.75,534.25,0.0,0.1306935064155464,0.82421875,1.0,0.1457115243058051,1.0,0.3411590754985809,,,
stage4b_replication,0,256,scale_free,42003,transition_dense,0.035,0.1,1.0,8,0.03125,16.0,ca68d064f8eb064d48,stage4_complete,module_bridge,0.1300371587276458,1,"0,4,5,14,16,21,24,26",117.375,3561.75,534.25,0.0,0.1306935064155464,0.82421875,1.0,0.1457115243058051,1.0,0.3411590754985809,,,
stage4b_replication,0,256,scale_free,42003,transition_dense,0.035,0.1,1.0,8,0.03125,16.0,ca68d064f8eb064d48,stage4_complete,random,0.10594072018284346,32,,51.24609375,890.4609375,131.34375,0.0,0.0573830904909844,0.5458984375,0.9998779296875,0.060898352219632045,1.7779017857142856,0.3411590754985809,,,
stage4b_replication,0,256,scale_free,42003,transition_dense,0.035,0.1,1.0,8,0.03125,16.0,ca68d064f8eb064d48,stage4_complete,spectral,0.1024118736386299,1,"0,5,14,16,21,23,24,26",117.0,3537.375,529.625,0.0,0.1310767059273607,0.8125,1.0,0.144107788561156,1.0,0.3411590754985809,,,
stage4b_replication,0,256,scale_free,42003,transition_dense,0.035,0.1,1.0,16,0.0625,16.0,447d259083884417e5,stage4_complete,cycle_proxy,0.0802206695079803,1,"0,1,2,3,4,5,14,15,16,17,21,23,24,25,26,27",111.0,3194.5,491.6875,0.0,0.1259772298591597,0.97265625,1.0,0.1563179780234421,1.0,0.3330710828304291,,,
stage4b_replication,0,256,scale_free,42003,transition_dense,0.035,0.1,1.0,16,0.0625,16.0,447d259083884417e5,stage4_complete,feedback_hub,0.1130401864647865,1,"0,2,3,4,5,14,16,17,21,23,24,25,26,28,36,37",112.5,3273.5625,483.0625,0.0,0.1251448069491377,0.94921875,1.0,0.1527176321311586,1.075,0.3330710828304291,,,
stage4b_replication,0,256,scale_free,42003,transition_dense,0.035,0.1,1.0,16,0.0625,16.0,447d259083884417e5,stage4_complete,dynamics_aware,0.1388556659221649,1,"14,34,37,108,115,140,150,152,161,187,193,204,207,220,233,242",44.6875,747.0,107.5625,0.0,0.0496292322842988,0.74609375,1.0,0.0462023710655173,1.8833333333333333,0.3330710828304291,,,
stage4b_replication,0,256,scale_free,42003,transition_dense,0.035,0.1,1.0,16,0.0625,16.0,447d259083884417e5,stage4_complete,high_degree,0.1130401864647865,1,"0,2,3,4,5,14,16,17,21,23,24,25,26,28,36,37",112.5,3273.5625,483.0625,0.0,0.1251448069491377,0.94921875,1.0,0.1527176321311586,1.075,0.3330710828304291,,,
stage4b_replication,0,256,scale_free,42003,transition_dense,0.035,0.1,1.0,16,0.0625,16.0,447d259083884417e5,stage4_complete,module_bridge,0.1130401864647865,1,"0,2,3,4,5,14,16,17,21,23,24,25,26,28,36,37",112.5,3273.5625,483.0625,0.0,0.1251448069491377,0.94921875,1.0,0.1527176321311586,1.075,0.3330710828304291,,,
stage4b_replication,0,256,scale_free,42003,transition_dense,0.035,0.1,1.0,16,0.0625,16.0,447d259083884417e5,stage4_complete,random,0.07693758269306267,32,,48.033203125,768.6796875,111.349609375,0.0,0.0534676252814201,0.759765625,1.0,0.05597400462781321,1.8169270833333333,0.3330710828304291,,,
stage4b_replication,0,256,scale_free,42003,transition_dense,0.035,0.1,1.0,16,0.0625,16.0,447d259083884417e5,stage4_complete,spectral,0.0968795269727706,1,"0,2,3,4,5,14,16,17,18,21,23,24,25,26,27,28",111.75,3233.9375,490.8125,0.0,0.1263482683219475,0.94921875,1.0,0.1625870668637166,1.0083333333333333,0.3330710828304291,,,
stage4b_replication,0,256,scale_free,42003,transition_dense,0.035,0.1,1.0,24,0.09375,16.0,c1e1bbd6180ee3b287,stage4_complete,cycle_proxy,0.2784836590290069,1,"0,1,2,3,4,5,6,7,9,13,14,15,16,17,18,19,21,23,24,25,26,27,28,36",107.45833333333331,2999.708333333333,460.9166666666667,0.0,0.1223467763697485,0.9921875,1.0,0.159643141518065,1.0326086956521738,0.4847001135349273,,,
stage4b_replication,0,256,scale_free,42003,transition_dense,0.035,0.1,1.0,24,0.09375,16.0,c1e1bbd6180ee3b287,stage4_complete,feedback_hub,0.2838625907897949,1,"0,2,3,4,5,6,7,14,15,16,17,18,19,21,23,24,25,26,27,28,31,33,36,37",108.45833333333331,3047.75,455.0,0.0,0.121735040310031,0.98046875,1.0,0.1538506670444135,1.072463768115942,0.4847001135349273,,,
stage4b_replication,0,256,scale_free,42003,transition_dense,0.035,0.1,1.0,24,0.09375,16.0,c1e1bbd6180ee3b287,stage4_complete,dynamics_aware,0.357542484998703,1,"0,1,2,4,7,9,14,15,16,17,18,19,20,21,23,24,25,26,27,30,36,46,85,188",99.83333333333331,2678.25,411.7916666666667,0.0,0.1135537063485889,0.9921875,1.0,0.1387367123975423,1.1666666666666667,0.4847001135349273,,,
stage4b_replication,0,256,scale_free,42003,transition_dense,0.035,0.1,1.0,24,0.09375,16.0,c1e1bbd6180ee3b287,stage4_complete,high_degree,0.2838625907897949,1,"0,2,3,4,5,6,7,14,15,16,17,18,19,21,23,24,25,26,27,28,31,33,36,37",108.45833333333331,3047.75,455.0,0.0,0.121735040310031,0.98046875,1.0,0.1538506670444135,1.072463768115942,0.4847001135349273,,,
stage4b_replication,0,256,scale_free,42003,transition_dense,0.035,0.1,1.0,24,0.09375,16.0,c1e1bbd6180ee3b287,stage4_complete,module_bridge,0.2838625907897949,1,"0,2,3,4,5,6,7,14,15,16,17,18,19,21,23,24,25,26,27,28,31,33,36,37",108.45833333333331,3047.75,455.0,0.0,0.121735040310031,0.98046875,1.0,0.1538506670444135,1.072463768115942,0.4847001135349273,,,
stage4b_replication,0,256,scale_free,42003,transition_dense,0.035,0.1,1.0,24,0.09375,16.0,c1e1bbd6180ee3b287,stage4_complete,random,0.05540734622627492,32,,48.53385416666667,795.78515625,115.84375,0.0,0.05420291464880291,0.87060546875,1.0,0.05663001701410923,1.8128396739130435,0.4847001135349273,,,
stage4b_replication,0,256,scale_free,42003,transition_dense,0.035,0.1,1.0,24,0.09375,16.0,c1e1bbd6180ee3b287,stage4_complete,spectral,0.3690482974052429,1,"0,1,2,3,4,5,6,7,13,14,15,16,17,18,19,21,22,23,24,25,26,27,28,36",107.66666666666669,3011.25,460.2083333333333,0.0,0.1225631369460477,0.9921875,1.0,0.1596364328654745,1.036231884057971,0.4847001135349273,,,
stage4b_replication,0,256,scale_free,42003,transition_dense,0.035,0.1,1.0,32,0.125,16.0,f893fc6729a5d624f4,stage4_complete,cycle_proxy,0.2607638239860534,1,"0,1,2,3,4,5,6,7,8,9,11,12,13,14,15,16,17,18,19,20,21,22,23,24,25,26,27,28,29,31,33,36",104.5,2840.5,438.28125,0.0,0.1193801325136891,0.99609375,1.0,0.1550510807845868,1.0483870967741935,0.5657514333724976,,,
stage4b_replication,0,256,scale_free,42003,transition_dense,0.035,0.1,1.0,32,0.125,16.0,f893fc6729a5d624f4,stage4_complete,feedback_hub,0.2910874187946319,1,"0,1,2,3,4,5,6,7,11,13,14,15,16,17,18,19,20,21,22,23,24,25,26,27,28,29,31,32,33,35,36,37",105.0625,2869.71875,434.5,0.0,0.1190754234875789,0.9921875,1.0,0.1543546601686278,1.0866935483870968,0.5657514333724976,,,
stage4b_replication,0,256,scale_free,42003,transition_dense,0.035,0.1,1.0,32,0.125,16.0,f893fc6729a5d624f4,stage4_complete,dynamics_aware,0.4065670073032379,1,"0,1,3,4,5,6,7,9,11,13,14,15,17,18,19,21,22,24,25,26,29,31,32,33,35,36,105,110,142,169,224,230",91.4375,2372.03125,360.03125,0.0,0.1032896608887231,0.9921875,1.0,0.1206764856264555,1.3245967741935485,0.5657514333724976,,,
stage4b_replication,0,256,scale_free,42003,transition_dense,0.035,0.1,1.0,32,0.125,16.0,f893fc6729a5d624f4,stage4_complete,high_degree,0.2910874187946319,1,"0,1,2,3,4,5,6,7,11,13,14,15,16,17,18,19,20,21,22,23,24,25,26,27,28,29,31,32,33,35,36,37",105.0625,2869.71875,434.5,0.0,0.1190754234875789,0.9921875,1.0,0.1543546601686278,1.0866935483870968,0.5657514333724976,,,
stage4b_replication,0,256,scale_free,42003,transition_dense,0.035,0.1,1.0,32,0.125,16.0,f893fc6729a5d624f4,stage4_complete,module_bridge,0.2910874187946319,1,"0,1,2,3,4,5,6,7,11,13,14,15,16,17,18,19,20,21,22,23,24,25,26,27,28,29,31,32,33,35,36,37",105.0625,2869.71875,434.5,0.0,0.1190754234875789,0.9921875,1.0,0.1543546601686278,1.0866935483870968,0.5657514333724976,,,
stage4b_replication,0,256,scale_free,42003,transition_dense,0.035,0.1,1.0,32,0.125,16.0,f893fc6729a5d624f4,stage4_complete,random,0.12041814636904742,32,,49.7041015625,825.40234375,120.935546875,0.0,0.055409258312153986,0.9395751953125,1.0,0.058505917385572724,1.8089717741935485,0.5657514333724976,,,
stage4b_replication,0,256,scale_free,42003,transition_dense,0.035,0.1,1.0,32,0.125,16.0,f893fc6729a5d624f4,stage4_complete,spectral,0.2526546120643616,1,"0,1,2,3,4,5,6,7,8,9,11,13,14,15,16,17,18,19,20,21,22,23,24,25,26,27,28,29,31,32,33,36",104.625,2847.03125,437.625,0.0,0.119390327743858,0.99609375,1.0,0.1560120289431585,1.060483870967742,0.5657514333724976,,,
stage4b_replication,0,256,scale_free,42003,transition_dense,0.035,0.1,1.0,48,0.1875,16.0,9580e53b24fb99aa72,stage4_complete,cycle_proxy,0.5895484685897827,1,"0,1,2,3,4,5,6,7,8,9,10,11,12,13,14,15,16,17,18,19,20,21,22,23,24,25,26,27,28,29,30,31,32,33,34,35,36,37,38,39,40,41,42,43,44,49,53,55",97.10416666666669,2489.458333333333,379.9166666666667,0.0,0.110436065391909,1.0,1.0,0.1382623074706767,1.2092198581560285,0.7852073311805725,,,
stage4b_replication,0,256,scale_free,42003,transition_dense,0.035,0.1,1.0,48,0.1875,16.0,9580e53b24fb99aa72,stage4_complete,feedback_hub,0.5113502740859985,1,"0,1,2,3,4,5,6,7,8,9,10,11,12,13,14,15,16,17,18,19,20,21,22,23,24,25,26,27,28,29,30,31,32,33,34,35,36,37,38,39,40,41,43,44,45,49,53,55",97.125,2490.083333333333,379.0833333333333,0.0,0.1103869049338182,1.0,1.0,0.1370240427419482,1.2092198581560285,0.7852073311805725,,,
stage4b_replication,0,256,scale_free,42003,transition_dense,0.035,0.1,1.0,48,0.1875,16.0,9580e53b24fb99aa72,stage4_complete,dynamics_aware,0.7390159368515015,1,"0,1,2,3,4,5,6,7,8,9,10,11,12,13,14,15,17,19,20,21,22,23,24,25,26,27,28,32,33,34,36,37,38,39,40,43,45,49,53,55,59,67,93,213,221,233,244,249",88.0625,2192.4375,333.375,0.0,0.1000128811012925,1.0,1.0,0.1160096235653261,1.3484042553191489,0.7852073311805725,,,
stage4b_replication,0,256,scale_free,42003,transition_dense,0.035,0.1,1.0,48,0.1875,16.0,9580e53b24fb99aa72,stage4_complete,high_degree,0.6462652087211609,1,"0,1,2,3,4,5,6,7,8,9,10,11,12,13,14,15,16,17,18,19,20,21,22,23,24,25,26,27,28,29,30,31,32,33,34,35,36,37,38,39,40,41,43,45,46,49,53,55",97.14583333333331,2489.145833333333,378.0833333333333,0.0,0.1102760627820853,1.0,1.0,0.1362794185632332,1.2127659574468086,0.7852073311805725,,,
stage4b_replication,0,256,scale_free,42003,transition_dense,0.035,0.1,1.0,48,0.1875,16.0,9580e53b24fb99aa72,stage4_complete,module_bridge,0.6462652087211609,1,"0,1,2,3,4,5,6,7,8,9,10,11,12,13,14,15,16,17,18,19,20,21,22,23,24,25,26,27,28,29,30,31,32,33,34,35,36,37,38,39,40,41,43,45,46,49,53,55",97.14583333333331,2489.145833333333,378.0833333333333,0.0,0.1102760627820853,1.0,1.0,0.1362794185632332,1.2127659574468086,0.7852073311805725,,,
stage4b_replication,0,256,scale_free,42003,transition_dense,0.035,0.1,1.0,48,0.1875,16.0,9580e53b24fb99aa72,stage4_complete,random,0.32982993545010686,32,,48.352864583333336,785.2018229166667,114.16341145833333,0.0,0.05394274760110225,0.9814453125,1.0,0.0567628895656126,1.8177360372340425,0.7852073311805725,,,
stage4b_replication,0,256,scale_free,42003,transition_dense,0.035,0.1,1.0,48,0.1875,16.0,9580e53b24fb99aa72,stage4_complete,spectral,0.5142787098884583,1,"0,1,2,3,4,5,6,7,8,9,10,11,12,13,14,15,16,17,18,19,20,21,22,23,24,25,26,27,28,29,30,31,32,33,34,35,36,37,38,39,40,41,42,43,44,45,49,55",97.02083333333331,2485.583333333333,379.7291666666667,0.0,0.1104540538239257,1.0,1.0,0.1376678671966577,1.2074468085106382,0.7852073311805725,,,
stage4b_replication,0,256,scale_free,42003,transition_dense,0.035,0.1,1.0,64,0.25,16.0,23173fe2d52b3d7ad3,stage4_complete,cycle_proxy,0.3221018016338348,1,"0,1,2,3,4,5,6,7,8,9,10,11,12,13,14,15,16,17,18,19,20,21,22,23,24,25,26,27,28,29,30,31,32,33,34,35,36,37,38,39,40,41,42,43,44,45,46,47,49,50,51,52,53,54,55,57,58,60,61,63,64,67,78,79",88.515625,2125.484375,323.09375,0.0,0.1003357336504955,1.0,1.0,0.1216368058741907,1.3531746031746033,0.8139151334762573,,,
stage4b_replication,0,256,scale_free,42003,transition_dense,0.035,0.1,1.0,64,0.25,16.0,23173fe2d52b3d7ad3,stage4_complete,feedback_hub,0.3378278017044067,1,"0,1,2,3,4,5,6,7,8,9,10,11,12,13,14,15,16,17,18,19,20,21,22,23,24,25,26,27,28,29,30,31,32,33,34,35,36,37,38,39,40,41,42,43,44,45,46,49,51,52,53,54,55,58,60,61,62,64,67,69,78,81,85,118",88.96875,2139.8125,320.875,0.0,0.100162469502907,1.0,1.0,0.1197073998577435,1.3625992063492065,0.8139151334762573,,,
stage4b_replication,0,256,scale_free,42003,transition_dense,0.035,0.1,1.0,64,0.25,16.0,23173fe2d52b3d7ad3,stage4_complete,dynamics_aware,0.6195031404495239,1,"1,2,3,4,8,10,12,17,23,26,27,28,29,31,32,34,36,42,43,49,52,53,54,56,69,76,81,83,84,92,98,99,100,101,102,110,115,116,118,119,121,123,124,125,130,155,163,174,177,178,179,182,191,192,203,210,214,218,231,237,241,250,252,255",58.453125,1117.125,164.0,0.0,0.0652331435413186,0.99609375,1.0,0.0695036767492829,1.7341269841269842,0.8139151334762573,,,
stage4b_replication,0,256,scale_free,42003,transition_dense,0.035,0.1,1.0,64,0.25,16.0,23173fe2d52b3d7ad3,stage4_complete,high_degree,0.3296486139297485,1,"0,1,2,3,4,5,6,7,8,9,10,11,12,13,14,15,16,17,18,19,20,21,22,23,24,25,26,27,28,29,30,31,32,33,34,35,36,37,38,39,40,41,42,43,44,45,46,49,51,52,53,54,55,58,60,61,62,63,64,67,69,78,85,118",88.984375,2139.5625,321.25,0.0,0.1002132354536007,1.0,1.0,0.1196072793046589,1.3611111111111112,0.8139151334762573,,,
stage4b_replication,0,256,scale_free,42003,transition_dense,0.035,0.1,1.0,64,0.25,16.0,23173fe2d52b3d7ad3,stage4_complete,module_bridge,0.3296486139297485,1,"0,1,2,3,4,5,6,7,8,9,10,11,12,13,14,15,16,17,18,19,20,21,22,23,24,25,26,27,28,29,30,31,32,33,34,35,36,37,38,39,40,41,42,43,44,45,46,49,51,52,53,54,55,58,60,61,62,63,64,67,69,78,85,118",88.984375,2139.5625,321.25,0.0,0.1002132354536007,1.0,1.0,0.1196072793046589,1.3611111111111112,0.8139151334762573,,,
stage4b_replication,0,256,scale_free,42003,transition_dense,0.035,0.1,1.0,64,0.25,16.0,23173fe2d52b3d7ad3,stage4_complete,random,0.3425614102743566,32,,49.16943359375,813.5078125,118.37060546875,0.0,0.05484025770906995,0.9940185546875,1.0,0.0573329918280816,1.8092912946428572,0.8139151334762573,,,
stage4b_replication,0,256,scale_free,42003,transition_dense,0.035,0.1,1.0,64,0.25,16.0,23173fe2d52b3d7ad3,stage4_complete,spectral,0.3250898718833923,1,"0,1,2,3,4,5,6,7,8,9,10,11,12,13,14,15,16,17,18,19,20,21,22,23,24,25,26,27,28,29,30,31,32,33,34,35,36,37,38,39,40,41,42,43,44,45,46,47,48,49,50,51,52,53,54,55,58,61,63,64,67,71,78,85",88.65625,2129.484375,322.3125,0.0,0.1004839586745858,1.0,1.0,0.1229798291694423,1.3531746031746033,0.8139151334762573,,,
stage4b_replication,0,256,scale_free,42003,transition_mid,0.035,0.05,1.0,8,0.03125,16.0,e1fe609014a4120923,stage4_complete,cycle_proxy,0.0408291146159172,1,"0,1,2,3,4,5,16,23",78.75,1629.25,158.25,0.0,0.1645206314973977,0.66015625,1.0,0.1139370363153065,1.0,0.3210870623588562,,,
stage4b_replication,0,256,scale_free,42003,transition_mid,0.035,0.05,1.0,8,0.03125,16.0,e1fe609014a4120923,stage4_complete,feedback_hub,0.0285438597202301,1,"0,1,2,3,5,13,16,17",79.75,1663.125,155.375,0.0,0.1639054001923385,0.6640625,1.0,0.119079041753723,1.0357142857142858,0.3210870623588562,,,
stage4b_replication,0,256,scale_free,42003,transition_mid,0.035,0.05,1.0,8,0.03125,16.0,e1fe609014a4120923,stage4_complete,dynamics_aware,0.1226060986518859,1,"21,58,116,132,182,217,224,233",21.625,175.5,14.375,0.0,0.0473645006038362,0.265625,0.98046875,0.0345102942211522,2.071428571428572,0.3210870623588562,,,
stage4b_replication,0,256,scale_free,42003,transition_mid,0.035,0.05,1.0,8,0.03125,16.0,e1fe609014a4120923,stage4_complete,high_degree,0.0285438597202301,1,"0,1,2,3,5,13,16,17",79.75,1663.125,155.375,0.0,0.1639054001923385,0.6640625,1.0,0.119079041753723,1.0357142857142858,0.3210870623588562,,,
stage4b_replication,0,256,scale_free,42003,transition_mid,0.035,0.05,1.0,8,0.03125,16.0,e1fe609014a4120923,stage4_complete,module_bridge,0.0285438597202301,1,"0,1,2,3,5,13,16,17",79.75,1663.125,155.375,0.0,0.1639054001923385,0.6640625,1.0,0.119079041753723,1.0357142857142858,0.3210870623588562,,,
stage4b_replication,0,256,scale_free,42003,transition_mid,0.035,0.05,1.0,8,0.03125,16.0,e1fe609014a4120923,stage4_complete,random,0.06135777581948782,32,,26.70703125,277.73828125,25.265625,0.0,0.05501581885118213,0.353759765625,0.9827880859375,0.03172008036211601,1.9765625,0.3210870623588562,,,
stage4b_replication,0,256,scale_free,42003,transition_mid,0.035,0.05,1.0,8,0.03125,16.0,e1fe609014a4120923,stage4_complete,spectral,0.0323536321520805,1,"0,1,2,3,4,5,7,16",78.875,1634.375,157.5,0.0,0.1666642286518828,0.6484375,1.0,0.1227293517183692,1.0,0.3210870623588562,,,
stage4b_replication,0,256,scale_free,42003,transition_mid,0.035,0.05,1.0,16,0.0625,16.0,c20db880e8c34c22c4,stage4_complete,cycle_proxy,0.1540671288967132,1,"0,1,2,3,4,5,7,10,11,13,14,15,16,17,18,23",73.4375,1429.6875,140.5,0.0,0.1543121409556087,0.875,1.0,0.1119017161984907,1.125,0.2904048562049866,,,
stage4b_replication,0,256,scale_free,42003,transition_mid,0.035,0.05,1.0,16,0.0625,16.0,c20db880e8c34c22c4,stage4_complete,feedback_hub,0.204884260892868,1,"0,1,2,3,4,5,7,11,12,13,15,16,17,18,23,24",74.3125,1456.875,137.75,0.0,0.1543985380596693,0.88671875,1.0,0.1133090441179343,1.1416666666666666,0.2904048562049866,,,
stage4b_replication,0,256,scale_free,42003,transition_mid,0.035,0.05,1.0,16,0.0625,16.0,c20db880e8c34c22c4,stage4_complete,dynamics_aware,0.1692700237035751,1,"0,1,2,3,4,5,7,11,12,13,14,16,18,23,31,52",70.625,1344.125,129.5,0.0,0.147234987844184,0.875,1.0,0.1008276185684592,1.2,0.2904048562049866,,,
stage4b_replication,0,256,scale_free,42003,transition_mid,0.035,0.05,1.0,16,0.0625,16.0,c20db880e8c34c22c4,stage4_complete,high_degree,0.204884260892868,1,"0,1,2,3,4,5,7,11,12,13,15,16,17,18,23,24",74.3125,1456.875,137.75,0.0,0.1543985380596693,0.88671875,1.0,0.1133090441179343,1.1416666666666666,0.2904048562049866,,,
stage4b_replication,0,256,scale_free,42003,transition_mid,0.035,0.05,1.0,16,0.0625,16.0,c20db880e8c34c22c4,stage4_complete,module_bridge,0.204884260892868,1,"0,1,2,3,4,5,7,11,12,13,15,16,17,18,23,24",74.3125,1456.875,137.75,0.0,0.1543985380596693,0.88671875,1.0,0.1133090441179343,1.1416666666666666,0.2904048562049866,,,
stage4b_replication,0,256,scale_free,42003,transition_mid,0.035,0.05,1.0,16,0.0625,16.0,c20db880e8c34c22c4,stage4_complete,random,0.02871341648278753,32,,23.921875,214.609375,19.09375,0.0,0.04957312536001901,0.5172119140625,0.997802734375,0.03129796768597567,2.017708333333333,0.2904048562049866,,,
stage4b_replication,0,256,scale_free,42003,transition_mid,0.035,0.05,1.0,16,0.0625,16.0,c20db880e8c34c22c4,stage4_complete,spectral,0.1612026393413543,1,"0,1,2,3,4,5,7,11,12,13,14,15,16,17,18,23",74.125,1451.625,140.375,0.0,0.1549584731177757,0.88671875,1.0,0.1130341634804762,1.1166666666666667,0.2904048562049866,,,
stage4b_replication,0,256,scale_free,42003,transition_mid,0.035,0.05,1.0,24,0.09375,16.0,0679928f9dcf4685b8,stage4_complete,cycle_proxy,0.2651533186435699,1,"0,1,2,3,4,5,6,7,8,9,10,11,12,13,14,15,16,17,18,19,21,23,24,25",67.0,1212.0833333333333,119.79166666666669,0.0,0.1428782002423924,0.93359375,1.0,0.1034018532338227,1.2028985507246377,0.494536817073822,,,
stage4b_replication,0,256,scale_free,42003,transition_mid,0.035,0.05,1.0,24,0.09375,16.0,0679928f9dcf4685b8,stage4_complete,feedback_hub,0.2540439367294311,1,"0,1,2,3,4,5,7,8,10,11,12,13,14,15,16,17,18,21,23,24,25,27,29,38",67.91666666666667,1236.625,117.83333333333331,0.0,0.1414205326195584,0.93359375,1.0,0.0995074065591679,1.2644927536231885,0.494536817073822,,,
stage4b_replication,0,256,scale_free,42003,transition_mid,0.035,0.05,1.0,24,0.09375,16.0,0679928f9dcf4685b8,stage4_complete,dynamics_aware,0.2654212415218353,1,"0,1,2,3,4,5,7,8,10,13,15,16,17,18,21,23,25,27,29,37,38,65,69,159",62.54166666666666,1109.8333333333333,102.91666666666669,0.0,0.1291680658362186,0.921875,1.0,0.0846645511231907,1.394927536231884,0.494536817073822,,,
stage4b_replication,0,256,scale_free,42003,transition_mid,0.035,0.05,1.0,24,0.09375,16.0,0679928f9dcf4685b8,stage4_complete,high_degree,0.2540439367294311,1,"0,1,2,3,4,5,7,8,10,11,12,13,14,15,16,17,18,21,23,24,25,27,29,38",67.91666666666667,1236.625,117.83333333333331,0.0,0.1414205326195584,0.93359375,1.0,0.0995074065591679,1.2644927536231885,0.494536817073822,,,
stage4b_replication,0,256,scale_free,42003,transition_mid,0.035,0.05,1.0,24,0.09375,16.0,0679928f9dcf4685b8,stage4_complete,module_bridge,0.2540439367294311,1,"0,1,2,3,4,5,7,8,10,11,12,13,14,15,16,17,18,21,23,24,25,27,29,38",67.91666666666667,1236.625,117.83333333333331,0.0,0.1414205326195584,0.93359375,1.0,0.0995074065591679,1.2644927536231885,0.494536817073822,,,
stage4b_replication,0,256,scale_free,42003,transition_mid,0.035,0.05,1.0,24,0.09375,16.0,0679928f9dcf4685b8,stage4_complete,random,0.03980782610597085,32,,24.856770833333336,239.79947916666666,21.695312499999996,0.0,0.051494292969965896,0.669677734375,0.9996337890625,0.02993278260665895,2.0109827898550723,0.494536817073822,,,
stage4b_replication,0,256,scale_free,42003,transition_mid,0.035,0.05,1.0,24,0.09375,16.0,0679928f9dcf4685b8,stage4_complete,spectral,0.3013103306293487,1,"0,1,2,3,4,5,6,7,8,9,10,11,12,13,14,15,16,17,18,19,21,23,24,27",67.20833333333333,1219.4583333333333,119.45833333333331,0.0,0.1430385085767045,0.93359375,1.0,0.1027533843108296,1.2028985507246377,0.494536817073822,,,
stage4b_replication,0,256,scale_free,42003,transition_mid,0.035,0.05,1.0,32,0.125,16.0,a504d43ef179631dfe,stage4_complete,cycle_proxy,0.2824671566486358,1,"0,1,2,3,4,5,6,7,8,9,10,11,12,13,14,15,16,17,18,19,21,22,23,24,25,26,27,28,29,30,31,38",62.15625,1064.625,102.9375,0.0,0.1314400560165232,0.95703125,1.0,0.0940338425832902,1.3528225806451613,0.6060407757759094,,,
stage4b_replication,0,256,scale_free,42003,transition_mid,0.035,0.05,1.0,32,0.125,16.0,a504d43ef179631dfe,stage4_complete,feedback_hub,0.3309877514839172,1,"0,1,2,3,4,5,6,7,8,9,10,11,12,13,14,15,16,17,18,19,21,23,24,25,26,27,29,31,37,38,42,53",62.46875,1070.78125,101.6875,0.0,0.1304070019989673,0.9609375,1.0,0.0906137900449275,1.377016129032258,0.6060407757759094,,,
stage4b_replication,0,256,scale_free,42003,transition_mid,0.035,0.05,1.0,32,0.125,16.0,a504d43ef179631dfe,stage4_complete,dynamics_aware,0.3812434077262878,1,"0,1,2,3,5,6,7,8,9,10,11,12,13,15,16,17,18,19,21,24,25,26,27,29,38,40,42,53,110,151,176,177",56.90625,950.53125,88.6875,0.0,0.118231094006739,0.953125,1.0,0.0790913843837406,1.4959677419354838,0.6060407757759094,,,
stage4b_replication,0,256,scale_free,42003,transition_mid,0.035,0.05,1.0,32,0.125,16.0,a504d43ef179631dfe,stage4_complete,high_degree,0.3309877514839172,1,"0,1,2,3,4,5,6,7,8,9,10,11,12,13,14,15,16,17,18,19,21,23,24,25,26,27,29,31,37,38,42,53",62.46875,1070.78125,101.6875,0.0,0.1304070019989673,0.9609375,1.0,0.0906137900449275,1.377016129032258,0.6060407757759094,,,
stage4b_replication,0,256,scale_free,42003,transition_mid,0.035,0.05,1.0,32,0.125,16.0,a504d43ef179631dfe,stage4_complete,module_bridge,0.3309877514839172,1,"0,1,2,3,4,5,6,7,8,9,10,11,12,13,14,15,16,17,18,19,21,23,24,25,26,27,29,31,37,38,42,53",62.46875,1070.78125,101.6875,0.0,0.1304070019989673,0.9609375,1.0,0.0906137900449275,1.377016129032258,0.6060407757759094,,,
stage4b_replication,0,256,scale_free,42003,transition_mid,0.035,0.05,1.0,32,0.125,16.0,a504d43ef179631dfe,stage4_complete,random,0.07020603585988278,32,,25.6328125,255.6455078125,22.6884765625,0.0,0.052843199403306854,0.7841796875,0.9998779296875,0.03033521751588466,1.989478326612903,0.6060407757759094,,,
stage4b_replication,0,256,scale_free,42003,transition_mid,0.035,0.05,1.0,32,0.125,16.0,a504d43ef179631dfe,stage4_complete,spectral,0.2824671566486358,1,"0,1,2,3,4,5,6,7,8,9,10,11,12,13,14,15,16,17,18,19,21,22,23,24,25,26,27,28,29,30,31,38",62.15625,1064.625,102.9375,0.0,0.1314400560165232,0.95703125,1.0,0.0940338425832902,1.3528225806451613,0.6060407757759094,,,
stage4b_replication,0,256,scale_free,42003,transition_mid,0.035,0.05,1.0,48,0.1875,16.0,4303e44a19403a4b63,stage4_complete,cycle_proxy,0.3538554906845093,1,"0,1,2,3,4,5,6,7,8,9,10,11,12,13,14,15,16,17,18,19,20,21,22,23,24,25,26,27,28,29,30,31,32,33,34,35,36,37,38,39,40,42,44,48,50,53,54,55",54.270833333333336,846.125,80.35416666666667,0.0,0.1135053378671469,0.984375,1.0,0.076593004239318,1.5310283687943262,0.766226589679718,,,
stage4b_replication,0,256,scale_free,42003,transition_mid,0.035,0.05,1.0,48,0.1875,16.0,4303e44a19403a4b63,stage4_complete,feedback_hub,0.4219180941581726,1,"0,1,2,3,4,5,6,7,8,9,10,11,12,13,14,15,16,17,18,19,20,21,22,23,24,25,26,27,28,29,30,31,32,33,34,35,36,37,38,40,42,43,44,48,52,53,54,61",54.625,852.5833333333334,80.20833333333333,0.0,0.1135858552325074,0.984375,1.0,0.0770744600606847,1.5328014184397163,0.766226589679718,,,
stage4b_replication,0,256,scale_free,42003,transition_mid,0.035,0.05,1.0,48,0.1875,16.0,4303e44a19403a4b63,stage4_complete,dynamics_aware,0.5601611733436584,1,"0,1,2,3,4,5,7,9,10,11,12,13,15,16,17,18,19,21,22,23,24,25,26,27,28,30,32,33,34,35,36,38,39,40,42,43,44,48,51,53,54,55,114,135,156,163,179,221",50.04166666666666,770.0,72.29166666666667,0.0,0.1039228143754723,0.98046875,1.0,0.0681721553040743,1.601063829787234,0.766226589679718,,,
stage4b_replication,0,256,scale_free,42003,transition_mid,0.035,0.05,1.0,48,0.1875,16.0,4303e44a19403a4b63,stage4_complete,high_degree,0.4616692066192627,1,"0,1,2,3,4,5,6,7,8,9,10,11,12,13,14,15,16,17,18,19,20,21,22,23,24,25,26,27,28,29,30,31,32,34,35,36,37,38,40,42,43,44,48,52,53,54,56,61",54.625,852.4583333333334,79.97916666666667,0.0,0.113368018773471,0.984375,1.0,0.0763038310364473,1.5363475177304964,0.766226589679718,,,
stage4b_replication,0,256,scale_free,42003,transition_mid,0.035,0.05,1.0,48,0.1875,16.0,4303e44a19403a4b63,stage4_complete,module_bridge,0.4616692066192627,1,"0,1,2,3,4,5,6,7,8,9,10,11,12,13,14,15,16,17,18,19,20,21,22,23,24,25,26,27,28,29,30,31,32,34,35,36,37,38,40,42,43,44,48,52,53,54,56,61",54.625,852.4583333333334,79.97916666666667,0.0,0.113368018773471,0.984375,1.0,0.0763038310364473,1.5363475177304964,0.766226589679718,,,
stage4b_replication,0,256,scale_free,42003,transition_mid,0.035,0.05,1.0,48,0.1875,16.0,4303e44a19403a4b63,stage4_complete,random,0.14378957427106792,32,,24.5234375,233.24088541666663,20.975260416666664,0.0,0.050741758947098155,0.877685546875,1.0,0.030428883847815256,2.0138242464539005,0.766226589679718,,,
stage4b_replication,0,256,scale_free,42003,transition_mid,0.035,0.05,1.0,48,0.1875,16.0,4303e44a19403a4b63,stage4_complete,spectral,0.3468293845653534,1,"0,1,2,3,4,5,6,7,8,9,10,11,12,13,14,15,16,17,18,19,20,21,22,23,24,25,26,27,28,29,30,31,32,33,34,35,36,37,38,39,40,42,44,48,50,52,53,54",54.47916666666666,849.875,80.3125,0.0,0.1137321439262919,0.984375,1.0,0.076596674438623,1.5310283687943262,0.766226589679718,,,
stage4b_replication,0,256,scale_free,42003,transition_mid,0.035,0.05,1.0,64,0.25,16.0,a88cb9224094d1dc31,stage4_complete,cycle_proxy,0.3991562128067016,1,"0,1,2,3,4,5,6,7,8,9,10,11,12,13,14,15,16,17,18,19,20,21,22,23,24,25,26,27,28,29,30,31,32,33,34,35,36,37,38,39,40,42,43,44,45,46,48,49,50,51,52,53,54,55,57,60,61,64,65,66,80,83,84,105",48.546875,704.625,66.0,0.0,0.1003665598685073,0.9921875,1.0,0.0660100589358734,1.6393849206349207,0.8247909545898438,,,
stage4b_replication,0,256,scale_free,42003,transition_mid,0.035,0.05,1.0,64,0.25,16.0,a88cb9224094d1dc31,stage4_complete,feedback_hub,0.5863362550735474,1,"0,1,2,3,4,5,6,7,8,9,10,11,12,13,14,15,16,17,18,19,20,21,22,23,24,25,26,27,28,29,30,31,32,33,34,35,36,37,38,39,40,42,43,44,45,46,48,49,50,51,52,53,54,55,56,57,59,61,66,67,69,78,80,83",49.203125,714.40625,65.53125,0.0,0.1008549254187236,0.98828125,1.0,0.0649709207752365,1.6364087301587302,0.8247909545898438,,,
stage4b_replication,0,256,scale_free,42003,transition_mid,0.035,0.05,1.0,64,0.25,16.0,a88cb9224094d1dc31,stage4_complete,dynamics_aware,0.6539332866668701,1,"0,1,2,3,4,5,7,8,9,10,11,12,13,14,15,16,17,18,19,20,21,22,24,25,26,28,29,30,31,32,33,35,36,37,38,39,40,41,42,43,45,46,48,49,50,51,52,53,54,55,56,57,61,64,66,67,69,78,80,83,92,104,160,189",46.671875,664.40625,61.203125,0.0,0.0958840823430469,0.984375,1.0,0.060867998526341,1.6716269841269842,0.8247909545898438,,,
stage4b_replication,0,256,scale_free,42003,transition_mid,0.035,0.05,1.0,64,0.25,16.0,a88cb9224094d1dc31,stage4_complete,high_degree,0.5863362550735474,1,"0,1,2,3,4,5,6,7,8,9,10,11,12,13,14,15,16,17,18,19,20,21,22,23,24,25,26,27,28,29,30,31,32,33,34,35,36,37,38,39,40,42,43,44,45,46,48,49,50,51,52,53,54,55,56,57,59,61,66,67,69,78,80,83",49.203125,714.40625,65.53125,0.0,0.1008549254187236,0.98828125,1.0,0.0649709207752365,1.6364087301587302,0.8247909545898438,,,
stage4b_replication,0,256,scale_free,42003,transition_mid,0.035,0.05,1.0,64,0.25,16.0,a88cb9224094d1dc31,stage4_complete,module_bridge,0.5863362550735474,1,"0,1,2,3,4,5,6,7,8,9,10,11,12,13,14,15,16,17,18,19,20,21,22,23,24,25,26,27,28,29,30,31,32,33,34,35,36,37,38,39,40,42,43,44,45,46,48,49,50,51,52,53,54,55,56,57,59,61,66,67,69,78,80,83",49.203125,714.40625,65.53125,0.0,0.1008549254187236,0.98828125,1.0,0.0649709207752365,1.6364087301587302,0.8247909545898438,,,
stage4b_replication,0,256,scale_free,42003,transition_mid,0.035,0.05,1.0,64,0.25,16.0,a88cb9224094d1dc31,stage4_complete,random,0.2769900420680642,32,,25.16357421875,245.57470703125,21.99951171875,0.0,0.051942080468231205,0.941650390625,1.0,0.03037241859301948,2.001441592261905,0.8247909545898438,,,
stage4b_replication,0,256,scale_free,42003,transition_mid,0.035,0.05,1.0,64,0.25,16.0,a88cb9224094d1dc31,stage4_complete,spectral,0.5463359951972961,1,"0,1,2,3,4,5,6,7,8,9,10,11,12,13,14,15,16,17,18,19,20,21,22,23,24,25,26,27,28,29,30,31,32,33,34,35,36,37,38,39,40,41,42,43,44,45,46,48,49,50,51,52,53,54,55,56,57,61,65,67,68,69,78,80",48.984375,711.015625,65.46875,0.0,0.101111220715493,0.9921875,1.0,0.0658749948709933,1.6344246031746033,0.8247909545898438,,,
stage4b_replication,0,256,scale_free,42004,sparse_drive,0.05,0.05,1.0,8,0.03125,16.0,0876462fdd9c526387,stage4_complete,cycle_proxy,0.0280409418046474,1,"0,1,4,7,9,10,11,19",77.625,1600.0,148.125,0.0,0.1637100320410735,0.6796875,1.0,0.1182577713587799,1.0714285714285714,0.3206482231616974,,,
stage4b_replication,0,256,scale_free,42004,sparse_drive,0.05,0.05,1.0,8,0.03125,16.0,0876462fdd9c526387,stage4_complete,feedback_hub,0.0323234163224697,1,"1,4,7,9,10,11,15,19",78.875,1643.75,147.5,0.0,0.1649779315615105,0.671875,1.0,0.1187537166100943,1.0357142857142858,0.3206482231616974,,,
stage4b_replication,0,256,scale_free,42004,sparse_drive,0.05,0.05,1.0,8,0.03125,16.0,0876462fdd9c526387,stage4_complete,dynamics_aware,0.1744389683008194,1,"14,22,27,43,224,239,244,249",29.5,327.25,30.875,0.0,0.0620909264071153,0.36328125,0.984375,0.0377954687842658,2.107142857142857,0.3206482231616974,,,
stage4b_replication,0,256,scale_free,42004,sparse_drive,0.05,0.05,1.0,8,0.03125,16.0,0876462fdd9c526387,stage4_complete,high_degree,0.0323234163224697,1,"1,4,7,9,10,11,15,19",78.875,1643.75,147.5,0.0,0.1649779315615105,0.671875,1.0,0.1187537166100943,1.0357142857142858,0.3206482231616974,,,
stage4b_replication,0,256,scale_free,42004,sparse_drive,0.05,0.05,1.0,8,0.03125,16.0,0876462fdd9c526387,stage4_complete,module_bridge,0.0323234163224697,1,"1,4,7,9,10,11,15,19",78.875,1643.75,147.5,0.0,0.1649779315615105,0.671875,1.0,0.1187537166100943,1.0357142857142858,0.3206482231616974,,,
stage4b_replication,0,256,scale_free,42004,sparse_drive,0.05,0.05,1.0,8,0.03125,16.0,0876462fdd9c526387,stage4_complete,random,0.05011947895400221,32,,25.515625,241.2109375,20.5546875,0.0,0.05204685183160945,0.3448486328125,0.986572265625,0.03152859250908513,1.9854910714285714,0.3206482231616974,,,
stage4b_replication,0,256,scale_free,42004,sparse_drive,0.05,0.05,1.0,8,0.03125,16.0,0876462fdd9c526387,stage4_complete,spectral,0.0331695824861526,1,"1,3,4,9,10,11,15,19",78.625,1630.75,146.25,0.0,0.1651131690283894,0.65625,0.99609375,0.1152505826777492,1.0357142857142858,0.3206482231616974,,,
stage4b_replication,0,256,scale_free,42004,sparse_drive,0.05,0.05,1.0,16,0.0625,16.0,37f644312525ab0711,stage4_complete,cycle_proxy,0.1593907326459884,1,"0,1,2,3,4,5,7,8,9,10,11,12,13,14,15,19",70.4375,1329.5625,131.375,0.0,0.1541618690665312,0.79296875,1.0,0.113021812406884,1.05,0.2511239945888519,,,
stage4b_replication,0,256,scale_free,42004,sparse_drive,0.05,0.05,1.0,16,0.0625,16.0,37f644312525ab0711,stage4_complete,feedback_hub,0.1345897018909454,1,"0,1,3,4,5,7,9,10,11,12,14,15,16,19,26,31",71.0625,1346.4375,124.9375,0.0,0.1510989143475489,0.83203125,1.0,0.1045119616039797,1.1916666666666669,0.2511239945888519,,,
stage4b_replication,0,256,scale_free,42004,sparse_drive,0.05,0.05,1.0,16,0.0625,16.0,37f644312525ab0711,stage4_complete,dynamics_aware,0.1385902762413025,1,"0,1,2,4,5,8,9,10,11,12,14,15,19,26,180,246",63.875,1192.1875,112.875,0.0,0.1370166529174918,0.79296875,1.0,0.0883872876992632,1.3,0.2511239945888519,,,
stage4b_replication,0,256,scale_free,42004,sparse_drive,0.05,0.05,1.0,16,0.0625,16.0,37f644312525ab0711,stage4_complete,high_degree,0.1345897018909454,1,"0,1,3,4,5,7,9,10,11,12,14,15,16,19,26,31",71.0625,1346.4375,124.9375,0.0,0.1510989143475489,0.83203125,1.0,0.1045119616039797,1.1916666666666669,0.2511239945888519,,,
stage4b_replication,0,256,scale_free,42004,sparse_drive,0.05,0.05,1.0,16,0.0625,16.0,37f644312525ab0711,stage4_complete,module_bridge,0.1345897018909454,1,"0,1,3,4,5,7,9,10,11,12,14,15,16,19,26,31",71.0625,1346.4375,124.9375,0.0,0.1510989143475489,0.83203125,1.0,0.1045119616039797,1.1916666666666669,0.2511239945888519,,,
stage4b_replication,0,256,scale_free,42004,sparse_drive,0.05,0.05,1.0,16,0.0625,16.0,37f644312525ab0711,stage4_complete,random,0.022095547319622665,32,,24.91796875,235.421875,20.49609375,0.0,0.05173269289829963,0.5302734375,0.9976806640625,0.03159181954451218,1.9989583333333334,0.2511239945888519,,,
stage4b_replication,0,256,scale_free,42004,sparse_drive,0.05,0.05,1.0,16,0.0625,16.0,37f644312525ab0711,stage4_complete,spectral,0.0969560444355011,1,"0,1,3,4,5,7,8,9,10,11,12,13,14,15,16,19",70.8125,1338.375,130.375,0.0,0.1547475729041525,0.796875,1.0,0.115333732819725,1.075,0.2511239945888519,,,
stage4b_replication,0,256,scale_free,42004,sparse_drive,0.05,0.05,1.0,24,0.09375,16.0,7e3275f971db303cf8,stage4_complete,cycle_proxy,0.2746593058109283,1,"0,1,2,3,4,5,6,7,8,9,10,11,12,13,14,15,16,17,18,19,23,25,26,31",65.5,1159.9166666666667,112.08333333333331,0.0,0.141520500777754,0.90234375,1.0,0.0964567469590267,1.2391304347826086,0.4386307597160339,,,
stage4b_replication,0,256,scale_free,42004,sparse_drive,0.05,0.05,1.0,24,0.09375,16.0,7e3275f971db303cf8,stage4_complete,feedback_hub,0.1675630062818527,1,"0,1,2,3,4,5,7,8,9,10,11,12,13,14,15,16,18,19,23,24,25,26,27,31",65.66666666666667,1165.5,110.95833333333331,0.0,0.1408550845404197,0.90234375,1.0,0.0944011127207611,1.2608695652173914,0.4386307597160339,,,
stage4b_replication,0,256,scale_free,42004,sparse_drive,0.05,0.05,1.0,24,0.09375,16.0,7e3275f971db303cf8,stage4_complete,dynamics_aware,0.3278767764568329,1,"0,2,3,4,5,6,9,10,11,12,13,14,15,16,17,18,22,23,25,26,31,32,51,146",58.79166666666666,977.7916666666666,94.54166666666669,0.0,0.1275641713196772,0.90234375,1.0,0.0819056538203271,1.3985507246376812,0.4386307597160339,,,
stage4b_replication,0,256,scale_free,42004,sparse_drive,0.05,0.05,1.0,24,0.09375,16.0,7e3275f971db303cf8,stage4_complete,high_degree,0.2613567411899566,1,"0,1,2,3,4,5,7,8,9,10,11,12,13,14,15,16,18,19,23,24,25,26,31,33",65.79166666666667,1165.125,110.54166666666669,0.0,0.1407858858691705,0.91796875,1.0,0.094757069523429,1.2608695652173914,0.4386307597160339,,,
stage4b_replication,0,256,scale_free,42004,sparse_drive,0.05,0.05,1.0,24,0.09375,16.0,7e3275f971db303cf8,stage4_complete,module_bridge,0.2613567411899566,1,"0,1,2,3,4,5,7,8,9,10,11,12,13,14,15,16,18,19,23,24,25,26,31,33",65.79166666666667,1165.125,110.54166666666669,0.0,0.1407858858691705,0.91796875,1.0,0.094757069523429,1.2608695652173914,0.4386307597160339,,,
stage4b_replication,0,256,scale_free,42004,sparse_drive,0.05,0.05,1.0,24,0.09375,16.0,7e3275f971db303cf8,stage4_complete,random,0.0219555761723313,32,,24.912760416666668,234.42057291666663,20.247395833333336,0.0,0.051492038998401005,0.67236328125,0.999755859375,0.030806170594979147,2.005661231884058,0.4386307597160339,,,
stage4b_replication,0,256,scale_free,42004,sparse_drive,0.05,0.05,1.0,24,0.09375,16.0,7e3275f971db303cf8,stage4_complete,spectral,0.2405239790678024,1,"0,1,2,3,4,5,6,7,8,9,10,11,12,13,14,15,16,17,18,19,20,23,26,31",65.375,1156.3333333333333,111.625,0.0,0.1418314095982475,0.890625,1.0,0.09964145919885,1.2282608695652173,0.4386307597160339,,,
stage4b_replication,0,256,scale_free,42004,sparse_drive,0.05,0.05,1.0,32,0.125,16.0,3a508b694c5d9868a3,stage4_complete,cycle_proxy,0.3662141859531402,1,"0,1,2,3,4,5,6,7,8,9,10,11,12,13,14,15,16,17,18,19,20,21,22,23,24,25,26,27,31,32,33,46",60.9375,1019.09375,97.46875,0.0,0.1310378420339168,0.95703125,1.0,0.0914743108498798,1.3548387096774193,0.5833701491355896,,,
stage4b_replication,0,256,scale_free,42004,sparse_drive,0.05,0.05,1.0,32,0.125,16.0,3a508b694c5d9868a3,stage4_complete,feedback_hub,0.2569350898265838,1,"0,1,2,3,4,5,6,7,8,9,10,11,12,13,14,15,16,17,18,19,20,21,23,24,25,26,27,30,31,33,42,46",61.34375,1028.78125,96.875,0.0,0.1308517068742699,0.953125,1.0,0.0927446558621846,1.3649193548387095,0.5833701491355896,,,
stage4b_replication,0,256,scale_free,42004,sparse_drive,0.05,0.05,1.0,32,0.125,16.0,3a508b694c5d9868a3,stage4_complete,dynamics_aware,0.2835354208946228,1,"0,1,2,3,5,6,7,8,9,12,13,14,16,17,18,19,20,21,22,23,24,25,26,27,30,31,33,37,61,89,91,163",54.34375,834.9375,79.75,0.0,0.116092922791421,0.91796875,1.0,0.0800597811060611,1.5060483870967742,0.5833701491355896,,,
stage4b_replication,0,256,scale_free,42004,sparse_drive,0.05,0.05,1.0,32,0.125,16.0,3a508b694c5d9868a3,stage4_complete,high_degree,0.2665146589279175,1,"0,1,2,3,4,5,6,7,8,9,10,11,12,13,14,15,16,17,18,19,20,23,24,25,26,27,30,31,33,35,42,46",61.34375,1028.71875,96.09375,0.0,0.1303506780654864,0.94921875,1.0,0.0899636426966897,1.3709677419354838,0.5833701491355896,,,
stage4b_replication,0,256,scale_free,42004,sparse_drive,0.05,0.05,1.0,32,0.125,16.0,3a508b694c5d9868a3,stage4_complete,module_bridge,0.2665146589279175,1,"0,1,2,3,4,5,6,7,8,9,10,11,12,13,14,15,16,17,18,19,20,23,24,25,26,27,30,31,33,35,42,46",61.34375,1028.71875,96.09375,0.0,0.1303506780654864,0.94921875,1.0,0.0899636426966897,1.3709677419354838,0.5833701491355896,,,
stage4b_replication,0,256,scale_free,42004,sparse_drive,0.05,0.05,1.0,32,0.125,16.0,3a508b694c5d9868a3,stage4_complete,random,0.03473169222706924,32,,25.8759765625,256.40625,22.4013671875,0.0,0.0534884352868286,0.7822265625,1.0,0.03148643345981698,2.000945060483871,0.5833701491355896,,,
stage4b_replication,0,256,scale_free,42004,sparse_drive,0.05,0.05,1.0,32,0.125,16.0,3a508b694c5d9868a3,stage4_complete,spectral,0.3000050783157348,1,"0,1,2,3,4,5,6,7,8,9,10,11,12,13,14,15,16,17,18,19,20,21,22,23,24,25,26,27,30,31,33,37",61.09375,1022.90625,97.3125,0.0,0.1314995097657594,0.94140625,1.0,0.0957984188105579,1.3508064516129032,0.5833701491355896,,,
stage4b_replication,0,256,scale_free,42004,sparse_drive,0.05,0.05,1.0,48,0.1875,16.0,4e9cc098926ce49eef,stage4_complete,cycle_proxy,0.5734241008758545,1,"0,1,2,3,4,5,6,7,8,9,10,11,12,13,14,15,16,17,18,19,20,21,22,23,24,25,26,27,28,29,30,31,32,33,34,35,36,37,38,39,40,42,44,46,47,49,59,65",53.66666666666666,819.8958333333334,76.72916666666667,0.0,0.1138283605155674,0.98046875,1.0,0.0781051027806669,1.5328014184397163,0.7559147477149963,,,
stage4b_replication,0,256,scale_free,42004,sparse_drive,0.05,0.05,1.0,48,0.1875,16.0,4e9cc098926ce49eef,stage4_complete,feedback_hub,0.4834315478801727,1,"0,1,2,3,4,5,6,7,8,9,10,11,12,13,14,15,16,17,18,19,20,21,22,23,24,25,26,27,28,29,30,31,32,33,34,35,37,39,40,42,44,46,47,56,59,65,69,70",53.9375,825.1041666666666,76.10416666666667,0.0,0.1132182460736815,0.984375,1.0,0.0777647826223541,1.5398936170212767,0.7559147477149963,,,
stage4b_replication,0,256,scale_free,42004,sparse_drive,0.05,0.05,1.0,48,0.1875,16.0,4e9cc098926ce49eef,stage4_complete,dynamics_aware,0.5985679030418396,1,"0,1,2,3,4,5,6,7,8,9,10,11,13,14,15,16,17,18,19,20,21,22,23,24,25,26,27,28,29,31,32,33,35,37,39,42,44,46,49,56,59,65,69,70,88,136,186,197",51.5625,780.3125,71.64583333333333,0.0,0.1078239909433156,0.98828125,1.0,0.0696888786112449,1.5833333333333333,0.7559147477149963,,,
stage4b_replication,0,256,scale_free,42004,sparse_drive,0.05,0.05,1.0,48,0.1875,16.0,4e9cc098926ce49eef,stage4_complete,high_degree,0.663184404373169,1,"0,1,2,3,4,5,6,7,8,9,10,11,12,13,14,15,16,17,18,19,20,21,22,23,24,25,26,27,28,29,30,31,32,33,35,37,39,40,42,44,46,47,49,56,59,65,69,70",53.958333333333336,825.0625,76.04166666666667,0.0,0.1131530892969617,0.984375,1.0,0.0765139133696504,1.5416666666666667,0.7559147477149963,,,
stage4b_replication,0,256,scale_free,42004,sparse_drive,0.05,0.05,1.0,48,0.1875,16.0,4e9cc098926ce49eef,stage4_complete,module_bridge,0.663184404373169,1,"0,1,2,3,4,5,6,7,8,9,10,11,12,13,14,15,16,17,18,19,20,21,22,23,24,25,26,27,28,29,30,31,32,33,35,37,39,40,42,44,46,47,49,56,59,65,69,70",53.958333333333336,825.0625,76.04166666666667,0.0,0.1131530892969617,0.984375,1.0,0.0765139133696504,1.5416666666666667,0.7559147477149963,,,
stage4b_replication,0,256,scale_free,42004,sparse_drive,0.05,0.05,1.0,48,0.1875,16.0,4e9cc098926ce49eef,stage4_complete,random,0.09594473772449416,32,,25.332682291666668,243.89778645833331,20.927734375,0.0,0.0520586069904857,0.8839111328125,1.0,0.030833156289105823,2.0071199024822697,0.7559147477149963,,,
stage4b_replication,0,256,scale_free,42004,sparse_drive,0.05,0.05,1.0,48,0.1875,16.0,4e9cc098926ce49eef,stage4_complete,spectral,0.3158493638038635,1,"0,1,2,3,4,5,6,7,8,9,10,11,12,13,14,15,16,17,18,19,20,21,22,23,24,25,26,27,28,29,30,31,32,33,34,35,36,37,38,39,40,42,44,45,46,47,49,59",53.60416666666666,818.4166666666666,76.72916666666667,0.0,0.1139479481617736,0.9765625,1.0,0.0785210085235895,1.5319148936170213,0.7559147477149963,,,
stage4b_replication,0,256,scale_free,42004,sparse_drive,0.05,0.05,1.0,64,0.25,16.0,4e88a1a6095fc0d809,stage4_complete,cycle_proxy,0.653768002986908,1,"0,1,2,3,4,5,6,7,8,9,10,11,12,13,14,15,16,17,18,19,20,21,22,23,24,25,26,27,28,29,30,31,32,33,34,35,36,37,38,39,40,41,42,44,45,46,47,49,50,51,54,55,56,59,60,61,62,65,68,69,73,74,84,95",47.671875,677.421875,62.921875,0.0,0.1003578703063208,0.98828125,1.0,0.0652785215895243,1.6388888888888888,0.8014907240867615,,,
stage4b_replication,0,256,scale_free,42004,sparse_drive,0.05,0.05,1.0,64,0.25,16.0,4e88a1a6095fc0d809,stage4_complete,feedback_hub,0.6208403706550598,1,"0,1,2,3,4,5,6,7,8,9,10,11,12,13,14,15,16,17,18,19,20,21,22,23,24,25,26,27,28,29,30,31,32,33,34,35,36,37,38,39,40,42,44,45,46,47,49,51,53,56,59,60,61,62,65,66,68,69,70,72,74,77,85,95",48.296875,687.296875,62.40625,0.0,0.1002560697983383,0.98828125,1.0,0.066057477902618,1.6453373015873016,0.8014907240867615,,,
stage4b_replication,0,256,scale_free,42004,sparse_drive,0.05,0.05,1.0,64,0.25,16.0,4e88a1a6095fc0d809,stage4_complete,dynamics_aware,0.4638648629188537,1,"2,3,4,6,7,8,9,10,11,12,13,14,15,16,17,18,19,20,21,22,23,25,26,27,28,30,31,32,33,34,35,36,37,39,40,43,44,45,46,47,49,51,54,55,56,59,60,61,63,65,68,69,74,77,85,93,95,115,161,168,177,199,243,253",43.75,598.796875,54.53125,0.0,0.0910091386573819,0.98828125,1.0,0.0571629256150646,1.7137896825396826,0.8014907240867615,,,
stage4b_replication,0,256,scale_free,42004,sparse_drive,0.05,0.05,1.0,64,0.25,16.0,4e88a1a6095fc0d809,stage4_complete,high_degree,0.6022015810012817,1,"0,1,2,3,4,5,6,7,8,9,10,11,12,13,14,15,16,17,18,19,20,21,22,23,24,25,26,27,28,29,30,31,32,33,34,35,36,37,38,39,40,42,43,44,45,46,47,49,53,55,56,59,60,61,62,65,66,68,69,70,74,77,85,95",48.296875,686.671875,62.421875,0.0,0.1003599291398247,0.98828125,1.0,0.0659250850755257,1.644345238095238,0.8014907240867615,,,
stage4b_replication,0,256,scale_free,42004,sparse_drive,0.05,0.05,1.0,64,0.25,16.0,4e88a1a6095fc0d809,stage4_complete,module_bridge,0.6022015810012817,1,"0,1,2,3,4,5,6,7,8,9,10,11,12,13,14,15,16,17,18,19,20,21,22,23,24,25,26,27,28,29,30,31,32,33,34,35,36,37,38,39,40,42,43,44,45,46,47,49,53,55,56,59,60,61,62,65,66,68,69,70,74,77,85,95",48.296875,686.671875,62.421875,0.0,0.1003599291398247,0.98828125,1.0,0.0659250850755257,1.644345238095238,0.8014907240867615,,,
stage4b_replication,0,256,scale_free,42004,sparse_drive,0.05,0.05,1.0,64,0.25,16.0,4e88a1a6095fc0d809,stage4_complete,random,0.21711359987966716,32,,25.6416015625,249.802734375,21.73291015625,0.0,0.05306121294183227,0.9381103515625,1.0,0.03170099248314625,1.996372767857143,0.8014907240867615,,,
stage4b_replication,0,256,scale_free,42004,sparse_drive,0.05,0.05,1.0,64,0.25,16.0,4e88a1a6095fc0d809,stage4_complete,spectral,0.4190206229686737,1,"0,1,2,3,4,5,6,7,8,9,10,11,12,13,14,15,16,17,18,19,20,21,22,23,24,25,26,27,28,29,30,31,32,33,34,35,36,37,38,39,40,41,42,43,44,45,46,47,49,50,51,54,55,56,59,60,61,63,65,68,69,70,74,77",48.0,682.0,62.796875,0.0,0.100807899872221,0.98828125,1.0,0.066183456089518,1.6378968253968254,0.8014907240867615,,,
stage4b_replication,0,256,scale_free,42004,transition_dense,0.035,0.1,1.0,8,0.03125,16.0,47920fcab2af2d5d1f,stage4_complete,cycle_proxy,0.0307097770273685,1,"4,11,15,16,17,22,26,32",119.0,3639.875,532.875,0.0,0.1305479160985367,0.84765625,1.0,0.154994592634839,1.0357142857142858,0.3673220574855804,,,
stage4b_replication,0,256,scale_free,42004,transition_dense,0.035,0.1,1.0,8,0.03125,16.0,47920fcab2af2d5d1f,stage4_complete,feedback_hub,0.0432701632380485,1,"1,4,11,15,16,17,22,26",119.25,3655.375,530.0,0.0,0.1308031470879044,0.82421875,1.0,0.1638760535064427,1.0,0.3673220574855804,,,
stage4b_replication,0,256,scale_free,42004,transition_dense,0.035,0.1,1.0,8,0.03125,16.0,47920fcab2af2d5d1f,stage4_complete,dynamics_aware,0.1327857971191406,1,"0,21,37,50,92,123,152,174",63.625,1233.5,191.25,0.0,0.0714781178450183,0.625,1.0,0.0748286056037174,1.8214285714285716,0.3673220574855804,,,
stage4b_replication,0,256,scale_free,42004,transition_dense,0.035,0.1,1.0,8,0.03125,16.0,47920fcab2af2d5d1f,stage4_complete,high_degree,0.0432701632380485,1,"1,4,11,15,16,17,22,26",119.25,3655.375,530.0,0.0,0.1308031470879044,0.82421875,1.0,0.1638760535064427,1.0,0.3673220574855804,,,
stage4b_replication,0,256,scale_free,42004,transition_dense,0.035,0.1,1.0,8,0.03125,16.0,47920fcab2af2d5d1f,stage4_complete,module_bridge,0.0432701632380485,1,"1,4,11,15,16,17,22,26",119.25,3655.375,530.0,0.0,0.1308031470879044,0.82421875,1.0,0.1638760535064427,1.0,0.3673220574855804,,,
stage4b_replication,0,256,scale_free,42004,transition_dense,0.035,0.1,1.0,8,0.03125,16.0,47920fcab2af2d5d1f,stage4_complete,random,0.08888144535012539,32,,49.4765625,827.71484375,121.56640625,0.0,0.055407918332349884,0.5474853515625,1.0,0.057397730739465136,1.7991071428571428,0.3673220574855804,,,
stage4b_replication,0,256,scale_free,42004,transition_dense,0.035,0.1,1.0,8,0.03125,16.0,47920fcab2af2d5d1f,stage4_complete,spectral,0.0851751491427421,1,"4,11,14,15,16,17,22,26",118.625,3608.375,529.125,0.0,0.1308096752107337,0.83984375,1.0,0.1528332179581918,1.0,0.3673220574855804,,,
stage4b_replication,0,256,scale_free,42004,transition_dense,0.035,0.1,1.0,16,0.0625,16.0,3b07e3acfefaf2be4a,stage4_complete,cycle_proxy,0.1223924905061721,1,"0,1,3,4,11,14,15,16,17,19,22,24,25,26,29,32",112.0625,3243.5,491.875,0.0,0.1247083053989111,0.96484375,1.0,0.1511587545529591,1.025,0.3298236429691314,,,
stage4b_replication,0,256,scale_free,42004,transition_dense,0.035,0.1,1.0,16,0.0625,16.0,3b07e3acfefaf2be4a,stage4_complete,feedback_hub,0.105405256152153,1,"1,4,10,11,15,16,17,20,22,23,24,25,26,28,29,32",113.1875,3308.875,487.375,0.0,0.1253272483276566,0.953125,1.0,0.1575687164384444,1.0416666666666667,0.3298236429691314,,,
stage4b_replication,0,256,scale_free,42004,transition_dense,0.035,0.1,1.0,16,0.0625,16.0,3b07e3acfefaf2be4a,stage4_complete,dynamics_aware,0.1242284327745437,1,"19,75,120,132,135,147,154,159,191,201,205,210,223,225,245,247",37.6875,460.4375,66.0625,0.0,0.0418382474985114,0.6796875,1.0,0.0499596655716765,1.9,0.3298236429691314,,,
stage4b_replication,0,256,scale_free,42004,transition_dense,0.035,0.1,1.0,16,0.0625,16.0,3b07e3acfefaf2be4a,stage4_complete,high_degree,0.1478400379419326,1,"1,4,11,14,15,16,17,20,22,23,24,25,26,28,29,32",113.25,3306.75,488.5,0.0,0.1255965219998605,0.95703125,1.0,0.1537120560083876,1.0333333333333334,0.3298236429691314,,,
stage4b_replication,0,256,scale_free,42004,transition_dense,0.035,0.1,1.0,16,0.0625,16.0,3b07e3acfefaf2be4a,stage4_complete,module_bridge,0.1478400379419326,1,"1,4,11,14,15,16,17,20,22,23,24,25,26,28,29,32",113.25,3306.75,488.5,0.0,0.1255965219998605,0.95703125,1.0,0.1537120560083876,1.0333333333333334,0.3298236429691314,,,
stage4b_replication,0,256,scale_free,42004,transition_dense,0.035,0.1,1.0,16,0.0625,16.0,3b07e3acfefaf2be4a,stage4_complete,random,0.06643538794014597,32,,49.388671875,823.533203125,120.408203125,0.0,0.05529634562434471,0.76708984375,1.0,0.059737653210359495,1.7958333333333334,0.3298236429691314,,,
stage4b_replication,0,256,scale_free,42004,transition_dense,0.035,0.1,1.0,16,0.0625,16.0,3b07e3acfefaf2be4a,stage4_complete,spectral,0.1305477321147918,1,"1,3,4,11,14,15,16,17,20,21,22,23,24,26,28,32",113.0,3286.125,485.5,0.0,0.1258012727190157,0.96484375,1.0,0.1572427925964846,1.025,0.3298236429691314,,,
stage4b_replication,0,256,scale_free,42004,transition_dense,0.035,0.1,1.0,24,0.09375,16.0,3d2139cb5e306635de,stage4_complete,cycle_proxy,0.4379697442054748,1,"0,1,2,3,4,7,10,11,12,14,15,16,17,19,20,21,22,23,24,25,26,28,29,32",109.16666666666669,3079.958333333333,469.4166666666667,0.0,0.1227276212615801,0.9921875,1.0,0.1577967339712345,1.0326086956521738,0.4720278978347778,,,
stage4b_replication,0,256,scale_free,42004,transition_dense,0.035,0.1,1.0,24,0.09375,16.0,3d2139cb5e306635de,stage4_complete,feedback_hub,0.3924173712730407,1,"1,3,4,7,10,11,13,14,15,16,17,18,19,20,21,22,23,24,25,26,28,29,32,33",109.45833333333331,3095.583333333333,462.0833333333333,0.0,0.1224557633976083,0.9921875,1.0,0.1603933767932153,1.0471014492753623,0.4720278978347778,,,
stage4b_replication,0,256,scale_free,42004,transition_dense,0.035,0.1,1.0,24,0.09375,16.0,3d2139cb5e306635de,stage4_complete,dynamics_aware,0.2156680822372436,1,"2,3,4,7,9,10,11,13,14,15,16,17,19,20,21,22,23,26,29,32,36,98,99,137",101.04166666666669,2759.083333333333,413.4166666666667,0.0,0.1130865209931952,0.98046875,1.0,0.1420027670573563,1.2065217391304348,0.4720278978347778,,,
stage4b_replication,0,256,scale_free,42004,transition_dense,0.035,0.1,1.0,24,0.09375,16.0,3d2139cb5e306635de,stage4_complete,high_degree,0.3793494701385498,1,"1,3,4,7,10,11,13,14,15,16,17,19,20,21,22,23,24,25,26,27,28,29,32,33",109.45833333333331,3095.458333333333,463.0416666666667,0.0,0.1225079323032281,0.98828125,1.0,0.1612621030321263,1.0434782608695652,0.4720278978347778,,,
stage4b_replication,0,256,scale_free,42004,transition_dense,0.035,0.1,1.0,24,0.09375,16.0,3d2139cb5e306635de,stage4_complete,module_bridge,0.3793494701385498,1,"1,3,4,7,10,11,13,14,15,16,17,19,20,21,22,23,24,25,26,27,28,29,32,33",109.45833333333331,3095.458333333333,463.0416666666667,0.0,0.1225079323032281,0.98828125,1.0,0.1612621030321263,1.0434782608695652,0.4720278978347778,,,
stage4b_replication,0,256,scale_free,42004,transition_dense,0.035,0.1,1.0,24,0.09375,16.0,3d2139cb5e306635de,stage4_complete,random,0.053114566719159435,32,,48.58463541666667,794.4817708333333,115.77473958333334,0.0,0.0543749689400962,0.87451171875,1.0,0.058117483160358946,1.8170289855072463,0.4720278978347778,,,
stage4b_replication,0,256,scale_free,42004,transition_dense,0.035,0.1,1.0,24,0.09375,16.0,3d2139cb5e306635de,stage4_complete,spectral,0.3632668256759643,1,"1,2,3,4,7,9,10,11,13,14,15,16,17,19,20,21,22,23,24,25,26,28,29,32",109.20833333333331,3082.625,466.0833333333333,0.0,0.122791075450209,0.9921875,1.0,0.1618895790013995,1.0289855072463767,0.4720278978347778,,,
stage4b_replication,0,256,scale_free,42004,transition_dense,0.035,0.1,1.0,32,0.125,16.0,912c4cf49d34a2ed63,stage4_complete,cycle_proxy,0.2063469737768173,1,"0,1,2,3,4,5,6,7,8,9,10,11,12,13,14,15,16,17,18,19,20,21,22,23,24,25,26,27,28,29,32,33",106.0625,2915.59375,446.34375,0.0,0.1197498397934062,0.9921875,1.0,0.1546900016117407,1.0362903225806452,0.584318220615387,,,
stage4b_replication,0,256,scale_free,42004,transition_dense,0.035,0.1,1.0,32,0.125,16.0,912c4cf49d34a2ed63,stage4_complete,feedback_hub,0.3426610231399536,1,"0,1,2,3,4,6,7,8,9,10,11,12,13,14,15,16,17,18,19,20,21,22,23,24,25,26,27,28,29,32,33,36",106.21875,2923.34375,444.875,0.0,0.1197029766538262,0.9921875,1.0,0.1537948695084064,1.0544354838709675,0.584318220615387,,,
stage4b_replication,0,256,scale_free,42004,transition_dense,0.035,0.1,1.0,32,0.125,16.0,912c4cf49d34a2ed63,stage4_complete,dynamics_aware,0.4764379262924194,1,"0,1,2,3,4,7,8,9,10,11,12,13,15,16,17,18,19,20,22,24,26,27,28,32,36,82,130,189,219,223,251,253",90.65625,2390.6875,364.15625,0.0,0.1019339636047869,0.98046875,1.0,0.1172375420844576,1.3185483870967742,0.584318220615387,,,
stage4b_replication,0,256,scale_free,42004,transition_dense,0.035,0.1,1.0,32,0.125,16.0,912c4cf49d34a2ed63,stage4_complete,high_degree,0.3426610231399536,1,"0,1,2,3,4,6,7,8,9,10,11,12,13,14,15,16,17,18,19,20,21,22,23,24,25,26,27,28,29,32,33,36",106.21875,2923.34375,444.875,0.0,0.1197029766538262,0.9921875,1.0,0.1537948695084064,1.0544354838709675,0.584318220615387,,,
stage4b_replication,0,256,scale_free,42004,transition_dense,0.035,0.1,1.0,32,0.125,16.0,912c4cf49d34a2ed63,stage4_complete,module_bridge,0.3426610231399536,1,"0,1,2,3,4,6,7,8,9,10,11,12,13,14,15,16,17,18,19,20,21,22,23,24,25,26,27,28,29,32,33,36",106.21875,2923.34375,444.875,0.0,0.1197029766538262,0.9921875,1.0,0.1537948695084064,1.0544354838709675,0.584318220615387,,,
stage4b_replication,0,256,scale_free,42004,transition_dense,0.035,0.1,1.0,32,0.125,16.0,912c4cf49d34a2ed63,stage4_complete,random,0.13423034746665502,32,,49.9248046875,844.486328125,123.126953125,0.0,0.05587204554021272,0.9342041015625,1.0,0.05827778027750925,1.8063256048387095,0.584318220615387,,,
stage4b_replication,0,256,scale_free,42004,transition_dense,0.035,0.1,1.0,32,0.125,16.0,912c4cf49d34a2ed63,stage4_complete,spectral,0.2063469737768173,1,"0,1,2,3,4,5,6,7,8,9,10,11,12,13,14,15,16,17,18,19,20,21,22,23,24,25,26,27,28,29,32,33",106.0625,2915.59375,446.34375,0.0,0.1197498397934062,0.9921875,1.0,0.1546900016117407,1.0362903225806452,0.584318220615387,,,
stage4b_replication,0,256,scale_free,42004,transition_dense,0.035,0.1,1.0,48,0.1875,16.0,4dd56fa116aa9cf265,stage4_complete,cycle_proxy,0.6225491166114807,1,"0,1,2,3,4,5,6,7,8,9,10,11,12,13,14,15,16,17,18,19,20,21,22,23,24,25,26,27,28,29,30,31,32,33,34,35,36,37,38,39,40,41,42,43,44,45,48,50",97.72916666666669,2519.145833333333,382.8541666666667,0.0,0.110138426463277,1.0,1.0,0.1408148673139195,1.2074468085106382,0.7830851674079895,,,
stage4b_replication,0,256,scale_free,42004,transition_dense,0.035,0.1,1.0,48,0.1875,16.0,4dd56fa116aa9cf265,stage4_complete,feedback_hub,0.5784277319908142,1,"0,1,2,3,4,5,6,7,8,9,10,11,12,13,14,15,16,17,18,19,20,21,22,23,24,25,26,27,28,29,30,31,32,33,34,35,36,38,39,40,41,42,43,44,45,49,50,55",98.08333333333331,2531.083333333333,381.6041666666667,0.0,0.1101527102322948,1.0,1.0,0.1385504477372429,1.2154255319148937,0.7830851674079895,,,
stage4b_replication,0,256,scale_free,42004,transition_dense,0.035,0.1,1.0,48,0.1875,16.0,4dd56fa116aa9cf265,stage4_complete,dynamics_aware,0.5674140453338623,1,"0,2,3,4,5,6,8,9,10,11,12,13,14,15,16,17,18,19,21,22,23,24,25,26,27,28,30,31,32,33,34,35,38,39,40,41,42,43,44,45,49,55,116,119,127,140,167,243",89.89583333333333,2240.8125,339.875,0.0,0.1011816400013163,1.0,1.0,0.1215371667128969,1.325354609929078,0.7830851674079895,,,
stage4b_replication,0,256,scale_free,42004,transition_dense,0.035,0.1,1.0,48,0.1875,16.0,4dd56fa116aa9cf265,stage4_complete,high_degree,0.6480721235275269,1,"0,1,2,3,4,5,6,7,8,9,10,11,12,13,14,15,16,17,18,19,20,21,22,23,24,25,26,27,28,29,30,31,32,33,34,35,36,38,39,40,41,43,44,45,49,50,53,55",98.10416666666669,2529.9166666666665,381.0416666666667,0.0,0.1100834925144925,1.0,1.0,0.1382376398451041,1.2189716312056738,0.7830851674079895,,,
stage4b_replication,0,256,scale_free,42004,transition_dense,0.035,0.1,1.0,48,0.1875,16.0,4dd56fa116aa9cf265,stage4_complete,module_bridge,0.6480721235275269,1,"0,1,2,3,4,5,6,7,8,9,10,11,12,13,14,15,16,17,18,19,20,21,22,23,24,25,26,27,28,29,30,31,32,33,34,35,36,38,39,40,41,43,44,45,49,50,53,55",98.10416666666669,2529.9166666666665,381.0416666666667,0.0,0.1100834925144925,1.0,1.0,0.1382376398451041,1.2189716312056738,0.7830851674079895,,,
stage4b_replication,0,256,scale_free,42004,transition_dense,0.035,0.1,1.0,48,0.1875,16.0,4dd56fa116aa9cf265,stage4_complete,random,0.35715002473443747,32,,49.32747395833333,821.275390625,119.6015625,0.0,0.055198993525861835,0.98046875,1.0,0.05819982743946412,1.806322030141844,0.7830851674079895,,,
stage4b_replication,0,256,scale_free,42004,transition_dense,0.035,0.1,1.0,48,0.1875,16.0,4dd56fa116aa9cf265,stage4_complete,spectral,0.5798655152320862,1,"0,1,2,3,4,5,6,7,8,9,10,11,12,13,14,15,16,17,18,19,20,21,22,23,24,25,26,27,28,29,30,31,32,33,34,35,36,37,38,39,40,41,42,43,44,45,49,50",97.875,2524.395833333333,382.5625,0.0,0.1102401314551299,1.0,1.0,0.1406307165246786,1.2065602836879432,0.7830851674079895,,,
stage4b_replication,0,256,scale_free,42004,transition_dense,0.035,0.1,1.0,64,0.25,16.0,bc9efec7a8b9448acc,stage4_complete,cycle_proxy,0.4972332715988159,1,"0,1,2,3,4,5,6,7,8,9,10,11,12,13,14,15,16,17,18,19,20,21,22,23,24,25,26,27,28,29,30,31,32,33,34,35,36,37,38,39,40,41,42,43,44,45,46,47,48,49,50,51,52,53,54,55,56,58,59,60,69,70,71,74",89.828125,2174.5,326.15625,0.0,0.1006162739231302,1.0,1.0,0.1221791589725762,1.3541666666666667,0.8270282745361328,,,
stage4b_replication,0,256,scale_free,42004,transition_dense,0.035,0.1,1.0,64,0.25,16.0,bc9efec7a8b9448acc,stage4_complete,feedback_hub,0.4992004930973053,1,"0,1,2,3,4,5,6,7,8,9,10,11,12,13,14,15,16,17,18,19,20,21,22,23,24,25,26,27,28,29,30,31,32,33,34,35,36,37,38,39,40,41,42,43,44,45,46,47,48,49,50,51,52,53,54,55,56,58,60,65,69,70,71,76",90.046875,2181.015625,325.828125,0.0,0.1006936061917059,1.0,1.0,0.122796299709072,1.355654761904762,0.8270282745361328,,,
stage4b_replication,0,256,scale_free,42004,transition_dense,0.035,0.1,1.0,64,0.25,16.0,bc9efec7a8b9448acc,stage4_complete,dynamics_aware,0.7447463274002075,1,"0,1,2,3,4,5,7,9,12,13,14,16,17,18,19,20,21,22,23,24,25,27,28,29,30,31,32,33,34,35,36,37,38,39,40,41,42,43,44,45,46,47,49,50,51,52,53,54,56,58,60,65,69,70,71,76,87,92,99,133,196,198,201,216",82.1875,1897.734375,282.953125,0.0,0.0918384847160936,1.0,1.0,0.1082699213039038,1.4613095238095235,0.8270282745361328,,,
stage4b_replication,0,256,scale_free,42004,transition_dense,0.035,0.1,1.0,64,0.25,16.0,bc9efec7a8b9448acc,stage4_complete,high_degree,0.4992004930973053,1,"0,1,2,3,4,5,6,7,8,9,10,11,12,13,14,15,16,17,18,19,20,21,22,23,24,25,26,27,28,29,30,31,32,33,34,35,36,37,38,39,40,41,42,43,44,45,46,47,48,49,50,51,52,53,54,55,56,58,60,65,69,70,71,76",90.046875,2181.015625,325.828125,0.0,0.1006936061917059,1.0,1.0,0.122796299709072,1.355654761904762,0.8270282745361328,,,
stage4b_replication,0,256,scale_free,42004,transition_dense,0.035,0.1,1.0,64,0.25,16.0,bc9efec7a8b9448acc,stage4_complete,module_bridge,0.4992004930973053,1,"0,1,2,3,4,5,6,7,8,9,10,11,12,13,14,15,16,17,18,19,20,21,22,23,24,25,26,27,28,29,30,31,32,33,34,35,36,37,38,39,40,41,42,43,44,45,46,47,48,49,50,51,52,53,54,55,56,58,60,65,69,70,71,76",90.046875,2181.015625,325.828125,0.0,0.1006936061917059,1.0,1.0,0.122796299709072,1.355654761904762,0.8270282745361328,,,
stage4b_replication,0,256,scale_free,42004,transition_dense,0.035,0.1,1.0,64,0.25,16.0,bc9efec7a8b9448acc,stage4_complete,random,0.3574766390956938,32,,49.9619140625,836.37841796875,121.82080078125,0.0,0.05588010012760286,0.99462890625,1.0,0.05957040064920299,1.8030133928571428,0.8270282745361328,,,
stage4b_replication,0,256,scale_free,42004,transition_dense,0.035,0.1,1.0,64,0.25,16.0,bc9efec7a8b9448acc,stage4_complete,spectral,0.47950479388237,1,"0,1,2,3,4,5,6,7,8,9,10,11,12,13,14,15,16,17,18,19,20,21,22,23,24,25,26,27,28,29,30,31,32,33,34,35,36,37,38,39,40,41,42,43,44,45,46,47,48,49,50,51,52,53,54,55,56,57,58,60,65,69,74,76",89.890625,2176.390625,326.03125,0.0,0.1007334899997541,1.0,1.0,0.1231363446429308,1.3526785714285714,0.8270282745361328,,,
stage4b_replication,0,256,scale_free,42004,transition_mid,0.035,0.05,1.0,8,0.03125,16.0,724e548866f6d02472,stage4_complete,cycle_proxy,0.0446952804923057,1,"0,1,4,7,9,10,11,19",77.625,1600.0,148.125,0.0,0.1637100320410735,0.6796875,1.0,0.1182577713587799,1.0714285714285714,0.315487265586853,,,
stage4b_replication,0,256,scale_free,42004,transition_mid,0.035,0.05,1.0,8,0.03125,16.0,724e548866f6d02472,stage4_complete,feedback_hub,0.0382864102721214,1,"1,4,7,9,10,11,15,19",78.875,1643.75,147.5,0.0,0.1649779315615105,0.671875,1.0,0.1187537166100943,1.0357142857142858,0.315487265586853,,,
stage4b_replication,0,256,scale_free,42004,transition_mid,0.035,0.05,1.0,8,0.03125,16.0,724e548866f6d02472,stage4_complete,dynamics_aware,0.1140491515398025,1,"53,72,109,132,144,151,178,249",20.625,132.625,9.0,0.0,0.0390456609995639,0.30859375,0.9765625,0.0156741863412031,2.0,0.315487265586853,,,
stage4b_replication,0,256,scale_free,42004,transition_mid,0.035,0.05,1.0,8,0.03125,16.0,724e548866f6d02472,stage4_complete,high_degree,0.0382864102721214,1,"1,4,7,9,10,11,15,19",78.875,1643.75,147.5,0.0,0.1649779315615105,0.671875,1.0,0.1187537166100943,1.0357142857142858,0.315487265586853,,,
stage4b_replication,0,256,scale_free,42004,transition_mid,0.035,0.05,1.0,8,0.03125,16.0,724e548866f6d02472,stage4_complete,module_bridge,0.0382864102721214,1,"1,4,7,9,10,11,15,19",78.875,1643.75,147.5,0.0,0.1649779315615105,0.671875,1.0,0.1187537166100943,1.0357142857142858,0.315487265586853,,,
stage4b_replication,0,256,scale_free,42004,transition_mid,0.035,0.05,1.0,8,0.03125,16.0,724e548866f6d02472,stage4_complete,random,0.05186809232691299,32,,25.515625,241.2109375,20.5546875,0.0,0.05204685183160945,0.3448486328125,0.986572265625,0.03152859250908513,1.9854910714285714,0.315487265586853,,,
stage4b_replication,0,256,scale_free,42004,transition_mid,0.035,0.05,1.0,8,0.03125,16.0,724e548866f6d02472,stage4_complete,spectral,0.0521220788359642,1,"1,3,4,9,10,11,15,19",78.625,1630.75,146.25,0.0,0.1651131690283894,0.65625,0.99609375,0.1152505826777492,1.0357142857142858,0.315487265586853,,,
stage4b_replication,0,256,scale_free,42004,transition_mid,0.035,0.05,1.0,16,0.0625,16.0,f8186a1dbe8ea6a787,stage4_complete,cycle_proxy,0.1500354409217834,1,"0,1,2,3,4,5,7,8,9,10,11,12,13,14,15,19",70.4375,1329.5625,131.375,0.0,0.1541618690665312,0.79296875,1.0,0.113021812406884,1.05,0.2934849560260772,,,
stage4b_replication,0,256,scale_free,42004,transition_mid,0.035,0.05,1.0,16,0.0625,16.0,f8186a1dbe8ea6a787,stage4_complete,feedback_hub,0.1500323563814163,1,"0,1,3,4,5,7,9,10,11,12,14,15,16,19,26,31",71.0625,1346.4375,124.9375,0.0,0.1510989143475489,0.83203125,1.0,0.1045119616039797,1.1916666666666669,0.2934849560260772,,,
stage4b_replication,0,256,scale_free,42004,transition_mid,0.035,0.05,1.0,16,0.0625,16.0,f8186a1dbe8ea6a787,stage4_complete,dynamics_aware,0.1951351761817932,1,"0,1,4,5,7,9,10,11,12,14,16,19,26,31,39,127",66.5625,1230.5,111.9375,0.0,0.1398414090604456,0.81640625,1.0,0.0955474448515544,1.3333333333333333,0.2934849560260772,,,
stage4b_replication,0,256,scale_free,42004,transition_mid,0.035,0.05,1.0,16,0.0625,16.0,f8186a1dbe8ea6a787,stage4_complete,high_degree,0.1500323563814163,1,"0,1,3,4,5,7,9,10,11,12,14,15,16,19,26,31",71.0625,1346.4375,124.9375,0.0,0.1510989143475489,0.83203125,1.0,0.1045119616039797,1.1916666666666669,0.2934849560260772,,,
stage4b_replication,0,256,scale_free,42004,transition_mid,0.035,0.05,1.0,16,0.0625,16.0,f8186a1dbe8ea6a787,stage4_complete,module_bridge,0.1500323563814163,1,"0,1,3,4,5,7,9,10,11,12,14,15,16,19,26,31",71.0625,1346.4375,124.9375,0.0,0.1510989143475489,0.83203125,1.0,0.1045119616039797,1.1916666666666669,0.2934849560260772,,,
stage4b_replication,0,256,scale_free,42004,transition_mid,0.035,0.05,1.0,16,0.0625,16.0,f8186a1dbe8ea6a787,stage4_complete,random,0.02818203970673489,32,,24.91796875,235.421875,20.49609375,0.0,0.05173269289829963,0.5302734375,0.9976806640625,0.03159181954451218,1.9989583333333334,0.2934849560260772,,,
stage4b_replication,0,256,scale_free,42004,transition_mid,0.035,0.05,1.0,16,0.0625,16.0,f8186a1dbe8ea6a787,stage4_complete,spectral,0.1912720501422882,1,"0,1,3,4,5,7,8,9,10,11,12,13,14,15,16,19",70.8125,1338.375,130.375,0.0,0.1547475729041525,0.796875,1.0,0.115333732819725,1.075,0.2934849560260772,,,
stage4b_replication,0,256,scale_free,42004,transition_mid,0.035,0.05,1.0,24,0.09375,16.0,6ff2f0c1cd558ff1d0,stage4_complete,cycle_proxy,0.1822756975889206,1,"0,1,2,3,4,5,6,7,8,9,10,11,12,13,14,15,16,17,18,19,23,25,26,31",65.5,1159.9166666666667,112.08333333333331,0.0,0.141520500777754,0.90234375,1.0,0.0964567469590267,1.2391304347826086,0.5046622157096863,,,
stage4b_replication,0,256,scale_free,42004,transition_mid,0.035,0.05,1.0,24,0.09375,16.0,6ff2f0c1cd558ff1d0,stage4_complete,feedback_hub,0.2392140030860901,1,"0,1,2,3,4,5,7,8,9,10,11,12,13,14,15,16,18,19,23,24,25,26,27,31",65.66666666666667,1165.5,110.95833333333331,0.0,0.1408550845404197,0.90234375,1.0,0.0944011127207611,1.2608695652173914,0.5046622157096863,,,
stage4b_replication,0,256,scale_free,42004,transition_mid,0.035,0.05,1.0,24,0.09375,16.0,6ff2f0c1cd558ff1d0,stage4_complete,dynamics_aware,0.1991790384054184,1,"0,1,2,3,4,5,7,8,9,11,13,14,15,16,23,24,25,26,31,33,37,121,146,204",57.625,960.0,91.25,0.0,0.1237463822558302,0.8984375,1.0,0.0805391291584165,1.434782608695652,0.5046622157096863,,,
stage4b_replication,0,256,scale_free,42004,transition_mid,0.035,0.05,1.0,24,0.09375,16.0,6ff2f0c1cd558ff1d0,stage4_complete,high_degree,0.3820358514785766,1,"0,1,2,3,4,5,7,8,9,10,11,12,13,14,15,16,18,19,23,24,25,26,31,33",65.79166666666667,1165.125,110.54166666666669,0.0,0.1407858858691705,0.91796875,1.0,0.094757069523429,1.2608695652173914,0.5046622157096863,,,
stage4b_replication,0,256,scale_free,42004,transition_mid,0.035,0.05,1.0,24,0.09375,16.0,6ff2f0c1cd558ff1d0,stage4_complete,module_bridge,0.3820358514785766,1,"0,1,2,3,4,5,7,8,9,10,11,12,13,14,15,16,18,19,23,24,25,26,31,33",65.79166666666667,1165.125,110.54166666666669,0.0,0.1407858858691705,0.91796875,1.0,0.094757069523429,1.2608695652173914,0.5046622157096863,,,
stage4b_replication,0,256,scale_free,42004,transition_mid,0.035,0.05,1.0,24,0.09375,16.0,6ff2f0c1cd558ff1d0,stage4_complete,random,0.033418503066059146,32,,24.912760416666668,234.42057291666663,20.247395833333336,0.0,0.051492038998401005,0.67236328125,0.999755859375,0.030806170594979147,2.005661231884058,0.5046622157096863,,,
stage4b_replication,0,256,scale_free,42004,transition_mid,0.035,0.05,1.0,24,0.09375,16.0,6ff2f0c1cd558ff1d0,stage4_complete,spectral,0.3135671317577362,1,"0,1,2,3,4,5,6,7,8,9,10,11,12,13,14,15,16,17,18,19,20,23,26,31",65.375,1156.3333333333333,111.625,0.0,0.1418314095982475,0.890625,1.0,0.09964145919885,1.2282608695652173,0.5046622157096863,,,
stage4b_replication,0,256,scale_free,42004,transition_mid,0.035,0.05,1.0,32,0.125,16.0,84c551bd6daed4d279,stage4_complete,cycle_proxy,0.3045783042907715,1,"0,1,2,3,4,5,6,7,8,9,10,11,12,13,14,15,16,17,18,19,20,21,22,23,24,25,26,27,31,32,33,46",60.9375,1019.09375,97.46875,0.0,0.1310378420339168,0.95703125,1.0,0.0914743108498798,1.3548387096774193,0.6086194515228271,,,
stage4b_replication,0,256,scale_free,42004,transition_mid,0.035,0.05,1.0,32,0.125,16.0,84c551bd6daed4d279,stage4_complete,feedback_hub,0.3101807534694671,1,"0,1,2,3,4,5,6,7,8,9,10,11,12,13,14,15,16,17,18,19,20,21,23,24,25,26,27,30,31,33,42,46",61.34375,1028.78125,96.875,0.0,0.1308517068742699,0.953125,1.0,0.0927446558621846,1.3649193548387095,0.6086194515228271,,,
stage4b_replication,0,256,scale_free,42004,transition_mid,0.035,0.05,1.0,32,0.125,16.0,84c551bd6daed4d279,stage4_complete,dynamics_aware,0.4148206114768982,1,"0,1,2,3,4,5,6,8,9,10,11,13,14,15,16,17,18,19,20,23,24,25,26,27,30,31,35,42,46,52,127,235",57.5,949.28125,87.65625,0.0,0.1221733651487824,0.93359375,1.0,0.0801559023574347,1.4455645161290325,0.6086194515228271,,,
stage4b_replication,0,256,scale_free,42004,transition_mid,0.035,0.05,1.0,32,0.125,16.0,84c551bd6daed4d279,stage4_complete,high_degree,0.3506930470466614,1,"0,1,2,3,4,5,6,7,8,9,10,11,12,13,14,15,16,17,18,19,20,23,24,25,26,27,30,31,33,35,42,46",61.34375,1028.71875,96.09375,0.0,0.1303506780654864,0.94921875,1.0,0.0899636426966897,1.3709677419354838,0.6086194515228271,,,
stage4b_replication,0,256,scale_free,42004,transition_mid,0.035,0.05,1.0,32,0.125,16.0,84c551bd6daed4d279,stage4_complete,module_bridge,0.3506930470466614,1,"0,1,2,3,4,5,6,7,8,9,10,11,12,13,14,15,16,17,18,19,20,23,24,25,26,27,30,31,33,35,42,46",61.34375,1028.71875,96.09375,0.0,0.1303506780654864,0.94921875,1.0,0.0899636426966897,1.3709677419354838,0.6086194515228271,,,
stage4b_replication,0,256,scale_free,42004,transition_mid,0.035,0.05,1.0,32,0.125,16.0,84c551bd6daed4d279,stage4_complete,random,0.06235281383851538,32,,25.8759765625,256.40625,22.4013671875,0.0,0.0534884352868286,0.7822265625,1.0,0.03148643345981698,2.000945060483871,0.6086194515228271,,,
stage4b_replication,0,256,scale_free,42004,transition_mid,0.035,0.05,1.0,32,0.125,16.0,84c551bd6daed4d279,stage4_complete,spectral,0.3080795109272003,1,"0,1,2,3,4,5,6,7,8,9,10,11,12,13,14,15,16,17,18,19,20,21,22,23,24,25,26,27,30,31,33,37",61.09375,1022.90625,97.3125,0.0,0.1314995097657594,0.94140625,1.0,0.0957984188105579,1.3508064516129032,0.6086194515228271,,,
stage4b_replication,0,256,scale_free,42004,transition_mid,0.035,0.05,1.0,48,0.1875,16.0,6bf024f11c7356f0ff,stage4_complete,cycle_proxy,0.5978896617889404,1,"0,1,2,3,4,5,6,7,8,9,10,11,12,13,14,15,16,17,18,19,20,21,22,23,24,25,26,27,28,29,30,31,32,33,34,35,36,37,38,39,40,42,44,46,47,49,59,65",53.66666666666666,819.8958333333334,76.72916666666667,0.0,0.1138283605155674,0.98046875,1.0,0.0781051027806669,1.5328014184397163,0.7656828165054321,,,
stage4b_replication,0,256,scale_free,42004,transition_mid,0.035,0.05,1.0,48,0.1875,16.0,6bf024f11c7356f0ff,stage4_complete,feedback_hub,0.6044272184371948,1,"0,1,2,3,4,5,6,7,8,9,10,11,12,13,14,15,16,17,18,19,20,21,22,23,24,25,26,27,28,29,30,31,32,33,34,35,37,39,40,42,44,46,47,56,59,65,69,70",53.9375,825.1041666666666,76.10416666666667,0.0,0.1132182460736815,0.984375,1.0,0.0777647826223541,1.5398936170212767,0.7656828165054321,,,
stage4b_replication,0,256,scale_free,42004,transition_mid,0.035,0.05,1.0,48,0.1875,16.0,6bf024f11c7356f0ff,stage4_complete,dynamics_aware,0.3657876253128052,1,"1,2,3,4,5,6,7,8,10,11,12,13,14,15,16,17,18,19,20,21,22,23,25,26,27,29,30,32,33,34,35,37,39,46,47,49,56,59,65,68,69,90,148,170,172,183,195,231",48.208333333333336,711.8333333333334,66.66666666666667,0.0,0.1019823627218107,0.96484375,1.0,0.0633905981752351,1.6347517730496457,0.7656828165054321,,,
stage4b_replication,0,256,scale_free,42004,transition_mid,0.035,0.05,1.0,48,0.1875,16.0,6bf024f11c7356f0ff,stage4_complete,high_degree,0.592748761177063,1,"0,1,2,3,4,5,6,7,8,9,10,11,12,13,14,15,16,17,18,19,20,21,22,23,24,25,26,27,28,29,30,31,32,33,35,37,39,40,42,44,46,47,49,56,59,65,69,70",53.958333333333336,825.0625,76.04166666666667,0.0,0.1131530892969617,0.984375,1.0,0.0765139133696504,1.5416666666666667,0.7656828165054321,,,
stage4b_replication,0,256,scale_free,42004,transition_mid,0.035,0.05,1.0,48,0.1875,16.0,6bf024f11c7356f0ff,stage4_complete,module_bridge,0.592748761177063,1,"0,1,2,3,4,5,6,7,8,9,10,11,12,13,14,15,16,17,18,19,20,21,22,23,24,25,26,27,28,29,30,31,32,33,35,37,39,40,42,44,46,47,49,56,59,65,69,70",53.958333333333336,825.0625,76.04166666666667,0.0,0.1131530892969617,0.984375,1.0,0.0765139133696504,1.5416666666666667,0.7656828165054321,,,
stage4b_replication,0,256,scale_free,42004,transition_mid,0.035,0.05,1.0,48,0.1875,16.0,6bf024f11c7356f0ff,stage4_complete,random,0.14303894271142775,32,,25.332682291666668,243.89778645833331,20.927734375,0.0,0.0520586069904857,0.8839111328125,1.0,0.030833156289105823,2.0071199024822697,0.7656828165054321,,,
stage4b_replication,0,256,scale_free,42004,transition_mid,0.035,0.05,1.0,48,0.1875,16.0,6bf024f11c7356f0ff,stage4_complete,spectral,0.4868659973144531,1,"0,1,2,3,4,5,6,7,8,9,10,11,12,13,14,15,16,17,18,19,20,21,22,23,24,25,26,27,28,29,30,31,32,33,34,35,36,37,38,39,40,42,44,45,46,47,49,59",53.60416666666666,818.4166666666666,76.72916666666667,0.0,0.1139479481617736,0.9765625,1.0,0.0785210085235895,1.5319148936170213,0.7656828165054321,,,
stage4b_replication,0,256,scale_free,42004,transition_mid,0.035,0.05,1.0,64,0.25,16.0,a6744bea4c6c65a979,stage4_complete,cycle_proxy,0.5115211009979248,1,"0,1,2,3,4,5,6,7,8,9,10,11,12,13,14,15,16,17,18,19,20,21,22,23,24,25,26,27,28,29,30,31,32,33,34,35,36,37,38,39,40,41,42,44,45,46,47,49,50,51,54,55,56,59,60,61,62,65,68,69,73,74,84,95",47.671875,677.421875,62.921875,0.0,0.1003578703063208,0.98828125,1.0,0.0652785215895243,1.6388888888888888,0.823509156703949,,,
stage4b_replication,0,256,scale_free,42004,transition_mid,0.035,0.05,1.0,64,0.25,16.0,a6744bea4c6c65a979,stage4_complete,feedback_hub,0.5739580988883972,1,"0,1,2,3,4,5,6,7,8,9,10,11,12,13,14,15,16,17,18,19,20,21,22,23,24,25,26,27,28,29,30,31,32,33,34,35,36,37,38,39,40,42,44,45,46,47,49,51,53,56,59,60,61,62,65,66,68,69,70,72,74,77,85,95",48.296875,687.296875,62.40625,0.0,0.1002560697983383,0.98828125,1.0,0.066057477902618,1.6453373015873016,0.823509156703949,,,
stage4b_replication,0,256,scale_free,42004,transition_mid,0.035,0.05,1.0,64,0.25,16.0,a6744bea4c6c65a979,stage4_complete,dynamics_aware,0.4666764438152313,1,"0,1,2,4,5,6,7,8,9,11,12,13,14,17,18,19,20,21,22,23,24,25,26,27,28,29,30,31,32,33,34,35,36,37,38,39,40,42,44,46,47,49,51,53,59,60,61,65,66,68,69,70,72,74,77,95,121,128,141,148,169,196,205,231",43.890625,594.921875,53.75,0.0,0.0910698519301239,0.9765625,1.0,0.0588547126037168,1.7142857142857142,0.823509156703949,,,
stage4b_replication,0,256,scale_free,42004,transition_mid,0.035,0.05,1.0,64,0.25,16.0,a6744bea4c6c65a979,stage4_complete,high_degree,0.634282648563385,1,"0,1,2,3,4,5,6,7,8,9,10,11,12,13,14,15,16,17,18,19,20,21,22,23,24,25,26,27,28,29,30,31,32,33,34,35,36,37,38,39,40,42,43,44,45,46,47,49,53,55,56,59,60,61,62,65,66,68,69,70,74,77,85,95",48.296875,686.671875,62.421875,0.0,0.1003599291398247,0.98828125,1.0,0.0659250850755257,1.644345238095238,0.823509156703949,,,
stage4b_replication,0,256,scale_free,42004,transition_mid,0.035,0.05,1.0,64,0.25,16.0,a6744bea4c6c65a979,stage4_complete,module_bridge,0.634282648563385,1,"0,1,2,3,4,5,6,7,8,9,10,11,12,13,14,15,16,17,18,19,20,21,22,23,24,25,26,27,28,29,30,31,32,33,34,35,36,37,38,39,40,42,43,44,45,46,47,49,53,55,56,59,60,61,62,65,66,68,69,70,74,77,85,95",48.296875,686.671875,62.421875,0.0,0.1003599291398247,0.98828125,1.0,0.0659250850755257,1.644345238095238,0.823509156703949,,,
stage4b_replication,0,256,scale_free,42004,transition_mid,0.035,0.05,1.0,64,0.25,16.0,a6744bea4c6c65a979,stage4_complete,random,0.277447352418676,32,,25.6416015625,249.802734375,21.73291015625,0.0,0.05306121294183227,0.9381103515625,1.0,0.03170099248314625,1.996372767857143,0.823509156703949,,,
stage4b_replication,0,256,scale_free,42004,transition_mid,0.035,0.05,1.0,64,0.25,16.0,a6744bea4c6c65a979,stage4_complete,spectral,0.5686500668525696,1,"0,1,2,3,4,5,6,7,8,9,10,11,12,13,14,15,16,17,18,19,20,21,22,23,24,25,26,27,28,29,30,31,32,33,34,35,36,37,38,39,40,41,42,43,44,45,46,47,49,50,51,54,55,56,59,60,61,63,65,68,69,70,74,77",48.0,682.0,62.796875,0.0,0.100807899872221,0.98828125,1.0,0.066183456089518,1.6378968253968254,0.823509156703949,,,
stage4c_atlas_extension,1,256,scale_free,42005,sparse_drive,0.05,0.05,1.0,8,0.03125,16.0,bae4bf8d5d853028b7,stage4_complete,cycle_proxy,0.0538829714059829,1,"6,7,9,10,11,12,13,14",85.75,1906.75,160.375,0.0,0.173027518309645,0.64453125,1.0,0.1432382680900002,1.0357142857142858,0.2994000017642975,,,
stage4c_atlas_extension,1,256,scale_free,42005,sparse_drive,0.05,0.05,1.0,8,0.03125,16.0,bae4bf8d5d853028b7,stage4_complete,feedback_hub,0.0538829714059829,1,"6,7,9,10,11,12,13,14",85.75,1906.75,160.375,0.0,0.173027518309645,0.64453125,1.0,0.1432382680900002,1.0357142857142858,0.2994000017642975,,,
stage4c_atlas_extension,1,256,scale_free,42005,sparse_drive,0.05,0.05,1.0,8,0.03125,16.0,bae4bf8d5d853028b7,stage4_complete,dynamics_aware,0.254088431596756,1,"2,79,92,118,233,234,242,243",23.875,233.125,21.25,0.0,0.0524896902400682,0.30078125,0.97265625,0.043767438031591,1.8928571428571428,0.2994000017642975,,,
stage4c_atlas_extension,1,256,scale_free,42005,sparse_drive,0.05,0.05,1.0,8,0.03125,16.0,bae4bf8d5d853028b7,stage4_complete,high_degree,0.0538829714059829,1,"6,7,9,10,11,12,13,14",85.75,1906.75,160.375,0.0,0.173027518309645,0.64453125,1.0,0.1432382680900002,1.0357142857142858,0.2994000017642975,,,
stage4c_atlas_extension,1,256,scale_free,42005,sparse_drive,0.05,0.05,1.0,8,0.03125,16.0,bae4bf8d5d853028b7,stage4_complete,module_bridge,0.0538829714059829,1,"6,7,9,10,11,12,13,14",85.75,1906.75,160.375,0.0,0.173027518309645,0.64453125,1.0,0.1432382680900002,1.0357142857142858,0.2994000017642975,,,
stage4c_atlas_extension,1,256,scale_free,42005,sparse_drive,0.05,0.05,1.0,8,0.03125,16.0,bae4bf8d5d853028b7,stage4_complete,random,0.04402489395579319,32,,25.37109375,249.0,21.015625,0.0,0.05204933859068059,0.333740234375,0.9752197265625,0.03493874818148232,2.0055803571428568,0.2994000017642975,,,
stage4c_atlas_extension,1,256,scale_free,42005,sparse_drive,0.05,0.05,1.0,8,0.03125,16.0,bae4bf8d5d853028b7,stage4_complete,spectral,0.0336433947086334,1,"3,6,7,9,10,12,13,14",85.625,1890.25,158.0,0.0,0.1731242459736697,0.64453125,0.99609375,0.1383778769748945,1.0357142857142858,0.2994000017642975,,,
stage4c_atlas_extension,1,256,scale_free,42005,sparse_drive,0.05,0.05,1.0,16,0.0625,16.0,c66af477bf8091b69f,stage4_complete,cycle_proxy,0.1357799172401428,1,"0,1,2,3,4,5,6,7,8,9,10,11,12,13,14,15",75.6875,1514.25,135.5,0.0,0.1582387010618268,0.83203125,1.0,0.1201211020641652,1.025,0.2686523497104645,,,
stage4c_atlas_extension,1,256,scale_free,42005,sparse_drive,0.05,0.05,1.0,16,0.0625,16.0,c66af477bf8091b69f,stage4_complete,feedback_hub,0.1401973366737365,1,"0,2,3,4,6,7,8,9,10,11,12,13,14,15,16,17",76.9375,1554.375,133.3125,0.0,0.1575467808143358,0.828125,1.0,0.1112471343291801,1.075,0.2686523497104645,,,
stage4c_atlas_extension,1,256,scale_free,42005,sparse_drive,0.05,0.05,1.0,16,0.0625,16.0,c66af477bf8091b69f,stage4_complete,dynamics_aware,0.1357799172401428,1,"0,1,2,3,4,5,6,7,8,9,10,11,12,13,14,15",75.6875,1514.25,135.5,0.0,0.1582387010618268,0.83203125,1.0,0.1201211020641652,1.025,0.2686523497104645,,,
stage4c_atlas_extension,1,256,scale_free,42005,sparse_drive,0.05,0.05,1.0,16,0.0625,16.0,c66af477bf8091b69f,stage4_complete,high_degree,0.1401973366737365,1,"0,2,3,4,6,7,8,9,10,11,12,13,14,15,16,17",76.9375,1554.375,133.3125,0.0,0.1575467808143358,0.828125,1.0,0.1112471343291801,1.075,0.2686523497104645,,,
stage4c_atlas_extension,1,256,scale_free,42005,sparse_drive,0.05,0.05,1.0,16,0.0625,16.0,c66af477bf8091b69f,stage4_complete,module_bridge,0.1401973366737365,1,"0,2,3,4,6,7,8,9,10,11,12,13,14,15,16,17",76.9375,1554.375,133.3125,0.0,0.1575467808143358,0.828125,1.0,0.1112471343291801,1.075,0.2686523497104645,,,
stage4c_atlas_extension,1,256,scale_free,42005,sparse_drive,0.05,0.05,1.0,16,0.0625,16.0,c66af477bf8091b69f,stage4_complete,random,0.01795303967082868,32,,25.578125,261.091796875,21.43359375,0.0,0.05264020176573743,0.54150390625,0.995849609375,0.03474483737426928,1.9989583333333334,0.2686523497104645,,,
stage4c_atlas_extension,1,256,scale_free,42005,sparse_drive,0.05,0.05,1.0,16,0.0625,16.0,c66af477bf8091b69f,stage4_complete,spectral,0.1497082114219665,1,"0,2,3,4,5,6,7,8,9,10,11,12,13,14,15,17",76.375,1535.25,135.1875,0.0,0.1582918305530723,0.83203125,1.0,0.114203318791758,1.05,0.2686523497104645,,,
stage4c_atlas_extension,1,256,scale_free,42005,sparse_drive,0.05,0.05,1.0,24,0.09375,16.0,111de03226fc156c50,stage4_complete,cycle_proxy,0.2491219192743301,1,"0,1,2,3,4,5,6,7,8,9,10,11,12,13,14,15,16,17,18,19,20,21,22,23",70.16666666666667,1323.1666666666667,117.5,0.0,0.1454213607872152,0.88671875,1.0,0.1047995295137077,1.1992753623188406,0.4381210803985595,,,
stage4c_atlas_extension,1,256,scale_free,42005,sparse_drive,0.05,0.05,1.0,24,0.09375,16.0,111de03226fc156c50,stage4_complete,feedback_hub,0.2117206007242202,1,"0,1,2,3,4,5,6,7,8,9,10,11,12,13,14,15,16,17,18,19,20,21,22,28",70.20833333333333,1324.3333333333333,117.125,0.0,0.145262127299131,0.89453125,1.0,0.1039297201647758,1.2028985507246377,0.4381210803985595,,,
stage4c_atlas_extension,1,256,scale_free,42005,sparse_drive,0.05,0.05,1.0,24,0.09375,16.0,111de03226fc156c50,stage4_complete,dynamics_aware,0.2569325566291809,1,"0,1,2,4,5,6,8,9,10,11,12,13,14,15,16,17,18,20,21,22,24,65,184,190",62.875,1154.9166666666667,102.95833333333331,0.0,0.1311875215714304,0.8828125,1.0,0.090991741366161,1.3442028985507246,0.4381210803985595,,,
stage4c_atlas_extension,1,256,scale_free,42005,sparse_drive,0.05,0.05,1.0,24,0.09375,16.0,111de03226fc156c50,stage4_complete,high_degree,0.2117206007242202,1,"0,1,2,3,4,5,6,7,8,9,10,11,12,13,14,15,16,17,18,19,20,21,22,28",70.20833333333333,1324.3333333333333,117.125,0.0,0.145262127299131,0.89453125,1.0,0.1039297201647758,1.2028985507246377,0.4381210803985595,,,
stage4c_atlas_extension,1,256,scale_free,42005,sparse_drive,0.05,0.05,1.0,24,0.09375,16.0,111de03226fc156c50,stage4_complete,module_bridge,0.2117206007242202,1,"0,1,2,3,4,5,6,7,8,9,10,11,12,13,14,15,16,17,18,19,20,21,22,28",70.20833333333333,1324.3333333333333,117.125,0.0,0.145262127299131,0.89453125,1.0,0.1039297201647758,1.2028985507246377,0.4381210803985595,,,
stage4c_atlas_extension,1,256,scale_free,42005,sparse_drive,0.05,0.05,1.0,24,0.09375,16.0,111de03226fc156c50,stage4_complete,random,0.020389804383739787,32,,25.583333333333332,255.86067708333331,21.424479166666668,0.0,0.05241259731930567,0.6724853515625,0.998779296875,0.034672282198493734,1.9839221014492754,0.4381210803985595,,,
stage4c_atlas_extension,1,256,scale_free,42005,sparse_drive,0.05,0.05,1.0,24,0.09375,16.0,111de03226fc156c50,stage4_complete,spectral,0.2491219192743301,1,"0,1,2,3,4,5,6,7,8,9,10,11,12,13,14,15,16,17,18,19,20,21,22,23",70.16666666666667,1323.1666666666667,117.5,0.0,0.1454213607872152,0.88671875,1.0,0.1047995295137077,1.1992753623188406,0.4381210803985595,,,
stage4c_atlas_extension,1,256,scale_free,42005,sparse_drive,0.05,0.05,1.0,32,0.125,16.0,ae71a425bd163ef964,stage4_complete,cycle_proxy,0.2826157808303833,1,"0,1,2,3,4,5,6,7,8,9,10,11,12,13,14,15,16,17,18,19,20,21,22,23,25,28,29,31,32,35,38,43",63.4375,1120.21875,100.09375,0.0,0.1314078515679377,0.93359375,1.0,0.0916471381743323,1.3568548387096775,0.5593105554580688,,,
stage4c_atlas_extension,1,256,scale_free,42005,sparse_drive,0.05,0.05,1.0,32,0.125,16.0,ae71a425bd163ef964,stage4_complete,feedback_hub,0.2452073842287063,1,"0,1,2,3,4,5,6,7,8,9,10,11,12,13,14,15,16,17,18,19,20,21,22,23,26,28,29,31,32,37,43,54",63.6875,1124.25,98.40625,0.0,0.1310700799129633,0.9296875,1.0,0.0923156941668611,1.3629032258064515,0.5593105554580688,,,
stage4c_atlas_extension,1,256,scale_free,42005,sparse_drive,0.05,0.05,1.0,32,0.125,16.0,ae71a425bd163ef964,stage4_complete,dynamics_aware,0.327725350856781,1,"0,1,2,3,4,5,6,7,8,10,11,12,13,14,15,16,18,19,20,21,22,23,28,31,32,37,42,54,95,101,146,193",58.09375,997.75,88.8125,0.0,0.1206287179504844,0.921875,1.0,0.077673551544646,1.4516129032258065,0.5593105554580688,,,
stage4c_atlas_extension,1,256,scale_free,42005,sparse_drive,0.05,0.05,1.0,32,0.125,16.0,ae71a425bd163ef964,stage4_complete,high_degree,0.3346211910247803,1,"0,1,2,3,4,5,6,7,8,9,10,11,12,13,14,15,16,17,18,19,20,21,22,23,26,28,29,31,32,37,42,54",63.75,1123.0625,98.28125,0.0,0.1313660541196413,0.93359375,1.0,0.0914599477028982,1.3629032258064515,0.5593105554580688,,,
stage4c_atlas_extension,1,256,scale_free,42005,sparse_drive,0.05,0.05,1.0,32,0.125,16.0,ae71a425bd163ef964,stage4_complete,module_bridge,0.3346211910247803,1,"0,1,2,3,4,5,6,7,8,9,10,11,12,13,14,15,16,17,18,19,20,21,22,23,26,28,29,31,32,37,42,54",63.75,1123.0625,98.28125,0.0,0.1313660541196413,0.93359375,1.0,0.0914599477028982,1.3629032258064515,0.5593105554580688,,,
stage4c_atlas_extension,1,256,scale_free,42005,sparse_drive,0.05,0.05,1.0,32,0.125,16.0,ae71a425bd163ef964,stage4_complete,random,0.03437536195269782,32,,25.0771484375,244.2470703125,20.3984375,0.0,0.05148832439274405,0.766845703125,0.9993896484375,0.032480428780946834,1.9965977822580645,0.5593105554580688,,,
stage4c_atlas_extension,1,256,scale_free,42005,sparse_drive,0.05,0.05,1.0,32,0.125,16.0,ae71a425bd163ef964,stage4_complete,spectral,0.3196361362934112,1,"0,1,2,3,4,5,6,7,8,9,10,11,12,13,14,15,16,17,18,19,20,21,22,23,25,26,28,29,31,32,35,42",63.625,1120.40625,99.59375,0.0,0.1320724342167293,0.93359375,1.0,0.0932004820932997,1.3528225806451613,0.5593105554580688,,,
stage4c_atlas_extension,1,256,scale_free,42005,sparse_drive,0.05,0.05,1.0,48,0.1875,16.0,472fcbe67ccd21636d,stage4_complete,cycle_proxy,0.3956144750118255,1,"0,1,2,3,4,5,6,7,8,9,10,11,12,13,14,15,16,17,18,19,20,21,22,23,24,25,26,27,28,29,30,31,32,33,34,35,36,37,38,39,42,43,45,46,49,50,51,57",54.16666666666666,863.0,76.8125,0.0,0.1123854870145444,0.96875,1.0,0.0762439521228717,1.5301418439716312,0.7218412160873413,,,
stage4c_atlas_extension,1,256,scale_free,42005,sparse_drive,0.05,0.05,1.0,48,0.1875,16.0,472fcbe67ccd21636d,stage4_complete,feedback_hub,0.3425039052963257,1,"0,1,2,3,4,5,6,7,8,9,10,11,12,13,14,15,16,17,18,19,20,21,22,23,25,26,27,28,29,30,31,32,33,34,35,36,37,38,39,41,42,43,45,47,54,55,57,82",54.79166666666666,873.875,75.79166666666667,0.0,0.1122906924458912,0.96875,1.0,0.0763558010038132,1.5434397163120568,0.7218412160873413,,,
stage4c_atlas_extension,1,256,scale_free,42005,sparse_drive,0.05,0.05,1.0,48,0.1875,16.0,472fcbe67ccd21636d,stage4_complete,dynamics_aware,0.3415749669075012,1,"0,4,5,6,7,8,9,10,11,12,13,14,15,16,17,18,19,20,21,22,23,25,26,27,28,29,30,31,32,33,34,35,36,37,38,39,41,42,43,47,54,55,57,69,82,132,133,159",51.5,805.2083333333334,69.1875,0.0,0.1051131894956367,0.95703125,1.0,0.0706626726666527,1.599290780141844,0.7218412160873413,,,
stage4c_atlas_extension,1,256,scale_free,42005,sparse_drive,0.05,0.05,1.0,48,0.1875,16.0,472fcbe67ccd21636d,stage4_complete,high_degree,0.3425039052963257,1,"0,1,2,3,4,5,6,7,8,9,10,11,12,13,14,15,16,17,18,19,20,21,22,23,25,26,27,28,29,30,31,32,33,34,35,36,37,38,39,41,42,43,45,47,54,55,57,82",54.79166666666666,873.875,75.79166666666667,0.0,0.1122906924458912,0.96875,1.0,0.0763558010038132,1.5434397163120568,0.7218412160873413,,,
stage4c_atlas_extension,1,256,scale_free,42005,sparse_drive,0.05,0.05,1.0,48,0.1875,16.0,472fcbe67ccd21636d,stage4_complete,module_bridge,0.3425039052963257,1,"0,1,2,3,4,5,6,7,8,9,10,11,12,13,14,15,16,17,18,19,20,21,22,23,25,26,27,28,29,30,31,32,33,34,35,36,37,38,39,41,42,43,45,47,54,55,57,82",54.79166666666666,873.875,75.79166666666667,0.0,0.1122906924458912,0.96875,1.0,0.0763558010038132,1.5434397163120568,0.7218412160873413,,,
stage4c_atlas_extension,1,256,scale_free,42005,sparse_drive,0.05,0.05,1.0,48,0.1875,16.0,472fcbe67ccd21636d,stage4_complete,random,0.10405701858690003,32,,25.865885416666664,260.71419270833337,21.734375,0.0,0.05307070817399127,0.8802490234375,1.0,0.033911508309780035,1.9839317375886525,0.7218412160873413,,,
stage4c_atlas_extension,1,256,scale_free,42005,sparse_drive,0.05,0.05,1.0,48,0.1875,16.0,472fcbe67ccd21636d,stage4_complete,spectral,0.3795925676822662,1,"0,1,2,3,4,5,6,7,8,9,10,11,12,13,14,15,16,17,18,19,20,21,22,23,24,25,26,27,28,29,30,31,32,33,34,35,36,37,38,39,41,42,43,44,45,47,54,57",54.60416666666666,870.3125,76.29166666666667,0.0,0.1128370597075814,0.9609375,1.0,0.0787858063292666,1.5319148936170213,0.7218412160873413,,,
stage4c_atlas_extension,1,256,scale_free,42005,sparse_drive,0.05,0.05,1.0,64,0.25,16.0,08cb076b1c547276f5,stage4_complete,cycle_proxy,0.3655671179294586,1,"0,1,2,3,4,5,6,7,8,9,10,11,12,13,14,15,16,17,18,19,20,21,22,23,24,25,26,27,28,29,30,31,32,33,34,35,36,37,38,39,40,41,42,43,45,46,47,48,49,50,51,53,54,57,58,59,63,65,70,72,85,90,97,118",47.75,705.171875,62.828125,0.0,0.0991496242952051,0.9765625,1.0,0.0671394732651619,1.6344246031746033,0.7929688692092896,,,
stage4c_atlas_extension,1,256,scale_free,42005,sparse_drive,0.05,0.05,1.0,64,0.25,16.0,08cb076b1c547276f5,stage4_complete,feedback_hub,0.4948770403861999,1,"0,1,2,3,4,5,6,7,8,9,10,11,12,13,14,15,16,17,18,19,20,21,22,23,24,25,26,27,28,29,30,31,32,33,34,35,36,37,38,39,40,41,42,43,45,46,47,49,50,51,53,54,55,56,57,63,65,68,70,71,72,82,84,88",48.375,714.84375,61.96875,0.0,0.0990291191022278,0.9765625,1.0,0.066524025392902,1.6408730158730158,0.7929688692092896,,,
stage4c_atlas_extension,1,256,scale_free,42005,sparse_drive,0.05,0.05,1.0,64,0.25,16.0,08cb076b1c547276f5,stage4_complete,dynamics_aware,0.589184045791626,1,"0,1,2,3,4,5,6,7,8,9,10,11,12,13,14,15,17,19,20,21,22,23,24,25,26,27,28,29,30,31,32,35,36,37,38,39,40,41,42,43,45,46,47,49,50,51,52,53,54,55,56,57,63,65,68,72,82,84,88,97,142,150,198,223",46.0625,670.09375,58.796875,0.0,0.0947990053767434,0.96875,1.0,0.0624364716903994,1.6716269841269842,0.7929688692092896,,,
stage4c_atlas_extension,1,256,scale_free,42005,sparse_drive,0.05,0.05,1.0,64,0.25,16.0,08cb076b1c547276f5,stage4_complete,high_degree,0.3812212347984314,1,"0,1,2,3,4,5,6,7,8,9,10,11,12,13,14,15,16,17,18,19,20,21,22,23,24,25,26,27,28,29,30,31,32,33,34,35,36,37,38,39,40,41,42,43,44,45,46,47,49,50,51,53,54,55,56,57,63,65,70,72,82,84,88,105",48.421875,714.515625,61.9375,0.0,0.0991354540411883,0.9765625,1.0,0.0669150490656564,1.6423611111111112,0.7929688692092896,,,
stage4c_atlas_extension,1,256,scale_free,42005,sparse_drive,0.05,0.05,1.0,64,0.25,16.0,08cb076b1c547276f5,stage4_complete,module_bridge,0.3812212347984314,1,"0,1,2,3,4,5,6,7,8,9,10,11,12,13,14,15,16,17,18,19,20,21,22,23,24,25,26,27,28,29,30,31,32,33,34,35,36,37,38,39,40,41,42,43,44,45,46,47,49,50,51,53,54,55,56,57,63,65,70,72,82,84,88,105",48.421875,714.515625,61.9375,0.0,0.0991354540411883,0.9765625,1.0,0.0669150490656564,1.6423611111111112,0.7929688692092896,,,
stage4c_atlas_extension,1,256,scale_free,42005,sparse_drive,0.05,0.05,1.0,64,0.25,16.0,08cb076b1c547276f5,stage4_complete,random,0.20209381100721652,32,,24.61962890625,235.4375,19.72412109375,0.0,0.05053133559372331,0.9307861328125,1.0,0.032483124286807774,2.004743303571429,0.7929688692092896,,,
stage4c_atlas_extension,1,256,scale_free,42005,sparse_drive,0.05,0.05,1.0,64,0.25,16.0,08cb076b1c547276f5,stage4_complete,spectral,0.3298013210296631,1,"0,1,2,3,4,5,6,7,8,9,10,11,12,13,14,15,16,17,18,19,20,21,22,23,24,25,26,27,28,29,30,31,32,33,34,35,36,37,38,39,40,41,42,43,44,45,46,47,49,50,51,52,53,54,55,56,57,58,59,63,65,70,72,79",48.125,710.359375,62.453125,0.0,0.0996799487920438,0.98046875,1.0,0.0686279680952561,1.6339285714285714,0.7929688692092896,,,
stage4c_atlas_extension,1,256,scale_free,42005,transition_dense,0.035,0.1,1.0,8,0.03125,16.0,42b135fa97dbd9a3fe,stage4_complete,cycle_proxy,0.0596281662583351,1,"10,12,14,15,16,21,24,28",121.75,3834.25,551.625,0.0,0.1319721117928838,0.87109375,1.0,0.168859675175085,1.0,0.3736898005008697,,,
stage4c_atlas_extension,1,256,scale_free,42005,transition_dense,0.035,0.1,1.0,8,0.03125,16.0,42b135fa97dbd9a3fe,stage4_complete,feedback_hub,0.0803544968366622,1,"7,10,12,14,15,16,21,28",122.75,3881.25,548.25,0.0,0.1326954679071144,0.85546875,1.0,0.1719315357466805,1.0,0.3736898005008697,,,
stage4c_atlas_extension,1,256,scale_free,42005,transition_dense,0.035,0.1,1.0,8,0.03125,16.0,42b135fa97dbd9a3fe,stage4_complete,dynamics_aware,0.092712253332138,1,"30,32,39,43,64,97,136,158",62.125,1112.25,183.25,0.0,0.0721515225726508,0.5703125,1.0,0.0942454575860511,1.5714285714285714,0.3736898005008697,,,
stage4c_atlas_extension,1,256,scale_free,42005,transition_dense,0.035,0.1,1.0,8,0.03125,16.0,42b135fa97dbd9a3fe,stage4_complete,high_degree,0.0803544968366622,1,"7,10,12,14,15,16,21,28",122.75,3881.25,548.25,0.0,0.1326954679071144,0.85546875,1.0,0.1719315357466805,1.0,0.3736898005008697,,,
stage4c_atlas_extension,1,256,scale_free,42005,transition_dense,0.035,0.1,1.0,8,0.03125,16.0,42b135fa97dbd9a3fe,stage4_complete,module_bridge,0.0803544968366622,1,"7,10,12,14,15,16,21,28",122.75,3881.25,548.25,0.0,0.1326954679071144,0.85546875,1.0,0.1719315357466805,1.0,0.3736898005008697,,,
stage4c_atlas_extension,1,256,scale_free,42005,transition_dense,0.035,0.1,1.0,8,0.03125,16.0,42b135fa97dbd9a3fe,stage4_complete,random,0.09429004497360433,32,,49.10546875,808.75390625,119.26171875,0.0,0.05494289544421967,0.541015625,1.0,0.05526009885685276,1.8069196428571428,0.3736898005008697,,,
stage4c_atlas_extension,1,256,scale_free,42005,transition_dense,0.035,0.1,1.0,8,0.03125,16.0,42b135fa97dbd9a3fe,stage4_complete,spectral,0.1217174679040908,1,"7,10,12,14,15,16,17,28",122.5,3863.0,547.875,0.0,0.132772606350696,0.83984375,1.0,0.1670537510973392,1.0,0.3736898005008697,,,
stage4c_atlas_extension,1,256,scale_free,42005,transition_dense,0.035,0.1,1.0,16,0.0625,16.0,dde365f54d4148adda,stage4_complete,cycle_proxy,0.1562157571315765,1,"3,4,7,10,11,12,13,14,15,16,17,21,24,26,27,28",115.1875,3437.0,515.0625,0.0,0.1276907634092923,0.9453125,1.0,0.1561774426200792,1.0083333333333333,0.3375971913337707,,,
stage4c_atlas_extension,1,256,scale_free,42005,transition_dense,0.035,0.1,1.0,16,0.0625,16.0,dde365f54d4148adda,stage4_complete,feedback_hub,0.1417866498231887,1,"4,7,10,11,12,13,14,15,16,17,21,24,26,27,28,37",115.25,3440.9375,510.75,0.0,0.1270358218368064,0.953125,1.0,0.1565280257845168,1.0416666666666667,0.3375971913337707,,,
stage4c_atlas_extension,1,256,scale_free,42005,transition_dense,0.035,0.1,1.0,16,0.0625,16.0,dde365f54d4148adda,stage4_complete,dynamics_aware,0.1653651595115661,1,"40,60,92,112,143,162,166,167,183,187,191,193,215,221,241,253",37.3125,446.4375,65.4375,0.0,0.0424696347529574,0.68359375,1.0,0.0448222912198054,1.9083333333333332,0.3375971913337707,,,
stage4c_atlas_extension,1,256,scale_free,42005,transition_dense,0.035,0.1,1.0,16,0.0625,16.0,dde365f54d4148adda,stage4_complete,high_degree,0.1417866498231887,1,"4,7,10,11,12,13,14,15,16,17,21,24,26,27,28,37",115.25,3440.9375,510.75,0.0,0.1270358218368064,0.953125,1.0,0.1565280257845168,1.0416666666666667,0.3375971913337707,,,
stage4c_atlas_extension,1,256,scale_free,42005,transition_dense,0.035,0.1,1.0,16,0.0625,16.0,dde365f54d4148adda,stage4_complete,module_bridge,0.1417866498231887,1,"4,7,10,11,12,13,14,15,16,17,21,24,26,27,28,37",115.25,3440.9375,510.75,0.0,0.1270358218368064,0.953125,1.0,0.1565280257845168,1.0416666666666667,0.3375971913337707,,,
stage4c_atlas_extension,1,256,scale_free,42005,transition_dense,0.035,0.1,1.0,16,0.0625,16.0,dde365f54d4148adda,stage4_complete,random,0.0694910727324895,32,,49.181640625,829.7109375,121.869140625,0.0,0.05482455443100796,0.7576904296875,1.0,0.05872589395327047,1.79765625,0.3375971913337707,,,
stage4c_atlas_extension,1,256,scale_free,42005,transition_dense,0.035,0.1,1.0,16,0.0625,16.0,dde365f54d4148adda,stage4_complete,spectral,0.1562157571315765,1,"3,4,7,10,11,12,13,14,15,16,17,21,24,26,27,28",115.1875,3437.0,515.0625,0.0,0.1276907634092923,0.9453125,1.0,0.1561774426200792,1.0083333333333333,0.3375971913337707,,,
stage4c_atlas_extension,1,256,scale_free,42005,transition_dense,0.035,0.1,1.0,24,0.09375,16.0,c01fe0ff135eee0bc4,stage4_complete,cycle_proxy,0.3488375842571258,1,"1,2,3,4,7,9,10,11,12,13,14,15,16,17,18,19,20,21,23,24,25,26,27,28",110.41666666666669,3167.375,483.875,0.0,0.1239525181764111,0.97265625,1.0,0.1562406393929723,1.0072463768115942,0.4925469756126404,,,
stage4c_atlas_extension,1,256,scale_free,42005,transition_dense,0.035,0.1,1.0,24,0.09375,16.0,c01fe0ff135eee0bc4,stage4_complete,feedback_hub,0.2672241926193237,1,"1,2,3,4,6,7,10,11,12,13,14,15,16,17,18,20,21,23,24,25,26,27,28,37",110.875,3190.625,481.375,0.0,0.1238722056019787,0.96875,1.0,0.1581692841631456,1.036231884057971,0.4925469756126404,,,
stage4c_atlas_extension,1,256,scale_free,42005,transition_dense,0.035,0.1,1.0,24,0.09375,16.0,c01fe0ff135eee0bc4,stage4_complete,dynamics_aware,0.3449290990829468,1,"1,2,3,4,6,7,10,11,13,15,16,17,18,20,23,24,25,27,28,37,80,87,91,106",98.95833333333331,2682.875,405.625,0.0,0.111034918279142,0.97265625,1.0,0.1355474550025123,1.2391304347826086,0.4925469756126404,,,
stage4c_atlas_extension,1,256,scale_free,42005,transition_dense,0.035,0.1,1.0,24,0.09375,16.0,c01fe0ff135eee0bc4,stage4_complete,high_degree,0.2896416783332824,1,"1,2,3,4,6,7,8,10,11,12,13,14,15,16,17,18,20,21,24,25,26,27,28,37",110.875,3189.208333333333,480.5833333333333,0.0,0.1238379071877645,0.97265625,1.0,0.1545612708581731,1.036231884057971,0.4925469756126404,,,
stage4c_atlas_extension,1,256,scale_free,42005,transition_dense,0.035,0.1,1.0,24,0.09375,16.0,c01fe0ff135eee0bc4,stage4_complete,module_bridge,0.2896416783332824,1,"1,2,3,4,6,7,8,10,11,12,13,14,15,16,17,18,20,21,24,25,26,27,28,37",110.875,3189.208333333333,480.5833333333333,0.0,0.1238379071877645,0.97265625,1.0,0.1545612708581731,1.036231884057971,0.4925469756126404,,,
stage4c_atlas_extension,1,256,scale_free,42005,transition_dense,0.035,0.1,1.0,24,0.09375,16.0,c01fe0ff135eee0bc4,stage4_complete,random,0.05080264841672028,32,,49.842447916666664,835.10546875,123.92447916666666,0.0,0.05572945137341355,0.88330078125,1.0,0.06011990479052621,1.8063858695652173,0.4925469756126404,,,
stage4c_atlas_extension,1,256,scale_free,42005,transition_dense,0.035,0.1,1.0,24,0.09375,16.0,c01fe0ff135eee0bc4,stage4_complete,spectral,0.3590036630630493,1,"1,2,3,4,6,7,8,10,11,12,13,14,15,16,17,18,21,22,23,24,25,26,27,28",110.5,3169.0416666666665,480.6666666666667,0.0,0.1241887337816392,0.96875,1.0,0.157467896065817,1.0072463768115942,0.4925469756126404,,,
stage4c_atlas_extension,1,256,scale_free,42005,transition_dense,0.035,0.1,1.0,32,0.125,16.0,c274d5741a176e7b3a,stage4_complete,cycle_proxy,0.1867842972278595,1,"0,1,2,3,4,5,6,7,8,9,10,11,12,13,14,15,16,17,18,19,20,21,22,23,24,25,26,27,28,29,30,37",107.09375,2987.1875,457.375,0.0,0.1206804785815656,0.98046875,1.0,0.1542645914030986,1.0383064516129032,0.4997969567775726,,,
stage4c_atlas_extension,1,256,scale_free,42005,transition_dense,0.035,0.1,1.0,32,0.125,16.0,c274d5741a176e7b3a,stage4_complete,feedback_hub,0.3510783910751343,1,"1,2,3,4,5,6,7,8,9,10,11,12,13,14,15,16,17,18,19,20,21,22,23,24,25,26,27,28,29,30,37,40",107.125,2988.53125,454.78125,0.0,0.1203647233039314,0.984375,1.0,0.1518617365873131,1.0584677419354838,0.4997969567775726,,,
stage4c_atlas_extension,1,256,scale_free,42005,transition_dense,0.035,0.1,1.0,32,0.125,16.0,c274d5741a176e7b3a,stage4_complete,dynamics_aware,0.2891097962856293,1,"0,2,6,18,23,28,29,31,33,35,40,46,59,65,75,77,80,81,89,92,93,99,102,135,139,156,162,181,187,203,225,255",61.625,1196.875,181.9375,0.0,0.0693885329479804,0.96875,1.0,0.0741262925990719,1.7137096774193548,0.4997969567775726,,,
stage4c_atlas_extension,1,256,scale_free,42005,transition_dense,0.035,0.1,1.0,32,0.125,16.0,c274d5741a176e7b3a,stage4_complete,high_degree,0.3510783910751343,1,"1,2,3,4,5,6,7,8,9,10,11,12,13,14,15,16,17,18,19,20,21,22,23,24,25,26,27,28,29,30,37,40",107.125,2988.53125,454.78125,0.0,0.1203647233039314,0.984375,1.0,0.1518617365873131,1.0584677419354838,0.4997969567775726,,,
stage4c_atlas_extension,1,256,scale_free,42005,transition_dense,0.035,0.1,1.0,32,0.125,16.0,c274d5741a176e7b3a,stage4_complete,module_bridge,0.3510783910751343,1,"1,2,3,4,5,6,7,8,9,10,11,12,13,14,15,16,17,18,19,20,21,22,23,24,25,26,27,28,29,30,37,40",107.125,2988.53125,454.78125,0.0,0.1203647233039314,0.984375,1.0,0.1518617365873131,1.0584677419354838,0.4997969567775726,,,
stage4c_atlas_extension,1,256,scale_free,42005,transition_dense,0.035,0.1,1.0,32,0.125,16.0,c274d5741a176e7b3a,stage4_complete,random,0.1251964871771633,32,,49.408203125,827.2490234375,122.484375,0.0,0.055222871352687504,0.9364013671875,1.0,0.058386346221891164,1.805758568548387,0.4997969567775726,,,
stage4c_atlas_extension,1,256,scale_free,42005,transition_dense,0.035,0.1,1.0,32,0.125,16.0,c274d5741a176e7b3a,stage4_complete,spectral,0.1867842972278595,1,"0,1,2,3,4,5,6,7,8,9,10,11,12,13,14,15,16,17,18,19,20,21,22,23,24,25,26,27,28,29,30,37",107.09375,2987.1875,457.375,0.0,0.1206804785815656,0.98046875,1.0,0.1542645914030986,1.0383064516129032,0.4997969567775726,,,
stage4c_atlas_extension,1,256,scale_free,42005,transition_dense,0.035,0.1,1.0,48,0.1875,16.0,e77a5dc4f6e906b4af,stage4_complete,cycle_proxy,0.6532050371170044,1,"0,1,2,3,4,5,6,7,8,9,10,11,12,13,14,15,16,17,18,19,20,21,22,23,24,25,26,27,28,29,30,31,32,33,34,35,36,37,38,39,40,42,43,44,45,46,48,58",97.75,2536.75,389.1458333333333,0.0,0.110194287436364,1.0,1.0,0.1383620586468532,1.2109929078014183,0.7853224277496338,,,
stage4c_atlas_extension,1,256,scale_free,42005,transition_dense,0.035,0.1,1.0,48,0.1875,16.0,e77a5dc4f6e906b4af,stage4_complete,feedback_hub,0.6966814398765564,1,"0,1,2,3,4,5,6,7,8,9,10,11,12,13,14,15,16,17,18,19,20,21,22,23,24,25,26,27,28,29,30,31,32,33,34,35,36,37,38,40,41,43,44,45,46,47,48,58",97.875,2541.75,387.4791666666667,0.0,0.1100131667172034,1.0,1.0,0.1373663973704093,1.2145390070921986,0.7853224277496338,,,
stage4c_atlas_extension,1,256,scale_free,42005,transition_dense,0.035,0.1,1.0,48,0.1875,16.0,e77a5dc4f6e906b4af,stage4_complete,dynamics_aware,0.5751789808273315,1,"1,2,3,4,5,6,7,9,10,11,12,13,14,15,16,17,18,20,21,22,23,25,27,28,29,30,31,32,33,34,35,36,37,38,39,40,41,42,43,44,45,46,58,60,93,96,172,254",91.5,2312.9375,350.7916666666667,0.0,0.102918378311448,1.0,1.0,0.1254226298025829,1.319148936170213,0.7853224277496338,,,
stage4c_atlas_extension,1,256,scale_free,42005,transition_dense,0.035,0.1,1.0,48,0.1875,16.0,e77a5dc4f6e906b4af,stage4_complete,high_degree,0.6070092916488647,1,"0,1,2,3,4,5,6,7,8,9,10,11,12,13,14,15,16,17,18,19,20,21,22,23,24,25,26,27,28,29,30,31,32,33,34,35,36,37,38,40,43,44,45,46,47,48,55,58",97.875,2540.375,387.6041666666667,0.0,0.1099132829148663,1.0,1.0,0.1374054873016988,1.2216312056737588,0.7853224277496338,,,
stage4c_atlas_extension,1,256,scale_free,42005,transition_dense,0.035,0.1,1.0,48,0.1875,16.0,e77a5dc4f6e906b4af,stage4_complete,module_bridge,0.6070092916488647,1,"0,1,2,3,4,5,6,7,8,9,10,11,12,13,14,15,16,17,18,19,20,21,22,23,24,25,26,27,28,29,30,31,32,33,34,35,36,37,38,40,43,44,45,46,47,48,55,58",97.875,2540.375,387.6041666666667,0.0,0.1099132829148663,1.0,1.0,0.1374054873016988,1.2216312056737588,0.7853224277496338,,,
stage4c_atlas_extension,1,256,scale_free,42005,transition_dense,0.035,0.1,1.0,48,0.1875,16.0,e77a5dc4f6e906b4af,stage4_complete,random,0.3732670131139457,32,,50.81966145833333,870.8951822916667,128.13671875,0.0,0.0566494508945109,0.982177734375,1.0,0.05941835700736321,1.7986203457446808,0.7853224277496338,,,
stage4c_atlas_extension,1,256,scale_free,42005,transition_dense,0.035,0.1,1.0,48,0.1875,16.0,e77a5dc4f6e906b4af,stage4_complete,spectral,0.6879936456680298,1,"0,1,2,3,4,5,6,7,8,9,10,11,12,13,14,15,16,17,18,19,20,21,22,23,24,25,26,27,28,29,30,31,32,33,34,35,36,37,38,39,40,41,42,43,44,45,46,58",97.6875,2534.375,388.9583333333333,0.0,0.1102294024904647,1.0,1.0,0.1383939703810692,1.2074468085106382,0.7853224277496338,,,
stage4c_atlas_extension,1,256,scale_free,42005,transition_dense,0.035,0.1,1.0,64,0.25,16.0,818a033babf75a098c,stage4_complete,cycle_proxy,0.3335165977478027,1,"0,1,2,3,4,5,6,7,8,9,10,11,12,13,14,15,16,17,18,19,20,21,22,23,24,25,26,27,28,29,30,31,32,33,34,35,36,37,38,39,40,41,42,43,44,45,46,47,48,49,50,51,52,53,54,55,57,58,60,64,66,71,73,77",88.9375,2160.53125,330.828125,0.0,0.1000532383918815,1.0,1.0,0.1228908401710588,1.3531746031746033,0.8183053731918335,,,
stage4c_atlas_extension,1,256,scale_free,42005,transition_dense,0.035,0.1,1.0,64,0.25,16.0,818a033babf75a098c,stage4_complete,feedback_hub,0.5766550302505493,1,"0,1,2,3,4,5,6,7,8,9,10,11,12,13,14,15,16,17,18,19,20,21,22,23,24,25,26,27,28,29,30,31,32,33,34,35,36,37,38,39,40,41,42,43,44,45,46,47,48,50,52,53,54,55,58,60,64,65,70,71,72,73,77,86",89.234375,2168.984375,328.65625,0.0,0.0998670727683998,1.0,1.0,0.1224407334082522,1.3596230158730158,0.8183053731918335,,,
stage4c_atlas_extension,1,256,scale_free,42005,transition_dense,0.035,0.1,1.0,64,0.25,16.0,818a033babf75a098c,stage4_complete,dynamics_aware,0.640782356262207,1,"4,6,7,10,11,12,13,14,15,16,21,24,25,26,27,28,32,33,35,36,37,44,47,51,54,55,62,66,67,70,71,72,74,78,89,94,101,117,128,130,137,139,150,156,167,176,185,195,208,209,214,217,219,220,224,225,228,231,233,235,237,251,252,255",62.8125,1340.59375,196.71875,0.0,0.069508838865845,1.0,1.0,0.0696638715135656,1.6899801587301588,0.8183053731918335,,,
stage4c_atlas_extension,1,256,scale_free,42005,transition_dense,0.035,0.1,1.0,64,0.25,16.0,818a033babf75a098c,stage4_complete,high_degree,0.5766550302505493,1,"0,1,2,3,4,5,6,7,8,9,10,11,12,13,14,15,16,17,18,19,20,21,22,23,24,25,26,27,28,29,30,31,32,33,34,35,36,37,38,39,40,41,42,43,44,45,46,47,48,50,52,53,54,55,58,60,64,65,70,71,72,73,77,86",89.234375,2168.984375,328.65625,0.0,0.0998670727683998,1.0,1.0,0.1224407334082522,1.3596230158730158,0.8183053731918335,,,
stage4c_atlas_extension,1,256,scale_free,42005,transition_dense,0.035,0.1,1.0,64,0.25,16.0,818a033babf75a098c,stage4_complete,module_bridge,0.5766550302505493,1,"0,1,2,3,4,5,6,7,8,9,10,11,12,13,14,15,16,17,18,19,20,21,22,23,24,25,26,27,28,29,30,31,32,33,34,35,36,37,38,39,40,41,42,43,44,45,46,47,48,50,52,53,54,55,58,60,64,65,70,71,72,73,77,86",89.234375,2168.984375,328.65625,0.0,0.0998670727683998,1.0,1.0,0.1224407334082522,1.3596230158730158,0.8183053731918335,,,
stage4c_atlas_extension,1,256,scale_free,42005,transition_dense,0.035,0.1,1.0,64,0.25,16.0,818a033babf75a098c,stage4_complete,random,0.35112603893503547,32,,48.3388671875,787.9580078125,115.8388671875,0.0,0.053931267878143604,0.993408203125,1.0,0.05693947095688371,1.8149956597222223,0.8183053731918335,,,
stage4c_atlas_extension,1,256,scale_free,42005,transition_dense,0.035,0.1,1.0,64,0.25,16.0,818a033babf75a098c,stage4_complete,spectral,0.3121841847896576,1,"0,1,2,3,4,5,6,7,8,9,10,11,12,13,14,15,16,17,18,19,20,21,22,23,24,25,26,27,28,29,30,31,32,33,34,35,36,37,38,39,40,41,42,43,44,45,46,47,48,49,50,51,52,53,54,55,57,58,60,62,64,65,72,77",89.015625,2162.28125,330.015625,0.0,0.1001825350912723,1.0,1.0,0.1241462968579763,1.3521825396825398,0.8183053731918335,,,
stage4c_atlas_extension,1,256,scale_free,42005,transition_mid,0.035,0.05,1.0,8,0.03125,16.0,6cb64cccdae1c02164,stage4_complete,cycle_proxy,0.0265717767179012,1,"6,7,9,10,11,12,13,14",85.75,1906.75,160.375,0.0,0.173027518309645,0.64453125,1.0,0.1432382680900002,1.0357142857142858,0.2723698914051056,,,
stage4c_atlas_extension,1,256,scale_free,42005,transition_mid,0.035,0.05,1.0,8,0.03125,16.0,6cb64cccdae1c02164,stage4_complete,feedback_hub,0.0265717767179012,1,"6,7,9,10,11,12,13,14",85.75,1906.75,160.375,0.0,0.173027518309645,0.64453125,1.0,0.1432382680900002,1.0357142857142858,0.2723698914051056,,,
stage4c_atlas_extension,1,256,scale_free,42005,transition_mid,0.035,0.05,1.0,8,0.03125,16.0,6cb64cccdae1c02164,stage4_complete,dynamics_aware,0.1792122423648834,1,"4,52,92,102,138,146,165,248",24.625,235.375,22.875,0.0,0.053117852380958,0.3046875,0.953125,0.0356237985413203,1.8928571428571428,0.2723698914051056,,,
stage4c_atlas_extension,1,256,scale_free,42005,transition_mid,0.035,0.05,1.0,8,0.03125,16.0,6cb64cccdae1c02164,stage4_complete,high_degree,0.0265717767179012,1,"6,7,9,10,11,12,13,14",85.75,1906.75,160.375,0.0,0.173027518309645,0.64453125,1.0,0.1432382680900002,1.0357142857142858,0.2723698914051056,,,
stage4c_atlas_extension,1,256,scale_free,42005,transition_mid,0.035,0.05,1.0,8,0.03125,16.0,6cb64cccdae1c02164,stage4_complete,module_bridge,0.0265717767179012,1,"6,7,9,10,11,12,13,14",85.75,1906.75,160.375,0.0,0.173027518309645,0.64453125,1.0,0.1432382680900002,1.0357142857142858,0.2723698914051056,,,
stage4c_atlas_extension,1,256,scale_free,42005,transition_mid,0.035,0.05,1.0,8,0.03125,16.0,6cb64cccdae1c02164,stage4_complete,random,0.03990279376739631,32,,25.37109375,249.0,21.015625,0.0,0.05204933859068059,0.333740234375,0.9752197265625,0.03493874818148232,2.0055803571428568,0.2723698914051056,,,
stage4c_atlas_extension,1,256,scale_free,42005,transition_mid,0.035,0.05,1.0,8,0.03125,16.0,6cb64cccdae1c02164,stage4_complete,spectral,0.0502284355461597,1,"3,6,7,9,10,12,13,14",85.625,1890.25,158.0,0.0,0.1731242459736697,0.64453125,0.99609375,0.1383778769748945,1.0357142857142858,0.2723698914051056,,,
stage4c_atlas_extension,1,256,scale_free,42005,transition_mid,0.035,0.05,1.0,16,0.0625,16.0,7f7845dafa0dbd4418,stage4_complete,cycle_proxy,0.1842079758644104,1,"0,1,2,3,4,5,6,7,8,9,10,11,12,13,14,15",75.6875,1514.25,135.5,0.0,0.1582387010618268,0.83203125,1.0,0.1201211020641652,1.025,0.3335610330104828,,,
stage4c_atlas_extension,1,256,scale_free,42005,transition_mid,0.035,0.05,1.0,16,0.0625,16.0,7f7845dafa0dbd4418,stage4_complete,feedback_hub,0.140701949596405,1,"0,2,3,4,6,7,8,9,10,11,12,13,14,15,16,17",76.9375,1554.375,133.3125,0.0,0.1575467808143358,0.828125,1.0,0.1112471343291801,1.075,0.3335610330104828,,,
stage4c_atlas_extension,1,256,scale_free,42005,transition_mid,0.035,0.05,1.0,16,0.0625,16.0,7f7845dafa0dbd4418,stage4_complete,dynamics_aware,0.2372536212205886,1,"0,2,3,4,5,6,7,8,9,10,11,12,13,14,15,17",76.375,1535.25,135.1875,0.0,0.1582918305530723,0.83203125,1.0,0.114203318791758,1.05,0.3335610330104828,,,
stage4c_atlas_extension,1,256,scale_free,42005,transition_mid,0.035,0.05,1.0,16,0.0625,16.0,7f7845dafa0dbd4418,stage4_complete,high_degree,0.140701949596405,1,"0,2,3,4,6,7,8,9,10,11,12,13,14,15,16,17",76.9375,1554.375,133.3125,0.0,0.1575467808143358,0.828125,1.0,0.1112471343291801,1.075,0.3335610330104828,,,
stage4c_atlas_extension,1,256,scale_free,42005,transition_mid,0.035,0.05,1.0,16,0.0625,16.0,7f7845dafa0dbd4418,stage4_complete,module_bridge,0.140701949596405,1,"0,2,3,4,6,7,8,9,10,11,12,13,14,15,16,17",76.9375,1554.375,133.3125,0.0,0.1575467808143358,0.828125,1.0,0.1112471343291801,1.075,0.3335610330104828,,,
stage4c_atlas_extension,1,256,scale_free,42005,transition_mid,0.035,0.05,1.0,16,0.0625,16.0,7f7845dafa0dbd4418,stage4_complete,random,0.02093868341762567,32,,25.578125,261.091796875,21.43359375,0.0,0.05264020176573743,0.54150390625,0.995849609375,0.03474483737426928,1.9989583333333334,0.3335610330104828,,,
stage4c_atlas_extension,1,256,scale_free,42005,transition_mid,0.035,0.05,1.0,16,0.0625,16.0,7f7845dafa0dbd4418,stage4_complete,spectral,0.2372536212205886,1,"0,2,3,4,5,6,7,8,9,10,11,12,13,14,15,17",76.375,1535.25,135.1875,0.0,0.1582918305530723,0.83203125,1.0,0.114203318791758,1.05,0.3335610330104828,,,
stage4c_atlas_extension,1,256,scale_free,42005,transition_mid,0.035,0.05,1.0,24,0.09375,16.0,0eb06faa137b0035fb,stage4_complete,cycle_proxy,0.2172823846340179,1,"0,1,2,3,4,5,6,7,8,9,10,11,12,13,14,15,16,17,18,19,20,21,22,23",70.16666666666667,1323.1666666666667,117.5,0.0,0.1454213607872152,0.88671875,1.0,0.1047995295137077,1.1992753623188406,0.4658545553684234,,,
stage4c_atlas_extension,1,256,scale_free,42005,transition_mid,0.035,0.05,1.0,24,0.09375,16.0,0eb06faa137b0035fb,stage4_complete,feedback_hub,0.2444268018007278,1,"0,1,2,3,4,5,6,7,8,9,10,11,12,13,14,15,16,17,18,19,20,21,22,28",70.20833333333333,1324.3333333333333,117.125,0.0,0.145262127299131,0.89453125,1.0,0.1039297201647758,1.2028985507246377,0.4658545553684234,,,
stage4c_atlas_extension,1,256,scale_free,42005,transition_mid,0.035,0.05,1.0,24,0.09375,16.0,0eb06faa137b0035fb,stage4_complete,dynamics_aware,0.353308230638504,1,"2,3,4,5,6,7,8,9,10,11,12,13,14,15,16,17,18,19,20,21,22,23,60,114",66.58333333333333,1245.1666666666667,108.83333333333331,0.0,0.1374774713376404,0.87890625,1.0,0.0948254857174725,1.2934782608695652,0.4658545553684234,,,
stage4c_atlas_extension,1,256,scale_free,42005,transition_mid,0.035,0.05,1.0,24,0.09375,16.0,0eb06faa137b0035fb,stage4_complete,high_degree,0.2444268018007278,1,"0,1,2,3,4,5,6,7,8,9,10,11,12,13,14,15,16,17,18,19,20,21,22,28",70.20833333333333,1324.3333333333333,117.125,0.0,0.145262127299131,0.89453125,1.0,0.1039297201647758,1.2028985507246377,0.4658545553684234,,,
stage4c_atlas_extension,1,256,scale_free,42005,transition_mid,0.035,0.05,1.0,24,0.09375,16.0,0eb06faa137b0035fb,stage4_complete,module_bridge,0.2444268018007278,1,"0,1,2,3,4,5,6,7,8,9,10,11,12,13,14,15,16,17,18,19,20,21,22,28",70.20833333333333,1324.3333333333333,117.125,0.0,0.145262127299131,0.89453125,1.0,0.1039297201647758,1.2028985507246377,0.4658545553684234,,,
stage4c_atlas_extension,1,256,scale_free,42005,transition_mid,0.035,0.05,1.0,24,0.09375,16.0,0eb06faa137b0035fb,stage4_complete,random,0.03527702327119182,32,,25.583333333333332,255.86067708333331,21.424479166666668,0.0,0.05241259731930567,0.6724853515625,0.998779296875,0.034672282198493734,1.9839221014492754,0.4658545553684234,,,
stage4c_atlas_extension,1,256,scale_free,42005,transition_mid,0.035,0.05,1.0,24,0.09375,16.0,0eb06faa137b0035fb,stage4_complete,spectral,0.2172823846340179,1,"0,1,2,3,4,5,6,7,8,9,10,11,12,13,14,15,16,17,18,19,20,21,22,23",70.16666666666667,1323.1666666666667,117.5,0.0,0.1454213607872152,0.88671875,1.0,0.1047995295137077,1.1992753623188406,0.4658545553684234,,,
stage4c_atlas_extension,1,256,scale_free,42005,transition_mid,0.035,0.05,1.0,32,0.125,16.0,b4f3c104dc9f28a5eb,stage4_complete,cycle_proxy,0.405631810426712,1,"0,1,2,3,4,5,6,7,8,9,10,11,12,13,14,15,16,17,18,19,20,21,22,23,25,28,29,31,32,35,38,43",63.4375,1120.21875,100.09375,0.0,0.1314078515679377,0.93359375,1.0,0.0916471381743323,1.3568548387096775,0.6114192605018616,,,
stage4c_atlas_extension,1,256,scale_free,42005,transition_mid,0.035,0.05,1.0,32,0.125,16.0,b4f3c104dc9f28a5eb,stage4_complete,feedback_hub,0.5073946118354797,1,"0,1,2,3,4,5,6,7,8,9,10,11,12,13,14,15,16,17,18,19,20,21,22,23,26,28,29,31,32,37,43,54",63.6875,1124.25,98.40625,0.0,0.1310700799129633,0.9296875,1.0,0.0923156941668611,1.3629032258064515,0.6114192605018616,,,
stage4c_atlas_extension,1,256,scale_free,42005,transition_mid,0.035,0.05,1.0,32,0.125,16.0,b4f3c104dc9f28a5eb,stage4_complete,dynamics_aware,0.3794263005256653,1,"0,2,3,4,5,6,8,9,10,11,13,14,15,16,17,18,19,20,21,22,25,29,31,32,35,38,43,58,59,138,176,177",56.34375,952.65625,85.875,0.0,0.117376602971427,0.92578125,1.0,0.0766553786152545,1.4758064516129032,0.6114192605018616,,,
stage4c_atlas_extension,1,256,scale_free,42005,transition_mid,0.035,0.05,1.0,32,0.125,16.0,b4f3c104dc9f28a5eb,stage4_complete,high_degree,0.4324656128883362,1,"0,1,2,3,4,5,6,7,8,9,10,11,12,13,14,15,16,17,18,19,20,21,22,23,26,28,29,31,32,37,42,54",63.75,1123.0625,98.28125,0.0,0.1313660541196413,0.93359375,1.0,0.0914599477028982,1.3629032258064515,0.6114192605018616,,,
stage4c_atlas_extension,1,256,scale_free,42005,transition_mid,0.035,0.05,1.0,32,0.125,16.0,b4f3c104dc9f28a5eb,stage4_complete,module_bridge,0.4324656128883362,1,"0,1,2,3,4,5,6,7,8,9,10,11,12,13,14,15,16,17,18,19,20,21,22,23,26,28,29,31,32,37,42,54",63.75,1123.0625,98.28125,0.0,0.1313660541196413,0.93359375,1.0,0.0914599477028982,1.3629032258064515,0.6114192605018616,,,
stage4c_atlas_extension,1,256,scale_free,42005,transition_mid,0.035,0.05,1.0,32,0.125,16.0,b4f3c104dc9f28a5eb,stage4_complete,random,0.05750377103686327,32,,25.0771484375,244.2470703125,20.3984375,0.0,0.05148832439274405,0.766845703125,0.9993896484375,0.032480428780946834,1.9965977822580645,0.6114192605018616,,,
stage4c_atlas_extension,1,256,scale_free,42005,transition_mid,0.035,0.05,1.0,32,0.125,16.0,b4f3c104dc9f28a5eb,stage4_complete,spectral,0.4511729478836059,1,"0,1,2,3,4,5,6,7,8,9,10,11,12,13,14,15,16,17,18,19,20,21,22,23,25,26,28,29,31,32,35,42",63.625,1120.40625,99.59375,0.0,0.1320724342167293,0.93359375,1.0,0.0932004820932997,1.3528225806451613,0.6114192605018616,,,
stage4c_atlas_extension,1,256,scale_free,42005,transition_mid,0.035,0.05,1.0,48,0.1875,16.0,3473f4641611e6a098,stage4_complete,cycle_proxy,0.6237986087799072,1,"0,1,2,3,4,5,6,7,8,9,10,11,12,13,14,15,16,17,18,19,20,21,22,23,24,25,26,27,28,29,30,31,32,33,34,35,36,37,38,39,42,43,45,46,49,50,51,57",54.16666666666666,863.0,76.8125,0.0,0.1123854870145444,0.96875,1.0,0.0762439521228717,1.5301418439716312,0.7782211899757385,,,
stage4c_atlas_extension,1,256,scale_free,42005,transition_mid,0.035,0.05,1.0,48,0.1875,16.0,3473f4641611e6a098,stage4_complete,feedback_hub,0.4907448887825012,1,"0,1,2,3,4,5,6,7,8,9,10,11,12,13,14,15,16,17,18,19,20,21,22,23,25,26,27,28,29,30,31,32,33,34,35,36,37,38,39,41,42,43,45,47,54,55,57,82",54.79166666666666,873.875,75.79166666666667,0.0,0.1122906924458912,0.96875,1.0,0.0763558010038132,1.5434397163120568,0.7782211899757385,,,
stage4c_atlas_extension,1,256,scale_free,42005,transition_mid,0.035,0.05,1.0,48,0.1875,16.0,3473f4641611e6a098,stage4_complete,dynamics_aware,0.5908956527709961,1,"0,1,2,3,4,5,6,7,8,9,10,11,12,13,14,15,16,17,18,21,22,23,24,25,26,28,29,30,32,33,34,35,37,38,39,41,42,43,44,45,47,54,57,63,122,130,147,201",52.208333333333336,825.1666666666666,71.8125,0.0,0.1071426339745236,0.95703125,1.0,0.072255483754722,1.5806737588652482,0.7782211899757385,,,
stage4c_atlas_extension,1,256,scale_free,42005,transition_mid,0.035,0.05,1.0,48,0.1875,16.0,3473f4641611e6a098,stage4_complete,high_degree,0.4907448887825012,1,"0,1,2,3,4,5,6,7,8,9,10,11,12,13,14,15,16,17,18,19,20,21,22,23,25,26,27,28,29,30,31,32,33,34,35,36,37,38,39,41,42,43,45,47,54,55,57,82",54.79166666666666,873.875,75.79166666666667,0.0,0.1122906924458912,0.96875,1.0,0.0763558010038132,1.5434397163120568,0.7782211899757385,,,
stage4c_atlas_extension,1,256,scale_free,42005,transition_mid,0.035,0.05,1.0,48,0.1875,16.0,3473f4641611e6a098,stage4_complete,module_bridge,0.4907448887825012,1,"0,1,2,3,4,5,6,7,8,9,10,11,12,13,14,15,16,17,18,19,20,21,22,23,25,26,27,28,29,30,31,32,33,34,35,36,37,38,39,41,42,43,45,47,54,55,57,82",54.79166666666666,873.875,75.79166666666667,0.0,0.1122906924458912,0.96875,1.0,0.0763558010038132,1.5434397163120568,0.7782211899757385,,,
stage4c_atlas_extension,1,256,scale_free,42005,transition_mid,0.035,0.05,1.0,48,0.1875,16.0,3473f4641611e6a098,stage4_complete,random,0.15380242886021728,32,,25.865885416666664,260.71419270833337,21.734375,0.0,0.05307070817399127,0.8802490234375,1.0,0.033911508309780035,1.9839317375886525,0.7782211899757385,,,
stage4c_atlas_extension,1,256,scale_free,42005,transition_mid,0.035,0.05,1.0,48,0.1875,16.0,3473f4641611e6a098,stage4_complete,spectral,0.6359260678291321,1,"0,1,2,3,4,5,6,7,8,9,10,11,12,13,14,15,16,17,18,19,20,21,22,23,24,25,26,27,28,29,30,31,32,33,34,35,36,37,38,39,41,42,43,44,45,47,54,57",54.60416666666666,870.3125,76.29166666666667,0.0,0.1128370597075814,0.9609375,1.0,0.0787858063292666,1.5319148936170213,0.7782211899757385,,,
stage4c_atlas_extension,1,256,scale_free,42005,transition_mid,0.035,0.05,1.0,64,0.25,16.0,f7a5555fca9d792e8a,stage4_complete,cycle_proxy,0.3917357325553894,1,"0,1,2,3,4,5,6,7,8,9,10,11,12,13,14,15,16,17,18,19,20,21,22,23,24,25,26,27,28,29,30,31,32,33,34,35,36,37,38,39,40,41,42,43,45,46,47,48,49,50,51,53,54,57,58,59,63,65,70,72,85,90,97,118",47.75,705.171875,62.828125,0.0,0.0991496242952051,0.9765625,1.0,0.0671394732651619,1.6344246031746033,0.8268250226974487,,,
stage4c_atlas_extension,1,256,scale_free,42005,transition_mid,0.035,0.05,1.0,64,0.25,16.0,f7a5555fca9d792e8a,stage4_complete,feedback_hub,0.59552001953125,1,"0,1,2,3,4,5,6,7,8,9,10,11,12,13,14,15,16,17,18,19,20,21,22,23,24,25,26,27,28,29,30,31,32,33,34,35,36,37,38,39,40,41,42,43,45,46,47,49,50,51,53,54,55,56,57,63,65,68,70,71,72,82,84,88",48.375,714.84375,61.96875,0.0,0.0990291191022278,0.9765625,1.0,0.066524025392902,1.6408730158730158,0.8268250226974487,,,
stage4c_atlas_extension,1,256,scale_free,42005,transition_mid,0.035,0.05,1.0,64,0.25,16.0,f7a5555fca9d792e8a,stage4_complete,dynamics_aware,0.6044090390205383,1,"1,2,3,5,6,7,8,9,10,11,12,13,14,15,16,17,18,20,21,22,24,25,26,27,28,31,33,34,35,36,37,38,39,40,41,42,43,44,46,47,49,50,52,53,54,55,56,57,58,59,63,65,66,70,72,79,102,137,162,166,178,189,232,254",43.765625,629.34375,54.34375,0.0,0.0904784953107108,0.9765625,1.0,0.0605094594211532,1.7018849206349207,0.8268250226974487,,,
stage4c_atlas_extension,1,256,scale_free,42005,transition_mid,0.035,0.05,1.0,64,0.25,16.0,f7a5555fca9d792e8a,stage4_complete,high_degree,0.6406257748603821,1,"0,1,2,3,4,5,6,7,8,9,10,11,12,13,14,15,16,17,18,19,20,21,22,23,24,25,26,27,28,29,30,31,32,33,34,35,36,37,38,39,40,41,42,43,44,45,46,47,49,50,51,53,54,55,56,57,63,65,70,72,82,84,88,105",48.421875,714.515625,61.9375,0.0,0.0991354540411883,0.9765625,1.0,0.0669150490656564,1.6423611111111112,0.8268250226974487,,,
stage4c_atlas_extension,1,256,scale_free,42005,transition_mid,0.035,0.05,1.0,64,0.25,16.0,f7a5555fca9d792e8a,stage4_complete,module_bridge,0.6406257748603821,1,"0,1,2,3,4,5,6,7,8,9,10,11,12,13,14,15,16,17,18,19,20,21,22,23,24,25,26,27,28,29,30,31,32,33,34,35,36,37,38,39,40,41,42,43,44,45,46,47,49,50,51,53,54,55,56,57,63,65,70,72,82,84,88,105",48.421875,714.515625,61.9375,0.0,0.0991354540411883,0.9765625,1.0,0.0669150490656564,1.6423611111111112,0.8268250226974487,,,
stage4c_atlas_extension,1,256,scale_free,42005,transition_mid,0.035,0.05,1.0,64,0.25,16.0,f7a5555fca9d792e8a,stage4_complete,random,0.2624473818577826,32,,24.61962890625,235.4375,19.72412109375,0.0,0.05053133559372331,0.9307861328125,1.0,0.032483124286807774,2.004743303571429,0.8268250226974487,,,
stage4c_atlas_extension,1,256,scale_free,42005,transition_mid,0.035,0.05,1.0,64,0.25,16.0,f7a5555fca9d792e8a,stage4_complete,spectral,0.5420784950256348,1,"0,1,2,3,4,5,6,7,8,9,10,11,12,13,14,15,16,17,18,19,20,21,22,23,24,25,26,27,28,29,30,31,32,33,34,35,36,37,38,39,40,41,42,43,44,45,46,47,49,50,51,52,53,54,55,56,57,58,59,63,65,70,72,79",48.125,710.359375,62.453125,0.0,0.0996799487920438,0.98046875,1.0,0.0686279680952561,1.6339285714285714,0.8268250226974487,,,
stage4c_atlas_extension,1,256,scale_free,42006,sparse_drive,0.05,0.05,1.0,8,0.03125,16.0,da9535e7179644c8ac,stage4_complete,cycle_proxy,0.0294498149305582,1,"0,4,8,9,11,12,13,15",80.375,1700.0,161.875,0.0,0.1675664163318933,0.703125,1.0,0.1276170674250294,1.0,0.2499469518661499,,,
stage4c_atlas_extension,1,256,scale_free,42006,sparse_drive,0.05,0.05,1.0,8,0.03125,16.0,da9535e7179644c8ac,stage4_complete,feedback_hub,0.0257620215415954,1,"0,4,8,9,11,12,13,17",81.125,1731.5,159.0,0.0,0.1668764184838632,0.69921875,1.0,0.1277083372486766,1.1071428571428572,0.2499469518661499,,,
stage4c_atlas_extension,1,256,scale_free,42006,sparse_drive,0.05,0.05,1.0,8,0.03125,16.0,da9535e7179644c8ac,stage4_complete,dynamics_aware,0.1842739582061767,1,"4,37,60,123,172,209,238,245",27.875,313.625,26.625,0.0,0.056987844278903,0.3671875,0.98046875,0.0348362268329464,2.107142857142857,0.2499469518661499,,,
stage4c_atlas_extension,1,256,scale_free,42006,sparse_drive,0.05,0.05,1.0,8,0.03125,16.0,da9535e7179644c8ac,stage4_complete,high_degree,0.0316982306540012,1,"0,7,8,9,11,12,13,17",81.25,1723.625,157.125,0.0,0.1671993795159155,0.69140625,1.0,0.1171961558801507,1.1071428571428572,0.2499469518661499,,,
stage4c_atlas_extension,1,256,scale_free,42006,sparse_drive,0.05,0.05,1.0,8,0.03125,16.0,da9535e7179644c8ac,stage4_complete,module_bridge,0.0316982306540012,1,"0,7,8,9,11,12,13,17",81.25,1723.625,157.125,0.0,0.1671993795159155,0.69140625,1.0,0.1171961558801507,1.1071428571428572,0.2499469518661499,,,
stage4c_atlas_extension,1,256,scale_free,42006,sparse_drive,0.05,0.05,1.0,8,0.03125,16.0,da9535e7179644c8ac,stage4_complete,random,0.034414030960760976,32,,24.71875,233.55078125,20.625,0.0,0.05134356245835455,0.3272705078125,0.9776611328125,0.03301058300175521,1.9988839285714288,0.2499469518661499,,,
stage4c_atlas_extension,1,256,scale_free,42006,sparse_drive,0.05,0.05,1.0,8,0.03125,16.0,da9535e7179644c8ac,stage4_complete,spectral,0.0256393514573574,1,"0,4,7,8,9,11,12,13",80.5,1693.0,159.25,0.0,0.1684604331409672,0.6875,1.0,0.1208928784035623,1.0,0.2499469518661499,,,
stage4c_atlas_extension,1,256,scale_free,42006,sparse_drive,0.05,0.05,1.0,16,0.0625,16.0,29b75ecb787866a5b0,stage4_complete,cycle_proxy,0.1834836304187774,1,"0,1,2,3,4,5,6,7,8,9,11,12,13,15,17,25",74.1875,1451.375,139.5,0.0,0.1551653531833589,0.8515625,1.0,0.1100209984510094,1.075,0.3014352321624756,,,
stage4c_atlas_extension,1,256,scale_free,42006,sparse_drive,0.05,0.05,1.0,16,0.0625,16.0,29b75ecb787866a5b0,stage4_complete,feedback_hub,0.1308324038982391,1,"0,2,3,4,5,6,7,8,9,11,12,13,15,17,22,28",74.8125,1472.0,137.9375,0.0,0.154696125097264,0.87109375,1.0,0.1042871525664012,1.1333333333333333,0.3014352321624756,,,
stage4c_atlas_extension,1,256,scale_free,42006,sparse_drive,0.05,0.05,1.0,16,0.0625,16.0,29b75ecb787866a5b0,stage4_complete,dynamics_aware,0.1172466650605201,1,"0,2,3,4,6,8,9,11,12,13,15,17,22,28,42,60",70.6875,1365.125,126.375,0.0,0.1443318284691597,0.8671875,1.0,0.0941843437855761,1.3,0.3014352321624756,,,
stage4c_atlas_extension,1,256,scale_free,42006,sparse_drive,0.05,0.05,1.0,16,0.0625,16.0,29b75ecb787866a5b0,stage4_complete,high_degree,0.1308324038982391,1,"0,2,3,4,5,6,7,8,9,11,12,13,15,17,22,28",74.8125,1472.0,137.9375,0.0,0.154696125097264,0.87109375,1.0,0.1042871525664012,1.1333333333333333,0.3014352321624756,,,
stage4c_atlas_extension,1,256,scale_free,42006,sparse_drive,0.05,0.05,1.0,16,0.0625,16.0,29b75ecb787866a5b0,stage4_complete,module_bridge,0.1308324038982391,1,"0,2,3,4,5,6,7,8,9,11,12,13,15,17,22,28",74.8125,1472.0,137.9375,0.0,0.154696125097264,0.87109375,1.0,0.1042871525664012,1.1333333333333333,0.3014352321624756,,,
stage4c_atlas_extension,1,256,scale_free,42006,sparse_drive,0.05,0.05,1.0,16,0.0625,16.0,29b75ecb787866a5b0,stage4_complete,random,0.016631834965664852,32,,25.01171875,241.119140625,21.40625,0.0,0.05200786308747167,0.5352783203125,0.99658203125,0.03230054613844785,1.99375,0.3014352321624756,,,
stage4c_atlas_extension,1,256,scale_free,42006,sparse_drive,0.05,0.05,1.0,16,0.0625,16.0,29b75ecb787866a5b0,stage4_complete,spectral,0.1618811190128326,1,"0,2,3,4,5,6,7,8,9,10,11,12,13,15,17,25",74.25,1451.0625,139.1875,0.0,0.1559824407721133,0.8515625,1.0,0.1120127944004025,1.0583333333333331,0.3014352321624756,,,
stage4c_atlas_extension,1,256,scale_free,42006,sparse_drive,0.05,0.05,1.0,24,0.09375,16.0,f4d54506af62a822bf,stage4_complete,cycle_proxy,0.277678906917572,1,"0,1,2,3,4,5,6,7,8,9,10,11,12,13,14,15,16,17,18,19,22,25,26,28",69.125,1271.5833333333333,119.95833333333331,0.0,0.1441500648839166,0.9375,1.0,0.1053705049525092,1.2065217391304348,0.4519113898277282,,,
stage4c_atlas_extension,1,256,scale_free,42006,sparse_drive,0.05,0.05,1.0,24,0.09375,16.0,f4d54506af62a822bf,stage4_complete,feedback_hub,0.3397859930992126,1,"0,1,2,3,4,5,6,7,8,9,10,11,12,13,15,16,17,18,19,22,23,25,26,28",69.20833333333333,1274.5,119.54166666666669,0.0,0.1435010202699301,0.9375,1.0,0.1010155907860643,1.2246376811594204,0.4519113898277282,,,
stage4c_atlas_extension,1,256,scale_free,42006,sparse_drive,0.05,0.05,1.0,24,0.09375,16.0,f4d54506af62a822bf,stage4_complete,dynamics_aware,0.2691024541854858,1,"0,1,2,3,4,5,6,7,10,11,12,13,15,16,19,22,23,25,28,35,151,198,208,253",59.41666666666666,1049.9583333333333,98.54166666666669,0.0,0.1234038238546743,0.91015625,1.0,0.0790001842579949,1.427536231884058,0.4519113898277282,,,
stage4c_atlas_extension,1,256,scale_free,42006,sparse_drive,0.05,0.05,1.0,24,0.09375,16.0,f4d54506af62a822bf,stage4_complete,high_degree,0.1815840452909469,1,"0,1,2,3,4,5,6,7,8,9,10,11,12,13,15,16,17,19,22,23,25,26,28,35",69.20833333333333,1273.5833333333333,119.20833333333331,0.0,0.1427831915979874,0.94140625,1.0,0.1020794329250805,1.2391304347826086,0.4519113898277282,,,
stage4c_atlas_extension,1,256,scale_free,42006,sparse_drive,0.05,0.05,1.0,24,0.09375,16.0,f4d54506af62a822bf,stage4_complete,module_bridge,0.1815840452909469,1,"0,1,2,3,4,5,6,7,8,9,10,11,12,13,15,16,17,19,22,23,25,26,28,35",69.20833333333333,1273.5833333333333,119.20833333333331,0.0,0.1427831915979874,0.94140625,1.0,0.1020794329250805,1.2391304347826086,0.4519113898277282,,,
stage4c_atlas_extension,1,256,scale_free,42006,sparse_drive,0.05,0.05,1.0,24,0.09375,16.0,f4d54506af62a822bf,stage4_complete,random,0.01668194240482985,32,,25.045572916666664,239.41406249999997,20.861979166666668,0.0,0.051916663850909275,0.6719970703125,0.9986572265625,0.032514683669099806,2.001358695652174,0.4519113898277282,,,
stage4c_atlas_extension,1,256,scale_free,42006,sparse_drive,0.05,0.05,1.0,24,0.09375,16.0,f4d54506af62a822bf,stage4_complete,spectral,0.277678906917572,1,"0,1,2,3,4,5,6,7,8,9,10,11,12,13,14,15,16,17,18,19,22,25,26,28",69.125,1271.5833333333333,119.95833333333331,0.0,0.1441500648839166,0.9375,1.0,0.1053705049525092,1.2065217391304348,0.4519113898277282,,,
stage4c_atlas_extension,1,256,scale_free,42006,sparse_drive,0.05,0.05,1.0,32,0.125,16.0,4d7ef092547dfb99fe,stage4_complete,cycle_proxy,0.3723294734954834,1,"0,1,2,3,4,5,6,7,8,9,10,11,12,13,14,15,16,17,18,19,20,21,22,23,25,26,28,29,30,34,35,44",63.84375,1107.21875,103.5625,0.0,0.1321022510630182,0.96484375,1.0,0.0950916721492018,1.3528225806451613,0.606344997882843,,,
stage4c_atlas_extension,1,256,scale_free,42006,sparse_drive,0.05,0.05,1.0,32,0.125,16.0,4d7ef092547dfb99fe,stage4_complete,feedback_hub,0.4495065212249756,1,"0,1,2,3,4,5,6,7,8,9,10,11,12,13,14,15,16,17,18,19,20,21,22,23,25,26,28,29,31,33,35,43",64.21875,1115.5,102.78125,0.0,0.1322372923823117,0.97265625,1.0,0.0954250492152629,1.3548387096774193,0.606344997882843,,,
stage4c_atlas_extension,1,256,scale_free,42006,sparse_drive,0.05,0.05,1.0,32,0.125,16.0,4d7ef092547dfb99fe,stage4_complete,dynamics_aware,0.2636928558349609,1,"0,1,2,3,4,6,7,10,11,12,13,14,15,16,17,18,19,20,21,22,23,25,26,28,29,31,33,34,35,105,155,156",58.96875,992.9375,90.28125,0.0,0.1212502645921023,0.95703125,1.0,0.0828517064854087,1.4556451612903225,0.606344997882843,,,
stage4c_atlas_extension,1,256,scale_free,42006,sparse_drive,0.05,0.05,1.0,32,0.125,16.0,4d7ef092547dfb99fe,stage4_complete,high_degree,0.4495065212249756,1,"0,1,2,3,4,5,6,7,8,9,10,11,12,13,14,15,16,17,18,19,20,21,22,23,25,26,28,29,31,33,35,43",64.21875,1115.5,102.78125,0.0,0.1322372923823117,0.97265625,1.0,0.0954250492152629,1.3548387096774193,0.606344997882843,,,
stage4c_atlas_extension,1,256,scale_free,42006,sparse_drive,0.05,0.05,1.0,32,0.125,16.0,4d7ef092547dfb99fe,stage4_complete,module_bridge,0.4495065212249756,1,"0,1,2,3,4,5,6,7,8,9,10,11,12,13,14,15,16,17,18,19,20,21,22,23,25,26,28,29,31,33,35,43",64.21875,1115.5,102.78125,0.0,0.1322372923823117,0.97265625,1.0,0.0954250492152629,1.3548387096774193,0.606344997882843,,,
stage4c_atlas_extension,1,256,scale_free,42006,sparse_drive,0.05,0.05,1.0,32,0.125,16.0,4d7ef092547dfb99fe,stage4_complete,random,0.03269793672370719,32,,25.7041015625,260.013671875,22.5654296875,0.0,0.052539148437289636,0.76904296875,0.99951171875,0.03177429901879661,1.9901083669354838,0.606344997882843,,,
stage4c_atlas_extension,1,256,scale_free,42006,sparse_drive,0.05,0.05,1.0,32,0.125,16.0,4d7ef092547dfb99fe,stage4_complete,spectral,0.4695451855659485,1,"0,1,2,3,4,5,6,7,8,9,10,11,12,13,14,15,16,17,18,19,20,21,22,23,25,26,28,29,30,31,33,35",64.15625,1114.03125,103.15625,0.0,0.1324877457447188,0.96875,1.0,0.096030782172965,1.3487903225806452,0.606344997882843,,,
stage4c_atlas_extension,1,256,scale_free,42006,sparse_drive,0.05,0.05,1.0,48,0.1875,16.0,3249f9764230520acc,stage4_complete,cycle_proxy,0.2462554574012756,1,"0,1,2,3,4,5,6,7,8,9,10,11,12,13,14,15,16,17,18,19,20,21,22,23,24,25,26,28,29,30,31,32,33,34,35,36,37,38,39,40,41,42,43,44,45,53,54,71",55.125,870.1875,80.22916666666667,0.0,0.1134213847269557,0.98046875,1.0,0.0747805930914138,1.5310283687943262,0.7426419854164124,,,
stage4c_atlas_extension,1,256,scale_free,42006,sparse_drive,0.05,0.05,1.0,48,0.1875,16.0,3249f9764230520acc,stage4_complete,feedback_hub,0.5248590111732483,1,"0,1,2,3,4,5,6,7,8,9,10,11,12,13,14,15,16,17,18,19,20,21,22,23,25,26,28,29,30,31,32,33,34,35,36,37,38,39,42,43,44,49,52,53,54,69,70,71",55.6875,879.625,79.5625,0.0,0.1132926468824057,0.9765625,1.0,0.0763394472917337,1.5372340425531914,0.7426419854164124,,,
stage4c_atlas_extension,1,256,scale_free,42006,sparse_drive,0.05,0.05,1.0,48,0.1875,16.0,3249f9764230520acc,stage4_complete,dynamics_aware,0.4111735224723816,1,"0,1,2,3,4,6,7,8,9,10,11,12,13,14,15,16,17,18,19,20,21,22,24,25,26,28,29,30,32,34,35,37,38,39,41,42,44,49,53,54,70,71,149,152,185,215,216,248",51.16666666666666,801.7708333333334,73.47916666666667,0.0,0.1053243426620751,0.9765625,1.0,0.0682418587099402,1.6037234042553192,0.7426419854164124,,,
stage4c_atlas_extension,1,256,scale_free,42006,sparse_drive,0.05,0.05,1.0,48,0.1875,16.0,3249f9764230520acc,stage4_complete,high_degree,0.5248590111732483,1,"0,1,2,3,4,5,6,7,8,9,10,11,12,13,14,15,16,17,18,19,20,21,22,23,25,26,28,29,30,31,32,33,34,35,36,37,38,39,42,43,44,49,52,53,54,69,70,71",55.6875,879.625,79.5625,0.0,0.1132926468824057,0.9765625,1.0,0.0763394472917337,1.5372340425531914,0.7426419854164124,,,
stage4c_atlas_extension,1,256,scale_free,42006,sparse_drive,0.05,0.05,1.0,48,0.1875,16.0,3249f9764230520acc,stage4_complete,module_bridge,0.5248590111732483,1,"0,1,2,3,4,5,6,7,8,9,10,11,12,13,14,15,16,17,18,19,20,21,22,23,25,26,28,29,30,31,32,33,34,35,36,37,38,39,42,43,44,49,52,53,54,69,70,71",55.6875,879.625,79.5625,0.0,0.1132926468824057,0.9765625,1.0,0.0763394472917337,1.5372340425531914,0.7426419854164124,,,
stage4c_atlas_extension,1,256,scale_free,42006,sparse_drive,0.05,0.05,1.0,48,0.1875,16.0,3249f9764230520acc,stage4_complete,random,0.09850706800352776,32,,24.591796875,235.216796875,20.473307291666664,0.0,0.050693070952457314,0.8739013671875,0.9998779296875,0.03138061793196335,2.0029643173758864,0.7426419854164124,,,
stage4c_atlas_extension,1,256,scale_free,42006,sparse_drive,0.05,0.05,1.0,48,0.1875,16.0,3249f9764230520acc,stage4_complete,spectral,0.3712250292301178,1,"0,1,2,3,4,5,6,7,8,9,10,11,12,13,14,15,16,17,18,19,20,21,22,23,24,25,26,28,29,30,31,32,33,34,35,36,37,38,39,41,42,43,44,45,49,53,70,71",55.4375,875.25,79.91666666666667,0.0,0.1137622241318871,0.98046875,1.0,0.075160420435787,1.5319148936170213,0.7426419854164124,,,
stage4c_atlas_extension,1,256,scale_free,42006,sparse_drive,0.05,0.05,1.0,64,0.25,16.0,31c109d6f5c8127af4,stage4_complete,cycle_proxy,0.5613582134246826,1,"0,1,2,3,4,5,6,7,8,9,10,11,12,13,14,15,16,17,18,19,20,21,22,23,24,25,26,27,28,29,30,31,32,33,34,35,36,37,38,39,40,41,42,43,44,45,46,47,49,51,52,53,54,57,58,59,62,66,69,70,71,80,86,92",48.46875,711.265625,65.359375,0.0,0.0999277039056588,0.98828125,1.0,0.0661500956244034,1.6364087301587302,0.8061493635177612,,,
stage4c_atlas_extension,1,256,scale_free,42006,sparse_drive,0.05,0.05,1.0,64,0.25,16.0,31c109d6f5c8127af4,stage4_complete,feedback_hub,0.4991936981678009,1,"0,1,2,3,4,5,6,7,8,9,10,11,12,13,14,15,16,17,18,19,20,21,22,23,24,25,26,28,29,30,31,32,33,34,35,36,37,38,39,41,42,43,44,45,47,49,50,51,52,53,54,55,56,57,60,66,69,70,71,84,85,92,95,107",49.21875,721.296875,64.375,0.0,0.0998148666519982,0.984375,1.0,0.0630367240190948,1.6433531746031746,0.8061493635177612,,,
stage4c_atlas_extension,1,256,scale_free,42006,sparse_drive,0.05,0.05,1.0,64,0.25,16.0,31c109d6f5c8127af4,stage4_complete,dynamics_aware,0.719207763671875,1,"0,1,3,4,5,6,7,8,9,11,12,13,14,15,16,18,19,20,21,22,23,24,25,26,28,29,31,34,35,36,37,38,41,42,44,45,47,49,50,51,52,53,54,55,57,60,64,66,69,70,71,78,81,84,85,92,95,102,107,180,200,210,229,232",44.359375,628.671875,56.875,0.0,0.0905168764399376,0.98046875,1.0,0.0574091989758931,1.7118055555555556,0.8061493635177612,,,
stage4c_atlas_extension,1,256,scale_free,42006,sparse_drive,0.05,0.05,1.0,64,0.25,16.0,31c109d6f5c8127af4,stage4_complete,high_degree,0.4991936981678009,1,"0,1,2,3,4,5,6,7,8,9,10,11,12,13,14,15,16,17,18,19,20,21,22,23,24,25,26,28,29,30,31,32,33,34,35,36,37,38,39,41,42,43,44,45,47,49,50,51,52,53,54,55,56,57,60,66,69,70,71,84,85,92,95,107",49.21875,721.296875,64.375,0.0,0.0998148666519982,0.984375,1.0,0.0630367240190948,1.6433531746031746,0.8061493635177612,,,
stage4c_atlas_extension,1,256,scale_free,42006,sparse_drive,0.05,0.05,1.0,64,0.25,16.0,31c109d6f5c8127af4,stage4_complete,module_bridge,0.4991936981678009,1,"0,1,2,3,4,5,6,7,8,9,10,11,12,13,14,15,16,17,18,19,20,21,22,23,24,25,26,28,29,30,31,32,33,34,35,36,37,38,39,41,42,43,44,45,47,49,50,51,52,53,54,55,56,57,60,66,69,70,71,84,85,92,95,107",49.21875,721.296875,64.375,0.0,0.0998148666519982,0.984375,1.0,0.0630367240190948,1.6433531746031746,0.8061493635177612,,,
stage4c_atlas_extension,1,256,scale_free,42006,sparse_drive,0.05,0.05,1.0,64,0.25,16.0,31c109d6f5c8127af4,stage4_complete,random,0.18054289254359895,32,,25.5205078125,251.85888671875,22.046875,0.0,0.05248370973417732,0.9346923828125,1.0,0.032678074855116215,1.9941251240079367,0.8061493635177612,,,
stage4c_atlas_extension,1,256,scale_free,42006,sparse_drive,0.05,0.05,1.0,64,0.25,16.0,31c109d6f5c8127af4,stage4_complete,spectral,0.4955450296401977,1,"0,1,2,3,4,5,6,7,8,9,10,11,12,13,14,15,16,17,18,19,20,21,22,23,24,25,26,27,28,29,30,31,32,33,34,35,36,37,38,39,40,41,42,43,44,45,46,47,49,51,52,53,54,55,56,57,58,60,69,70,71,74,84,92",48.890625,716.59375,64.859375,0.0,0.1004980592223374,0.984375,1.0,0.0652408822901931,1.6349206349206349,0.8061493635177612,,,
stage4c_atlas_extension,1,256,scale_free,42006,transition_dense,0.035,0.1,1.0,8,0.03125,16.0,fbf0a908d09eeca8ee,stage4_complete,cycle_proxy,0.0568384006619453,1,"3,7,11,12,15,16,17,25",118.5,3614.375,544.875,0.0,0.1309396286985204,0.8359375,1.0,0.1558524538994342,1.0,0.3663538992404938,,,
stage4c_atlas_extension,1,256,scale_free,42006,transition_dense,0.035,0.1,1.0,8,0.03125,16.0,fbf0a908d09eeca8ee,stage4_complete,feedback_hub,0.0733282342553138,1,"0,1,3,7,12,16,17,23",119.875,3685.625,537.125,0.0,0.1313328045124767,0.8125,1.0,0.1579973705459169,1.0,0.3663538992404938,,,
stage4c_atlas_extension,1,256,scale_free,42006,transition_dense,0.035,0.1,1.0,8,0.03125,16.0,fbf0a908d09eeca8ee,stage4_complete,dynamics_aware,0.1067679822444915,1,"17,23,44,68,104,111,161,234",64.5,1379.125,198.125,0.0,0.0708323017089043,0.64453125,1.0,0.0813561435776592,1.8214285714285716,0.3663538992404938,,,
stage4c_atlas_extension,1,256,scale_free,42006,transition_dense,0.035,0.1,1.0,8,0.03125,16.0,fbf0a908d09eeca8ee,stage4_complete,high_degree,0.0733282342553138,1,"0,1,3,7,12,16,17,23",119.875,3685.625,537.125,0.0,0.1313328045124767,0.8125,1.0,0.1579973705459169,1.0,0.3663538992404938,,,
stage4c_atlas_extension,1,256,scale_free,42006,transition_dense,0.035,0.1,1.0,8,0.03125,16.0,fbf0a908d09eeca8ee,stage4_complete,module_bridge,0.0733282342553138,1,"0,1,3,7,12,16,17,23",119.875,3685.625,537.125,0.0,0.1313328045124767,0.8125,1.0,0.1579973705459169,1.0,0.3663538992404938,,,
stage4c_atlas_extension,1,256,scale_free,42006,transition_dense,0.035,0.1,1.0,8,0.03125,16.0,fbf0a908d09eeca8ee,stage4_complete,random,0.09920574887655671,32,,49.328125,822.515625,125.58203125,0.0,0.055666932409490236,0.5377197265625,1.0,0.05869387591864668,1.8169642857142858,0.3663538992404938,,,
stage4c_atlas_extension,1,256,scale_free,42006,transition_dense,0.035,0.1,1.0,8,0.03125,16.0,fbf0a908d09eeca8ee,stage4_complete,spectral,0.038835309445858,1,"0,3,7,12,15,16,17,25",119.125,3642.125,541.375,0.0,0.1314679927407655,0.828125,1.0,0.1629088499916493,1.0,0.3663538992404938,,,
stage4c_atlas_extension,1,256,scale_free,42006,transition_dense,0.035,0.1,1.0,16,0.0625,16.0,8aef248c6e161a9e44,stage4_complete,cycle_proxy,0.1428191661834716,1,"0,1,3,5,7,9,11,12,14,15,16,17,18,23,25,26",113.875,3348.5625,511.5625,0.0,0.1272745370020678,0.9453125,1.0,0.1572545376611154,1.0,0.3322507441043854,,,
stage4c_atlas_extension,1,256,scale_free,42006,transition_dense,0.035,0.1,1.0,16,0.0625,16.0,8aef248c6e161a9e44,stage4_complete,feedback_hub,0.1831667274236679,1,"0,1,3,5,7,9,11,12,14,15,16,17,18,23,25,28",114.25,3368.4375,509.375,0.0,0.1270780890256739,0.9453125,1.0,0.157076386097455,1.0083333333333333,0.3322507441043854,,,
stage4c_atlas_extension,1,256,scale_free,42006,transition_dense,0.035,0.1,1.0,16,0.0625,16.0,8aef248c6e161a9e44,stage4_complete,dynamics_aware,0.1271485835313797,1,"29,49,52,66,70,95,99,107,126,134,164,168,179,199,203,212",45.625,629.25,89.875,0.0,0.0504901227741359,0.7109375,1.0,0.0555563080667425,1.7916666666666667,0.3322507441043854,,,
stage4c_atlas_extension,1,256,scale_free,42006,transition_dense,0.035,0.1,1.0,16,0.0625,16.0,8aef248c6e161a9e44,stage4_complete,high_degree,0.1831667274236679,1,"0,1,3,5,7,9,11,12,14,15,16,17,18,23,25,28",114.25,3368.4375,509.375,0.0,0.1270780890256739,0.9453125,1.0,0.157076386097455,1.0083333333333333,0.3322507441043854,,,
stage4c_atlas_extension,1,256,scale_free,42006,transition_dense,0.035,0.1,1.0,16,0.0625,16.0,8aef248c6e161a9e44,stage4_complete,module_bridge,0.1831667274236679,1,"0,1,3,5,7,9,11,12,14,15,16,17,18,23,25,28",114.25,3368.4375,509.375,0.0,0.1270780890256739,0.9453125,1.0,0.157076386097455,1.0083333333333333,0.3322507441043854,,,
stage4c_atlas_extension,1,256,scale_free,42006,transition_dense,0.035,0.1,1.0,16,0.0625,16.0,8aef248c6e161a9e44,stage4_complete,random,0.07124370633391659,32,,49.8359375,839.4140625,125.544921875,0.0,0.0556028090625106,0.769287109375,1.0,0.05908792046832638,1.8083333333333333,0.3322507441043854,,,
stage4c_atlas_extension,1,256,scale_free,42006,transition_dense,0.035,0.1,1.0,16,0.0625,16.0,8aef248c6e161a9e44,stage4_complete,spectral,0.1428191661834716,1,"0,1,3,5,7,9,11,12,14,15,16,17,18,23,25,26",113.875,3348.5625,511.5625,0.0,0.1272745370020678,0.9453125,1.0,0.1572545376611154,1.0,0.3322507441043854,,,
stage4c_atlas_extension,1,256,scale_free,42006,transition_dense,0.035,0.1,1.0,24,0.09375,16.0,956c199dcc737f15bb,stage4_complete,cycle_proxy,0.3473574221134186,1,"0,1,2,3,4,5,7,9,10,11,12,14,15,16,17,18,19,21,22,23,25,26,27,28",109.08333333333331,3090.833333333333,482.7083333333333,0.0,0.1232122161518505,0.98828125,1.0,0.157634345005797,1.0072463768115942,0.4915648698806762,,,
stage4c_atlas_extension,1,256,scale_free,42006,transition_dense,0.035,0.1,1.0,24,0.09375,16.0,956c199dcc737f15bb,stage4_complete,feedback_hub,0.3588698804378509,1,"0,1,2,3,4,5,7,9,10,11,12,14,15,16,17,18,19,21,23,25,26,28,31,41",109.54166666666669,3113.9166666666665,476.75,0.0,0.1227200773931767,0.984375,1.0,0.1554466011061747,1.0434782608695652,0.4915648698806762,,,
stage4c_atlas_extension,1,256,scale_free,42006,transition_dense,0.035,0.1,1.0,24,0.09375,16.0,956c199dcc737f15bb,stage4_complete,dynamics_aware,0.3604306578636169,1,"0,1,2,3,4,7,9,10,11,12,14,15,16,17,18,19,21,23,24,26,28,31,60,77",105.08333333333331,2925.7916666666665,449.2916666666667,0.0,0.1181716658530953,0.98046875,1.0,0.1478147754966134,1.105072463768116,0.4915648698806762,,,
stage4c_atlas_extension,1,256,scale_free,42006,transition_dense,0.035,0.1,1.0,24,0.09375,16.0,956c199dcc737f15bb,stage4_complete,high_degree,0.2998563647270202,1,"0,1,2,3,4,5,7,9,10,11,12,14,15,16,17,18,19,21,23,25,26,28,30,31",109.58333333333331,3109.5416666666665,478.75,0.0,0.1231814895683801,0.984375,1.0,0.1543195001342114,1.0326086956521738,0.4915648698806762,,,
stage4c_atlas_extension,1,256,scale_free,42006,transition_dense,0.035,0.1,1.0,24,0.09375,16.0,956c199dcc737f15bb,stage4_complete,module_bridge,0.2998563647270202,1,"0,1,2,3,4,5,7,9,10,11,12,14,15,16,17,18,19,21,23,25,26,28,30,31",109.58333333333331,3109.5416666666665,478.75,0.0,0.1231814895683801,0.984375,1.0,0.1543195001342114,1.0326086956521738,0.4915648698806762,,,
stage4c_atlas_extension,1,256,scale_free,42006,transition_dense,0.035,0.1,1.0,24,0.09375,16.0,956c199dcc737f15bb,stage4_complete,random,0.04949195700464766,32,,49.411458333333336,818.5221354166666,121.68359375,0.0,0.05505484667975226,0.87255859375,1.0,0.058575945680465966,1.8074048913043477,0.4915648698806762,,,
stage4c_atlas_extension,1,256,scale_free,42006,transition_dense,0.035,0.1,1.0,24,0.09375,16.0,956c199dcc737f15bb,stage4_complete,spectral,0.3961319923400879,1,"0,1,2,3,4,5,7,9,10,11,12,14,15,16,17,18,19,21,23,24,25,26,28,31",109.375,3105.625,479.9166666666667,0.0,0.1233111746801516,0.984375,1.0,0.1582644133035634,1.0181159420289856,0.4915648698806762,,,
stage4c_atlas_extension,1,256,scale_free,42006,transition_dense,0.035,0.1,1.0,32,0.125,16.0,2022bf6a79e21ba4e1,stage4_complete,cycle_proxy,0.2727461457252502,1,"0,1,2,3,4,5,6,7,8,9,10,11,12,13,14,15,16,17,18,19,21,22,23,24,25,26,27,28,29,30,31,36",105.9375,2918.1875,456.6875,0.0,0.1200253198546979,0.9921875,1.0,0.1531147993083387,1.0443548387096775,0.5823671221733093,,,
stage4c_atlas_extension,1,256,scale_free,42006,transition_dense,0.035,0.1,1.0,32,0.125,16.0,2022bf6a79e21ba4e1,stage4_complete,feedback_hub,0.3273888528347015,1,"0,1,2,3,4,5,6,7,8,9,10,11,12,13,14,15,16,17,18,19,21,22,23,25,26,27,28,30,31,32,36,41",106.125,2928.53125,452.34375,0.0,0.1193768146242614,0.9921875,1.0,0.1511216511719687,1.0745967741935485,0.5823671221733093,,,
stage4c_atlas_extension,1,256,scale_free,42006,transition_dense,0.035,0.1,1.0,32,0.125,16.0,2022bf6a79e21ba4e1,stage4_complete,dynamics_aware,0.4611372947692871,1,"0,2,3,5,6,10,11,12,13,14,15,16,17,18,19,21,22,23,25,26,27,29,30,31,36,85,105,117,150,179,213,237",91.09375,2380.40625,371.53125,0.0,0.1031643493338487,0.98046875,1.0,0.1206511008034187,1.310483870967742,0.5823671221733093,,,
stage4c_atlas_extension,1,256,scale_free,42006,transition_dense,0.035,0.1,1.0,32,0.125,16.0,2022bf6a79e21ba4e1,stage4_complete,high_degree,0.3273888528347015,1,"0,1,2,3,4,5,6,7,8,9,10,11,12,13,14,15,16,17,18,19,21,22,23,25,26,27,28,30,31,32,36,41",106.125,2928.53125,452.34375,0.0,0.1193768146242614,0.9921875,1.0,0.1511216511719687,1.0745967741935485,0.5823671221733093,,,
stage4c_atlas_extension,1,256,scale_free,42006,transition_dense,0.035,0.1,1.0,32,0.125,16.0,2022bf6a79e21ba4e1,stage4_complete,module_bridge,0.3273888528347015,1,"0,1,2,3,4,5,6,7,8,9,10,11,12,13,14,15,16,17,18,19,21,22,23,25,26,27,28,30,31,32,36,41",106.125,2928.53125,452.34375,0.0,0.1193768146242614,0.9921875,1.0,0.1511216511719687,1.0745967741935485,0.5823671221733093,,,
stage4c_atlas_extension,1,256,scale_free,42006,transition_dense,0.035,0.1,1.0,32,0.125,16.0,2022bf6a79e21ba4e1,stage4_complete,random,0.11349469760898498,32,,48.998046875,813.80859375,121.958984375,0.0,0.0547220213362511,0.93017578125,1.0,0.05791409447489244,1.8132560483870968,0.5823671221733093,,,
stage4c_atlas_extension,1,256,scale_free,42006,transition_dense,0.035,0.1,1.0,32,0.125,16.0,2022bf6a79e21ba4e1,stage4_complete,spectral,0.2727461457252502,1,"0,1,2,3,4,5,6,7,8,9,10,11,12,13,14,15,16,17,18,19,21,22,23,24,25,26,27,28,29,30,31,36",105.9375,2918.1875,456.6875,0.0,0.1200253198546979,0.9921875,1.0,0.1531147993083387,1.0443548387096775,0.5823671221733093,,,
stage4c_atlas_extension,1,256,scale_free,42006,transition_dense,0.035,0.1,1.0,48,0.1875,16.0,57133bb968678b4342,stage4_complete,cycle_proxy,0.6701892018318176,1,"0,1,2,3,4,5,6,7,8,9,10,11,12,13,14,15,16,17,18,19,20,21,22,23,24,25,26,27,28,29,30,31,32,33,34,35,36,37,38,39,40,41,43,44,45,50,53,54",97.64583333333331,2524.770833333333,391.25,0.0,0.1101245997872619,0.9921875,1.0,0.1395047329844891,1.2118794326241136,0.7899823784828186,,,
stage4c_atlas_extension,1,256,scale_free,42006,transition_dense,0.035,0.1,1.0,48,0.1875,16.0,57133bb968678b4342,stage4_complete,feedback_hub,0.6793513894081116,1,"0,1,2,3,4,5,6,7,8,9,10,11,12,13,14,15,16,17,18,19,20,21,22,23,24,25,26,27,28,29,30,31,32,33,34,35,36,37,38,39,40,41,42,43,45,52,53,54",97.79166666666669,2529.895833333333,390.7291666666667,0.0,0.1101919588146774,0.99609375,1.0,0.1396679389709003,1.2118794326241136,0.7899823784828186,,,
stage4c_atlas_extension,1,256,scale_free,42006,transition_dense,0.035,0.1,1.0,48,0.1875,16.0,57133bb968678b4342,stage4_complete,dynamics_aware,0.6843278408050537,1,"0,1,2,3,4,5,6,7,8,9,10,11,12,13,14,15,16,18,19,20,21,22,23,24,25,26,27,28,29,30,31,32,33,34,35,36,37,38,39,40,41,42,43,52,53,54,112,187",95.0625,2432.645833333333,377.0625,0.0,0.1073260627593409,0.99609375,1.0,0.1352001062956371,1.24822695035461,0.7899823784828186,,,
stage4c_atlas_extension,1,256,scale_free,42006,transition_dense,0.035,0.1,1.0,48,0.1875,16.0,57133bb968678b4342,stage4_complete,high_degree,0.6793513894081116,1,"0,1,2,3,4,5,6,7,8,9,10,11,12,13,14,15,16,17,18,19,20,21,22,23,24,25,26,27,28,29,30,31,32,33,34,35,36,37,38,39,40,41,42,43,45,52,53,54",97.79166666666669,2529.895833333333,390.7291666666667,0.0,0.1101919588146774,0.99609375,1.0,0.1396679389709003,1.2118794326241136,0.7899823784828186,,,
stage4c_atlas_extension,1,256,scale_free,42006,transition_dense,0.035,0.1,1.0,48,0.1875,16.0,57133bb968678b4342,stage4_complete,module_bridge,0.6793513894081116,1,"0,1,2,3,4,5,6,7,8,9,10,11,12,13,14,15,16,17,18,19,20,21,22,23,24,25,26,27,28,29,30,31,32,33,34,35,36,37,38,39,40,41,42,43,45,52,53,54",97.79166666666669,2529.895833333333,390.7291666666667,0.0,0.1101919588146774,0.99609375,1.0,0.1396679389709003,1.2118794326241136,0.7899823784828186,,,
stage4c_atlas_extension,1,256,scale_free,42006,transition_dense,0.035,0.1,1.0,48,0.1875,16.0,57133bb968678b4342,stage4_complete,random,0.3431449979543686,32,,48.251953125,786.5338541666667,117.30143229166666,0.0,0.05386707439395368,0.9764404296875,1.0,0.05737330278318718,1.8161846187943262,0.7899823784828186,,,
stage4c_atlas_extension,1,256,scale_free,42006,transition_dense,0.035,0.1,1.0,48,0.1875,16.0,57133bb968678b4342,stage4_complete,spectral,0.6793513894081116,1,"0,1,2,3,4,5,6,7,8,9,10,11,12,13,14,15,16,17,18,19,20,21,22,23,24,25,26,27,28,29,30,31,32,33,34,35,36,37,38,39,40,41,42,43,45,52,53,54",97.79166666666669,2529.895833333333,390.7291666666667,0.0,0.1101919588146774,0.99609375,1.0,0.1396679389709003,1.2118794326241136,0.7899823784828186,,,
stage4c_atlas_extension,1,256,scale_free,42006,transition_dense,0.035,0.1,1.0,64,0.25,16.0,dedc08e73000b1e772,stage4_complete,cycle_proxy,0.3520916700363159,1,"0,1,2,3,4,5,6,7,8,9,10,11,12,13,14,15,16,17,18,19,20,21,22,23,24,25,26,27,28,29,30,31,32,33,34,35,36,37,38,39,40,41,42,43,44,45,46,47,48,50,52,53,54,55,56,57,58,60,61,62,65,68,69,73",89.265625,2165.703125,332.984375,0.0,0.1001873537056793,1.0,1.0,0.124237599790978,1.3561507936507935,0.820155143737793,,,
stage4c_atlas_extension,1,256,scale_free,42006,transition_dense,0.035,0.1,1.0,64,0.25,16.0,dedc08e73000b1e772,stage4_complete,feedback_hub,0.3105027079582214,1,"0,1,2,3,4,5,6,7,8,9,10,11,12,13,14,15,16,17,18,19,20,21,22,23,24,25,26,27,28,29,30,31,32,33,34,35,36,37,38,39,40,41,42,43,44,45,48,50,52,53,54,55,56,57,58,60,61,62,64,67,68,69,71,73",89.46875,2171.40625,332.375,0.0,0.1001392018016158,1.0,1.0,0.1235009727886207,1.3611111111111112,0.820155143737793,,,
stage4c_atlas_extension,1,256,scale_free,42006,transition_dense,0.035,0.1,1.0,64,0.25,16.0,dedc08e73000b1e772,stage4_complete,dynamics_aware,0.7002732753753662,1,"12,14,18,20,21,23,24,25,29,31,33,35,36,37,42,43,45,48,50,53,55,58,60,63,71,74,81,87,94,103,108,109,110,111,113,114,116,124,127,132,133,134,136,139,143,150,152,155,159,169,172,177,180,183,188,198,201,214,234,238,244,245,251,252",54.875,996.765625,150.125,0.0,0.061634216294942,0.9921875,1.0,0.0694420229538467,1.7450396825396826,0.820155143737793,,,
stage4c_atlas_extension,1,256,scale_free,42006,transition_dense,0.035,0.1,1.0,64,0.25,16.0,dedc08e73000b1e772,stage4_complete,high_degree,0.322954773902893,1,"0,1,2,3,4,5,6,7,8,9,10,11,12,13,14,15,16,17,18,19,20,21,22,23,24,25,26,27,28,29,30,31,32,33,34,35,36,37,38,39,40,41,42,43,44,45,48,50,52,53,54,55,56,57,58,60,61,62,64,68,69,70,71,73",89.46875,2171.375,332.046875,0.0,0.1000827963404664,1.0,1.0,0.1232016030540085,1.3616071428571428,0.820155143737793,,,
stage4c_atlas_extension,1,256,scale_free,42006,transition_dense,0.035,0.1,1.0,64,0.25,16.0,dedc08e73000b1e772,stage4_complete,module_bridge,0.322954773902893,1,"0,1,2,3,4,5,6,7,8,9,10,11,12,13,14,15,16,17,18,19,20,21,22,23,24,25,26,27,28,29,30,31,32,33,34,35,36,37,38,39,40,41,42,43,44,45,48,50,52,53,54,55,56,57,58,60,61,62,64,68,69,70,71,73",89.46875,2171.375,332.046875,0.0,0.1000827963404664,1.0,1.0,0.1232016030540085,1.3616071428571428,0.820155143737793,,,
stage4c_atlas_extension,1,256,scale_free,42006,transition_dense,0.035,0.1,1.0,64,0.25,16.0,dedc08e73000b1e772,stage4_complete,random,0.3949519256129861,32,,49.451171875,824.927734375,123.7333984375,0.0,0.05530191089093124,0.99365234375,1.0,0.05828972035345467,1.8085782490079363,0.820155143737793,,,
stage4c_atlas_extension,1,256,scale_free,42006,transition_dense,0.035,0.1,1.0,64,0.25,16.0,dedc08e73000b1e772,stage4_complete,spectral,0.3279769420623779,1,"0,1,2,3,4,5,6,7,8,9,10,11,12,13,14,15,16,17,18,19,20,21,22,23,24,25,26,27,28,29,30,31,32,33,34,35,36,37,38,39,40,41,42,43,44,45,46,47,48,50,52,53,54,55,56,57,58,59,60,61,68,69,71,73",89.328125,2167.046875,332.796875,0.0,0.1002969119604649,1.0,1.0,0.1247434152403601,1.355654761904762,0.820155143737793,,,
stage4c_atlas_extension,1,256,scale_free,42006,transition_mid,0.035,0.05,1.0,8,0.03125,16.0,41be37f12bc35a2702,stage4_complete,cycle_proxy,0.0426620319485664,1,"0,4,8,9,11,12,13,15",80.375,1700.0,161.875,0.0,0.1675664163318933,0.703125,1.0,0.1276170674250294,1.0,0.3101682364940643,,,
stage4c_atlas_extension,1,256,scale_free,42006,transition_mid,0.035,0.05,1.0,8,0.03125,16.0,41be37f12bc35a2702,stage4_complete,feedback_hub,0.0517787933349609,1,"0,4,8,9,11,12,13,17",81.125,1731.5,159.0,0.0,0.1668764184838632,0.69921875,1.0,0.1277083372486766,1.1071428571428572,0.3101682364940643,,,
stage4c_atlas_extension,1,256,scale_free,42006,transition_mid,0.035,0.05,1.0,8,0.03125,16.0,41be37f12bc35a2702,stage4_complete,dynamics_aware,0.1695747971534729,1,"34,63,65,108,130,136,140,147",21.5,146.375,12.625,0.0,0.0430454256789963,0.28515625,0.953125,0.0302884730140369,2.0357142857142856,0.3101682364940643,,,
stage4c_atlas_extension,1,256,scale_free,42006,transition_mid,0.035,0.05,1.0,8,0.03125,16.0,41be37f12bc35a2702,stage4_complete,high_degree,0.0459520742297172,1,"0,7,8,9,11,12,13,17",81.25,1723.625,157.125,0.0,0.1671993795159155,0.69140625,1.0,0.1171961558801507,1.1071428571428572,0.3101682364940643,,,
stage4c_atlas_extension,1,256,scale_free,42006,transition_mid,0.035,0.05,1.0,8,0.03125,16.0,41be37f12bc35a2702,stage4_complete,module_bridge,0.0459520742297172,1,"0,7,8,9,11,12,13,17",81.25,1723.625,157.125,0.0,0.1671993795159155,0.69140625,1.0,0.1171961558801507,1.1071428571428572,0.3101682364940643,,,
stage4c_atlas_extension,1,256,scale_free,42006,transition_mid,0.035,0.05,1.0,8,0.03125,16.0,41be37f12bc35a2702,stage4_complete,random,0.036555636121192905,32,,24.71875,233.55078125,20.625,0.0,0.05134356245835455,0.3272705078125,0.9776611328125,0.03301058300175521,1.9988839285714288,0.3101682364940643,,,
stage4c_atlas_extension,1,256,scale_free,42006,transition_mid,0.035,0.05,1.0,8,0.03125,16.0,41be37f12bc35a2702,stage4_complete,spectral,0.0353707000613212,1,"0,4,7,8,9,11,12,13",80.5,1693.0,159.25,0.0,0.1684604331409672,0.6875,1.0,0.1208928784035623,1.0,0.3101682364940643,,,
stage4c_atlas_extension,1,256,scale_free,42006,transition_mid,0.035,0.05,1.0,16,0.0625,16.0,67a365b13ed0be1e72,stage4_complete,cycle_proxy,0.1676701009273529,1,"0,1,2,3,4,5,6,7,8,9,11,12,13,15,17,25",74.1875,1451.375,139.5,0.0,0.1551653531833589,0.8515625,1.0,0.1100209984510094,1.075,0.3297621309757232,,,
stage4c_atlas_extension,1,256,scale_free,42006,transition_mid,0.035,0.05,1.0,16,0.0625,16.0,67a365b13ed0be1e72,stage4_complete,feedback_hub,0.1462616622447967,1,"0,2,3,4,5,6,7,8,9,11,12,13,15,17,22,28",74.8125,1472.0,137.9375,0.0,0.154696125097264,0.87109375,1.0,0.1042871525664012,1.1333333333333333,0.3297621309757232,,,
stage4c_atlas_extension,1,256,scale_free,42006,transition_mid,0.035,0.05,1.0,16,0.0625,16.0,67a365b13ed0be1e72,stage4_complete,dynamics_aware,0.2183531820774078,1,"0,2,4,5,6,7,8,9,11,13,15,17,22,28,34,178",69.375,1329.6875,123.6875,0.0,0.1424939993624635,0.83984375,1.0,0.0862004836051157,1.2916666666666667,0.3297621309757232,,,
stage4c_atlas_extension,1,256,scale_free,42006,transition_mid,0.035,0.05,1.0,16,0.0625,16.0,67a365b13ed0be1e72,stage4_complete,high_degree,0.1462616622447967,1,"0,2,3,4,5,6,7,8,9,11,12,13,15,17,22,28",74.8125,1472.0,137.9375,0.0,0.154696125097264,0.87109375,1.0,0.1042871525664012,1.1333333333333333,0.3297621309757232,,,
stage4c_atlas_extension,1,256,scale_free,42006,transition_mid,0.035,0.05,1.0,16,0.0625,16.0,67a365b13ed0be1e72,stage4_complete,module_bridge,0.1462616622447967,1,"0,2,3,4,5,6,7,8,9,11,12,13,15,17,22,28",74.8125,1472.0,137.9375,0.0,0.154696125097264,0.87109375,1.0,0.1042871525664012,1.1333333333333333,0.3297621309757232,,,
stage4c_atlas_extension,1,256,scale_free,42006,transition_mid,0.035,0.05,1.0,16,0.0625,16.0,67a365b13ed0be1e72,stage4_complete,random,0.023937205260153818,32,,25.01171875,241.119140625,21.40625,0.0,0.05200786308747167,0.5352783203125,0.99658203125,0.03230054613844785,1.99375,0.3297621309757232,,,
stage4c_atlas_extension,1,256,scale_free,42006,transition_mid,0.035,0.05,1.0,16,0.0625,16.0,67a365b13ed0be1e72,stage4_complete,spectral,0.142504334449768,1,"0,2,3,4,5,6,7,8,9,10,11,12,13,15,17,25",74.25,1451.0625,139.1875,0.0,0.1559824407721133,0.8515625,1.0,0.1120127944004025,1.0583333333333331,0.3297621309757232,,,
stage4c_atlas_extension,1,256,scale_free,42006,transition_mid,0.035,0.05,1.0,24,0.09375,16.0,89fc141eaa2c5b37f7,stage4_complete,cycle_proxy,0.2935796082019806,1,"0,1,2,3,4,5,6,7,8,9,10,11,12,13,14,15,16,17,18,19,22,25,26,28",69.125,1271.5833333333333,119.95833333333331,0.0,0.1441500648839166,0.9375,1.0,0.1053705049525092,1.2065217391304348,0.5245852470397949,,,
stage4c_atlas_extension,1,256,scale_free,42006,transition_mid,0.035,0.05,1.0,24,0.09375,16.0,89fc141eaa2c5b37f7,stage4_complete,feedback_hub,0.3492969870567322,1,"0,1,2,3,4,5,6,7,8,9,10,11,12,13,15,16,17,18,19,22,23,25,26,28",69.20833333333333,1274.5,119.54166666666669,0.0,0.1435010202699301,0.9375,1.0,0.1010155907860643,1.2246376811594204,0.5245852470397949,,,
stage4c_atlas_extension,1,256,scale_free,42006,transition_mid,0.035,0.05,1.0,24,0.09375,16.0,89fc141eaa2c5b37f7,stage4_complete,dynamics_aware,0.3218546509742737,1,"0,3,4,5,6,7,9,10,11,12,13,15,16,17,19,20,22,25,26,28,35,45,60,175",63.75,1142.2083333333333,106.20833333333331,0.0,0.1320873248792811,0.92578125,1.0,0.089975128964654,1.3369565217391304,0.5245852470397949,,,
stage4c_atlas_extension,1,256,scale_free,42006,transition_mid,0.035,0.05,1.0,24,0.09375,16.0,89fc141eaa2c5b37f7,stage4_complete,high_degree,0.3438467979431152,1,"0,1,2,3,4,5,6,7,8,9,10,11,12,13,15,16,17,19,22,23,25,26,28,35",69.20833333333333,1273.5833333333333,119.20833333333331,0.0,0.1427831915979874,0.94140625,1.0,0.1020794329250805,1.2391304347826086,0.5245852470397949,,,
stage4c_atlas_extension,1,256,scale_free,42006,transition_mid,0.035,0.05,1.0,24,0.09375,16.0,89fc141eaa2c5b37f7,stage4_complete,module_bridge,0.3438467979431152,1,"0,1,2,3,4,5,6,7,8,9,10,11,12,13,15,16,17,19,22,23,25,26,28,35",69.20833333333333,1273.5833333333333,119.20833333333331,0.0,0.1427831915979874,0.94140625,1.0,0.1020794329250805,1.2391304347826086,0.5245852470397949,,,
stage4c_atlas_extension,1,256,scale_free,42006,transition_mid,0.035,0.05,1.0,24,0.09375,16.0,89fc141eaa2c5b37f7,stage4_complete,random,0.030586908804252706,32,,25.045572916666664,239.41406249999997,20.861979166666668,0.0,0.051916663850909275,0.6719970703125,0.9986572265625,0.032514683669099806,2.001358695652174,0.5245852470397949,,,
stage4c_atlas_extension,1,256,scale_free,42006,transition_mid,0.035,0.05,1.0,24,0.09375,16.0,89fc141eaa2c5b37f7,stage4_complete,spectral,0.2935796082019806,1,"0,1,2,3,4,5,6,7,8,9,10,11,12,13,14,15,16,17,18,19,22,25,26,28",69.125,1271.5833333333333,119.95833333333331,0.0,0.1441500648839166,0.9375,1.0,0.1053705049525092,1.2065217391304348,0.5245852470397949,,,
stage4c_atlas_extension,1,256,scale_free,42006,transition_mid,0.035,0.05,1.0,32,0.125,16.0,2fd2706d24963f69cf,stage4_complete,cycle_proxy,0.4083147644996643,1,"0,1,2,3,4,5,6,7,8,9,10,11,12,13,14,15,16,17,18,19,20,21,22,23,25,26,28,29,30,34,35,44",63.84375,1107.21875,103.5625,0.0,0.1321022510630182,0.96484375,1.0,0.0950916721492018,1.3528225806451613,0.5873092412948608,,,
stage4c_atlas_extension,1,256,scale_free,42006,transition_mid,0.035,0.05,1.0,32,0.125,16.0,2fd2706d24963f69cf,stage4_complete,feedback_hub,0.3117892146110534,1,"0,1,2,3,4,5,6,7,8,9,10,11,12,13,14,15,16,17,18,19,20,21,22,23,25,26,28,29,31,33,35,43",64.21875,1115.5,102.78125,0.0,0.1322372923823117,0.97265625,1.0,0.0954250492152629,1.3548387096774193,0.5873092412948608,,,
stage4c_atlas_extension,1,256,scale_free,42006,transition_mid,0.035,0.05,1.0,32,0.125,16.0,2fd2706d24963f69cf,stage4_complete,dynamics_aware,0.4758028984069824,1,"0,1,4,5,7,10,11,13,14,17,18,19,21,22,23,25,26,28,29,31,33,34,35,43,77,97,128,175,197,232,237,248",50.21875,797.28125,70.4375,0.0,0.1030634951900937,0.921875,1.0,0.0626411138239062,1.596774193548387,0.5873092412948608,,,
stage4c_atlas_extension,1,256,scale_free,42006,transition_mid,0.035,0.05,1.0,32,0.125,16.0,2fd2706d24963f69cf,stage4_complete,high_degree,0.3117892146110534,1,"0,1,2,3,4,5,6,7,8,9,10,11,12,13,14,15,16,17,18,19,20,21,22,23,25,26,28,29,31,33,35,43",64.21875,1115.5,102.78125,0.0,0.1322372923823117,0.97265625,1.0,0.0954250492152629,1.3548387096774193,0.5873092412948608,,,
stage4c_atlas_extension,1,256,scale_free,42006,transition_mid,0.035,0.05,1.0,32,0.125,16.0,2fd2706d24963f69cf,stage4_complete,module_bridge,0.3117892146110534,1,"0,1,2,3,4,5,6,7,8,9,10,11,12,13,14,15,16,17,18,19,20,21,22,23,25,26,28,29,31,33,35,43",64.21875,1115.5,102.78125,0.0,0.1322372923823117,0.97265625,1.0,0.0954250492152629,1.3548387096774193,0.5873092412948608,,,
stage4c_atlas_extension,1,256,scale_free,42006,transition_mid,0.035,0.05,1.0,32,0.125,16.0,2fd2706d24963f69cf,stage4_complete,random,0.058414307772181887,32,,25.7041015625,260.013671875,22.5654296875,0.0,0.052539148437289636,0.76904296875,0.99951171875,0.03177429901879661,1.9901083669354838,0.5873092412948608,,,
stage4c_atlas_extension,1,256,scale_free,42006,transition_mid,0.035,0.05,1.0,32,0.125,16.0,2fd2706d24963f69cf,stage4_complete,spectral,0.3159630298614502,1,"0,1,2,3,4,5,6,7,8,9,10,11,12,13,14,15,16,17,18,19,20,21,22,23,25,26,28,29,30,31,33,35",64.15625,1114.03125,103.15625,0.0,0.1324877457447188,0.96875,1.0,0.096030782172965,1.3487903225806452,0.5873092412948608,,,
stage4c_atlas_extension,1,256,scale_free,42006,transition_mid,0.035,0.05,1.0,48,0.1875,16.0,df0fc3d25dc0a10dc1,stage4_complete,cycle_proxy,0.5961892604827881,1,"0,1,2,3,4,5,6,7,8,9,10,11,12,13,14,15,16,17,18,19,20,21,22,23,24,25,26,28,29,30,31,32,33,34,35,36,37,38,39,40,41,42,43,44,45,53,54,71",55.125,870.1875,80.22916666666667,0.0,0.1134213847269557,0.98046875,1.0,0.0747805930914138,1.5310283687943262,0.7741934657096863,,,
stage4c_atlas_extension,1,256,scale_free,42006,transition_mid,0.035,0.05,1.0,48,0.1875,16.0,df0fc3d25dc0a10dc1,stage4_complete,feedback_hub,0.6752066612243652,1,"0,1,2,3,4,5,6,7,8,9,10,11,12,13,14,15,16,17,18,19,20,21,22,23,25,26,28,29,30,31,32,33,34,35,36,37,38,39,42,43,44,49,52,53,54,69,70,71",55.6875,879.625,79.5625,0.0,0.1132926468824057,0.9765625,1.0,0.0763394472917337,1.5372340425531914,0.7741934657096863,,,
stage4c_atlas_extension,1,256,scale_free,42006,transition_mid,0.035,0.05,1.0,48,0.1875,16.0,df0fc3d25dc0a10dc1,stage4_complete,dynamics_aware,0.4559796452522278,1,"0,1,3,4,5,6,7,8,9,10,11,12,13,14,15,16,17,18,19,20,21,23,24,25,26,28,29,30,32,33,34,35,36,37,38,39,41,42,43,44,45,49,53,65,71,94,109,223",52.833333333333336,819.6041666666666,74.95833333333333,0.0,0.1083524055116579,0.98046875,1.0,0.0682771356576218,1.574468085106383,0.7741934657096863,,,
stage4c_atlas_extension,1,256,scale_free,42006,transition_mid,0.035,0.05,1.0,48,0.1875,16.0,df0fc3d25dc0a10dc1,stage4_complete,high_degree,0.6752066612243652,1,"0,1,2,3,4,5,6,7,8,9,10,11,12,13,14,15,16,17,18,19,20,21,22,23,25,26,28,29,30,31,32,33,34,35,36,37,38,39,42,43,44,49,52,53,54,69,70,71",55.6875,879.625,79.5625,0.0,0.1132926468824057,0.9765625,1.0,0.0763394472917337,1.5372340425531914,0.7741934657096863,,,
stage4c_atlas_extension,1,256,scale_free,42006,transition_mid,0.035,0.05,1.0,48,0.1875,16.0,df0fc3d25dc0a10dc1,stage4_complete,module_bridge,0.6752066612243652,1,"0,1,2,3,4,5,6,7,8,9,10,11,12,13,14,15,16,17,18,19,20,21,22,23,25,26,28,29,30,31,32,33,34,35,36,37,38,39,42,43,44,49,52,53,54,69,70,71",55.6875,879.625,79.5625,0.0,0.1132926468824057,0.9765625,1.0,0.0763394472917337,1.5372340425531914,0.7741934657096863,,,
stage4c_atlas_extension,1,256,scale_free,42006,transition_mid,0.035,0.05,1.0,48,0.1875,16.0,df0fc3d25dc0a10dc1,stage4_complete,random,0.16017061239108438,32,,24.591796875,235.216796875,20.473307291666664,0.0,0.050693070952457314,0.8739013671875,0.9998779296875,0.03138061793196335,2.0029643173758864,0.7741934657096863,,,
stage4c_atlas_extension,1,256,scale_free,42006,transition_mid,0.035,0.05,1.0,48,0.1875,16.0,df0fc3d25dc0a10dc1,stage4_complete,spectral,0.5605000853538513,1,"0,1,2,3,4,5,6,7,8,9,10,11,12,13,14,15,16,17,18,19,20,21,22,23,24,25,26,28,29,30,31,32,33,34,35,36,37,38,39,41,42,43,44,45,49,53,70,71",55.4375,875.25,79.91666666666667,0.0,0.1137622241318871,0.98046875,1.0,0.075160420435787,1.5319148936170213,0.7741934657096863,,,
stage4c_atlas_extension,1,256,scale_free,42006,transition_mid,0.035,0.05,1.0,64,0.25,16.0,5899b48adb7b89040f,stage4_complete,cycle_proxy,0.5105094909667969,1,"0,1,2,3,4,5,6,7,8,9,10,11,12,13,14,15,16,17,18,19,20,21,22,23,24,25,26,27,28,29,30,31,32,33,34,35,36,37,38,39,40,41,42,43,44,45,46,47,49,51,52,53,54,57,58,59,62,66,69,70,71,80,86,92",48.46875,711.265625,65.359375,0.0,0.0999277039056588,0.98828125,1.0,0.0661500956244034,1.6364087301587302,0.8292792439460754,,,
stage4c_atlas_extension,1,256,scale_free,42006,transition_mid,0.035,0.05,1.0,64,0.25,16.0,5899b48adb7b89040f,stage4_complete,feedback_hub,0.4017949104309082,1,"0,1,2,3,4,5,6,7,8,9,10,11,12,13,14,15,16,17,18,19,20,21,22,23,24,25,26,28,29,30,31,32,33,34,35,36,37,38,39,41,42,43,44,45,47,49,50,51,52,53,54,55,56,57,60,66,69,70,71,84,85,92,95,107",49.21875,721.296875,64.375,0.0,0.0998148666519982,0.984375,1.0,0.0630367240190948,1.6433531746031746,0.8292792439460754,,,
stage4c_atlas_extension,1,256,scale_free,42006,transition_mid,0.035,0.05,1.0,64,0.25,16.0,5899b48adb7b89040f,stage4_complete,dynamics_aware,0.4776700437068939,1,"0,1,2,3,4,5,6,7,8,9,10,11,12,13,14,15,16,17,18,20,21,22,23,25,26,28,29,30,31,32,33,34,35,36,37,39,41,42,43,44,45,47,49,51,52,53,54,55,56,57,60,66,69,70,71,84,85,92,95,107,123,132,153,209",47.9375,700.640625,62.203125,0.0,0.0968111500226604,0.984375,1.0,0.0601506017767748,1.6666666666666667,0.8292792439460754,,,
stage4c_atlas_extension,1,256,scale_free,42006,transition_mid,0.035,0.05,1.0,64,0.25,16.0,5899b48adb7b89040f,stage4_complete,high_degree,0.4017949104309082,1,"0,1,2,3,4,5,6,7,8,9,10,11,12,13,14,15,16,17,18,19,20,21,22,23,24,25,26,28,29,30,31,32,33,34,35,36,37,38,39,41,42,43,44,45,47,49,50,51,52,53,54,55,56,57,60,66,69,70,71,84,85,92,95,107",49.21875,721.296875,64.375,0.0,0.0998148666519982,0.984375,1.0,0.0630367240190948,1.6433531746031746,0.8292792439460754,,,
stage4c_atlas_extension,1,256,scale_free,42006,transition_mid,0.035,0.05,1.0,64,0.25,16.0,5899b48adb7b89040f,stage4_complete,module_bridge,0.4017949104309082,1,"0,1,2,3,4,5,6,7,8,9,10,11,12,13,14,15,16,17,18,19,20,21,22,23,24,25,26,28,29,30,31,32,33,34,35,36,37,38,39,41,42,43,44,45,47,49,50,51,52,53,54,55,56,57,60,66,69,70,71,84,85,92,95,107",49.21875,721.296875,64.375,0.0,0.0998148666519982,0.984375,1.0,0.0630367240190948,1.6433531746031746,0.8292792439460754,,,
stage4c_atlas_extension,1,256,scale_free,42006,transition_mid,0.035,0.05,1.0,64,0.25,16.0,5899b48adb7b89040f,stage4_complete,random,0.25172253185883164,32,,25.5205078125,251.85888671875,22.046875,0.0,0.05248370973417732,0.9346923828125,1.0,0.032678074855116215,1.9941251240079367,0.8292792439460754,,,
stage4c_atlas_extension,1,256,scale_free,42006,transition_mid,0.035,0.05,1.0,64,0.25,16.0,5899b48adb7b89040f,stage4_complete,spectral,0.3673185110092163,1,"0,1,2,3,4,5,6,7,8,9,10,11,12,13,14,15,16,17,18,19,20,21,22,23,24,25,26,27,28,29,30,31,32,33,34,35,36,37,38,39,40,41,42,43,44,45,46,47,49,51,52,53,54,55,56,57,58,60,69,70,71,74,84,92",48.890625,716.59375,64.859375,0.0,0.1004980592223374,0.984375,1.0,0.0652408822901931,1.6349206349206349,0.8292792439460754,,,
stage4e_topology,2,256,modular,43001,sparse_drive,0.05,0.05,1.0,8,0.03125,12.0,3b22446a8ceb73dbe6,stage4_complete,cycle_proxy,0.1195127293467521,1,"31,60,170,181,212,219,232,252",34.5,326.125,43.0,3.25,0.0857535821882835,0.46875,1.0,0.028982134449558,2.107142857142857,0.4322554469108581,,,
stage4e_topology,2,256,modular,43001,sparse_drive,0.05,0.05,1.0,8,0.03125,12.0,3b22446a8ceb73dbe6,stage4_complete,feedback_hub,0.0194515250623226,1,"31,37,181,226,229,232,249,252",35.375,342.125,38.125,4.5,0.08675171043965,0.421875,0.953125,0.0502349434010434,1.7857142857142858,0.4322554469108581,,,
stage4e_topology,2,256,modular,43001,sparse_drive,0.05,0.05,1.0,8,0.03125,12.0,3b22446a8ceb73dbe6,stage4_complete,dynamics_aware,0.2949990928173065,1,"20,35,61,72,151,163,204,214",25.0,178.125,18.75,3.875,0.0593083736574774,0.390625,0.9921875,0.026594984467422,2.25,0.4322554469108581,,,
stage4e_topology,2,256,modular,43001,sparse_drive,0.05,0.05,1.0,8,0.03125,12.0,3b22446a8ceb73dbe6,stage4_complete,high_degree,0.1310735344886779,1,"31,37,181,203,229,232,249,252",35.375,341.375,37.875,4.125,0.0856530778186945,0.46875,1.0,0.0330141647270628,2.0357142857142856,0.4322554469108581,,,
stage4e_topology,2,256,modular,43001,sparse_drive,0.05,0.05,1.0,8,0.03125,12.0,3b22446a8ceb73dbe6,stage4_complete,module_bridge,0.1121771484613418,1,"42,67,142,161,168,175,186,227",29.5,246.625,18.125,8.625,0.0720439386705715,0.37890625,1.0,0.0344786396955301,1.8928571428571428,0.4322554469108581,,,
stage4e_topology,2,256,modular,43001,sparse_drive,0.05,0.05,1.0,8,0.03125,12.0,3b22446a8ceb73dbe6,stage4_complete,random,0.10991214751265937,32,,25.41015625,188.03515625,20.375,3.6015625,0.061959598630754564,0.355712890625,0.9654541015625,0.026536265209730195,2.2578125,0.4322554469108581,,,
stage4e_topology,2,256,modular,43001,sparse_drive,0.05,0.05,1.0,8,0.03125,12.0,3b22446a8ceb73dbe6,stage4_complete,spectral,0.1142521500587463,1,"31,37,170,181,219,227,229,252",35.125,337.375,37.75,4.625,0.0881753215304652,0.421875,0.953125,0.0444064652850459,1.9285714285714288,0.4322554469108581,,,
stage4e_topology,2,256,modular,43001,sparse_drive,0.05,0.05,1.0,32,0.125,12.0,070af545d0b2526e81,stage4_complete,cycle_proxy,0.0523314476013183,1,"4,31,37,60,61,63,71,83,91,115,129,131,143,162,170,171,176,181,182,184,188,198,199,203,209,212,219,226,232,233,249,252",30.71875,264.34375,34.90625,3.28125,0.0748662889407197,0.890625,1.0,0.0325520367783346,2.1713709677419355,0.3489589095115661,,,
stage4e_topology,2,256,modular,43001,sparse_drive,0.05,0.05,1.0,32,0.125,12.0,070af545d0b2526e81,stage4_complete,feedback_hub,0.1374706029891967,1,"4,11,31,37,51,60,73,76,80,101,128,139,160,161,162,168,170,179,181,182,189,199,203,212,219,226,227,229,232,239,249,252",32.25,290.125,30.8125,4.34375,0.0786741665484856,0.87890625,1.0,0.0330656894809617,2.122983870967742,0.3489589095115661,,,
stage4e_topology,2,256,modular,43001,sparse_drive,0.05,0.05,1.0,32,0.125,12.0,070af545d0b2526e81,stage4_complete,dynamics_aware,0.2677291929721832,1,"8,16,35,47,65,71,75,77,86,88,94,103,104,117,123,129,137,158,163,164,171,174,178,180,207,218,219,224,232,241,247,253",25.5625,188.75,20.90625,3.15625,0.0619975751725099,0.8515625,1.0,0.0228755228151161,2.290322580645161,0.3489589095115661,,,
stage4e_topology,2,256,modular,43001,sparse_drive,0.05,0.05,1.0,32,0.125,12.0,070af545d0b2526e81,stage4_complete,high_degree,0.0852358043193817,1,"4,11,31,37,42,51,60,73,76,80,101,128,139,148,160,162,168,170,179,181,188,199,203,212,219,226,227,229,232,239,249,252",32.25,289.8125,30.84375,4.3125,0.0785182250543489,0.8828125,1.0,0.03250229434247,2.1330645161290325,0.3489589095115661,,,
stage4e_topology,2,256,modular,43001,sparse_drive,0.05,0.05,1.0,32,0.125,12.0,070af545d0b2526e81,stage4_complete,module_bridge,0.1223066300153732,1,"11,22,25,28,31,38,39,42,49,51,59,67,76,98,116,130,140,142,161,168,175,180,186,191,198,224,226,227,230,239,251,252",29.15625,241.78125,20.5,7.15625,0.0723022438562016,0.8359375,1.0,0.0300930902257024,1.9798387096774197,0.3489589095115661,,,
stage4e_topology,2,256,modular,43001,sparse_drive,0.05,0.05,1.0,32,0.125,12.0,070af545d0b2526e81,stage4_complete,random,0.09989594522630792,32,,25.212890625,184.8916015625,19.5595703125,3.5546875,0.06148784359535281,0.827880859375,1.0,0.026296660510922748,2.239919354838709,0.3489589095115661,,,
stage4e_topology,2,256,modular,43001,sparse_drive,0.05,0.05,1.0,32,0.125,12.0,070af545d0b2526e81,stage4_complete,spectral,0.0837573409080505,1,"11,31,37,51,59,76,101,148,160,162,168,170,179,181,184,189,195,203,212,219,220,224,226,227,229,230,232,239,246,249,252,255",31.875,282.5,29.4375,4.59375,0.0799417048034411,0.81640625,1.0,0.0380208021827641,1.997983870967742,0.3489589095115661,,,
stage4e_topology,2,256,modular,43001,sparse_drive,0.05,0.05,1.0,64,0.25,12.0,a63a518e95f8bdc47e,stage4_complete,cycle_proxy,0.3448162078857422,1,"4,10,11,27,29,31,32,35,36,37,58,60,61,63,71,73,83,91,94,99,101,110,111,115,120,128,129,130,131,135,139,143,148,162,166,170,171,176,179,181,182,184,188,189,191,195,198,199,203,209,212,219,226,227,229,232,233,235,239,246,247,249,252,255",29.71875,249.296875,30.421875,3.46875,0.0722378557638724,0.98828125,1.0,0.0304411890147052,2.1780753968253967,0.6259323954582214,,,
stage4e_topology,2,256,modular,43001,sparse_drive,0.05,0.05,1.0,64,0.25,12.0,a63a518e95f8bdc47e,stage4_complete,feedback_hub,0.3068119883537292,1,"1,4,10,11,31,37,42,51,59,60,61,71,73,76,77,80,83,94,101,111,113,115,119,122,128,130,131,139,148,160,161,162,168,170,175,176,179,180,181,182,184,188,189,191,195,198,199,203,209,212,219,220,224,226,227,229,232,239,243,246,247,249,252,255",30.625,262.890625,28.21875,4.421875,0.0745234932124852,0.98046875,1.0,0.0303516876597237,2.1195436507936507,0.6259323954582214,,,
stage4e_topology,2,256,modular,43001,sparse_drive,0.05,0.05,1.0,64,0.25,12.0,a63a518e95f8bdc47e,stage4_complete,dynamics_aware,0.3483364582061767,1,"1,9,10,11,21,22,25,27,28,31,39,40,42,45,48,49,51,52,56,59,61,62,65,66,67,69,71,76,83,91,98,104,116,122,126,128,130,132,140,141,142,148,150,151,161,164,168,175,178,180,186,189,191,198,204,226,227,230,237,239,240,244,251,252",27.859375,220.984375,20.515625,5.75,0.068044680372501,0.984375,1.0,0.0279266448810102,2.086805555555556,0.6259323954582214,,,
stage4e_topology,2,256,modular,43001,sparse_drive,0.05,0.05,1.0,64,0.25,12.0,a63a518e95f8bdc47e,stage4_complete,high_degree,0.2047722041606903,1,"1,4,10,11,18,31,37,42,51,59,60,61,66,71,73,76,77,80,83,94,97,101,111,113,115,119,122,128,129,130,131,139,148,160,161,162,168,170,175,179,180,181,182,188,189,191,199,203,212,219,220,224,226,227,229,230,232,239,244,246,247,249,252,255",30.640625,261.546875,27.375,4.515625,0.0743826056489784,0.984375,1.0,0.0310753407502524,2.1135912698412698,0.6259323954582214,,,
stage4e_topology,2,256,modular,43001,sparse_drive,0.05,0.05,1.0,64,0.25,12.0,a63a518e95f8bdc47e,stage4_complete,module_bridge,0.3606304228305816,1,"1,7,8,9,10,11,21,22,25,28,31,38,39,40,42,49,51,56,59,61,62,65,66,67,69,71,73,76,83,91,98,104,116,122,126,128,130,132,140,141,142,148,151,161,168,175,180,186,189,191,198,204,216,224,226,227,228,230,237,239,240,244,251,252",28.171875,225.046875,20.421875,6.15625,0.0689949501187857,0.98828125,1.0,0.0279696897915834,2.056547619047619,0.6259323954582214,,,
stage4e_topology,2,256,modular,43001,sparse_drive,0.05,0.05,1.0,64,0.25,12.0,a63a518e95f8bdc47e,stage4_complete,random,0.2186951080802828,32,,25.259765625,185.068359375,19.4912109375,3.6298828125,0.06151905126715656,0.97216796875,1.0,0.026215504720011433,2.246977306547619,0.6259323954582214,,,
stage4e_topology,2,256,modular,43001,sparse_drive,0.05,0.05,1.0,64,0.25,12.0,a63a518e95f8bdc47e,stage4_complete,spectral,0.2533372640609741,1,"1,4,11,18,22,31,37,42,47,49,51,58,59,60,61,63,66,67,71,73,76,80,83,86,91,94,101,113,115,128,131,139,148,160,161,162,168,170,175,176,179,181,182,184,189,191,195,203,212,219,220,224,226,227,229,230,232,239,246,247,249,251,252,255",30.4375,259.109375,27.390625,4.53125,0.0755534529934096,0.95703125,1.0,0.0350757170045118,2.079861111111111,0.6259323954582214,,,
stage4e_topology,2,256,modular,43001,transition_dense,0.035,0.1,1.0,8,0.03125,12.0,50fcd1b5d29c84b3b5,stage4_complete,cycle_proxy,0.0947068780660629,1,"31,60,135,174,181,182,233,249",63.125,1059.0,289.875,5.5,0.0772877928630886,0.73046875,1.0,0.0547238810852437,1.8571428571428568,0.3881889283657074,,,
stage4e_topology,2,256,modular,43001,transition_dense,0.035,0.1,1.0,8,0.03125,12.0,50fcd1b5d29c84b3b5,stage4_complete,feedback_hub,0.0483584031462669,1,"1,31,37,60,76,135,175,249",65.625,1135.75,274.5,9.125,0.0787118565142571,0.703125,1.0,0.0795814746036872,1.7857142857142858,0.3881889283657074,,,
stage4e_topology,2,256,modular,43001,transition_dense,0.035,0.1,1.0,8,0.03125,12.0,50fcd1b5d29c84b3b5,stage4_complete,dynamics_aware,0.2040642499923706,1,"60,68,73,98,108,134,177,248",52.25,730.125,179.25,7.25,0.0650879859016941,0.578125,1.0,0.0598487875109066,1.8928571428571428,0.3881889283657074,,,
stage4e_topology,2,256,modular,43001,transition_dense,0.035,0.1,1.0,8,0.03125,12.0,50fcd1b5d29c84b3b5,stage4_complete,high_degree,0.0431367456912994,1,"1,31,37,60,76,135,181,249",65.625,1133.25,282.0,8.0,0.0785502946576134,0.703125,1.0,0.0681634409072527,1.7142857142857142,0.3881889283657074,,,
stage4e_topology,2,256,modular,43001,transition_dense,0.035,0.1,1.0,8,0.03125,12.0,50fcd1b5d29c84b3b5,stage4_complete,module_bridge,0.0343228355050087,1,"39,76,142,161,175,186,239,241",57.0,869.125,168.625,14.125,0.0680794129834218,0.6171875,1.0,0.0630459011082828,1.8928571428571428,0.3881889283657074,,,
stage4e_topology,2,256,modular,43001,transition_dense,0.035,0.1,1.0,8,0.03125,12.0,50fcd1b5d29c84b3b5,stage4_complete,random,0.07537594967288891,32,,51.6015625,718.24609375,172.45703125,7.28125,0.062223792102106726,0.5782470703125,0.9996337890625,0.05919873702640716,1.8526785714285714,0.3881889283657074,,,
stage4e_topology,2,256,modular,43001,transition_dense,0.035,0.1,1.0,8,0.03125,12.0,50fcd1b5d29c84b3b5,stage4_complete,spectral,0.0395760685205459,1,"31,38,58,67,76,86,168,189",62.875,1048.125,245.375,9.875,0.086075576357115,0.40625,1.0,0.199700308309982,1.25,0.3881889283657074,,,
stage4e_topology,2,256,modular,43001,transition_dense,0.035,0.1,1.0,32,0.125,12.0,33e5f5ac8f5d9991f1,stage4_complete,cycle_proxy,0.0244412701576948,1,"1,8,18,27,29,31,35,37,38,54,58,60,76,86,103,134,135,168,170,174,175,181,182,189,212,226,233,236,249,250,251,252",60.40625,971.25,247.4375,7.03125,0.075557283417823,0.98046875,1.0,0.0774901867297096,1.7762096774193548,0.2527133524417877,,,
stage4e_topology,2,256,modular,43001,transition_dense,0.035,0.1,1.0,32,0.125,12.0,33e5f5ac8f5d9991f1,stage4_complete,feedback_hub,0.043413933366537,1,"1,8,18,31,35,37,38,58,59,60,67,76,86,94,101,135,146,161,162,168,170,174,175,181,182,189,226,236,249,250,251,252",61.46875,1001.1875,241.46875,8.53125,0.0766553090838679,0.98046875,1.0,0.0760748600520833,1.7620967741935485,0.2527133524417877,,,
stage4e_topology,2,256,modular,43001,transition_dense,0.035,0.1,1.0,32,0.125,12.0,33e5f5ac8f5d9991f1,stage4_complete,dynamics_aware,0.2111033201217651,1,"1,2,6,7,10,19,26,30,31,45,54,55,68,92,93,103,106,118,123,152,153,161,167,183,187,197,205,210,220,226,235,254",51.03125,704.28125,170.03125,7.0625,0.0625736685408686,0.96875,1.0,0.0536027441510797,1.9012096774193548,0.2527133524417877,,,
stage4e_topology,2,256,modular,43001,transition_dense,0.035,0.1,1.0,32,0.125,12.0,33e5f5ac8f5d9991f1,stage4_complete,high_degree,0.0348315611481666,1,"1,8,18,31,35,37,38,58,59,60,67,76,86,101,135,146,161,162,168,170,174,175,181,182,189,226,236,243,249,250,251,252",61.46875,1000.96875,242.09375,8.4375,0.076539975647607,0.984375,1.0,0.0737543562797644,1.7741935483870968,0.2527133524417877,,,
stage4e_topology,2,256,modular,43001,transition_dense,0.035,0.1,1.0,32,0.125,12.0,33e5f5ac8f5d9991f1,stage4_complete,module_bridge,0.082400158047676,1,"1,25,28,30,38,39,42,49,59,62,67,76,86,90,98,108,112,116,130,133,140,142,161,168,175,186,214,216,224,232,239,241",54.5625,799.1875,164.90625,12.09375,0.0670196694057291,0.94921875,1.0,0.0578080266775586,1.7943548387096775,0.2527133524417877,,,
stage4e_topology,2,256,modular,43001,transition_dense,0.035,0.1,1.0,32,0.125,12.0,33e5f5ac8f5d9991f1,stage4_complete,random,0.06984840310178694,32,,51.0517578125,703.02734375,167.25,7.3955078125,0.06185144887240622,0.9713134765625,1.0,0.05684171190533699,1.8585559475806452,0.2527133524417877,,,
stage4e_topology,2,256,modular,43001,transition_dense,0.035,0.1,1.0,32,0.125,12.0,33e5f5ac8f5d9991f1,stage4_complete,spectral,0.0751071274280548,1,"1,8,27,31,37,38,54,58,59,66,67,68,76,86,98,101,134,135,148,153,157,159,162,168,170,174,175,184,189,233,249,251",59.28125,934.78125,229.21875,8.28125,0.0790721300216448,0.83203125,1.0,0.1433644697257008,1.5423387096774193,0.2527133524417877,,,
stage4e_topology,2,256,modular,43001,transition_dense,0.035,0.1,1.0,64,0.25,12.0,b6f675de5dea168b6f,stage4_complete,cycle_proxy,0.5170316696166992,1,"1,2,3,4,8,11,18,23,27,29,31,35,36,37,38,41,54,58,59,60,67,68,76,86,101,103,119,122,124,126,130,134,135,143,146,150,153,162,168,170,174,175,176,181,182,184,188,189,206,209,212,219,222,226,229,233,236,240,243,247,249,250,251,252",57.875,893.375,223.921875,7.125,0.0715789320979465,1.0,1.0,0.0665257238146875,1.8115079365079363,0.7477682828903198,,,
stage4e_topology,2,256,modular,43001,transition_dense,0.035,0.1,1.0,64,0.25,12.0,b6f675de5dea168b6f,stage4_complete,feedback_hub,0.3894374966621399,1,"1,3,8,11,14,18,27,29,30,31,35,36,37,38,41,58,59,60,66,67,73,76,86,94,101,103,115,122,126,130,134,135,143,146,148,153,159,161,162,168,170,174,175,180,181,182,189,191,206,216,219,222,226,229,233,236,240,241,243,247,249,250,251,252",58.59375,913.34375,219.46875,8.34375,0.0720109846722682,1.0,1.0,0.0680485774221416,1.7986111111111112,0.7477682828903198,,,
stage4e_topology,2,256,modular,43001,transition_dense,0.035,0.1,1.0,64,0.25,12.0,b6f675de5dea168b6f,stage4_complete,dynamics_aware,0.5947990417480469,1,"4,8,9,13,17,18,23,35,36,40,41,47,49,53,58,62,74,80,89,94,100,102,112,123,127,131,133,137,138,140,141,147,148,157,161,165,167,170,175,179,182,184,186,188,196,200,206,210,215,217,219,220,221,223,224,225,226,227,229,232,236,246,250,251",52.1875,731.375,172.734375,7.765625,0.0633674934367881,1.0,1.0,0.0575325980079474,1.8571428571428568,0.7477682828903198,,,
stage4e_topology,2,256,modular,43001,transition_dense,0.035,0.1,1.0,64,0.25,12.0,b6f675de5dea168b6f,stage4_complete,high_degree,0.4657699763774872,1,"1,3,8,11,14,18,27,29,30,31,35,36,37,38,41,58,59,60,66,67,73,76,86,94,101,103,113,115,122,130,134,135,143,146,153,159,161,162,168,170,174,175,180,181,182,184,189,191,206,216,219,222,226,229,233,236,240,241,243,247,249,250,251,252",58.609375,913.078125,219.59375,8.3125,0.0720099138211104,1.0,1.0,0.0684157760406451,1.800595238095238,0.7477682828903198,,,
stage4e_topology,2,256,modular,43001,transition_dense,0.035,0.1,1.0,64,0.25,12.0,b6f675de5dea168b6f,stage4_complete,module_bridge,0.3097992539405823,1,"1,6,14,21,22,25,28,30,31,38,39,40,42,49,56,59,62,66,67,69,76,86,90,94,98,108,112,113,115,116,121,123,130,133,140,142,146,148,154,157,159,160,161,162,168,173,175,180,186,189,190,195,198,204,214,216,224,227,228,232,239,241,244,251",54.140625,784.875,166.640625,10.984375,0.0664503541473383,0.99609375,1.0,0.0612334573045478,1.805555555555556,0.7477682828903198,,,
stage4e_topology,2,256,modular,43001,transition_dense,0.035,0.1,1.0,64,0.25,12.0,b6f675de5dea168b6f,stage4_complete,random,0.34865544363856316,32,,51.037109375,702.7060546875,167.474609375,7.33984375,0.06186910264051719,0.99951171875,1.0,0.056095416773141865,1.8694971478174605,0.7477682828903198,,,
stage4e_topology,2,256,modular,43001,transition_dense,0.035,0.1,1.0,64,0.25,12.0,b6f675de5dea168b6f,stage4_complete,spectral,0.2144013345241546,1,"1,2,8,14,18,27,31,37,38,49,51,54,58,59,60,62,63,66,67,68,72,76,81,84,86,91,96,98,101,107,134,135,137,146,148,150,153,155,157,159,160,161,162,167,168,170,174,175,176,181,184,189,200,220,225,226,227,228,233,249,250,251,252,255",56.53125,854.65625,208.953125,8.046875,0.074785833568872,0.98046875,1.0,0.1235864177316553,1.6185515873015872,0.7477682828903198,,,
stage4e_topology,2,256,modular,43001,transition_mid,0.035,0.05,1.0,8,0.03125,12.0,afe5f5f3b881c66928,stage4_complete,cycle_proxy,0.146703615784645,1,"31,60,170,181,212,219,232,252",34.5,326.125,43.0,3.25,0.0857535821882835,0.46875,1.0,0.028982134449558,2.107142857142857,0.402763694524765,,,
stage4e_topology,2,256,modular,43001,transition_mid,0.035,0.05,1.0,8,0.03125,12.0,afe5f5f3b881c66928,stage4_complete,feedback_hub,0.020757008343935,1,"31,37,181,226,229,232,249,252",35.375,342.125,38.125,4.5,0.08675171043965,0.421875,0.953125,0.0502349434010434,1.7857142857142858,0.402763694524765,,,
stage4e_topology,2,256,modular,43001,transition_mid,0.035,0.05,1.0,8,0.03125,12.0,afe5f5f3b881c66928,stage4_complete,dynamics_aware,0.1331967860460281,1,"11,35,73,75,82,111,212,254",28.125,221.25,25.5,3.375,0.0656758913171015,0.4140625,0.95703125,0.0263873263586734,2.25,0.402763694524765,,,
stage4e_topology,2,256,modular,43001,transition_mid,0.035,0.05,1.0,8,0.03125,12.0,afe5f5f3b881c66928,stage4_complete,high_degree,0.1096148267388343,1,"31,37,181,203,229,232,249,252",35.375,341.375,37.875,4.125,0.0856530778186945,0.46875,1.0,0.0330141647270628,2.0357142857142856,0.402763694524765,,,
stage4e_topology,2,256,modular,43001,transition_mid,0.035,0.05,1.0,8,0.03125,12.0,afe5f5f3b881c66928,stage4_complete,module_bridge,0.1125062406063079,1,"42,67,142,161,168,175,186,227",29.5,246.625,18.125,8.625,0.0720439386705715,0.37890625,1.0,0.0344786396955301,1.8928571428571428,0.402763694524765,,,
stage4e_topology,2,256,modular,43001,transition_mid,0.035,0.05,1.0,8,0.03125,12.0,afe5f5f3b881c66928,stage4_complete,random,0.0979218115098774,32,,25.41015625,188.03515625,20.375,3.6015625,0.061959598630754564,0.355712890625,0.9654541015625,0.026536265209730195,2.2578125,0.402763694524765,,,
stage4e_topology,2,256,modular,43001,transition_mid,0.035,0.05,1.0,8,0.03125,12.0,afe5f5f3b881c66928,stage4_complete,spectral,0.1160218641161918,1,"31,37,170,181,219,227,229,252",35.125,337.375,37.75,4.625,0.0881753215304652,0.421875,0.953125,0.0444064652850459,1.9285714285714288,0.402763694524765,,,
stage4e_topology,2,256,modular,43001,transition_mid,0.035,0.05,1.0,32,0.125,12.0,0d8ecda7afb479941a,stage4_complete,cycle_proxy,0.0925848186016082,1,"4,31,37,60,61,63,71,83,91,115,129,131,143,162,170,171,176,181,182,184,188,198,199,203,209,212,219,226,232,233,249,252",30.71875,264.34375,34.90625,3.28125,0.0748662889407197,0.890625,1.0,0.0325520367783346,2.1713709677419355,0.25224769115448,,,
stage4e_topology,2,256,modular,43001,transition_mid,0.035,0.05,1.0,32,0.125,12.0,0d8ecda7afb479941a,stage4_complete,feedback_hub,0.1051914021372795,1,"4,11,31,37,51,60,73,76,80,101,128,139,160,161,162,168,170,179,181,182,189,199,203,212,219,226,227,229,232,239,249,252",32.25,290.125,30.8125,4.34375,0.0786741665484856,0.87890625,1.0,0.0330656894809617,2.122983870967742,0.25224769115448,,,
stage4e_topology,2,256,modular,43001,transition_mid,0.035,0.05,1.0,32,0.125,12.0,0d8ecda7afb479941a,stage4_complete,dynamics_aware,0.1586068272590637,1,"27,29,48,59,70,73,74,78,79,81,82,99,101,119,124,133,145,146,148,149,152,155,169,174,216,222,224,236,240,241,252,255",25.09375,184.0,19.6875,3.25,0.0616043414067761,0.85546875,1.0,0.0235755278063782,2.336693548387097,0.25224769115448,,,
stage4e_topology,2,256,modular,43001,transition_mid,0.035,0.05,1.0,32,0.125,12.0,0d8ecda7afb479941a,stage4_complete,high_degree,0.1632070243358612,1,"4,11,31,37,42,51,60,73,76,80,101,128,139,148,160,162,168,170,179,181,188,199,203,212,219,226,227,229,232,239,249,252",32.25,289.8125,30.84375,4.3125,0.0785182250543489,0.8828125,1.0,0.03250229434247,2.1330645161290325,0.25224769115448,,,
stage4e_topology,2,256,modular,43001,transition_mid,0.035,0.05,1.0,32,0.125,12.0,0d8ecda7afb479941a,stage4_complete,module_bridge,0.1298958361148834,1,"11,22,25,28,31,38,39,42,49,51,59,67,76,98,116,130,140,142,161,168,175,180,186,191,198,224,226,227,230,239,251,252",29.15625,241.78125,20.5,7.15625,0.0723022438562016,0.8359375,1.0,0.0300930902257024,1.9798387096774197,0.25224769115448,,,
stage4e_topology,2,256,modular,43001,transition_mid,0.035,0.05,1.0,32,0.125,12.0,0d8ecda7afb479941a,stage4_complete,random,0.08832285786047574,32,,25.212890625,184.8916015625,19.5595703125,3.5546875,0.06148784359535281,0.827880859375,1.0,0.026296660510922748,2.239919354838709,0.25224769115448,,,
stage4e_topology,2,256,modular,43001,transition_mid,0.035,0.05,1.0,32,0.125,12.0,0d8ecda7afb479941a,stage4_complete,spectral,0.0999820753931999,1,"11,31,37,51,59,76,101,148,160,162,168,170,179,181,184,189,195,203,212,219,220,224,226,227,229,230,232,239,246,249,252,255",31.875,282.5,29.4375,4.59375,0.0799417048034411,0.81640625,1.0,0.0380208021827641,1.997983870967742,0.25224769115448,,,
stage4e_topology,2,256,modular,43001,transition_mid,0.035,0.05,1.0,64,0.25,12.0,51c1e086c3ae044734,stage4_complete,cycle_proxy,0.2146419435739517,1,"4,10,11,27,29,31,32,35,36,37,58,60,61,63,71,73,83,91,94,99,101,110,111,115,120,128,129,130,131,135,139,143,148,162,166,170,171,176,179,181,182,184,188,189,191,195,198,199,203,209,212,219,226,227,229,232,233,235,239,246,247,249,252,255",29.71875,249.296875,30.421875,3.46875,0.0722378557638724,0.98828125,1.0,0.0304411890147052,2.1780753968253967,0.7348253726959229,,,
stage4e_topology,2,256,modular,43001,transition_mid,0.035,0.05,1.0,64,0.25,12.0,51c1e086c3ae044734,stage4_complete,feedback_hub,0.3587941527366638,1,"1,4,10,11,31,37,42,51,59,60,61,71,73,76,77,80,83,94,101,111,113,115,119,122,128,130,131,139,148,160,161,162,168,170,175,176,179,180,181,182,184,188,189,191,195,198,199,203,209,212,219,220,224,226,227,229,232,239,243,246,247,249,252,255",30.625,262.890625,28.21875,4.421875,0.0745234932124852,0.98046875,1.0,0.0303516876597237,2.1195436507936507,0.7348253726959229,,,
stage4e_topology,2,256,modular,43001,transition_mid,0.035,0.05,1.0,64,0.25,12.0,51c1e086c3ae044734,stage4_complete,dynamics_aware,0.383272647857666,1,"4,7,12,14,17,23,26,27,28,31,42,44,46,48,53,55,56,60,61,74,78,83,86,93,95,97,101,106,109,110,111,116,117,121,126,128,137,139,141,145,146,147,160,168,169,170,173,175,180,183,187,192,195,197,204,205,210,213,220,223,228,233,252,255",26.03125,195.9375,20.0,3.765625,0.0630759579375418,0.96875,1.0,0.0275577180603743,2.183531746031746,0.7348253726959229,,,
stage4e_topology,2,256,modular,43001,transition_mid,0.035,0.05,1.0,64,0.25,12.0,51c1e086c3ae044734,stage4_complete,high_degree,0.2637568414211273,1,"1,4,10,11,18,31,37,42,51,59,60,61,66,71,73,76,77,80,83,94,97,101,111,113,115,119,122,128,129,130,131,139,148,160,161,162,168,170,175,179,180,181,182,188,189,191,199,203,212,219,220,224,226,227,229,230,232,239,244,246,247,249,252,255",30.640625,261.546875,27.375,4.515625,0.0743826056489784,0.984375,1.0,0.0310753407502524,2.1135912698412698,0.7348253726959229,,,
stage4e_topology,2,256,modular,43001,transition_mid,0.035,0.05,1.0,64,0.25,12.0,51c1e086c3ae044734,stage4_complete,module_bridge,0.2700246572494507,1,"1,7,8,9,10,11,21,22,25,28,31,38,39,40,42,49,51,56,59,61,62,65,66,67,69,71,73,76,83,91,98,104,116,122,126,128,130,132,140,141,142,148,151,161,168,175,180,186,189,191,198,204,216,224,226,227,228,230,237,239,240,244,251,252",28.171875,225.046875,20.421875,6.15625,0.0689949501187857,0.98828125,1.0,0.0279696897915834,2.056547619047619,0.7348253726959229,,,
stage4e_topology,2,256,modular,43001,transition_mid,0.035,0.05,1.0,64,0.25,12.0,51c1e086c3ae044734,stage4_complete,random,0.25413386011496186,32,,25.259765625,185.068359375,19.4912109375,3.6298828125,0.06151905126715656,0.97216796875,1.0,0.026215504720011433,2.246977306547619,0.7348253726959229,,,
stage4e_topology,2,256,modular,43001,transition_mid,0.035,0.05,1.0,64,0.25,12.0,51c1e086c3ae044734,stage4_complete,spectral,0.4198771119117737,1,"1,4,11,18,22,31,37,42,47,49,51,58,59,60,61,63,66,67,71,73,76,80,83,86,91,94,101,113,115,128,131,139,148,160,161,162,168,170,175,176,179,181,182,184,189,191,195,203,212,219,220,224,226,227,229,230,232,239,246,247,249,251,252,255",30.4375,259.109375,27.390625,4.53125,0.0755534529934096,0.95703125,1.0,0.0350757170045118,2.079861111111111,0.7348253726959229,,,
stage4e_topology,2,256,modular,43002,sparse_drive,0.05,0.05,1.0,8,0.03125,12.0,861f6327979616d527,stage4_complete,cycle_proxy,0.0279158540070056,1,"20,66,77,93,107,154,155,159",36.375,367.875,43.25,4.875,0.0932379251264506,0.41796875,0.98046875,0.0525134127478665,2.071428571428572,0.4560892283916473,,,
stage4e_topology,2,256,modular,43002,sparse_drive,0.05,0.05,1.0,8,0.03125,12.0,861f6327979616d527,stage4_complete,feedback_hub,0.073809377849102,1,"50,66,77,93,155,156,195,226",37.875,394.375,41.5,6.25,0.0943150403482718,0.484375,0.99609375,0.0370057658592707,2.0357142857142856,0.4560892283916473,,,
stage4e_topology,2,256,modular,43002,sparse_drive,0.05,0.05,1.0,8,0.03125,12.0,861f6327979616d527,stage4_complete,dynamics_aware,0.2641667425632477,1,"9,26,35,39,40,88,172,190",23.125,154.625,19.25,2.875,0.0584461867727181,0.34765625,0.98046875,0.0280278566462777,2.2857142857142856,0.4560892283916473,,,
stage4e_topology,2,256,modular,43002,sparse_drive,0.05,0.05,1.0,8,0.03125,12.0,861f6327979616d527,stage4_complete,high_degree,0.038727544248104,1,"50,77,93,155,156,195,226,238",37.875,393.375,38.75,6.875,0.0929109683716729,0.45703125,0.9921875,0.0436554020155482,1.9642857142857144,0.4560892283916473,,,
stage4e_topology,2,256,modular,43002,sparse_drive,0.05,0.05,1.0,8,0.03125,12.0,861f6327979616d527,stage4_complete,module_bridge,0.1530476510524749,1,"93,95,156,171,173,195,220,230",34.125,320.625,27.375,8.875,0.086540795293126,0.41015625,0.98046875,0.0384232191713777,1.8571428571428568,0.4560892283916473,,,
stage4e_topology,2,256,modular,43002,sparse_drive,0.05,0.05,1.0,8,0.03125,12.0,861f6327979616d527,stage4_complete,random,0.11843387456610793,32,,25.1640625,187.296875,19.99609375,3.81640625,0.05901952886770434,0.3533935546875,0.96533203125,0.02572014577651449,2.202008928571429,0.4560892283916473,,,
stage4e_topology,2,256,modular,43002,sparse_drive,0.05,0.05,1.0,8,0.03125,12.0,861f6327979616d527,stage4_complete,spectral,0.0386153906583786,1,"50,77,93,140,154,155,156,195",37.375,385.625,39.625,6.875,0.0992191800423446,0.390625,0.96875,0.0683170097007016,1.75,0.4560892283916473,,,
stage4e_topology,2,256,modular,43002,sparse_drive,0.05,0.05,1.0,32,0.125,12.0,77ebb90184c7dcfcd5,stage4_complete,cycle_proxy,0.0716631263494491,1,"0,6,20,45,50,66,73,76,77,86,90,93,107,115,125,140,153,154,155,156,159,163,164,172,195,209,217,225,226,232,233,251",33.6875,316.46875,37.09375,4.9375,0.0843918346012826,0.89453125,1.0,0.0371630974974858,2.024193548387097,0.3676545917987823,,,
stage4e_topology,2,256,modular,43002,sparse_drive,0.05,0.05,1.0,32,0.125,12.0,77ebb90184c7dcfcd5,stage4_complete,feedback_hub,0.1079598143696785,1,"0,6,20,45,50,66,70,73,77,90,93,95,107,115,117,125,140,149,153,154,155,156,159,195,209,217,220,226,230,233,238,251",34.46875,330.375,35.65625,5.875,0.0848302912435094,0.921875,1.0,0.0354064736841423,1.9737903225806448,0.3676545917987823,,,
stage4e_topology,2,256,modular,43002,sparse_drive,0.05,0.05,1.0,32,0.125,12.0,77ebb90184c7dcfcd5,stage4_complete,dynamics_aware,0.2908027768135071,1,"3,7,9,10,52,58,68,79,81,98,104,111,112,118,137,160,161,166,168,170,182,195,202,205,207,226,227,230,237,240,244,255",25.90625,195.1875,19.71875,4.0625,0.0608134813918482,0.83984375,1.0,0.0260308027308523,2.2096774193548385,0.3676545917987823,,,
stage4e_topology,2,256,modular,43002,sparse_drive,0.05,0.05,1.0,32,0.125,12.0,77ebb90184c7dcfcd5,stage4_complete,high_degree,0.0856529846787452,1,"0,6,20,45,50,66,73,77,90,93,95,107,115,117,125,140,149,153,154,155,156,159,173,195,209,217,220,226,230,233,238,251",34.5,329.28125,35.34375,5.96875,0.084422216640219,0.9296875,1.0,0.0340695018097446,1.9818548387096773,0.3676545917987823,,,
stage4e_topology,2,256,modular,43002,sparse_drive,0.05,0.05,1.0,32,0.125,12.0,77ebb90184c7dcfcd5,stage4_complete,module_bridge,0.0871917307376861,1,"3,8,27,47,50,51,70,71,77,80,90,93,95,97,98,104,106,128,153,154,156,171,173,180,183,193,195,200,220,230,233,238",30.9375,269.78125,24.40625,7.59375,0.0746302686158028,0.87109375,1.0,0.0317540198133723,1.969758064516129,0.3676545917987823,,,
stage4e_topology,2,256,modular,43002,sparse_drive,0.05,0.05,1.0,32,0.125,12.0,77ebb90184c7dcfcd5,stage4_complete,random,0.09441309899557376,32,,25.267578125,187.5419921875,19.9638671875,3.8603515625,0.05999900178442566,0.828369140625,0.9998779296875,0.026051268208077998,2.235131048387097,0.3676545917987823,,,
stage4e_topology,2,256,modular,43002,sparse_drive,0.05,0.05,1.0,32,0.125,12.0,77ebb90184c7dcfcd5,stage4_complete,spectral,0.1400151848793029,1,"15,20,28,50,53,55,70,73,77,87,90,93,95,107,115,125,137,140,144,150,153,154,155,156,159,163,164,195,209,220,230,251",33.21875,307.78125,33.96875,5.5,0.0889376259552133,0.68359375,1.0,0.0558697879651041,1.816532258064516,0.3676545917987823,,,
stage4e_topology,2,256,modular,43002,sparse_drive,0.05,0.05,1.0,64,0.25,12.0,9ae0fff0825d3aee6c,stage4_complete,cycle_proxy,0.1894544661045074,1,"0,4,6,7,15,20,27,45,46,50,53,55,61,66,67,70,73,76,77,83,86,87,90,93,95,96,100,107,110,115,117,119,120,125,132,137,140,142,144,150,153,154,155,156,159,163,164,172,195,209,214,217,218,224,225,226,230,232,233,238,240,243,248,251",31.359375,277.640625,32.796875,4.453125,0.0792526988014986,0.953125,1.0,0.0385172291874904,2.052579365079365,0.6127045154571533,,,
stage4e_topology,2,256,modular,43002,sparse_drive,0.05,0.05,1.0,64,0.25,12.0,9ae0fff0825d3aee6c,stage4_complete,feedback_hub,0.2231472432613372,1,"0,6,15,20,27,28,45,50,53,55,58,62,66,70,73,76,77,79,83,86,87,90,93,95,96,100,107,112,115,117,125,131,132,137,138,140,144,149,150,153,154,155,156,159,163,164,172,173,195,207,209,217,218,220,224,225,226,230,233,238,242,248,250,251",32.25,290.28125,31.4375,4.984375,0.0794711231599144,0.9765625,1.0,0.0355808430599605,2.0406746031746037,0.6127045154571533,,,
stage4e_topology,2,256,modular,43002,sparse_drive,0.05,0.05,1.0,64,0.25,12.0,9ae0fff0825d3aee6c,stage4_complete,dynamics_aware,0.2013231515884399,1,"6,8,10,12,40,50,62,63,64,70,71,76,81,85,97,99,101,111,115,116,117,121,123,128,130,132,139,140,141,143,144,151,153,155,156,163,171,178,179,185,188,194,195,196,204,208,211,213,219,220,221,222,225,226,227,229,232,233,238,242,248,249,254,255",26.671875,207.65625,21.796875,4.453125,0.0635751316212801,0.9765625,1.0,0.0269711100792487,2.1592261904761907,0.6127045154571533,,,
stage4e_topology,2,256,modular,43002,sparse_drive,0.05,0.05,1.0,64,0.25,12.0,9ae0fff0825d3aee6c,stage4_complete,high_degree,0.2961755990982055,1,"0,6,15,20,27,28,45,50,53,55,58,66,70,73,76,77,79,83,86,87,90,93,95,96,100,107,115,117,125,128,131,132,137,138,140,144,149,150,153,154,155,156,159,163,164,172,173,195,200,207,209,217,218,220,225,226,230,233,237,238,242,248,250,251",32.265625,289.234375,31.046875,5.125,0.078685422185149,0.984375,1.0,0.0344700486572724,2.0362103174603177,0.6127045154571533,,,
stage4e_topology,2,256,modular,43002,sparse_drive,0.05,0.05,1.0,64,0.25,12.0,9ae0fff0825d3aee6c,stage4_complete,module_bridge,0.3771564364433288,1,"0,3,5,6,8,20,27,28,36,45,47,50,51,53,62,67,70,71,73,77,79,80,87,90,92,93,95,97,98,102,104,106,107,117,128,136,137,140,149,150,153,154,156,171,173,175,177,180,183,188,189,193,195,200,207,209,210,220,226,230,233,237,238,242",30.15625,257.6875,24.78125,6.640625,0.0725471968833544,0.984375,1.0,0.0311361754546217,1.9905753968253967,0.6127045154571533,,,
stage4e_topology,2,256,modular,43002,sparse_drive,0.05,0.05,1.0,64,0.25,12.0,9ae0fff0825d3aee6c,stage4_complete,random,0.2065259215887636,32,,25.46630859375,190.197265625,20.2822265625,3.916015625,0.06049886340979274,0.97314453125,1.0,0.026122978971172852,2.2254774305555554,0.6127045154571533,,,
stage4e_topology,2,256,modular,43002,sparse_drive,0.05,0.05,1.0,64,0.25,12.0,9ae0fff0825d3aee6c,stage4_complete,spectral,0.4474594593048095,1,"5,6,7,15,20,27,28,44,48,50,53,55,58,62,66,67,70,73,75,76,77,79,80,87,90,93,95,100,107,112,115,118,125,130,132,136,137,140,142,144,149,150,153,154,155,156,159,163,164,172,181,195,209,214,220,224,225,226,230,232,233,243,248,251",31.296875,275.546875,30.5625,4.796875,0.0819784403712567,0.90625,1.0,0.0476495092905666,1.9484126984126984,0.6127045154571533,,,
stage4e_topology,2,256,modular,43002,transition_dense,0.035,0.1,1.0,8,0.03125,12.0,1d20dd5d21e2444d1d,stage4_complete,cycle_proxy,0.0597138591110706,1,"45,50,55,77,116,119,220,251",63.875,1083.375,252.5,10.0,0.082679338639611,0.63671875,1.0,0.0855469962963354,1.6071428571428572,0.3666037917137146,,,
stage4e_topology,2,256,modular,43002,transition_dense,0.035,0.1,1.0,8,0.03125,12.0,1d20dd5d21e2444d1d,stage4_complete,feedback_hub,0.1442781090736389,1,"0,50,77,93,107,218,220,251",65.5,1137.25,238.0,12.875,0.0826115626460326,0.72265625,1.0,0.0598381438491729,1.7857142857142858,0.3666037917137146,,,
stage4e_topology,2,256,modular,43002,transition_dense,0.035,0.1,1.0,8,0.03125,12.0,1d20dd5d21e2444d1d,stage4_complete,dynamics_aware,0.1907804459333419,1,"6,68,113,195,206,210,231,251",52.375,744.5,161.625,8.5,0.0654165720847909,0.58203125,1.0,0.0672740394250091,1.75,0.3666037917137146,,,
stage4e_topology,2,256,modular,43002,transition_dense,0.035,0.1,1.0,8,0.03125,12.0,1d20dd5d21e2444d1d,stage4_complete,high_degree,0.1442781090736389,1,"0,50,77,93,107,218,220,251",65.5,1137.25,238.0,12.875,0.0826115626460326,0.72265625,1.0,0.0598381438491729,1.7857142857142858,0.3666037917137146,,,
stage4e_topology,2,256,modular,43002,transition_dense,0.035,0.1,1.0,8,0.03125,12.0,1d20dd5d21e2444d1d,stage4_complete,module_bridge,0.1521956324577331,1,"0,3,71,93,98,107,220,251",63.125,1053.625,202.5,14.875,0.0778359586128659,0.6328125,1.0,0.0723998688688775,1.6785714285714286,0.3666037917137146,,,
stage4e_topology,2,256,modular,43002,transition_dense,0.035,0.1,1.0,8,0.03125,12.0,1d20dd5d21e2444d1d,stage4_complete,random,0.09191896847914902,32,,50.0078125,678.51171875,153.37109375,7.5859375,0.06180445678557399,0.569580078125,0.9996337890625,0.05354360079579311,1.8470982142857142,0.3666037917137146,,,
stage4e_topology,2,256,modular,43002,transition_dense,0.035,0.1,1.0,8,0.03125,12.0,1d20dd5d21e2444d1d,stage4_complete,spectral,0.0482552051544189,1,"50,55,77,119,156,220,225,251",63.75,1080.5,248.5,11.0,0.0854748695228475,0.50390625,1.0,0.15991492914995,1.3571428571428572,0.3666037917137146,,,
stage4e_topology,2,256,modular,43002,transition_dense,0.035,0.1,1.0,32,0.125,12.0,6a3ded621c966cff19,stage4_complete,cycle_proxy,0.0631980299949646,1,"0,40,45,46,50,55,58,66,77,79,87,93,101,107,116,119,120,124,144,155,156,159,163,175,218,220,225,230,234,238,243,251",59.78125,952.5625,220.53125,8.9375,0.0763743706512885,0.9765625,1.0,0.0795891717529365,1.721774193548387,0.2723090052604675,,,
stage4e_topology,2,256,modular,43002,transition_dense,0.035,0.1,1.0,32,0.125,12.0,6a3ded621c966cff19,stage4_complete,feedback_hub,0.0613950788974761,1,"0,3,6,40,45,50,55,58,66,71,77,79,93,98,107,116,117,119,124,133,154,155,156,159,163,218,220,225,229,230,238,251",60.78125,979.84375,213.84375,10.4375,0.0760605314340663,0.99609375,1.0,0.065723898751374,1.7540322580645162,0.2723090052604675,,,
stage4e_topology,2,256,modular,43002,transition_dense,0.035,0.1,1.0,32,0.125,12.0,6a3ded621c966cff19,stage4_complete,dynamics_aware,0.2335918694734573,1,"11,18,19,36,37,41,50,51,57,78,81,87,95,98,102,116,117,118,123,131,137,139,145,155,167,174,194,199,201,208,236,237",49.6875,670.65625,147.4375,8.1875,0.0617549435359837,0.96484375,1.0,0.0492607749714779,1.8891129032258065,0.2723090052604675,,,
stage4e_topology,2,256,modular,43002,transition_dense,0.035,0.1,1.0,32,0.125,12.0,6a3ded621c966cff19,stage4_complete,high_degree,0.0465278849005699,1,"0,3,6,40,45,50,53,55,58,66,71,77,79,93,98,107,116,117,119,133,154,155,156,159,163,218,220,225,229,230,238,251",60.78125,979.375,213.46875,10.53125,0.0764391103431102,0.99609375,1.0,0.0678094378780058,1.747983870967742,0.2723090052604675,,,
stage4e_topology,2,256,modular,43002,transition_dense,0.035,0.1,1.0,32,0.125,12.0,6a3ded621c966cff19,stage4_complete,module_bridge,0.0813036188483238,1,"0,3,6,8,27,44,50,70,71,73,93,95,97,98,106,107,128,150,151,156,161,171,183,195,199,220,222,229,235,240,242,251",55.71875,833.25,161.90625,13.03125,0.0694866552615466,0.99609375,1.0,0.0619557133474754,1.7540322580645162,0.2723090052604675,,,
stage4e_topology,2,256,modular,43002,transition_dense,0.035,0.1,1.0,32,0.125,12.0,6a3ded621c966cff19,stage4_complete,random,0.08163113589398557,32,,49.8486328125,672.5380859375,150.6552734375,7.765625,0.06164813719412275,0.9698486328125,1.0,0.05410275748344733,1.878780241935484,0.2723090052604675,,,
stage4e_topology,2,256,modular,43002,transition_dense,0.035,0.1,1.0,32,0.125,12.0,6a3ded621c966cff19,stage4_complete,spectral,0.0900158286094665,1,"0,40,50,53,55,58,70,71,77,79,87,90,93,95,98,101,107,119,120,133,144,154,155,156,159,163,175,195,218,220,225,251",59.9375,957.0625,211.5625,10.5,0.078427933442594,0.875,1.0,0.1073649385181624,1.596774193548387,0.2723090052604675,,,
stage4e_topology,2,256,modular,43002,transition_dense,0.035,0.1,1.0,64,0.25,12.0,7f39c38a8dc9eee6cb,stage4_complete,cycle_proxy,0.2737444043159485,1,"0,6,7,15,28,40,45,46,50,53,55,56,58,65,66,70,77,79,87,90,93,95,96,101,107,109,115,116,117,119,120,124,133,135,143,144,145,148,154,155,156,159,162,163,164,172,175,211,212,215,218,220,225,226,229,230,234,236,237,238,243,247,249,251",57.078125,869.953125,203.140625,8.171875,0.0723316360647417,1.0,1.0,0.0685642507152623,1.787202380952381,0.7536171674728394,,,
stage4e_topology,2,256,modular,43002,transition_dense,0.035,0.1,1.0,64,0.25,12.0,7f39c38a8dc9eee6cb,stage4_complete,feedback_hub,0.3832598030567169,1,"0,3,6,8,14,20,27,28,40,45,50,53,55,58,65,66,70,71,73,77,79,87,90,93,94,95,96,98,107,109,115,116,117,119,120,124,133,139,143,144,150,154,155,156,159,163,171,172,175,180,195,200,212,215,218,220,225,229,230,233,234,237,238,251",58.109375,898.203125,196.15625,9.875,0.0726143241558245,1.0,1.0,0.0648549364542369,1.783234126984127,0.7536171674728394,,,
stage4e_topology,2,256,modular,43002,transition_dense,0.035,0.1,1.0,64,0.25,12.0,7f39c38a8dc9eee6cb,stage4_complete,dynamics_aware,0.4816624522209167,1,"3,9,11,20,35,36,42,48,53,57,61,66,68,72,79,87,89,90,92,94,112,113,116,118,120,124,125,128,135,136,142,149,151,152,155,161,162,163,183,186,190,199,200,201,202,203,204,212,216,220,223,226,227,228,229,234,236,242,244,246,247,251,254,255",50.671875,693.6875,156.578125,7.90625,0.0626385483029931,1.0,1.0,0.0545566513686458,1.8621031746031744,0.7536171674728394,,,
stage4e_topology,2,256,modular,43002,transition_dense,0.035,0.1,1.0,64,0.25,12.0,7f39c38a8dc9eee6cb,stage4_complete,high_degree,0.4604731500148773,1,"0,3,5,6,8,14,20,27,28,40,45,50,53,55,58,65,66,70,71,73,77,79,87,90,93,95,96,98,107,109,115,116,117,119,120,124,128,133,139,143,144,154,155,156,159,163,171,172,175,180,195,200,212,215,218,220,225,229,230,233,234,237,238,251",58.125,897.453125,196.609375,9.828125,0.0726652187052272,1.0,1.0,0.0651725386175003,1.7827380952380951,0.7536171674728394,,,
stage4e_topology,2,256,modular,43002,transition_dense,0.035,0.1,1.0,64,0.25,12.0,7f39c38a8dc9eee6cb,stage4_complete,module_bridge,0.3239321708679199,1,"0,3,6,8,14,20,27,29,33,36,38,41,44,47,50,51,53,70,71,73,74,79,80,90,93,94,95,97,98,104,106,107,117,128,137,150,151,154,156,161,163,171,173,174,178,180,183,184,187,188,193,195,199,207,210,218,220,222,229,235,238,240,242,251",54.234375,789.8125,157.125,11.75,0.0668061835417413,1.0,1.0,0.0594864286843447,1.793154761904762,0.7536171674728394,,,
stage4e_topology,2,256,modular,43002,transition_dense,0.035,0.1,1.0,64,0.25,12.0,7f39c38a8dc9eee6cb,stage4_complete,random,0.30416213953867555,32,,50.07080078125,677.35400390625,152.04541015625,7.81494140625,0.06197595343312362,0.9993896484375,1.0,0.054016626918515075,1.8704117063492065,0.7536171674728394,,,
stage4e_topology,2,256,modular,43002,transition_dense,0.035,0.1,1.0,64,0.25,12.0,7f39c38a8dc9eee6cb,stage4_complete,spectral,0.3323849141597748,1,"0,5,6,7,15,27,28,40,45,46,50,53,55,56,58,61,65,66,70,71,73,77,79,80,87,90,93,95,98,101,107,112,115,116,117,119,120,133,135,140,142,144,154,155,156,159,163,172,175,180,195,199,200,209,212,218,220,225,229,230,234,236,243,251",57.09375,869.984375,195.828125,9.265625,0.0739060652615245,1.0,1.0,0.0864312607434752,1.7113095238095235,0.7536171674728394,,,
stage4e_topology,2,256,modular,43002,transition_mid,0.035,0.05,1.0,8,0.03125,12.0,9d0ed993123f4fe77b,stage4_complete,cycle_proxy,0.0196467284113168,1,"20,66,77,93,107,154,155,159",36.375,367.875,43.25,4.875,0.0932379251264506,0.41796875,0.98046875,0.0525134127478665,2.071428571428572,0.4304191470146179,,,
stage4e_topology,2,256,modular,43002,transition_mid,0.035,0.05,1.0,8,0.03125,12.0,9d0ed993123f4fe77b,stage4_complete,feedback_hub,0.0719106793403625,1,"50,66,77,93,155,156,195,226",37.875,394.375,41.5,6.25,0.0943150403482718,0.484375,0.99609375,0.0370057658592707,2.0357142857142856,0.4304191470146179,,,
stage4e_topology,2,256,modular,43002,transition_mid,0.035,0.05,1.0,8,0.03125,12.0,9d0ed993123f4fe77b,stage4_complete,dynamics_aware,0.2459885030984878,1,"35,70,75,112,122,173,213,252",27.375,210.875,20.625,4.125,0.0642159755992565,0.37890625,0.98828125,0.0307068145962669,2.357142857142857,0.4304191470146179,,,
stage4e_topology,2,256,modular,43002,transition_mid,0.035,0.05,1.0,8,0.03125,12.0,9d0ed993123f4fe77b,stage4_complete,high_degree,0.05612638220191,1,"50,77,93,155,156,195,226,238",37.875,393.375,38.75,6.875,0.0929109683716729,0.45703125,0.9921875,0.0436554020155482,1.9642857142857144,0.4304191470146179,,,
stage4e_topology,2,256,modular,43002,transition_mid,0.035,0.05,1.0,8,0.03125,12.0,9d0ed993123f4fe77b,stage4_complete,module_bridge,0.1867916285991668,1,"93,95,156,171,173,195,220,230",34.125,320.625,27.375,8.875,0.086540795293126,0.41015625,0.98046875,0.0384232191713777,1.8571428571428568,0.4304191470146179,,,
stage4e_topology,2,256,modular,43002,transition_mid,0.035,0.05,1.0,8,0.03125,12.0,9d0ed993123f4fe77b,stage4_complete,random,0.10690611862810323,32,,25.1640625,187.296875,19.99609375,3.81640625,0.05901952886770434,0.3533935546875,0.96533203125,0.02572014577651449,2.202008928571429,0.4304191470146179,,,
stage4e_topology,2,256,modular,43002,transition_mid,0.035,0.05,1.0,8,0.03125,12.0,9d0ed993123f4fe77b,stage4_complete,spectral,0.0323273241519928,1,"50,77,93,140,154,155,156,195",37.375,385.625,39.625,6.875,0.0992191800423446,0.390625,0.96875,0.0683170097007016,1.75,0.4304191470146179,,,
stage4e_topology,2,256,modular,43002,transition_mid,0.035,0.05,1.0,32,0.125,12.0,e8dfcde4ab4eeb136f,stage4_complete,cycle_proxy,0.0949952751398086,1,"0,6,20,45,50,66,73,76,77,86,90,93,107,115,125,140,153,154,155,156,159,163,164,172,195,209,217,225,226,232,233,251",33.6875,316.46875,37.09375,4.9375,0.0843918346012826,0.89453125,1.0,0.0371630974974858,2.024193548387097,0.2882827222347259,,,
stage4e_topology,2,256,modular,43002,transition_mid,0.035,0.05,1.0,32,0.125,12.0,e8dfcde4ab4eeb136f,stage4_complete,feedback_hub,0.1689150035381317,1,"0,6,20,45,50,66,70,73,77,90,93,95,107,115,117,125,140,149,153,154,155,156,159,195,209,217,220,226,230,233,238,251",34.46875,330.375,35.65625,5.875,0.0848302912435094,0.921875,1.0,0.0354064736841423,1.9737903225806448,0.2882827222347259,,,
stage4e_topology,2,256,modular,43002,transition_mid,0.035,0.05,1.0,32,0.125,12.0,e8dfcde4ab4eeb136f,stage4_complete,dynamics_aware,0.1153880208730697,1,"0,6,20,45,66,73,76,77,86,90,93,107,115,125,140,153,154,155,156,159,163,172,195,198,206,209,217,225,226,232,233,251",32.96875,305.90625,35.96875,4.84375,0.0824619703429109,0.8984375,1.0,0.0370100259074277,2.0463709677419355,0.2882827222347259,,,
stage4e_topology,2,256,modular,43002,transition_mid,0.035,0.05,1.0,32,0.125,12.0,e8dfcde4ab4eeb136f,stage4_complete,high_degree,0.1806885749101638,1,"0,6,20,45,50,66,73,77,90,93,95,107,115,117,125,140,149,153,154,155,156,159,173,195,209,217,220,226,230,233,238,251",34.5,329.28125,35.34375,5.96875,0.084422216640219,0.9296875,1.0,0.0340695018097446,1.9818548387096773,0.2882827222347259,,,
stage4e_topology,2,256,modular,43002,transition_mid,0.035,0.05,1.0,32,0.125,12.0,e8dfcde4ab4eeb136f,stage4_complete,module_bridge,0.1296229660511016,1,"3,8,27,47,50,51,70,71,77,80,90,93,95,97,98,104,106,128,153,154,156,171,173,180,183,193,195,200,220,230,233,238",30.9375,269.78125,24.40625,7.59375,0.0746302686158028,0.87109375,1.0,0.0317540198133723,1.969758064516129,0.2882827222347259,,,
stage4e_topology,2,256,modular,43002,transition_mid,0.035,0.05,1.0,32,0.125,12.0,e8dfcde4ab4eeb136f,stage4_complete,random,0.0915755425812676,32,,25.267578125,187.5419921875,19.9638671875,3.8603515625,0.05999900178442566,0.828369140625,0.9998779296875,0.026051268208077998,2.235131048387097,0.2882827222347259,,,
stage4e_topology,2,256,modular,43002,transition_mid,0.035,0.05,1.0,32,0.125,12.0,e8dfcde4ab4eeb136f,stage4_complete,spectral,0.1055169478058815,1,"15,20,28,50,53,55,70,73,77,87,90,93,95,107,115,125,137,140,144,150,153,154,155,156,159,163,164,195,209,220,230,251",33.21875,307.78125,33.96875,5.5,0.0889376259552133,0.68359375,1.0,0.0558697879651041,1.816532258064516,0.2882827222347259,,,
stage4e_topology,2,256,modular,43002,transition_mid,0.035,0.05,1.0,64,0.25,12.0,9bd6a00967febf707d,stage4_complete,cycle_proxy,0.2002466917037964,1,"0,4,6,7,15,20,27,45,46,50,53,55,61,66,67,70,73,76,77,83,86,87,90,93,95,96,100,107,110,115,117,119,120,125,132,137,140,142,144,150,153,154,155,156,159,163,164,172,195,209,214,217,218,224,225,226,230,232,233,238,240,243,248,251",31.359375,277.640625,32.796875,4.453125,0.0792526988014986,0.953125,1.0,0.0385172291874904,2.052579365079365,0.7350170016288757,,,
stage4e_topology,2,256,modular,43002,transition_mid,0.035,0.05,1.0,64,0.25,12.0,9bd6a00967febf707d,stage4_complete,feedback_hub,0.2037499248981475,1,"0,6,15,20,27,28,45,50,53,55,58,62,66,70,73,76,77,79,83,86,87,90,93,95,96,100,107,112,115,117,125,131,132,137,138,140,144,149,150,153,154,155,156,159,163,164,172,173,195,207,209,217,218,220,224,225,226,230,233,238,242,248,250,251",32.25,290.28125,31.4375,4.984375,0.0794711231599144,0.9765625,1.0,0.0355808430599605,2.0406746031746037,0.7350170016288757,,,
stage4e_topology,2,256,modular,43002,transition_mid,0.035,0.05,1.0,64,0.25,12.0,9bd6a00967febf707d,stage4_complete,dynamics_aware,0.4162025153636932,1,"1,6,19,20,21,23,27,28,33,35,38,51,52,53,54,57,58,69,71,76,80,81,84,91,92,93,95,97,99,100,102,113,119,123,124,130,136,140,141,144,146,157,166,182,186,188,189,192,193,200,201,202,206,208,216,217,222,226,232,234,236,241,243,254",25.546875,190.6875,19.703125,4.0625,0.0608853209961982,0.98828125,1.0,0.0266011055654956,2.219742063492064,0.7350170016288757,,,
stage4e_topology,2,256,modular,43002,transition_mid,0.035,0.05,1.0,64,0.25,12.0,9bd6a00967febf707d,stage4_complete,high_degree,0.3577026724815368,1,"0,6,15,20,27,28,45,50,53,55,58,66,70,73,76,77,79,83,86,87,90,93,95,96,100,107,115,117,125,128,131,132,137,138,140,144,149,150,153,154,155,156,159,163,164,172,173,195,200,207,209,217,218,220,225,226,230,233,237,238,242,248,250,251",32.265625,289.234375,31.046875,5.125,0.078685422185149,0.984375,1.0,0.0344700486572724,2.0362103174603177,0.7350170016288757,,,
stage4e_topology,2,256,modular,43002,transition_mid,0.035,0.05,1.0,64,0.25,12.0,9bd6a00967febf707d,stage4_complete,module_bridge,0.2562493085861206,1,"0,3,5,6,8,20,27,28,36,45,47,50,51,53,62,67,70,71,73,77,79,80,87,90,92,93,95,97,98,102,104,106,107,117,128,136,137,140,149,150,153,154,156,171,173,175,177,180,183,188,189,193,195,200,207,209,210,220,226,230,233,237,238,242",30.15625,257.6875,24.78125,6.640625,0.0725471968833544,0.984375,1.0,0.0311361754546217,1.9905753968253967,0.7350170016288757,,,
stage4e_topology,2,256,modular,43002,transition_mid,0.035,0.05,1.0,64,0.25,12.0,9bd6a00967febf707d,stage4_complete,random,0.23882097005844116,32,,25.46630859375,190.197265625,20.2822265625,3.916015625,0.06049886340979274,0.97314453125,1.0,0.026122978971172852,2.2254774305555554,0.7350170016288757,,,
stage4e_topology,2,256,modular,43002,transition_mid,0.035,0.05,1.0,64,0.25,12.0,9bd6a00967febf707d,stage4_complete,spectral,0.3555749058723449,1,"5,6,7,15,20,27,28,44,48,50,53,55,58,62,66,67,70,73,75,76,77,79,80,87,90,93,95,100,107,112,115,118,125,130,132,136,137,140,142,144,149,150,153,154,155,156,159,163,164,172,181,195,209,214,220,224,225,226,230,232,233,243,248,251",31.296875,275.546875,30.5625,4.796875,0.0819784403712567,0.90625,1.0,0.0476495092905666,1.9484126984126984,0.7350170016288757,,,
stage4e_topology,2,256,modular,43003,sparse_drive,0.05,0.05,1.0,8,0.03125,12.0,ddc1133d92d4caf6ed,stage4_complete,cycle_proxy,0.0610735826194286,1,"2,41,86,105,153,208,238,245",33.75,316.75,41.625,3.375,0.0978779196701744,0.34375,0.921875,0.0651998914306006,1.75,0.4440710544586181,,,
stage4e_topology,2,256,modular,43003,sparse_drive,0.05,0.05,1.0,8,0.03125,12.0,ddc1133d92d4caf6ed,stage4_complete,feedback_hub,0.0919698178768158,1,"25,41,86,105,169,196,203,238",35.125,340.375,35.5,5.75,0.0934443490112864,0.4296875,0.9765625,0.0378791559561976,1.8571428571428568,0.4440710544586181,,,
stage4e_topology,2,256,modular,43003,sparse_drive,0.05,0.05,1.0,8,0.03125,12.0,ddc1133d92d4caf6ed,stage4_complete,dynamics_aware,0.3442339301109314,1,"62,74,137,149,155,169,217,233",27.125,206.0,20.125,4.0,0.0667669720030715,0.40625,0.99609375,0.0242064618733139,2.321428571428572,0.4440710544586181,,,
stage4e_topology,2,256,modular,43003,sparse_drive,0.05,0.05,1.0,8,0.03125,12.0,ddc1133d92d4caf6ed,stage4_complete,high_degree,0.0919698178768158,1,"25,41,86,105,169,196,203,238",35.125,340.375,35.5,5.75,0.0934443490112864,0.4296875,0.9765625,0.0378791559561976,1.8571428571428568,0.4440710544586181,,,
stage4e_topology,2,256,modular,43003,sparse_drive,0.05,0.05,1.0,8,0.03125,12.0,ddc1133d92d4caf6ed,stage4_complete,module_bridge,0.079171672463417,1,"25,40,94,107,127,162,170,204",29.75,246.625,17.625,8.625,0.0704554308347937,0.4453125,1.0,0.0263270465535645,1.8928571428571428,0.4440710544586181,,,
stage4e_topology,2,256,modular,43003,sparse_drive,0.05,0.05,1.0,8,0.03125,12.0,ddc1133d92d4caf6ed,stage4_complete,random,0.12428054551128292,32,,24.89453125,180.1171875,19.08984375,3.76953125,0.06118497062826479,0.3658447265625,0.973876953125,0.026129062908342004,2.260044642857143,0.4440710544586181,,,
stage4e_topology,2,256,modular,43003,sparse_drive,0.05,0.05,1.0,8,0.03125,12.0,ddc1133d92d4caf6ed,stage4_complete,spectral,0.054197572171688,1,"2,41,86,105,196,205,208,245",33.625,311.625,39.25,3.25,0.1045614083947424,0.28125,0.83984375,0.09601520526511,1.4285714285714286,0.4440710544586181,,,
stage4e_topology,2,256,modular,43003,sparse_drive,0.05,0.05,1.0,32,0.125,12.0,5b436f7dc091d4ae63,stage4_complete,cycle_proxy,0.1426845788955688,1,"2,4,20,41,47,64,70,74,80,86,91,105,110,112,113,119,124,153,161,167,169,186,193,195,203,205,208,213,219,223,238,245",31.0625,269.28125,34.40625,3.6875,0.0826036287860835,0.8671875,1.0,0.038080130432908,2.058467741935484,0.3601448833942413,,,
stage4e_topology,2,256,modular,43003,sparse_drive,0.05,0.05,1.0,32,0.125,12.0,5b436f7dc091d4ae63,stage4_complete,feedback_hub,0.1132216677069664,1,"2,4,21,22,25,27,41,47,53,64,65,86,94,96,105,110,112,116,124,153,162,163,169,186,193,196,203,204,205,208,238,245",32.4375,291.46875,31.46875,4.8125,0.0828741904179346,0.83984375,1.0,0.034195938015902,1.997983870967742,0.3601448833942413,,,
stage4e_topology,2,256,modular,43003,sparse_drive,0.05,0.05,1.0,32,0.125,12.0,5b436f7dc091d4ae63,stage4_complete,dynamics_aware,0.2346875667572021,1,"21,25,29,36,44,46,48,49,52,58,60,67,103,125,126,131,134,136,140,145,152,154,160,163,172,174,178,179,198,215,220,231",23.3125,158.3125,15.3125,3.71875,0.0548090623507667,0.828125,1.0,0.0214005241866816,2.294354838709677,0.3601448833942413,,,
stage4e_topology,2,256,modular,43003,sparse_drive,0.05,0.05,1.0,32,0.125,12.0,5b436f7dc091d4ae63,stage4_complete,high_degree,0.1104423031210899,1,"2,4,21,25,27,41,47,53,64,65,86,94,96,105,110,112,116,119,124,153,162,163,169,186,193,196,203,204,205,208,238,245",32.46875,291.375,31.625,4.71875,0.0829468896043643,0.85546875,1.0,0.0343291977279337,2.002016129032258,0.3601448833942413,,,
stage4e_topology,2,256,modular,43003,sparse_drive,0.05,0.05,1.0,32,0.125,12.0,5b436f7dc091d4ae63,stage4_complete,module_bridge,0.1305707842111587,1,"8,9,11,22,25,27,28,35,40,47,54,66,72,94,107,112,116,124,127,137,138,152,162,169,170,176,186,196,204,218,236,238",29.03125,238.53125,21.5,7.0,0.0709077983545695,0.90234375,1.0,0.0272378983302594,2.0201612903225805,0.3601448833942413,,,
stage4e_topology,2,256,modular,43003,sparse_drive,0.05,0.05,1.0,32,0.125,12.0,5b436f7dc091d4ae63,stage4_complete,random,0.08964494010433549,32,,24.83203125,179.4697265625,19.0625,3.77734375,0.06033038078116926,0.827880859375,1.0,0.025414121342670033,2.237210181451613,0.3601448833942413,,,
stage4e_topology,2,256,modular,43003,sparse_drive,0.05,0.05,1.0,32,0.125,12.0,5b436f7dc091d4ae63,stage4_complete,spectral,0.0950734540820121,1,"2,15,28,41,47,62,73,82,86,91,105,110,115,138,145,149,161,162,164,166,167,193,195,196,205,208,213,218,223,238,245,248",29.875,250.8125,30.25,4.03125,0.0906983978180316,0.48046875,0.99609375,0.0919097188779547,1.6088709677419355,0.3601448833942413,,,
stage4e_topology,2,256,modular,43003,sparse_drive,0.05,0.05,1.0,64,0.25,12.0,7d1285b63120a8d1c6,stage4_complete,cycle_proxy,0.2302891314029693,1,"0,2,3,4,5,15,20,21,22,24,27,28,41,45,47,53,59,64,65,70,74,80,82,86,91,105,110,112,113,116,119,124,129,138,151,153,159,161,164,167,169,182,186,189,193,195,196,203,205,208,212,213,218,219,221,222,223,227,238,239,240,243,245,254",29.328125,242.96875,30.078125,3.734375,0.0754996640803895,0.98046875,1.0,0.0323180714055223,2.1354166666666665,0.6022620797157288,,,
stage4e_topology,2,256,modular,43003,sparse_drive,0.05,0.05,1.0,64,0.25,12.0,7d1285b63120a8d1c6,stage4_complete,feedback_hub,0.2966552972793579,1,"2,4,8,15,20,21,22,25,27,28,34,41,47,53,54,64,65,66,70,74,80,85,86,94,96,105,110,112,113,115,116,119,121,124,138,141,142,143,145,153,162,163,164,166,169,186,193,195,196,203,204,205,208,213,214,218,221,222,223,227,238,241,245,254",30.5625,260.59375,28.109375,4.625,0.0772511502959237,0.9765625,1.0,0.0322187008420667,2.074404761904762,0.6022620797157288,,,
stage4e_topology,2,256,modular,43003,sparse_drive,0.05,0.05,1.0,64,0.25,12.0,7d1285b63120a8d1c6,stage4_complete,dynamics_aware,0.2451208233833313,1,"4,6,8,12,15,16,17,21,24,28,37,45,46,48,49,50,54,60,61,67,68,74,80,88,93,94,95,102,107,111,120,127,135,137,138,141,144,148,149,150,158,164,166,169,172,182,184,188,189,191,196,197,199,203,206,210,212,214,220,225,233,236,241,242",25.296875,185.234375,19.3125,3.90625,0.0616119389194675,0.96875,1.0,0.0247540787205372,2.239583333333333,0.6022620797157288,,,
stage4e_topology,2,256,modular,43003,sparse_drive,0.05,0.05,1.0,64,0.25,12.0,7d1285b63120a8d1c6,stage4_complete,high_degree,0.2047104239463806,1,"2,4,8,15,20,21,22,25,27,28,34,40,41,47,53,54,64,65,66,70,74,80,85,86,94,96,105,110,112,113,115,116,119,124,138,141,142,143,145,153,159,162,163,164,169,186,192,193,195,196,203,204,205,208,213,214,218,221,223,227,238,241,245,254",30.609375,259.890625,27.953125,4.703125,0.0767803846295842,0.98828125,1.0,0.0309707953711484,2.0768849206349205,0.6022620797157288,,,
stage4e_topology,2,256,modular,43003,sparse_drive,0.05,0.05,1.0,64,0.25,12.0,7d1285b63120a8d1c6,stage4_complete,module_bridge,0.4139683544635772,1,"8,9,10,11,15,20,21,22,25,26,27,28,32,34,35,37,40,47,48,54,66,70,72,84,85,86,94,97,105,107,111,112,116,117,121,124,127,137,138,139,141,145,152,162,169,170,174,176,180,185,186,195,196,203,204,213,215,218,228,234,236,238,241,248",28.15625,225.390625,21.328125,6.25,0.069538634648322,0.9765625,1.0,0.0282747570160357,2.031746031746032,0.6022620797157288,,,
stage4e_topology,2,256,modular,43003,sparse_drive,0.05,0.05,1.0,64,0.25,12.0,7d1285b63120a8d1c6,stage4_complete,random,0.2072423435747623,32,,24.86669921875,179.845703125,18.91748046875,3.80810546875,0.06069241472626453,0.9677734375,1.0,0.025644002168185107,2.23694816468254,0.6022620797157288,,,
stage4e_topology,2,256,modular,43003,sparse_drive,0.05,0.05,1.0,64,0.25,12.0,7d1285b63120a8d1c6,stage4_complete,spectral,0.2421988099813461,1,"1,2,3,9,15,21,25,27,28,37,41,47,62,64,65,66,69,73,82,86,91,94,96,105,108,110,113,115,116,122,124,131,138,145,149,150,161,162,164,166,167,169,179,186,189,193,195,196,203,204,205,208,213,215,218,223,225,236,237,238,245,248,249,254",29.046875,236.390625,26.4375,4.4375,0.0822308178069714,0.86328125,1.0,0.0564124679249917,1.8625992063492065,0.6022620797157288,,,
stage4e_topology,2,256,modular,43003,transition_dense,0.035,0.1,1.0,8,0.03125,12.0,024734b4369002ab6f,stage4_complete,cycle_proxy,0.0476346649229526,1,"86,105,115,146,221,223,227,245",62.875,1048.0,263.75,8.0,0.0838528868297133,0.578125,1.0,0.1049926141262858,1.5714285714285714,0.3512205779552459,,,
stage4e_topology,2,256,modular,43003,transition_dense,0.035,0.1,1.0,8,0.03125,12.0,024734b4369002ab6f,stage4_complete,feedback_hub,0.0671491920948028,1,"25,86,105,115,162,221,223,227",64.25,1093.25,259.375,9.5,0.0852131801947459,0.60546875,1.0,0.1030736657304792,1.6071428571428572,0.3512205779552459,,,
stage4e_topology,2,256,modular,43003,transition_dense,0.035,0.1,1.0,8,0.03125,12.0,024734b4369002ab6f,stage4_complete,dynamics_aware,0.183156818151474,1,"42,103,121,146,181,225,249,254",51.625,712.625,167.875,7.5,0.0652781334857297,0.578125,1.0,0.0568941814817917,1.9285714285714288,0.3512205779552459,,,
stage4e_topology,2,256,modular,43003,transition_dense,0.035,0.1,1.0,8,0.03125,12.0,024734b4369002ab6f,stage4_complete,high_degree,0.0671491920948028,1,"25,86,105,115,162,221,223,227",64.25,1093.25,259.375,9.5,0.0852131801947459,0.60546875,1.0,0.1030736657304792,1.6071428571428572,0.3512205779552459,,,
stage4e_topology,2,256,modular,43003,transition_dense,0.035,0.1,1.0,8,0.03125,12.0,024734b4369002ab6f,stage4_complete,module_bridge,0.0647191032767295,1,"11,27,40,85,96,127,138,177",55.25,806.125,156.75,13.0,0.0662708114843263,0.6328125,1.0,0.050536734955071,1.8214285714285716,0.3512205779552459,,,
stage4e_topology,2,256,modular,43003,transition_dense,0.035,0.1,1.0,8,0.03125,12.0,024734b4369002ab6f,stage4_complete,random,0.07968448789324609,32,,50.01953125,677.79296875,155.59375,7.5703125,0.06165592438494132,0.5963134765625,0.9998779296875,0.05108770255744312,1.8917410714285716,0.3512205779552459,,,
stage4e_topology,2,256,modular,43003,transition_dense,0.035,0.1,1.0,8,0.03125,12.0,024734b4369002ab6f,stage4_complete,spectral,0.0526291169226169,1,"2,86,105,115,162,208,223,245",62.75,1042.875,255.875,8.375,0.0887662846894086,0.35546875,1.0,0.2428997114041079,1.2857142857142858,0.3512205779552459,,,
stage4e_topology,2,256,modular,43003,transition_dense,0.035,0.1,1.0,32,0.125,12.0,90813a4baa232af265,stage4_complete,cycle_proxy,0.0648159608244896,1,"2,9,25,53,62,64,70,86,105,108,112,115,124,143,146,147,155,161,162,164,169,205,208,214,217,221,223,227,238,239,245,248",59.34375,936.84375,229.28125,7.96875,0.0765445182914695,0.96484375,1.0,0.0788484465065574,1.7419354838709675,0.2630686461925506,,,
stage4e_topology,2,256,modular,43003,transition_dense,0.035,0.1,1.0,32,0.125,12.0,90813a4baa232af265,stage4_complete,feedback_hub,0.0880223363637924,1,"2,25,27,53,70,86,96,105,108,112,115,116,124,131,138,146,147,155,161,162,163,169,180,208,217,221,223,225,227,238,245,248",60.1875,959.78125,223.5625,9.0625,0.0764078990732967,0.9765625,1.0,0.0768232803065533,1.7580645161290325,0.2630686461925506,,,
stage4e_topology,2,256,modular,43003,transition_dense,0.035,0.1,1.0,32,0.125,12.0,90813a4baa232af265,stage4_complete,dynamics_aware,0.1366473734378814,1,"17,18,22,26,38,44,50,51,53,54,65,70,77,79,85,89,90,103,108,116,117,123,130,157,166,192,196,200,204,211,226,236",51.3125,707.6875,159.5625,8.25,0.0615197373747117,0.98828125,1.0,0.0525932184677012,1.8387096774193548,0.2630686461925506,,,
stage4e_topology,2,256,modular,43003,transition_dense,0.035,0.1,1.0,32,0.125,12.0,90813a4baa232af265,stage4_complete,high_degree,0.0880223363637924,1,"2,25,27,53,70,86,96,105,108,112,115,116,124,131,138,146,147,155,161,162,163,169,180,208,217,221,223,225,227,238,245,248",60.1875,959.78125,223.5625,9.0625,0.0764078990732967,0.9765625,1.0,0.0768232803065533,1.7580645161290325,0.2630686461925506,,,
stage4e_topology,2,256,modular,43003,transition_dense,0.035,0.1,1.0,32,0.125,12.0,90813a4baa232af265,stage4_complete,module_bridge,0.1070312708616256,1,"11,17,25,26,27,29,40,47,56,66,85,88,94,96,97,105,107,116,127,138,151,153,162,177,180,185,204,212,215,232,236,253",54.96875,808.9375,165.5,11.8125,0.0673900312898661,0.98828125,1.0,0.0561405021344273,1.7883064516129032,0.2630686461925506,,,
stage4e_topology,2,256,modular,43003,transition_dense,0.035,0.1,1.0,32,0.125,12.0,90813a4baa232af265,stage4_complete,random,0.09068016824312504,32,,50.1474609375,681.958984375,155.7822265625,7.625,0.06147259378468738,0.9716796875,1.0,0.054626036574754705,1.8656754032258065,0.2630686461925506,,,
stage4e_topology,2,256,modular,43003,transition_dense,0.035,0.1,1.0,32,0.125,12.0,90813a4baa232af265,stage4_complete,spectral,0.0687261894345283,1,"2,3,9,25,28,37,47,62,73,86,105,108,115,131,138,149,150,152,161,162,164,179,196,205,208,215,218,223,225,227,245,248",57.71875,886.75,211.6875,8.625,0.0805300699151845,0.7421875,1.0,0.180116347318284,1.409274193548387,0.2630686461925506,,,
stage4e_topology,2,256,modular,43003,transition_dense,0.035,0.1,1.0,64,0.25,12.0,a4ef25b391e3e6e505,stage4_complete,cycle_proxy,0.2506282925605774,1,"2,6,8,9,25,26,27,28,40,45,53,62,64,68,70,73,77,86,89,102,105,108,112,115,116,117,124,131,138,142,143,146,147,148,149,150,152,155,156,158,161,162,164,169,171,179,180,203,205,208,211,214,217,221,222,223,225,227,238,239,245,248,254,255",57.203125,872.03125,209.625,8.15625,0.0721138094825981,1.0,1.0,0.0673292907218788,1.7857142857142858,0.7537142634391785,,,
stage4e_topology,2,256,modular,43003,transition_dense,0.035,0.1,1.0,64,0.25,12.0,a4ef25b391e3e6e505,stage4_complete,feedback_hub,0.2875901162624359,1,"2,8,9,17,25,26,27,28,40,47,53,62,64,66,70,85,86,88,89,96,100,101,105,107,108,112,115,116,117,124,131,138,143,146,147,148,152,155,158,161,162,163,164,169,179,180,196,203,205,207,208,212,217,221,222,223,225,227,238,239,245,248,253,254",57.84375,891.234375,205.359375,9.171875,0.0727418649309535,1.0,1.0,0.0671944138495914,1.7881944444444444,0.7537142634391785,,,
stage4e_topology,2,256,modular,43003,transition_dense,0.035,0.1,1.0,64,0.25,12.0,a4ef25b391e3e6e505,stage4_complete,dynamics_aware,0.6440911889076233,1,"8,12,16,24,25,26,27,28,34,39,40,53,54,55,57,64,79,80,82,89,91,92,95,104,114,115,117,118,121,122,126,130,131,136,139,152,154,156,161,166,168,169,171,175,180,182,183,185,190,198,210,216,218,220,221,224,227,232,233,236,239,240,247,251",50.828125,701.28125,162.203125,7.5625,0.0624740334473621,1.0,1.0,0.0561087495422888,1.875496031746032,0.7537142634391785,,,
stage4e_topology,2,256,modular,43003,transition_dense,0.035,0.1,1.0,64,0.25,12.0,a4ef25b391e3e6e505,stage4_complete,high_degree,0.2194265723228454,1,"2,8,9,17,25,26,27,28,40,47,49,53,64,66,70,85,86,88,89,96,100,105,107,108,112,115,116,117,124,131,138,143,146,147,148,152,155,158,161,162,163,164,169,179,180,196,203,205,207,208,211,212,215,217,221,222,223,225,227,238,245,248,253,254",57.859375,890.546875,204.0625,9.234375,0.0726748250688782,1.0,1.0,0.0667612632672081,1.7876984126984128,0.7537142634391785,,,
stage4e_topology,2,256,modular,43003,transition_dense,0.035,0.1,1.0,64,0.25,12.0,a4ef25b391e3e6e505,stage4_complete,module_bridge,0.2488539069890976,1,"9,10,11,17,20,25,26,27,29,32,36,37,40,41,47,53,56,66,70,72,85,86,88,94,96,97,100,105,107,115,116,127,131,137,138,141,151,152,153,158,162,163,169,170,174,177,179,180,185,196,202,204,212,215,218,226,232,236,238,241,242,249,253,254",54.421875,797.5625,166.546875,10.984375,0.0674303965120809,1.0,1.0,0.0582403798726415,1.7976190476190477,0.7537142634391785,,,
stage4e_topology,2,256,modular,43003,transition_dense,0.035,0.1,1.0,64,0.25,12.0,a4ef25b391e3e6e505,stage4_complete,random,0.2764401608146727,32,,50.21240234375,683.01416015625,156.67138671875,7.68017578125,0.06176231713717585,0.99951171875,1.0,0.05498352538563092,1.8646298363095237,0.7537142634391785,,,
stage4e_topology,2,256,modular,43003,transition_dense,0.035,0.1,1.0,64,0.25,12.0,a4ef25b391e3e6e505,stage4_complete,spectral,0.2930400669574737,1,"1,2,3,9,15,25,27,28,37,41,42,47,53,62,64,66,70,73,82,86,105,108,115,116,130,131,138,143,145,146,147,149,150,151,152,155,161,162,164,166,167,169,179,184,193,196,205,208,213,215,217,218,221,223,225,227,236,237,238,245,248,249,253,254",56.03125,839.328125,197.15625,8.734375,0.07520725329712,0.97265625,1.0,0.1111290662797877,1.6354166666666667,0.7537142634391785,,,
stage4e_topology,2,256,modular,43003,transition_mid,0.035,0.05,1.0,8,0.03125,12.0,c276e77d0a0b51c2e7,stage4_complete,cycle_proxy,0.0450352355837821,1,"2,41,86,105,153,208,238,245",33.75,316.75,41.625,3.375,0.0978779196701744,0.34375,0.921875,0.0651998914306006,1.75,0.4321165382862091,,,
stage4e_topology,2,256,modular,43003,transition_mid,0.035,0.05,1.0,8,0.03125,12.0,c276e77d0a0b51c2e7,stage4_complete,feedback_hub,0.1123484149575233,1,"25,41,86,105,169,196,203,238",35.125,340.375,35.5,5.75,0.0934443490112864,0.4296875,0.9765625,0.0378791559561976,1.8571428571428568,0.4321165382862091,,,
stage4e_topology,2,256,modular,43003,transition_mid,0.035,0.05,1.0,8,0.03125,12.0,c276e77d0a0b51c2e7,stage4_complete,dynamics_aware,0.3707248568534851,1,"4,112,154,166,182,204,221,242",27.625,218.75,24.0,4.0,0.0648156642002374,0.36328125,0.98828125,0.0371772231648825,2.2142857142857144,0.4321165382862091,,,
stage4e_topology,2,256,modular,43003,transition_mid,0.035,0.05,1.0,8,0.03125,12.0,c276e77d0a0b51c2e7,stage4_complete,high_degree,0.1123484149575233,1,"25,41,86,105,169,196,203,238",35.125,340.375,35.5,5.75,0.0934443490112864,0.4296875,0.9765625,0.0378791559561976,1.8571428571428568,0.4321165382862091,,,
stage4e_topology,2,256,modular,43003,transition_mid,0.035,0.05,1.0,8,0.03125,12.0,c276e77d0a0b51c2e7,stage4_complete,module_bridge,0.0712936893105506,1,"25,40,94,107,127,162,170,204",29.75,246.625,17.625,8.625,0.0704554308347937,0.4453125,1.0,0.0263270465535645,1.8928571428571428,0.4321165382862091,,,
stage4e_topology,2,256,modular,43003,transition_mid,0.035,0.05,1.0,8,0.03125,12.0,c276e77d0a0b51c2e7,stage4_complete,random,0.10943731811130417,32,,24.89453125,180.1171875,19.08984375,3.76953125,0.06118497062826479,0.3658447265625,0.973876953125,0.026129062908342004,2.260044642857143,0.4321165382862091,,,
stage4e_topology,2,256,modular,43003,transition_mid,0.035,0.05,1.0,8,0.03125,12.0,c276e77d0a0b51c2e7,stage4_complete,spectral,0.0429122522473335,1,"2,41,86,105,196,205,208,245",33.625,311.625,39.25,3.25,0.1045614083947424,0.28125,0.83984375,0.09601520526511,1.4285714285714286,0.4321165382862091,,,
stage4e_topology,2,256,modular,43003,transition_mid,0.035,0.05,1.0,32,0.125,12.0,33bdd2baf5bb59e813,stage4_complete,cycle_proxy,0.0982498973608017,1,"2,4,20,41,47,64,70,74,80,86,91,105,110,112,113,119,124,153,161,167,169,186,193,195,203,205,208,213,219,223,238,245",31.0625,269.28125,34.40625,3.6875,0.0826036287860835,0.8671875,1.0,0.038080130432908,2.058467741935484,0.344853937625885,,,
stage4e_topology,2,256,modular,43003,transition_mid,0.035,0.05,1.0,32,0.125,12.0,33bdd2baf5bb59e813,stage4_complete,feedback_hub,0.1779062151908874,1,"2,4,21,22,25,27,41,47,53,64,65,86,94,96,105,110,112,116,124,153,162,163,169,186,193,196,203,204,205,208,238,245",32.4375,291.46875,31.46875,4.8125,0.0828741904179346,0.83984375,1.0,0.034195938015902,1.997983870967742,0.344853937625885,,,
stage4e_topology,2,256,modular,43003,transition_mid,0.035,0.05,1.0,32,0.125,12.0,33bdd2baf5bb59e813,stage4_complete,dynamics_aware,0.1742868423461914,1,"2,4,21,27,41,47,50,60,64,65,81,86,88,90,94,96,105,112,116,119,147,153,161,163,166,169,186,193,203,205,241,245",30.15625,255.5625,28.40625,4.125,0.0762641082112523,0.87109375,1.0,0.0289076154443681,2.0846774193548385,0.344853937625885,,,
stage4e_topology,2,256,modular,43003,transition_mid,0.035,0.05,1.0,32,0.125,12.0,33bdd2baf5bb59e813,stage4_complete,high_degree,0.1728589534759521,1,"2,4,21,25,27,41,47,53,64,65,86,94,96,105,110,112,116,119,124,153,162,163,169,186,193,196,203,204,205,208,238,245",32.46875,291.375,31.625,4.71875,0.0829468896043643,0.85546875,1.0,0.0343291977279337,2.002016129032258,0.344853937625885,,,
stage4e_topology,2,256,modular,43003,transition_mid,0.035,0.05,1.0,32,0.125,12.0,33bdd2baf5bb59e813,stage4_complete,module_bridge,0.08037830889225,1,"8,9,11,22,25,27,28,35,40,47,54,66,72,94,107,112,116,124,127,137,138,152,162,169,170,176,186,196,204,218,236,238",29.03125,238.53125,21.5,7.0,0.0709077983545695,0.90234375,1.0,0.0272378983302594,2.0201612903225805,0.344853937625885,,,
stage4e_topology,2,256,modular,43003,transition_mid,0.035,0.05,1.0,32,0.125,12.0,33bdd2baf5bb59e813,stage4_complete,random,0.08812253887299445,32,,24.83203125,179.4697265625,19.0625,3.77734375,0.06033038078116926,0.827880859375,1.0,0.025414121342670033,2.237210181451613,0.344853937625885,,,
stage4e_topology,2,256,modular,43003,transition_mid,0.035,0.05,1.0,32,0.125,12.0,33bdd2baf5bb59e813,stage4_complete,spectral,0.1114449724555015,1,"2,15,28,41,47,62,73,82,86,91,105,110,115,138,145,149,161,162,164,166,167,193,195,196,205,208,213,218,223,238,245,248",29.875,250.8125,30.25,4.03125,0.0906983978180316,0.48046875,0.99609375,0.0919097188779547,1.6088709677419355,0.344853937625885,,,
stage4e_topology,2,256,modular,43003,transition_mid,0.035,0.05,1.0,64,0.25,12.0,4bf5b040b37d322404,stage4_complete,cycle_proxy,0.1895408928394317,1,"0,2,3,4,5,15,20,21,22,24,27,28,41,45,47,53,59,64,65,70,74,80,82,86,91,105,110,112,113,116,119,124,129,138,151,153,159,161,164,167,169,182,186,189,193,195,196,203,205,208,212,213,218,219,221,222,223,227,238,239,240,243,245,254",29.328125,242.96875,30.078125,3.734375,0.0754996640803895,0.98046875,1.0,0.0323180714055223,2.1354166666666665,0.7283169627189636,,,
stage4e_topology,2,256,modular,43003,transition_mid,0.035,0.05,1.0,64,0.25,12.0,4bf5b040b37d322404,stage4_complete,feedback_hub,0.3577842116355896,1,"2,4,8,15,20,21,22,25,27,28,34,41,47,53,54,64,65,66,70,74,80,85,86,94,96,105,110,112,113,115,116,119,121,124,138,141,142,143,145,153,162,163,164,166,169,186,193,195,196,203,204,205,208,213,214,218,221,222,223,227,238,241,245,254",30.5625,260.59375,28.109375,4.625,0.0772511502959237,0.9765625,1.0,0.0322187008420667,2.074404761904762,0.7283169627189636,,,
stage4e_topology,2,256,modular,43003,transition_mid,0.035,0.05,1.0,64,0.25,12.0,4bf5b040b37d322404,stage4_complete,dynamics_aware,0.40557861328125,1,"0,1,3,8,10,13,20,26,27,33,38,40,41,43,46,49,53,63,65,68,72,76,77,88,94,96,104,111,114,115,116,124,126,127,141,149,151,154,155,162,164,165,169,171,173,183,189,195,199,203,209,212,217,221,222,229,236,237,245,247,249,251,253,255",25.5625,188.015625,19.875,3.875,0.0619014620865871,0.98046875,1.0,0.0262548673615015,2.2073412698412698,0.7283169627189636,,,
stage4e_topology,2,256,modular,43003,transition_mid,0.035,0.05,1.0,64,0.25,12.0,4bf5b040b37d322404,stage4_complete,high_degree,0.2983874082565307,1,"2,4,8,15,20,21,22,25,27,28,34,40,41,47,53,54,64,65,66,70,74,80,85,86,94,96,105,110,112,113,115,116,119,124,138,141,142,143,145,153,159,162,163,164,169,186,192,193,195,196,203,204,205,208,213,214,218,221,223,227,238,241,245,254",30.609375,259.890625,27.953125,4.703125,0.0767803846295842,0.98828125,1.0,0.0309707953711484,2.0768849206349205,0.7283169627189636,,,
stage4e_topology,2,256,modular,43003,transition_mid,0.035,0.05,1.0,64,0.25,12.0,4bf5b040b37d322404,stage4_complete,module_bridge,0.2569618821144104,1,"8,9,10,11,15,20,21,22,25,26,27,28,32,34,35,37,40,47,48,54,66,70,72,84,85,86,94,97,105,107,111,112,116,117,121,124,127,137,138,139,141,145,152,162,169,170,174,176,180,185,186,195,196,203,204,213,215,218,228,234,236,238,241,248",28.15625,225.390625,21.328125,6.25,0.069538634648322,0.9765625,1.0,0.0282747570160357,2.031746031746032,0.7283169627189636,,,
stage4e_topology,2,256,modular,43003,transition_mid,0.035,0.05,1.0,64,0.25,12.0,4bf5b040b37d322404,stage4_complete,random,0.24457513308152554,32,,24.86669921875,179.845703125,18.91748046875,3.80810546875,0.06069241472626453,0.9677734375,1.0,0.025644002168185107,2.23694816468254,0.7283169627189636,,,
stage4e_topology,2,256,modular,43003,transition_mid,0.035,0.05,1.0,64,0.25,12.0,4bf5b040b37d322404,stage4_complete,spectral,0.3280165493488312,1,"1,2,3,9,15,21,25,27,28,37,41,47,62,64,65,66,69,73,82,86,91,94,96,105,108,110,113,115,116,122,124,131,138,145,149,150,161,162,164,166,167,169,179,186,189,193,195,196,203,204,205,208,213,215,218,223,225,236,237,238,245,248,249,254",29.046875,236.390625,26.4375,4.4375,0.0822308178069714,0.86328125,1.0,0.0564124679249917,1.8625992063492065,0.7283169627189636,,,
stage4e_topology,2,256,small_world,43001,sparse_drive,0.05,0.05,1.0,8,0.03125,12.0,8cf371a052b3970210,stage4_complete,cycle_proxy,0.0726442337036132,1,"5,7,11,67,69,101,105,115",27.375,215.0,54.125,0.0,0.0682747453893288,0.34375,0.890625,0.0410408947445786,2.25,0.5169647932052612,,,
stage4e_topology,2,256,small_world,43001,sparse_drive,0.05,0.05,1.0,8,0.03125,12.0,8cf371a052b3970210,stage4_complete,feedback_hub,0.09407439827919,1,"24,70,80,93,101,121,219,245",30.875,267.0,43.375,0.0,0.0761379981133622,0.40234375,0.96875,0.0297304941991264,2.0357142857142856,0.5169647932052612,,,
stage4e_topology,2,256,small_world,43001,sparse_drive,0.05,0.05,1.0,8,0.03125,12.0,8cf371a052b3970210,stage4_complete,dynamics_aware,0.3773123621940613,1,"21,28,45,65,163,181,188,201",25.5,181.75,34.0,0.0,0.0591193583191647,0.3359375,0.88671875,0.0264450403974392,2.2142857142857144,0.5169647932052612,,,
stage4e_topology,2,256,small_world,43001,sparse_drive,0.05,0.05,1.0,8,0.03125,12.0,8cf371a052b3970210,stage4_complete,high_degree,0.0928741097450256,1,"24,70,80,93,121,219,245,249",31.0,266.625,42.625,0.0,0.0760789714108031,0.41796875,0.9765625,0.0302125624899207,2.0,0.5169647932052612,,,
stage4e_topology,2,256,small_world,43001,sparse_drive,0.05,0.05,1.0,8,0.03125,12.0,8cf371a052b3970210,stage4_complete,module_bridge,0.0928741097450256,1,"24,70,80,93,121,219,245,249",31.0,266.625,42.625,0.0,0.0760789714108031,0.41796875,0.9765625,0.0302125624899207,2.0,0.5169647932052612,,,
stage4e_topology,2,256,small_world,43001,sparse_drive,0.05,0.05,1.0,8,0.03125,12.0,8cf371a052b3970210,stage4_complete,random,0.1693456985522061,32,,26.08203125,191.22265625,37.48828125,0.0,0.06195525042104902,0.366943359375,0.947021484375,0.025594203832338885,2.264508928571429,0.5169647932052612,,,
stage4e_topology,2,256,small_world,43001,sparse_drive,0.05,0.05,1.0,8,0.03125,12.0,8cf371a052b3970210,stage4_complete,spectral,0.1794673651456833,1,"24,69,70,77,80,93,101,249",30.625,262.5,45.75,0.0,0.0767519583327698,0.38671875,0.96875,0.0557967149697807,1.8214285714285716,0.5169647932052612,,,
stage4e_topology,2,256,small_world,43001,sparse_drive,0.05,0.05,1.0,32,0.125,12.0,5d380918dc2d822579,stage4_complete,cycle_proxy,0.1774190068244934,1,"1,5,7,11,15,18,52,57,58,61,67,69,80,101,102,105,110,111,112,115,128,154,162,164,165,184,195,204,231,236,237,246",27.40625,213.21875,50.0625,0.0,0.0662475157480098,0.83984375,1.0,0.029931111190332,2.245967741935484,0.3659630417823791,,,
stage4e_topology,2,256,small_world,43001,sparse_drive,0.05,0.05,1.0,32,0.125,12.0,5d380918dc2d822579,stage4_complete,feedback_hub,0.1587302088737487,1,"7,24,28,50,52,58,66,69,70,77,80,87,93,101,102,111,112,121,136,146,195,196,204,210,219,226,231,235,239,245,249,250",29.40625,242.375,43.53125,0.0,0.0716297125997672,0.8359375,1.0,0.0331894432032587,2.0423387096774195,0.3659630417823791,,,
stage4e_topology,2,256,small_world,43001,sparse_drive,0.05,0.05,1.0,32,0.125,12.0,5d380918dc2d822579,stage4_complete,dynamics_aware,0.3218393623828888,1,"5,9,26,29,33,36,38,44,45,60,64,66,88,93,99,104,123,128,131,145,146,151,171,178,204,213,215,225,234,236,246,250",26.5625,197.84375,38.4375,0.0,0.0636988009661823,0.92578125,1.0,0.0232538220145746,2.280241935483871,0.3659630417823791,,,
stage4e_topology,2,256,small_world,43001,sparse_drive,0.05,0.05,1.0,32,0.125,12.0,5d380918dc2d822579,stage4_complete,high_degree,0.1467968523502349,1,"7,24,28,50,57,58,66,69,70,77,80,87,93,101,111,112,121,136,137,146,195,196,204,206,210,213,219,231,235,239,245,249",29.40625,240.46875,42.40625,0.0,0.0715430416643046,0.828125,1.0,0.0344074000268067,2.0141129032258065,0.3659630417823791,,,
stage4e_topology,2,256,small_world,43001,sparse_drive,0.05,0.05,1.0,32,0.125,12.0,5d380918dc2d822579,stage4_complete,module_bridge,0.1467968523502349,1,"7,24,28,50,57,58,66,69,70,77,80,87,93,101,111,112,121,136,137,146,195,196,204,206,210,213,219,231,235,239,245,249",29.40625,240.46875,42.40625,0.0,0.0715430416643046,0.828125,1.0,0.0344074000268067,2.0141129032258065,0.3659630417823791,,,
stage4e_topology,2,256,small_world,43001,sparse_drive,0.05,0.05,1.0,32,0.125,12.0,5d380918dc2d822579,stage4_complete,random,0.09129427687730636,32,,25.9560546875,189.48828125,37.416015625,0.0,0.061954731066940966,0.84716796875,1.0,0.026978346541049726,2.251323084677419,0.3659630417823791,,,
stage4e_topology,2,256,small_world,43001,sparse_drive,0.05,0.05,1.0,32,0.125,12.0,5d380918dc2d822579,stage4_complete,spectral,0.1533284187316894,1,"24,28,50,57,58,64,66,68,69,70,77,79,80,87,88,89,93,101,102,105,110,111,112,114,119,121,219,231,235,239,245,249",29.125,237.75,43.25,0.0,0.072476222652579,0.73828125,1.0,0.0440069905659309,1.967741935483871,0.3659630417823791,,,
stage4e_topology,2,256,small_world,43001,sparse_drive,0.05,0.05,1.0,64,0.25,12.0,66e44d3dffbc34d608,stage4_complete,cycle_proxy,0.1855197995901107,1,"1,5,7,10,11,15,17,18,21,24,32,34,38,45,49,50,52,53,57,58,60,61,64,66,67,68,69,73,74,76,80,101,102,105,107,110,111,112,115,120,128,154,159,162,164,165,184,195,196,204,210,218,219,223,224,229,231,234,236,237,244,246,249,253",27.25,210.71875,47.59375,0.0,0.0658934731584489,0.95703125,1.0,0.0311663611945986,2.236111111111111,0.5921576619148254,,,
stage4e_topology,2,256,small_world,43001,sparse_drive,0.05,0.05,1.0,64,0.25,12.0,66e44d3dffbc34d608,stage4_complete,feedback_hub,0.2692389488220215,1,"7,10,12,15,24,28,29,30,32,35,45,50,52,56,57,58,64,66,68,69,70,77,80,87,88,93,101,102,105,110,111,112,114,115,119,121,124,133,136,137,138,146,150,152,159,165,195,196,204,206,210,217,219,226,228,229,231,235,236,239,245,246,249,250",28.609375,230.359375,42.390625,0.0,0.0692519879226246,0.9765625,1.0,0.0298823772505259,2.102678571428572,0.5921576619148254,,,
stage4e_topology,2,256,small_world,43001,sparse_drive,0.05,0.05,1.0,64,0.25,12.0,66e44d3dffbc34d608,stage4_complete,dynamics_aware,0.3227946758270263,1,"0,1,9,13,15,16,18,29,31,38,39,43,51,56,57,58,59,68,77,82,87,89,90,99,100,102,104,106,108,109,121,131,141,142,147,152,153,156,161,167,168,170,171,175,179,181,182,189,202,203,212,215,222,223,230,232,235,238,239,240,244,245,249,253",25.953125,190.484375,37.359375,0.0,0.0620293304211041,0.98828125,1.0,0.0273821022672395,2.251984126984127,0.5921576619148254,,,
stage4e_topology,2,256,small_world,43001,sparse_drive,0.05,0.05,1.0,64,0.25,12.0,66e44d3dffbc34d608,stage4_complete,high_degree,0.1211682856082916,1,"7,10,12,15,20,24,28,29,30,32,45,50,52,57,58,60,64,66,68,69,70,77,80,87,88,93,101,102,110,111,112,114,119,121,133,136,137,138,146,150,152,159,165,183,193,195,196,204,206,210,213,217,219,226,228,229,231,235,239,245,246,249,250,253",28.671875,228.71875,41.6875,0.0,0.0691008996333269,0.98046875,1.0,0.0288583525991736,2.1031746031746037,0.5921576619148254,,,
stage4e_topology,2,256,small_world,43001,sparse_drive,0.05,0.05,1.0,64,0.25,12.0,66e44d3dffbc34d608,stage4_complete,module_bridge,0.3227521777153015,1,"7,10,12,15,20,24,28,29,30,32,45,50,52,57,58,64,66,68,69,70,77,80,87,88,93,101,102,110,111,112,114,119,121,133,136,137,138,146,150,152,159,165,183,193,195,196,199,204,206,210,213,217,219,226,228,229,231,235,239,245,246,249,250,253",28.671875,228.71875,41.375,0.0,0.0690150335055304,0.98046875,1.0,0.0289760665797771,2.095734126984127,0.5921576619148254,,,
stage4e_topology,2,256,small_world,43001,sparse_drive,0.05,0.05,1.0,64,0.25,12.0,66e44d3dffbc34d608,stage4_complete,random,0.19847077899612484,32,,26.01806640625,190.509765625,37.40771484375,0.0,0.06221773772004466,0.9774169921875,1.0,0.027567768600826333,2.2438461061507935,0.5921576619148254,,,
stage4e_topology,2,256,small_world,43001,sparse_drive,0.05,0.05,1.0,64,0.25,12.0,66e44d3dffbc34d608,stage4_complete,spectral,0.2388701438903808,1,"7,10,12,15,20,24,28,32,50,56,57,58,60,64,66,67,68,69,70,73,76,77,79,80,82,84,87,88,89,93,97,99,101,102,103,105,110,111,112,114,115,119,121,125,133,136,138,146,196,204,210,213,219,226,228,229,231,235,239,245,246,249,250,253",28.375,224.421875,42.390625,0.0,0.0699096593415101,0.9140625,1.0,0.0370248812516643,2.0793650793650795,0.5921576619148254,,,
stage4e_topology,2,256,small_world,43001,transition_dense,0.035,0.1,1.0,8,0.03125,12.0,9f7713b358373dd3c6,stage4_complete,cycle_proxy,0.0600967817008495,1,"52,55,81,109,118,161,202,203",57.125,871.375,219.375,0.0,0.0681961220772401,0.63671875,1.0,0.0580992611188666,1.7857142857142858,0.4705815613269806,,,
stage4e_topology,2,256,small_world,43001,transition_dense,0.035,0.1,1.0,8,0.03125,12.0,9f7713b358373dd3c6,stage4_complete,feedback_hub,0.1538818776607513,1,"18,21,118,161,170,182,202,203",57.875,887.75,197.375,0.0,0.0699381142835452,0.6171875,1.0,0.0647316505707447,1.6428571428571428,0.4705815613269806,,,
stage4e_topology,2,256,small_world,43001,transition_dense,0.035,0.1,1.0,8,0.03125,12.0,9f7713b358373dd3c6,stage4_complete,dynamics_aware,0.3958595395088196,1,"8,118,144,187,190,210,212,244",51.5,707.25,163.5,0.0,0.0620436723715346,0.52734375,1.0,0.082594648861932,1.75,0.4705815613269806,,,
stage4e_topology,2,256,small_world,43001,transition_dense,0.035,0.1,1.0,8,0.03125,12.0,9f7713b358373dd3c6,stage4_complete,high_degree,0.1108221709728241,1,"21,52,55,161,170,182,203,254",57.875,886.5,199.5,0.0,0.0699328582702306,0.59765625,1.0,0.0635587094745298,1.75,0.4705815613269806,,,
stage4e_topology,2,256,small_world,43001,transition_dense,0.035,0.1,1.0,8,0.03125,12.0,9f7713b358373dd3c6,stage4_complete,module_bridge,0.1108221709728241,1,"21,52,55,161,170,182,203,254",57.875,886.5,199.5,0.0,0.0699328582702306,0.59765625,1.0,0.0635587094745298,1.75,0.4705815613269806,,,
stage4e_topology,2,256,small_world,43001,transition_dense,0.035,0.1,1.0,8,0.03125,12.0,9f7713b358373dd3c6,stage4_complete,random,0.11940180743113157,32,,52.03125,719.28515625,162.3359375,0.0,0.06253666071272869,0.59765625,0.999755859375,0.053890683711518575,1.8359375,0.4705815613269806,,,
stage4e_topology,2,256,small_world,43001,transition_dense,0.035,0.1,1.0,8,0.03125,12.0,9f7713b358373dd3c6,stage4_complete,spectral,0.1619466543197631,1,"18,21,32,161,170,181,189,203",57.875,883.5,185.125,0.0,0.0702981539606476,0.5234375,1.0,0.0803800766612545,1.5714285714285714,0.4705815613269806,,,
stage4e_topology,2,256,small_world,43001,transition_dense,0.035,0.1,1.0,32,0.125,12.0,3153b5ca78c9a8748c,stage4_complete,cycle_proxy,0.1286603212356567,1,"13,21,28,30,41,49,52,53,55,59,61,77,81,109,118,126,135,138,148,152,153,161,163,175,180,202,203,213,215,233,248,252",54.03125,779.875,198.0,0.0,0.0649351572818641,0.98828125,1.0,0.0576309256585901,1.8004032258064515,0.2761658430099487,,,
stage4e_topology,2,256,small_world,43001,transition_dense,0.035,0.1,1.0,32,0.125,12.0,3153b5ca78c9a8748c,stage4_complete,feedback_hub,0.0865089893341064,1,"9,18,19,21,30,32,33,52,55,90,105,109,112,118,148,161,170,181,182,189,199,202,203,215,217,221,230,232,234,251,252,254",56.34375,845.59375,185.8125,0.0,0.0677323786093474,0.9765625,1.0,0.0616236669072243,1.7318548387096775,0.2761658430099487,,,
stage4e_topology,2,256,small_world,43001,transition_dense,0.035,0.1,1.0,32,0.125,12.0,3153b5ca78c9a8748c,stage4_complete,dynamics_aware,0.2100951820611953,1,"2,4,12,16,49,55,62,67,68,72,86,91,120,125,129,140,145,146,154,155,168,174,175,176,183,189,195,215,223,229,235,242",51.6875,709.96875,166.59375,0.0,0.0620892961034194,0.9921875,1.0,0.0514829402196774,1.8326612903225807,0.2761658430099487,,,
stage4e_topology,2,256,small_world,43001,transition_dense,0.035,0.1,1.0,32,0.125,12.0,3153b5ca78c9a8748c,stage4_complete,high_degree,0.0992710292339325,1,"9,18,21,32,46,52,55,72,98,105,109,112,118,128,132,137,148,157,161,170,181,182,189,199,202,203,215,230,234,251,252,254",56.46875,839.84375,184.3125,0.0,0.0678693951547984,0.984375,1.0,0.0558329620445017,1.7540322580645162,0.2761658430099487,,,
stage4e_topology,2,256,small_world,43001,transition_dense,0.035,0.1,1.0,32,0.125,12.0,3153b5ca78c9a8748c,stage4_complete,module_bridge,0.0992710292339325,1,"9,18,21,32,46,52,55,72,98,105,109,112,118,128,132,137,148,157,161,170,181,182,189,199,202,203,215,230,234,251,252,254",56.46875,839.84375,184.3125,0.0,0.0678693951547984,0.984375,1.0,0.0558329620445017,1.7540322580645162,0.2761658430099487,,,
stage4e_topology,2,256,small_world,43001,transition_dense,0.035,0.1,1.0,32,0.125,12.0,3153b5ca78c9a8748c,stage4_complete,random,0.11983223655261095,32,,51.8828125,715.7783203125,162.8564453125,0.0,0.06230354410766646,0.9766845703125,1.0,0.055077209751344,1.812373991935484,0.2761658430099487,,,
stage4e_topology,2,256,small_world,43001,transition_dense,0.035,0.1,1.0,32,0.125,12.0,3153b5ca78c9a8748c,stage4_complete,spectral,0.1171605959534645,1,"9,18,19,21,30,32,33,46,52,55,72,105,112,118,132,148,149,157,161,170,181,182,189,201,202,203,215,217,230,234,251,254",56.40625,842.1875,183.09375,0.0,0.0680000279916796,0.9609375,1.0,0.0603144443391347,1.7318548387096775,0.2761658430099487,,,
stage4e_topology,2,256,small_world,43001,transition_dense,0.035,0.1,1.0,64,0.25,12.0,90f2b91da55da74b92,stage4_complete,cycle_proxy,0.3466247916221618,1,"13,19,21,24,28,30,32,36,41,47,49,50,52,53,55,57,58,59,61,62,69,77,80,81,109,110,118,123,125,126,127,134,135,138,141,147,148,152,153,156,161,163,166,170,175,180,181,188,193,196,202,203,205,213,215,224,230,232,233,235,239,248,251,252",53.625,766.703125,189.09375,0.0,0.0644310058136163,0.99609375,1.0,0.0578070570427139,1.8035714285714288,0.7401757836341858,,,
stage4e_topology,2,256,small_world,43001,transition_dense,0.035,0.1,1.0,64,0.25,12.0,90f2b91da55da74b92,stage4_complete,feedback_hub,0.3324013650417328,1,"2,7,9,12,17,18,19,21,30,32,33,37,39,46,52,55,61,62,69,72,73,81,90,98,105,109,112,115,118,119,120,128,132,141,148,149,152,157,159,161,170,181,182,188,189,199,201,202,203,205,208,215,217,221,230,232,233,234,241,248,250,251,252,254",55.453125,815.78125,178.25,0.0,0.0665557609339997,1.0,1.0,0.0585253123303628,1.7723214285714286,0.7401757836341858,,,
stage4e_topology,2,256,small_world,43001,transition_dense,0.035,0.1,1.0,64,0.25,12.0,90f2b91da55da74b92,stage4_complete,dynamics_aware,0.5754381418228149,1,"0,1,4,5,9,16,24,30,32,35,41,47,51,53,57,58,64,65,68,73,76,90,94,113,128,130,132,134,135,136,138,142,146,149,151,156,157,159,160,166,170,177,181,184,185,187,190,192,202,206,211,213,214,216,217,218,220,225,235,243,247,249,253,255",51.796875,712.203125,165.15625,0.0,0.0623635978618554,1.0,1.0,0.0568999513783647,1.7991071428571428,0.7401757836341858,,,
stage4e_topology,2,256,small_world,43001,transition_dense,0.035,0.1,1.0,64,0.25,12.0,90f2b91da55da74b92,stage4_complete,high_degree,0.3102712631225586,1,"2,7,9,12,17,18,19,21,24,30,32,33,37,39,46,52,55,61,69,72,73,81,90,98,105,109,112,115,118,119,128,132,137,141,148,149,152,157,161,170,181,182,188,189,199,201,202,203,205,208,215,217,221,222,223,230,232,233,234,241,248,251,252,254",55.46875,813.484375,177.75,0.0,0.0665789468065778,1.0,1.0,0.0575176818341856,1.7708333333333333,0.7401757836341858,,,
stage4e_topology,2,256,small_world,43001,transition_dense,0.035,0.1,1.0,64,0.25,12.0,90f2b91da55da74b92,stage4_complete,module_bridge,0.3102712631225586,1,"2,7,9,12,17,18,19,21,24,30,32,33,37,39,46,52,55,61,69,72,73,81,90,98,105,109,112,115,118,119,128,132,137,141,148,149,152,157,161,170,181,182,188,189,199,201,202,203,205,208,215,217,221,222,223,230,232,233,234,241,248,251,252,254",55.46875,813.484375,177.75,0.0,0.0665789468065778,1.0,1.0,0.0575176818341856,1.7708333333333333,0.7401757836341858,,,
stage4e_topology,2,256,small_world,43001,transition_dense,0.035,0.1,1.0,64,0.25,12.0,90f2b91da55da74b92,stage4_complete,random,0.26667938427999616,32,,51.99462890625,719.02001953125,163.98388671875,0.0,0.062406261088644145,0.9996337890625,1.0,0.05606985484703656,1.809632316468254,0.7401757836341858,,,
stage4e_topology,2,256,small_world,43001,transition_dense,0.035,0.1,1.0,64,0.25,12.0,90f2b91da55da74b92,stage4_complete,spectral,0.2925635278224945,1,"2,7,9,12,13,17,18,19,21,24,27,30,32,33,37,39,46,52,55,61,72,73,98,105,109,112,115,118,128,132,137,141,148,149,152,156,157,159,161,167,170,172,181,182,188,189,199,201,202,203,205,208,215,217,221,223,230,232,234,248,250,251,252,254",55.40625,811.59375,177.203125,0.0,0.066686409343528,0.99609375,1.0,0.0593975816415737,1.7549603174603174,0.7401757836341858,,,
stage4e_topology,2,256,small_world,43001,transition_mid,0.035,0.05,1.0,8,0.03125,12.0,94a2bf553d6f6fc0e0,stage4_complete,cycle_proxy,0.0636774152517318,1,"5,7,11,67,69,101,105,115",27.375,215.0,54.125,0.0,0.0682747453893288,0.34375,0.890625,0.0410408947445786,2.25,0.5198944807052612,,,
stage4e_topology,2,256,small_world,43001,transition_mid,0.035,0.05,1.0,8,0.03125,12.0,94a2bf553d6f6fc0e0,stage4_complete,feedback_hub,0.1047392934560775,1,"24,70,80,93,101,121,219,245",30.875,267.0,43.375,0.0,0.0761379981133622,0.40234375,0.96875,0.0297304941991264,2.0357142857142856,0.5198944807052612,,,
stage4e_topology,2,256,small_world,43001,transition_mid,0.035,0.05,1.0,8,0.03125,12.0,94a2bf553d6f6fc0e0,stage4_complete,dynamics_aware,0.4367991387844085,1,"9,38,131,177,190,207,241,249",25.625,181.875,36.625,0.0,0.060330508764976,0.4296875,0.96875,0.0206903820950592,2.4642857142857144,0.5198944807052612,,,
stage4e_topology,2,256,small_world,43001,transition_mid,0.035,0.05,1.0,8,0.03125,12.0,94a2bf553d6f6fc0e0,stage4_complete,high_degree,0.1059579700231552,1,"24,70,80,93,121,219,245,249",31.0,266.625,42.625,0.0,0.0760789714108031,0.41796875,0.9765625,0.0302125624899207,2.0,0.5198944807052612,,,
stage4e_topology,2,256,small_world,43001,transition_mid,0.035,0.05,1.0,8,0.03125,12.0,94a2bf553d6f6fc0e0,stage4_complete,module_bridge,0.1059579700231552,1,"24,70,80,93,121,219,245,249",31.0,266.625,42.625,0.0,0.0760789714108031,0.41796875,0.9765625,0.0302125624899207,2.0,0.5198944807052612,,,
stage4e_topology,2,256,small_world,43001,transition_mid,0.035,0.05,1.0,8,0.03125,12.0,94a2bf553d6f6fc0e0,stage4_complete,random,0.15094778896309433,32,,26.08203125,191.22265625,37.48828125,0.0,0.06195525042104902,0.366943359375,0.947021484375,0.025594203832338885,2.264508928571429,0.5198944807052612,,,
stage4e_topology,2,256,small_world,43001,transition_mid,0.035,0.05,1.0,8,0.03125,12.0,94a2bf553d6f6fc0e0,stage4_complete,spectral,0.1622806191444397,1,"24,69,70,77,80,93,101,249",30.625,262.5,45.75,0.0,0.0767519583327698,0.38671875,0.96875,0.0557967149697807,1.8214285714285716,0.5198944807052612,,,
stage4e_topology,2,256,small_world,43001,transition_mid,0.035,0.05,1.0,32,0.125,12.0,16bd3eaf233e48e27f,stage4_complete,cycle_proxy,0.0829357728362083,1,"1,5,7,11,15,18,52,57,58,61,67,69,80,101,102,105,110,111,112,115,128,154,162,164,165,184,195,204,231,236,237,246",27.40625,213.21875,50.0625,0.0,0.0662475157480098,0.83984375,1.0,0.029931111190332,2.245967741935484,0.2610493898391723,,,
stage4e_topology,2,256,small_world,43001,transition_mid,0.035,0.05,1.0,32,0.125,12.0,16bd3eaf233e48e27f,stage4_complete,feedback_hub,0.0890878960490226,1,"7,24,28,50,52,58,66,69,70,77,80,87,93,101,102,111,112,121,136,146,195,196,204,210,219,226,231,235,239,245,249,250",29.40625,242.375,43.53125,0.0,0.0716297125997672,0.8359375,1.0,0.0331894432032587,2.0423387096774195,0.2610493898391723,,,
stage4e_topology,2,256,small_world,43001,transition_mid,0.035,0.05,1.0,32,0.125,12.0,16bd3eaf233e48e27f,stage4_complete,dynamics_aware,0.1409293711185455,1,"2,3,7,20,22,40,46,55,61,70,71,85,94,100,110,114,127,152,154,170,178,180,181,182,186,189,191,206,219,229,233,247",25.875,186.96875,36.21875,0.0,0.0613784503725033,0.87109375,1.0,0.0251213363429176,2.256048387096774,0.2610493898391723,,,
stage4e_topology,2,256,small_world,43001,transition_mid,0.035,0.05,1.0,32,0.125,12.0,16bd3eaf233e48e27f,stage4_complete,high_degree,0.1358721256256103,1,"7,24,28,50,57,58,66,69,70,77,80,87,93,101,111,112,121,136,137,146,195,196,204,206,210,213,219,231,235,239,245,249",29.40625,240.46875,42.40625,0.0,0.0715430416643046,0.828125,1.0,0.0344074000268067,2.0141129032258065,0.2610493898391723,,,
stage4e_topology,2,256,small_world,43001,transition_mid,0.035,0.05,1.0,32,0.125,12.0,16bd3eaf233e48e27f,stage4_complete,module_bridge,0.1358721256256103,1,"7,24,28,50,57,58,66,69,70,77,80,87,93,101,111,112,121,136,137,146,195,196,204,206,210,213,219,231,235,239,245,249",29.40625,240.46875,42.40625,0.0,0.0715430416643046,0.828125,1.0,0.0344074000268067,2.0141129032258065,0.2610493898391723,,,
stage4e_topology,2,256,small_world,43001,transition_mid,0.035,0.05,1.0,32,0.125,12.0,16bd3eaf233e48e27f,stage4_complete,random,0.08098965266253794,32,,25.9560546875,189.48828125,37.416015625,0.0,0.061954731066940966,0.84716796875,1.0,0.026978346541049726,2.251323084677419,0.2610493898391723,,,
stage4e_topology,2,256,small_world,43001,transition_mid,0.035,0.05,1.0,32,0.125,12.0,16bd3eaf233e48e27f,stage4_complete,spectral,0.1380824744701385,1,"24,28,50,57,58,64,66,68,69,70,77,79,80,87,88,89,93,101,102,105,110,111,112,114,119,121,219,231,235,239,245,249",29.125,237.75,43.25,0.0,0.072476222652579,0.73828125,1.0,0.0440069905659309,1.967741935483871,0.2610493898391723,,,
stage4e_topology,2,256,small_world,43001,transition_mid,0.035,0.05,1.0,64,0.25,12.0,9c9f7a03ed6b4f7838,stage4_complete,cycle_proxy,0.184907391667366,1,"1,5,7,10,11,15,17,18,21,24,32,34,38,45,49,50,52,53,57,58,60,61,64,66,67,68,69,73,74,76,80,101,102,105,107,110,111,112,115,120,128,154,159,162,164,165,184,195,196,204,210,218,219,223,224,229,231,234,236,237,244,246,249,253",27.25,210.71875,47.59375,0.0,0.0658934731584489,0.95703125,1.0,0.0311663611945986,2.236111111111111,0.7134855389595032,,,
stage4e_topology,2,256,small_world,43001,transition_mid,0.035,0.05,1.0,64,0.25,12.0,9c9f7a03ed6b4f7838,stage4_complete,feedback_hub,0.232924222946167,1,"7,10,12,15,24,28,29,30,32,35,45,50,52,56,57,58,64,66,68,69,70,77,80,87,88,93,101,102,105,110,111,112,114,115,119,121,124,133,136,137,138,146,150,152,159,165,195,196,204,206,210,217,219,226,228,229,231,235,236,239,245,246,249,250",28.609375,230.359375,42.390625,0.0,0.0692519879226246,0.9765625,1.0,0.0298823772505259,2.102678571428572,0.7134855389595032,,,
stage4e_topology,2,256,small_world,43001,transition_mid,0.035,0.05,1.0,64,0.25,12.0,9c9f7a03ed6b4f7838,stage4_complete,dynamics_aware,0.3262573480606079,1,"4,5,20,23,28,30,34,35,37,52,59,61,63,65,72,75,77,78,84,85,93,103,107,108,109,110,117,118,124,127,128,131,152,155,156,159,160,162,163,164,165,168,177,178,184,185,188,200,203,204,208,209,213,216,224,226,230,235,238,241,250,251,252,255",25.984375,187.359375,36.609375,0.0,0.0619659108056797,0.984375,1.0,0.0286321752116902,2.2455357142857144,0.7134855389595032,,,
stage4e_topology,2,256,small_world,43001,transition_mid,0.035,0.05,1.0,64,0.25,12.0,9c9f7a03ed6b4f7838,stage4_complete,high_degree,0.2477093040943145,1,"7,10,12,15,20,24,28,29,30,32,45,50,52,57,58,60,64,66,68,69,70,77,80,87,88,93,101,102,110,111,112,114,119,121,133,136,137,138,146,150,152,159,165,183,193,195,196,204,206,210,213,217,219,226,228,229,231,235,239,245,246,249,250,253",28.671875,228.71875,41.6875,0.0,0.0691008996333269,0.98046875,1.0,0.0288583525991736,2.1031746031746037,0.7134855389595032,,,
stage4e_topology,2,256,small_world,43001,transition_mid,0.035,0.05,1.0,64,0.25,12.0,9c9f7a03ed6b4f7838,stage4_complete,module_bridge,0.1989261358976364,1,"7,10,12,15,20,24,28,29,30,32,45,50,52,57,58,64,66,68,69,70,77,80,87,88,93,101,102,110,111,112,114,119,121,133,136,137,138,146,150,152,159,165,183,193,195,196,199,204,206,210,213,217,219,226,228,229,231,235,239,245,246,249,250,253",28.671875,228.71875,41.375,0.0,0.0690150335055304,0.98046875,1.0,0.0289760665797771,2.095734126984127,0.7134855389595032,,,
stage4e_topology,2,256,small_world,43001,transition_mid,0.035,0.05,1.0,64,0.25,12.0,9c9f7a03ed6b4f7838,stage4_complete,random,0.2451639301143586,32,,26.01806640625,190.509765625,37.40771484375,0.0,0.06221773772004466,0.9774169921875,1.0,0.027567768600826333,2.2438461061507935,0.7134855389595032,,,
stage4e_topology,2,256,small_world,43001,transition_mid,0.035,0.05,1.0,64,0.25,12.0,9c9f7a03ed6b4f7838,stage4_complete,spectral,0.184512585401535,1,"7,10,12,15,20,24,28,32,50,56,57,58,60,64,66,67,68,69,70,73,76,77,79,80,82,84,87,88,89,93,97,99,101,102,103,105,110,111,112,114,115,119,121,125,133,136,138,146,196,204,210,213,219,226,228,229,231,235,239,245,246,249,250,253",28.375,224.421875,42.390625,0.0,0.0699096593415101,0.9140625,1.0,0.0370248812516643,2.0793650793650795,0.7134855389595032,,,
stage4e_topology,2,256,small_world,43002,sparse_drive,0.05,0.05,1.0,8,0.03125,12.0,e02cc0e4d20a42d6e4,stage4_complete,cycle_proxy,0.1397647410631179,1,"5,22,61,103,195,214,222,224",28.125,223.875,58.0,0.0,0.0691728325543747,0.3671875,0.97265625,0.0270023661638568,2.4642857142857144,0.5024198293685913,,,
stage4e_topology,2,256,small_world,43002,sparse_drive,0.05,0.05,1.0,8,0.03125,12.0,e02cc0e4d20a42d6e4,stage4_complete,feedback_hub,0.0771105512976646,1,"25,47,50,61,71,72,84,201",30.5,261.875,42.875,0.0,0.0753844143977314,0.34375,0.9609375,0.0605628488269915,1.8214285714285716,0.5024198293685913,,,
stage4e_topology,2,256,small_world,43002,sparse_drive,0.05,0.05,1.0,8,0.03125,12.0,e02cc0e4d20a42d6e4,stage4_complete,dynamics_aware,0.4836390316486358,1,"22,33,52,58,168,176,228,240",26.125,191.75,39.0,0.0,0.0631072945598051,0.359375,0.9296875,0.0237441322952743,2.1785714285714284,0.5024198293685913,,,
stage4e_topology,2,256,small_world,43002,sparse_drive,0.05,0.05,1.0,8,0.03125,12.0,e02cc0e4d20a42d6e4,stage4_complete,high_degree,0.1657445132732391,1,"25,50,61,71,72,84,201,215",30.5,260.0,43.875,0.0,0.0757766088489479,0.35546875,0.96484375,0.0468465726861464,1.8214285714285716,0.5024198293685913,,,
stage4e_topology,2,256,small_world,43002,sparse_drive,0.05,0.05,1.0,8,0.03125,12.0,e02cc0e4d20a42d6e4,stage4_complete,module_bridge,0.1657445132732391,1,"25,50,61,71,72,84,201,215",30.5,260.0,43.875,0.0,0.0757766088489479,0.35546875,0.96484375,0.0468465726861464,1.8214285714285716,0.5024198293685913,,,
stage4e_topology,2,256,small_world,43002,sparse_drive,0.05,0.05,1.0,8,0.03125,12.0,e02cc0e4d20a42d6e4,stage4_complete,random,0.14905660995282227,32,,26.12890625,191.89453125,37.40234375,0.0,0.062420790285173944,0.3634033203125,0.947998046875,0.026758171358683955,2.2075892857142856,0.5024198293685913,,,
stage4e_topology,2,256,small_world,43002,sparse_drive,0.05,0.05,1.0,8,0.03125,12.0,e02cc0e4d20a42d6e4,stage4_complete,spectral,0.1405695378780365,1,"50,71,72,84,194,201,215,224",30.25,255.0,43.25,0.0,0.0759831718085146,0.35546875,0.953125,0.0413640492571944,1.8928571428571428,0.5024198293685913,,,
stage4e_topology,2,256,small_world,43002,sparse_drive,0.05,0.05,1.0,32,0.125,12.0,0f0978d0fbabbf4e12,stage4_complete,cycle_proxy,0.0766281187534332,1,"5,22,52,61,72,73,74,84,87,98,103,120,125,144,151,188,189,191,192,195,211,212,213,214,215,219,222,224,234,236,254,255",27.25,207.96875,52.375,0.0,0.0666577083533871,0.8125,1.0,0.0329792301534028,2.284274193548387,0.3837414681911468,,,
stage4e_topology,2,256,small_world,43002,sparse_drive,0.05,0.05,1.0,32,0.125,12.0,0f0978d0fbabbf4e12,stage4_complete,feedback_hub,0.1017077714204788,1,"5,12,18,25,34,40,47,50,53,61,70,71,72,76,84,97,104,147,150,151,168,191,194,195,199,201,203,215,217,224,225,249",29.125,239.65625,42.8125,0.0,0.0709960421055523,0.8515625,1.0,0.0298883382790287,2.0201612903225805,0.3837414681911468,,,
stage4e_topology,2,256,small_world,43002,sparse_drive,0.05,0.05,1.0,32,0.125,12.0,0f0978d0fbabbf4e12,stage4_complete,dynamics_aware,0.2916032373905182,1,"1,7,8,22,29,38,48,54,67,69,77,87,88,101,113,127,132,139,158,168,180,181,190,205,208,209,222,226,229,234,251,255",25.71875,185.40625,39.65625,0.0,0.0619019053506634,0.88671875,1.0,0.0218885437719959,2.342741935483871,0.3837414681911468,,,
stage4e_topology,2,256,small_world,43002,sparse_drive,0.05,0.05,1.0,32,0.125,12.0,0f0978d0fbabbf4e12,stage4_complete,high_degree,0.0489116758108139,1,"5,12,18,25,47,50,53,61,71,72,84,98,104,145,147,150,151,159,168,191,194,195,199,201,202,205,215,219,224,225,226,249",29.21875,236.03125,43.75,0.0,0.0709221823641855,0.87890625,1.0,0.0304951244520417,2.0725806451612905,0.3837414681911468,,,
stage4e_topology,2,256,small_world,43002,sparse_drive,0.05,0.05,1.0,32,0.125,12.0,0f0978d0fbabbf4e12,stage4_complete,module_bridge,0.0489116758108139,1,"5,12,18,25,47,50,53,61,71,72,84,98,104,145,147,150,151,159,168,191,194,195,199,201,202,205,215,219,224,225,226,249",29.21875,236.03125,43.75,0.0,0.0709221823641855,0.87890625,1.0,0.0304951244520417,2.0725806451612905,0.3837414681911468,,,
stage4e_topology,2,256,small_world,43002,sparse_drive,0.05,0.05,1.0,32,0.125,12.0,0f0978d0fbabbf4e12,stage4_complete,random,0.07675669807940716,32,,26.0703125,191.009765625,37.453125,0.0,0.06238781709908202,0.84716796875,0.9998779296875,0.027159355888988754,2.246723790322581,0.3837414681911468,,,
stage4e_topology,2,256,small_world,43002,sparse_drive,0.05,0.05,1.0,32,0.125,12.0,0f0978d0fbabbf4e12,stage4_complete,spectral,0.0972303748130798,1,"18,25,47,50,57,61,70,71,72,74,76,83,84,86,191,194,195,199,201,202,203,205,210,215,217,219,220,222,223,224,225,226",28.875,232.84375,43.125,0.0,0.0723382786722258,0.63671875,0.99609375,0.0525379020833619,1.909274193548387,0.3837414681911468,,,
stage4e_topology,2,256,small_world,43002,sparse_drive,0.05,0.05,1.0,64,0.25,12.0,321dddaaa491a31c32,stage4_complete,cycle_proxy,0.187794417142868,1,"1,5,9,13,22,30,40,52,53,57,61,65,72,73,74,79,80,82,84,87,90,92,98,103,106,108,112,116,120,123,125,144,147,151,152,158,167,171,188,189,191,192,195,199,202,208,211,212,213,214,215,216,218,219,221,222,223,224,225,228,234,236,254,255",26.890625,203.9375,48.796875,0.0,0.0653933789001123,0.98046875,1.0,0.0301652142892117,2.294642857142857,0.6004320383071899,,,
stage4e_topology,2,256,small_world,43002,sparse_drive,0.05,0.05,1.0,64,0.25,12.0,321dddaaa491a31c32,stage4_complete,feedback_hub,0.2368611842393875,1,"5,9,12,13,18,25,31,34,40,46,47,50,53,54,57,61,62,70,71,72,74,76,79,83,84,86,92,97,104,112,116,145,147,150,151,152,164,166,168,172,177,180,182,191,194,195,199,201,202,203,205,210,215,217,219,222,224,225,226,233,235,249,251,254",28.390625,226.796875,41.34375,0.0,0.0688682824278144,0.97265625,1.0,0.0298142595768965,2.109126984126984,0.6004320383071899,,,
stage4e_topology,2,256,small_world,43002,sparse_drive,0.05,0.05,1.0,64,0.25,12.0,321dddaaa491a31c32,stage4_complete,dynamics_aware,0.2796244919300079,1,"2,4,13,14,23,27,31,38,46,47,49,51,53,71,72,78,82,84,85,86,90,92,97,101,103,106,111,112,120,121,127,128,132,133,140,143,144,150,153,154,162,164,172,174,179,189,198,205,206,213,214,217,221,228,229,230,238,239,241,243,244,251,254,255",26.015625,190.75,38.34375,0.0,0.0621109117399158,0.98828125,1.0,0.0263544901133622,2.256448412698413,0.6004320383071899,,,
stage4e_topology,2,256,small_world,43002,sparse_drive,0.05,0.05,1.0,64,0.25,12.0,321dddaaa491a31c32,stage4_complete,high_degree,0.2003582119941711,1,"5,12,18,20,25,31,34,40,46,47,50,53,54,57,61,68,70,71,72,73,76,79,83,84,86,92,96,97,98,100,104,145,147,150,151,159,164,168,172,176,177,180,182,191,194,195,199,201,202,203,205,210,215,217,219,224,225,226,231,233,235,249,251,254",28.4375,224.546875,40.234375,0.0,0.0691391614265541,0.953125,1.0,0.0301458668644069,2.0907738095238093,0.6004320383071899,,,
stage4e_topology,2,256,small_world,43002,sparse_drive,0.05,0.05,1.0,64,0.25,12.0,321dddaaa491a31c32,stage4_complete,module_bridge,0.2003582119941711,1,"5,12,18,20,25,31,34,40,46,47,50,53,54,57,61,68,70,71,72,73,76,79,83,84,86,92,96,97,98,100,104,145,147,150,151,159,164,168,172,176,177,180,182,191,194,195,199,201,202,203,205,210,215,217,219,224,225,226,231,233,235,249,251,254",28.4375,224.546875,40.234375,0.0,0.0691391614265541,0.953125,1.0,0.0301458668644069,2.0907738095238093,0.6004320383071899,,,
stage4e_topology,2,256,small_world,43002,sparse_drive,0.05,0.05,1.0,64,0.25,12.0,321dddaaa491a31c32,stage4_complete,random,0.1981925820000469,32,,25.96337890625,189.60400390625,37.20751953125,0.0,0.06216280793613528,0.9830322265625,1.0,0.02732980290294834,2.2479538690476195,0.6004320383071899,,,
stage4e_topology,2,256,small_world,43002,sparse_drive,0.05,0.05,1.0,64,0.25,12.0,321dddaaa491a31c32,stage4_complete,spectral,0.2838577330112457,1,"5,12,18,25,31,34,40,46,47,50,53,54,57,61,62,68,70,71,72,73,74,76,79,83,84,86,92,97,98,104,151,168,177,180,182,189,191,194,195,197,199,201,202,203,205,210,212,213,214,215,216,217,219,220,221,222,223,224,225,226,229,231,235,249",28.203125,222.34375,42.28125,0.0,0.0698073325097341,0.8984375,1.0,0.0391984304864392,2.03125,0.6004320383071899,,,
stage4e_topology,2,256,small_world,43002,transition_dense,0.035,0.1,1.0,8,0.03125,12.0,ea04cf42b26d120312,stage4_complete,cycle_proxy,0.1817052364349365,1,"133,162,176,183,187,196,204,217",53.875,780.25,208.0,0.0,0.0655652462432959,0.453125,1.0,0.1193436950187098,1.5,0.4740511178970337,,,
stage4e_topology,2,256,small_world,43002,transition_dense,0.035,0.1,1.0,8,0.03125,12.0,ea04cf42b26d120312,stage4_complete,feedback_hub,0.1131748631596565,1,"11,21,39,54,169,187,199,200",57.375,874.0,184.5,0.0,0.0690566591121499,0.5859375,1.0,0.0760681109221018,1.75,0.4740511178970337,,,
stage4e_topology,2,256,small_world,43002,transition_dense,0.035,0.1,1.0,8,0.03125,12.0,ea04cf42b26d120312,stage4_complete,dynamics_aware,0.3919352889060974,1,"11,35,199,205,219,229,235,238",52.25,735.25,175.875,0.0,0.0626392391886253,0.45703125,1.0,0.1071913484033818,1.6071428571428572,0.4740511178970337,,,
stage4e_topology,2,256,small_world,43002,transition_dense,0.035,0.1,1.0,8,0.03125,12.0,ea04cf42b26d120312,stage4_complete,high_degree,0.1368379294872284,1,"0,11,21,39,54,169,199,200",57.375,873.5,180.375,0.0,0.0687730872613192,0.59375,1.0,0.0771952494009709,1.7857142857142858,0.4740511178970337,,,
stage4e_topology,2,256,small_world,43002,transition_dense,0.035,0.1,1.0,8,0.03125,12.0,ea04cf42b26d120312,stage4_complete,module_bridge,0.1368379294872284,1,"0,11,21,39,54,169,199,200",57.375,873.5,180.375,0.0,0.0687730872613192,0.59375,1.0,0.0771952494009709,1.7857142857142858,0.4740511178970337,,,
stage4e_topology,2,256,small_world,43002,transition_dense,0.035,0.1,1.0,8,0.03125,12.0,ea04cf42b26d120312,stage4_complete,random,0.11823598633054641,32,,52.10546875,720.89453125,164.94140625,0.0,0.06252820878897228,0.592529296875,1.0,0.05677295469378815,1.8136160714285712,0.4740511178970337,,,
stage4e_topology,2,256,small_world,43002,transition_dense,0.035,0.1,1.0,8,0.03125,12.0,ea04cf42b26d120312,stage4_complete,spectral,0.1857184618711471,1,"39,54,168,169,178,187,199,200",57.125,858.0,184.5,0.0,0.0692207039148237,0.5546875,1.0,0.098036777699787,1.5357142857142858,0.4740511178970337,,,
stage4e_topology,2,256,small_world,43002,transition_dense,0.035,0.1,1.0,32,0.125,12.0,824175882fddd60417,stage4_complete,cycle_proxy,0.0620456412434577,1,"22,24,37,46,54,56,58,75,96,106,110,114,126,129,133,141,157,162,166,167,176,183,187,188,196,198,199,204,217,219,252,254",54.0,777.71875,197.25,0.0,0.064966109316189,0.984375,1.0,0.0577217789708501,1.7983870967741935,0.2737214565277099,,,
stage4e_topology,2,256,small_world,43002,transition_dense,0.035,0.1,1.0,32,0.125,12.0,824175882fddd60417,stage4_complete,feedback_hub,0.0732013583183288,1,"0,11,14,21,22,24,30,37,39,54,60,69,84,93,110,112,127,133,137,150,154,162,164,169,178,182,187,198,199,200,220,254",55.9375,834.21875,178.875,0.0,0.0672253639431065,0.97265625,1.0,0.0625916278377783,1.7560483870967742,0.2737214565277099,,,
stage4e_topology,2,256,small_world,43002,transition_dense,0.035,0.1,1.0,32,0.125,12.0,824175882fddd60417,stage4_complete,dynamics_aware,0.2049354016780853,1,"3,12,14,20,25,30,43,57,66,70,92,99,100,101,110,113,114,122,144,148,152,153,160,166,170,173,177,184,201,207,220,251",52.03125,715.6875,164.21875,0.0,0.0625062168981934,0.97265625,1.0,0.0541402828671393,1.816532258064516,0.2737214565277099,,,
stage4e_topology,2,256,small_world,43002,transition_dense,0.035,0.1,1.0,32,0.125,12.0,824175882fddd60417,stage4_complete,high_degree,0.0925237238407135,1,"0,6,11,21,22,23,24,37,39,54,60,69,84,93,110,133,137,141,150,157,167,168,169,178,182,187,198,199,200,220,240,254",56.03125,826.84375,178.40625,0.0,0.0672973392753178,0.97265625,1.0,0.0610331810634956,1.7580645161290325,0.2737214565277099,,,
stage4e_topology,2,256,small_world,43002,transition_dense,0.035,0.1,1.0,32,0.125,12.0,824175882fddd60417,stage4_complete,module_bridge,0.0925237238407135,1,"0,6,11,21,22,23,24,37,39,54,60,69,84,93,110,133,137,141,150,157,167,168,169,178,182,187,198,199,200,220,240,254",56.03125,826.84375,178.40625,0.0,0.0672973392753178,0.97265625,1.0,0.0610331810634956,1.7580645161290325,0.2737214565277099,,,
stage4e_topology,2,256,small_world,43002,transition_dense,0.035,0.1,1.0,32,0.125,12.0,824175882fddd60417,stage4_complete,random,0.10988231981173152,32,,52.0029296875,718.220703125,164.3359375,0.0,0.06241692461882442,0.9754638671875,1.0,0.05578499744303141,1.8090977822580645,0.2737214565277099,,,
stage4e_topology,2,256,small_world,43002,transition_dense,0.035,0.1,1.0,32,0.125,12.0,824175882fddd60417,stage4_complete,spectral,0.0840430110692977,1,"0,6,11,21,23,37,39,54,69,93,110,127,133,137,141,150,151,154,157,162,164,167,168,169,178,182,187,198,199,200,220,254",56.0,826.9375,179.75,0.0,0.0674920247204268,0.9453125,1.0,0.0742237467942677,1.717741935483871,0.2737214565277099,,,
stage4e_topology,2,256,small_world,43002,transition_dense,0.035,0.1,1.0,64,0.25,12.0,3da8ca56c9e77a3b47,stage4_complete,cycle_proxy,0.2217116951942443,1,"0,21,22,24,37,38,40,46,49,51,54,56,58,66,68,75,76,92,96,104,106,110,114,115,117,119,126,129,133,139,140,141,151,154,157,162,164,166,167,168,169,171,175,176,177,178,183,184,187,188,189,192,196,198,199,200,203,204,209,217,219,244,252,254",53.609375,764.84375,190.375,0.0,0.0645429178037043,1.0,1.0,0.0620135888497292,1.780753968253968,0.7531796097755432,,,
stage4e_topology,2,256,small_world,43002,transition_dense,0.035,0.1,1.0,64,0.25,12.0,3da8ca56c9e77a3b47,stage4_complete,feedback_hub,0.3475382626056671,1,"0,11,14,18,21,22,23,24,30,31,37,38,39,43,54,57,60,66,69,74,76,82,84,93,94,106,110,112,115,119,120,127,128,129,130,131,133,137,141,150,154,157,162,164,166,167,168,169,178,182,184,187,188,196,197,198,199,200,217,220,224,240,249,254",55.09375,807.390625,177.59375,0.0,0.0661595344726546,0.99609375,1.0,0.0618339543621379,1.777281746031746,0.7531796097755432,,,
stage4e_topology,2,256,small_world,43002,transition_dense,0.035,0.1,1.0,64,0.25,12.0,3da8ca56c9e77a3b47,stage4_complete,dynamics_aware,0.3918675184249878,1,"10,13,14,19,34,38,43,53,54,56,61,64,69,74,75,78,80,83,84,85,86,101,105,110,111,112,113,118,120,122,127,132,135,141,147,150,162,168,170,173,176,180,183,187,189,191,195,196,197,203,205,208,210,212,219,221,223,225,230,234,237,238,241,255",51.984375,718.875,165.15625,0.0,0.062480053639448,1.0,1.0,0.058821924266054,1.8060515873015872,0.7531796097755432,,,
stage4e_topology,2,256,small_world,43002,transition_dense,0.035,0.1,1.0,64,0.25,12.0,3da8ca56c9e77a3b47,stage4_complete,high_degree,0.2644014358520508,1,"0,3,6,11,14,18,21,22,23,24,30,37,39,43,54,55,57,60,64,68,69,74,76,84,93,94,100,106,110,112,115,119,120,127,128,129,131,133,137,141,150,151,154,157,162,164,166,167,168,169,178,182,184,187,188,198,199,200,217,220,233,240,250,254",55.140625,801.984375,176.0625,0.0,0.0662036888490959,1.0,1.0,0.0606744633784659,1.773313492063492,0.7531796097755432,,,
stage4e_topology,2,256,small_world,43002,transition_dense,0.035,0.1,1.0,64,0.25,12.0,3da8ca56c9e77a3b47,stage4_complete,module_bridge,0.2644014358520508,1,"0,3,6,11,14,18,21,22,23,24,30,37,39,43,54,55,57,60,64,68,69,74,76,84,93,94,100,106,110,112,115,119,120,127,128,129,131,133,137,141,150,151,154,157,162,164,166,167,168,169,178,182,184,187,188,198,199,200,217,220,233,240,250,254",55.140625,801.984375,176.0625,0.0,0.0662036888490959,1.0,1.0,0.0606744633784659,1.773313492063492,0.7531796097755432,,,
stage4e_topology,2,256,small_world,43002,transition_dense,0.035,0.1,1.0,64,0.25,12.0,3da8ca56c9e77a3b47,stage4_complete,random,0.2553151841275394,32,,52.0380859375,718.0400390625,164.33349609375,0.0,0.06249481654377002,0.999755859375,1.0,0.056039464142525426,1.8089347718253967,0.7531796097755432,,,
stage4e_topology,2,256,small_world,43002,transition_dense,0.035,0.1,1.0,64,0.25,12.0,3da8ca56c9e77a3b47,stage4_complete,spectral,0.4293891787528991,1,"0,3,6,11,14,21,22,23,24,30,37,39,43,46,54,60,64,69,84,93,110,112,115,119,120,127,128,129,130,131,133,137,141,150,151,154,157,160,162,164,166,167,168,169,173,175,178,182,184,187,188,191,196,197,198,199,200,201,217,220,223,224,240,254",55.078125,798.875,176.234375,0.0,0.066347532481133,1.0,1.0,0.0658673973165322,1.7465277777777777,0.7531796097755432,,,
stage4e_topology,2,256,small_world,43002,transition_mid,0.035,0.05,1.0,8,0.03125,12.0,c2530ad1d4f0983f37,stage4_complete,cycle_proxy,0.1293947696685791,1,"5,22,61,103,195,214,222,224",28.125,223.875,58.0,0.0,0.0691728325543747,0.3671875,0.97265625,0.0270023661638568,2.4642857142857144,0.5201569199562073,,,
stage4e_topology,2,256,small_world,43002,transition_mid,0.035,0.05,1.0,8,0.03125,12.0,c2530ad1d4f0983f37,stage4_complete,feedback_hub,0.0959241762757301,1,"25,47,50,61,71,72,84,201",30.5,261.875,42.875,0.0,0.0753844143977314,0.34375,0.9609375,0.0605628488269915,1.8214285714285716,0.5201569199562073,,,
stage4e_topology,2,256,small_world,43002,transition_mid,0.035,0.05,1.0,8,0.03125,12.0,c2530ad1d4f0983f37,stage4_complete,dynamics_aware,0.3911102414131164,1,"25,26,36,158,177,192,195,221",27.0,206.375,41.875,0.0,0.0656536765933249,0.37890625,0.9453125,0.0248677578341317,2.2142857142857144,0.5201569199562073,,,
stage4e_topology,2,256,small_world,43002,transition_mid,0.035,0.05,1.0,8,0.03125,12.0,c2530ad1d4f0983f37,stage4_complete,high_degree,0.1249773353338241,1,"25,50,61,71,72,84,201,215",30.5,260.0,43.875,0.0,0.0757766088489479,0.35546875,0.96484375,0.0468465726861464,1.8214285714285716,0.5201569199562073,,,
stage4e_topology,2,256,small_world,43002,transition_mid,0.035,0.05,1.0,8,0.03125,12.0,c2530ad1d4f0983f37,stage4_complete,module_bridge,0.1249773353338241,1,"25,50,61,71,72,84,201,215",30.5,260.0,43.875,0.0,0.0757766088489479,0.35546875,0.96484375,0.0468465726861464,1.8214285714285716,0.5201569199562073,,,
stage4e_topology,2,256,small_world,43002,transition_mid,0.035,0.05,1.0,8,0.03125,12.0,c2530ad1d4f0983f37,stage4_complete,random,0.1233021592488512,32,,26.12890625,191.89453125,37.40234375,0.0,0.062420790285173944,0.3634033203125,0.947998046875,0.026758171358683955,2.2075892857142856,0.5201569199562073,,,
stage4e_topology,2,256,small_world,43002,transition_mid,0.035,0.05,1.0,8,0.03125,12.0,c2530ad1d4f0983f37,stage4_complete,spectral,0.155970424413681,1,"50,71,72,84,194,201,215,224",30.25,255.0,43.25,0.0,0.0759831718085146,0.35546875,0.953125,0.0413640492571944,1.8928571428571428,0.5201569199562073,,,
stage4e_topology,2,256,small_world,43002,transition_mid,0.035,0.05,1.0,32,0.125,12.0,c3e5515bae7eb0bd5d,stage4_complete,cycle_proxy,0.081428550183773,1,"5,22,52,61,72,73,74,84,87,98,103,120,125,144,151,188,189,191,192,195,211,212,213,214,215,219,222,224,234,236,254,255",27.25,207.96875,52.375,0.0,0.0666577083533871,0.8125,1.0,0.0329792301534028,2.284274193548387,0.2574805319309234,,,
stage4e_topology,2,256,small_world,43002,transition_mid,0.035,0.05,1.0,32,0.125,12.0,c3e5515bae7eb0bd5d,stage4_complete,feedback_hub,0.1037537977099418,1,"5,12,18,25,34,40,47,50,53,61,70,71,72,76,84,97,104,147,150,151,168,191,194,195,199,201,203,215,217,224,225,249",29.125,239.65625,42.8125,0.0,0.0709960421055523,0.8515625,1.0,0.0298883382790287,2.0201612903225805,0.2574805319309234,,,
stage4e_topology,2,256,small_world,43002,transition_mid,0.035,0.05,1.0,32,0.125,12.0,c3e5515bae7eb0bd5d,stage4_complete,dynamics_aware,0.2059681117534637,1,"21,23,24,43,49,53,55,57,58,65,75,79,93,99,109,112,125,148,151,156,164,175,190,194,206,211,218,222,232,239,251,254",25.40625,181.65625,37.46875,0.0,0.061259002183977,0.87890625,1.0,0.0241084804896738,2.2963709677419355,0.2574805319309234,,,
stage4e_topology,2,256,small_world,43002,transition_mid,0.035,0.05,1.0,32,0.125,12.0,c3e5515bae7eb0bd5d,stage4_complete,high_degree,0.0655808448791503,1,"5,12,18,25,47,50,53,61,71,72,84,98,104,145,147,150,151,159,168,191,194,195,199,201,202,205,215,219,224,225,226,249",29.21875,236.03125,43.75,0.0,0.0709221823641855,0.87890625,1.0,0.0304951244520417,2.0725806451612905,0.2574805319309234,,,
stage4e_topology,2,256,small_world,43002,transition_mid,0.035,0.05,1.0,32,0.125,12.0,c3e5515bae7eb0bd5d,stage4_complete,module_bridge,0.0655808448791503,1,"5,12,18,25,47,50,53,61,71,72,84,98,104,145,147,150,151,159,168,191,194,195,199,201,202,205,215,219,224,225,226,249",29.21875,236.03125,43.75,0.0,0.0709221823641855,0.87890625,1.0,0.0304951244520417,2.0725806451612905,0.2574805319309234,,,
stage4e_topology,2,256,small_world,43002,transition_mid,0.035,0.05,1.0,32,0.125,12.0,c3e5515bae7eb0bd5d,stage4_complete,random,0.07813059340696778,32,,26.0703125,191.009765625,37.453125,0.0,0.06238781709908202,0.84716796875,0.9998779296875,0.027159355888988754,2.246723790322581,0.2574805319309234,,,
stage4e_topology,2,256,small_world,43002,transition_mid,0.035,0.05,1.0,32,0.125,12.0,c3e5515bae7eb0bd5d,stage4_complete,spectral,0.0822049677371978,1,"18,25,47,50,57,61,70,71,72,74,76,83,84,86,191,194,195,199,201,202,203,205,210,215,217,219,220,222,223,224,225,226",28.875,232.84375,43.125,0.0,0.0723382786722258,0.63671875,0.99609375,0.0525379020833619,1.909274193548387,0.2574805319309234,,,
stage4e_topology,2,256,small_world,43002,transition_mid,0.035,0.05,1.0,64,0.25,12.0,4b0578bc628216e9f7,stage4_complete,cycle_proxy,0.2560132145881653,1,"1,5,9,13,22,30,40,52,53,57,61,65,72,73,74,79,80,82,84,87,90,92,98,103,106,108,112,116,120,123,125,144,147,151,152,158,167,171,188,189,191,192,195,199,202,208,211,212,213,214,215,216,218,219,221,222,223,224,225,228,234,236,254,255",26.890625,203.9375,48.796875,0.0,0.0653933789001123,0.98046875,1.0,0.0301652142892117,2.294642857142857,0.7217493653297424,,,
stage4e_topology,2,256,small_world,43002,transition_mid,0.035,0.05,1.0,64,0.25,12.0,4b0578bc628216e9f7,stage4_complete,feedback_hub,0.2252192348241806,1,"5,9,12,13,18,25,31,34,40,46,47,50,53,54,57,61,62,70,71,72,74,76,79,83,84,86,92,97,104,112,116,145,147,150,151,152,164,166,168,172,177,180,182,191,194,195,199,201,202,203,205,210,215,217,219,222,224,225,226,233,235,249,251,254",28.390625,226.796875,41.34375,0.0,0.0688682824278144,0.97265625,1.0,0.0298142595768965,2.109126984126984,0.7217493653297424,,,
stage4e_topology,2,256,small_world,43002,transition_mid,0.035,0.05,1.0,64,0.25,12.0,4b0578bc628216e9f7,stage4_complete,dynamics_aware,0.3388729095458984,1,"1,2,6,8,9,10,20,27,28,41,53,55,57,59,61,64,65,71,92,93,96,97,98,101,103,104,105,118,124,126,130,131,132,135,140,146,149,151,153,156,157,161,166,167,173,175,194,197,198,199,201,203,209,217,218,220,221,223,225,226,234,236,246,253",26.109375,191.65625,36.765625,0.0,0.0623900289640267,0.99609375,1.0,0.0272871389425909,2.2291666666666665,0.7217493653297424,,,
stage4e_topology,2,256,small_world,43002,transition_mid,0.035,0.05,1.0,64,0.25,12.0,4b0578bc628216e9f7,stage4_complete,high_degree,0.2685393691062927,1,"5,12,18,20,25,31,34,40,46,47,50,53,54,57,61,68,70,71,72,73,76,79,83,84,86,92,96,97,98,100,104,145,147,150,151,159,164,168,172,176,177,180,182,191,194,195,199,201,202,203,205,210,215,217,219,224,225,226,231,233,235,249,251,254",28.4375,224.546875,40.234375,0.0,0.0691391614265541,0.953125,1.0,0.0301458668644069,2.0907738095238093,0.7217493653297424,,,
stage4e_topology,2,256,small_world,43002,transition_mid,0.035,0.05,1.0,64,0.25,12.0,4b0578bc628216e9f7,stage4_complete,module_bridge,0.2685393691062927,1,"5,12,18,20,25,31,34,40,46,47,50,53,54,57,61,68,70,71,72,73,76,79,83,84,86,92,96,97,98,100,104,145,147,150,151,159,164,168,172,176,177,180,182,191,194,195,199,201,202,203,205,210,215,217,219,224,225,226,231,233,235,249,251,254",28.4375,224.546875,40.234375,0.0,0.0691391614265541,0.953125,1.0,0.0301458668644069,2.0907738095238093,0.7217493653297424,,,
stage4e_topology,2,256,small_world,43002,transition_mid,0.035,0.05,1.0,64,0.25,12.0,4b0578bc628216e9f7,stage4_complete,random,0.25644707726314664,32,,25.96337890625,189.60400390625,37.20751953125,0.0,0.06216280793613528,0.9830322265625,1.0,0.02732980290294834,2.2479538690476195,0.7217493653297424,,,
stage4e_topology,2,256,small_world,43002,transition_mid,0.035,0.05,1.0,64,0.25,12.0,4b0578bc628216e9f7,stage4_complete,spectral,0.2317891418933868,1,"5,12,18,25,31,34,40,46,47,50,53,54,57,61,62,68,70,71,72,73,74,76,79,83,84,86,92,97,98,104,151,168,177,180,182,189,191,194,195,197,199,201,202,203,205,210,212,213,214,215,216,217,219,220,221,222,223,224,225,226,229,231,235,249",28.203125,222.34375,42.28125,0.0,0.0698073325097341,0.8984375,1.0,0.0391984304864392,2.03125,0.7217493653297424,,,
stage4e_topology,2,256,small_world,43003,sparse_drive,0.05,0.05,1.0,8,0.03125,12.0,d67835301c890a086b,stage4_complete,cycle_proxy,0.0945181474089622,1,"14,16,21,40,74,89,125,215",27.125,208.375,57.125,0.0,0.0658640420869687,0.359375,0.953125,0.029120533114894,2.4642857142857144,0.5258387327194214,,,
stage4e_topology,2,256,small_world,43003,sparse_drive,0.05,0.05,1.0,8,0.03125,12.0,d67835301c890a086b,stage4_complete,feedback_hub,0.1106325834989547,1,"17,52,95,111,151,169,205,224",30.5,261.25,41.75,0.0,0.0722928073398493,0.4453125,0.99609375,0.0161793702024414,2.071428571428572,0.5258387327194214,,,
stage4e_topology,2,256,small_world,43003,sparse_drive,0.05,0.05,1.0,8,0.03125,12.0,d67835301c890a086b,stage4_complete,dynamics_aware,0.3701876401901245,1,"17,42,53,84,88,90,166,167",25.625,190.0,40.0,0.0,0.0611952083808002,0.35546875,0.89453125,0.0208625406684412,2.2857142857142856,0.5258387327194214,,,
stage4e_topology,2,256,small_world,43003,sparse_drive,0.05,0.05,1.0,8,0.03125,12.0,d67835301c890a086b,stage4_complete,high_degree,0.1482938528060913,1,"17,52,67,89,151,169,205,224",30.625,257.625,45.25,0.0,0.0731965719329996,0.40625,0.96875,0.0215360904174691,2.107142857142857,0.5258387327194214,,,
stage4e_topology,2,256,small_world,43003,sparse_drive,0.05,0.05,1.0,8,0.03125,12.0,d67835301c890a086b,stage4_complete,module_bridge,0.1482938528060913,1,"17,52,67,89,151,169,205,224",30.625,257.625,45.25,0.0,0.0731965719329996,0.40625,0.96875,0.0215360904174691,2.107142857142857,0.5258387327194214,,,
stage4e_topology,2,256,small_world,43003,sparse_drive,0.05,0.05,1.0,8,0.03125,12.0,d67835301c890a086b,stage4_complete,random,0.17203550762496883,32,,25.859375,188.8125,36.73046875,0.0,0.061777023643032045,0.3621826171875,0.9532470703125,0.025703851577696956,2.2589285714285716,0.5258387327194214,,,
stage4e_topology,2,256,small_world,43003,sparse_drive,0.05,0.05,1.0,8,0.03125,12.0,d67835301c890a086b,stage4_complete,spectral,0.0905796289443969,1,"6,8,12,17,52,151,169,224",30.0,251.25,43.875,0.0,0.0746868286394556,0.3828125,0.984375,0.0340828879543961,2.0,0.5258387327194214,,,
stage4e_topology,2,256,small_world,43003,sparse_drive,0.05,0.05,1.0,32,0.125,12.0,4890dcba0e0d9c4471,stage4_complete,cycle_proxy,0.1271765381097793,1,"4,6,7,14,16,17,21,23,35,40,48,65,71,74,77,78,89,124,125,145,148,151,205,210,212,215,218,219,226,230,245,254",27.15625,210.0,51.75,0.0,0.0657908904700682,0.76953125,1.0,0.0322104960203283,2.3125,0.3982476592063904,,,
stage4e_topology,2,256,small_world,43003,sparse_drive,0.05,0.05,1.0,32,0.125,12.0,4890dcba0e0d9c4471,stage4_complete,feedback_hub,0.1181279644370079,1,"5,6,8,17,23,33,35,37,44,49,52,67,86,89,95,111,135,141,142,145,151,165,166,168,169,189,205,215,223,224,229,231",29.03125,237.875,42.90625,0.0,0.0702200853051892,0.875,1.0,0.0291362259992131,2.100806451612903,0.3982476592063904,,,
stage4e_topology,2,256,small_world,43003,sparse_drive,0.05,0.05,1.0,32,0.125,12.0,4890dcba0e0d9c4471,stage4_complete,dynamics_aware,0.3073641955852508,1,"5,7,11,23,40,42,57,62,78,80,81,105,113,122,124,129,132,144,148,160,164,170,176,185,196,210,215,219,220,236,240,246",25.75,187.46875,39.96875,0.0,0.0617020362470667,0.90625,1.0,0.0201150192205591,2.356854838709677,0.3982476592063904,,,
stage4e_topology,2,256,small_world,43003,sparse_drive,0.05,0.05,1.0,32,0.125,12.0,4890dcba0e0d9c4471,stage4_complete,high_degree,0.0953651517629623,1,"6,8,12,13,17,23,33,35,37,44,49,52,67,89,95,111,135,141,142,145,151,165,166,168,169,189,205,215,223,224,229,250",29.03125,236.59375,43.03125,0.0,0.0705615421899511,0.875,1.0,0.0295370700292284,2.1088709677419355,0.3982476592063904,,,
stage4e_topology,2,256,small_world,43003,sparse_drive,0.05,0.05,1.0,32,0.125,12.0,4890dcba0e0d9c4471,stage4_complete,module_bridge,0.0953651517629623,1,"6,8,12,13,17,23,33,35,37,44,49,52,67,89,95,111,135,141,142,145,151,165,166,168,169,189,205,215,223,224,229,250",29.03125,236.59375,43.03125,0.0,0.0705615421899511,0.875,1.0,0.0295370700292284,2.1088709677419355,0.3982476592063904,,,
stage4e_topology,2,256,small_world,43003,sparse_drive,0.05,0.05,1.0,32,0.125,12.0,4890dcba0e0d9c4471,stage4_complete,random,0.08866370294708756,32,,25.9345703125,190.1591796875,37.671875,0.0,0.06201016709944329,0.84716796875,1.0,0.027158477788978702,2.265814012096774,0.3982476592063904,,,
stage4e_topology,2,256,small_world,43003,sparse_drive,0.05,0.05,1.0,32,0.125,12.0,4890dcba0e0d9c4471,stage4_complete,spectral,0.0632756724953651,1,"2,4,5,6,7,8,9,11,12,13,17,18,21,23,28,33,34,35,37,43,44,52,67,141,142,145,151,152,166,169,224,250",28.59375,229.34375,43.40625,0.0,0.0718990326341213,0.68359375,1.0,0.055849824773944,1.8487903225806448,0.3982476592063904,,,
stage4e_topology,2,256,small_world,43003,sparse_drive,0.05,0.05,1.0,64,0.25,12.0,ba39e8ad1764ec99ca,stage4_complete,cycle_proxy,0.2118737697601318,1,"0,1,3,4,5,6,7,9,12,13,14,16,17,21,23,26,34,35,40,48,49,54,60,65,71,73,74,77,78,88,89,91,96,98,112,124,125,128,130,135,145,147,148,151,154,157,166,167,188,205,209,210,212,215,218,219,224,225,226,230,236,245,247,254",26.890625,205.8125,48.421875,0.0,0.0650033928672519,0.97265625,1.0,0.0299143563559115,2.313988095238096,0.601717472076416,,,
stage4e_topology,2,256,small_world,43003,sparse_drive,0.05,0.05,1.0,64,0.25,12.0,ba39e8ad1764ec99ca,stage4_complete,feedback_hub,0.3335593640804291,1,"2,5,6,7,8,9,13,17,18,21,23,28,33,34,35,37,43,44,49,50,52,59,63,67,70,77,80,86,89,90,95,97,111,112,125,135,141,142,145,151,153,157,165,166,167,168,169,172,175,176,187,189,190,205,207,213,215,223,224,229,231,236,247,254",28.234375,226.015625,42.046875,0.0,0.0682340289913894,0.98828125,1.0,0.0297990002039477,2.1245039682539684,0.601717472076416,,,
stage4e_topology,2,256,small_world,43003,sparse_drive,0.05,0.05,1.0,64,0.25,12.0,ba39e8ad1764ec99ca,stage4_complete,dynamics_aware,0.4342511892318725,1,"4,5,6,11,13,20,23,27,30,32,33,40,41,46,48,51,52,53,61,66,79,84,88,94,98,99,100,102,104,106,115,121,127,131,132,135,140,141,150,151,152,158,167,176,181,183,184,186,190,195,210,212,215,221,223,228,230,235,237,240,242,244,253,254",26.046875,194.15625,38.484375,0.0,0.0625849339252218,0.97265625,1.0,0.0262716986638062,2.251984126984127,0.601717472076416,,,
stage4e_topology,2,256,small_world,43003,sparse_drive,0.05,0.05,1.0,64,0.25,12.0,ba39e8ad1764ec99ca,stage4_complete,high_degree,0.3370242714881897,1,"4,5,6,8,9,12,13,17,18,23,28,33,34,35,37,43,44,46,49,50,52,54,59,63,67,80,86,89,93,95,111,112,125,134,135,138,141,142,145,151,152,157,165,166,167,168,169,172,184,189,190,191,205,207,213,215,223,224,229,231,242,247,249,250",28.296875,224.109375,41.6875,0.0,0.0685101331526417,0.9921875,1.0,0.0296223958797218,2.121031746031746,0.601717472076416,,,
stage4e_topology,2,256,small_world,43003,sparse_drive,0.05,0.05,1.0,64,0.25,12.0,ba39e8ad1764ec99ca,stage4_complete,module_bridge,0.3370242714881897,1,"4,5,6,8,9,12,13,17,18,23,28,33,34,35,37,43,44,46,49,50,52,54,59,63,67,80,86,89,93,95,111,112,125,134,135,138,141,142,145,151,152,157,165,166,167,168,169,172,184,189,190,191,205,207,213,215,223,224,229,231,242,247,249,250",28.296875,224.109375,41.6875,0.0,0.0685101331526417,0.9921875,1.0,0.0296223958797218,2.121031746031746,0.601717472076416,,,
stage4e_topology,2,256,small_world,43003,sparse_drive,0.05,0.05,1.0,64,0.25,12.0,ba39e8ad1764ec99ca,stage4_complete,random,0.21807547844946382,32,,26.04638671875,191.5361328125,37.81103515625,0.0,0.06239894194611271,0.978271484375,1.0,0.027671607474081227,2.2502635168650795,0.601717472076416,,,
stage4e_topology,2,256,small_world,43003,sparse_drive,0.05,0.05,1.0,64,0.25,12.0,ba39e8ad1764ec99ca,stage4_complete,spectral,0.4211101233959198,1,"1,2,4,5,6,7,8,9,11,12,13,14,16,17,18,20,21,23,26,28,30,31,32,33,34,35,37,43,44,49,50,52,59,67,89,95,135,138,141,142,145,146,150,151,152,153,155,157,165,166,167,168,169,177,190,205,213,224,229,231,247,249,250,254",28.078125,220.421875,41.609375,0.0,0.0697297341348991,0.92578125,1.0,0.0398206314721222,2.0069444444444446,0.601717472076416,,,
stage4e_topology,2,256,small_world,43003,transition_dense,0.035,0.1,1.0,8,0.03125,12.0,c2b940e56143c041b0,stage4_complete,cycle_proxy,0.1265457272529602,1,"7,37,77,145,167,222,229,233",55.0,810.625,210.625,0.0,0.0663465274657907,0.6484375,1.0,0.0507289084638118,1.8571428571428568,0.4762373268604278,,,
stage4e_topology,2,256,small_world,43003,transition_dense,0.035,0.1,1.0,8,0.03125,12.0,c2b940e56143c041b0,stage4_complete,feedback_hub,0.05996984988451,1,"27,29,65,69,108,147,154,233",57.0,865.875,184.5,0.0,0.0684976384345691,0.6640625,1.0,0.0482341868824901,1.8928571428571428,0.4762373268604278,,,
stage4e_topology,2,256,small_world,43003,transition_dense,0.035,0.1,1.0,8,0.03125,12.0,c2b940e56143c041b0,stage4_complete,dynamics_aware,0.3665413856506347,1,"34,65,100,104,114,120,127,166",52.875,732.5,156.0,0.0,0.0628897166570882,0.5546875,0.99609375,0.086170158642412,1.6428571428571428,0.4762373268604278,,,
stage4e_topology,2,256,small_world,43003,transition_dense,0.035,0.1,1.0,8,0.03125,12.0,c2b940e56143c041b0,stage4_complete,high_degree,0.1416621208190918,1,"27,29,65,69,108,126,147,154",57.125,865.75,179.125,0.0,0.0684323523989876,0.59765625,1.0,0.0616494611705989,1.8214285714285716,0.4762373268604278,,,
stage4e_topology,2,256,small_world,43003,transition_dense,0.035,0.1,1.0,8,0.03125,12.0,c2b940e56143c041b0,stage4_complete,module_bridge,0.1416621208190918,1,"27,29,65,69,108,126,147,154",57.125,865.75,179.125,0.0,0.0684323523989876,0.59765625,1.0,0.0616494611705989,1.8214285714285716,0.4762373268604278,,,
stage4e_topology,2,256,small_world,43003,transition_dense,0.035,0.1,1.0,8,0.03125,12.0,c2b940e56143c041b0,stage4_complete,random,0.11475775786675509,32,,51.83203125,711.48828125,161.21484375,0.0,0.0621960998936616,0.583251953125,0.999755859375,0.056471390791074286,1.8113839285714286,0.4762373268604278,,,
stage4e_topology,2,256,small_world,43003,transition_dense,0.035,0.1,1.0,8,0.03125,12.0,c2b940e56143c041b0,stage4_complete,spectral,0.2127467989921569,1,"7,8,27,29,30,65,69,219",56.75,840.125,177.375,0.0,0.068942315159163,0.5703125,1.0,0.064514958560289,1.6428571428571428,0.4762373268604278,,,
stage4e_topology,2,256,small_world,43003,transition_dense,0.035,0.1,1.0,32,0.125,12.0,fb0a509fc5434efc47,stage4_complete,cycle_proxy,0.1165662035346031,1,"0,3,7,11,14,29,37,41,43,62,69,74,77,88,91,94,122,125,131,145,147,154,167,178,180,222,229,232,233,235,237,247",54.15625,783.0,195.9375,0.0,0.0651148163034942,0.98828125,1.0,0.0565067388635178,1.810483870967742,0.298755794763565,,,
stage4e_topology,2,256,small_world,43003,transition_dense,0.035,0.1,1.0,32,0.125,12.0,fb0a509fc5434efc47,stage4_complete,feedback_hub,0.108426496386528,1,"7,11,14,15,27,29,37,43,48,65,69,72,77,92,108,118,125,126,127,147,154,167,174,184,187,219,229,231,233,234,242,248",55.90625,831.96875,180.4375,0.0,0.06720663400113,0.98828125,1.0,0.0576850612774157,1.7923387096774193,0.298755794763565,,,
stage4e_topology,2,256,small_world,43003,transition_dense,0.035,0.1,1.0,32,0.125,12.0,fb0a509fc5434efc47,stage4_complete,dynamics_aware,0.207426369190216,1,"19,22,48,50,51,53,59,69,70,85,91,94,99,114,118,122,124,140,153,157,163,165,171,179,183,184,194,214,222,237,246,251",52.5,729.3125,167.375,0.0,0.0628572648147844,0.984375,1.0,0.0561698189943852,1.8125,0.298755794763565,,,
stage4e_topology,2,256,small_world,43003,transition_dense,0.035,0.1,1.0,32,0.125,12.0,fb0a509fc5434efc47,stage4_complete,high_degree,0.0695609226822853,1,"7,8,11,14,27,29,30,37,43,50,65,69,77,92,108,118,119,125,126,127,147,154,166,174,184,187,219,229,233,234,242,250",55.96875,826.8125,176.1875,0.0,0.0672901544922441,0.9921875,1.0,0.0563390096143742,1.7903225806451613,0.298755794763565,,,
stage4e_topology,2,256,small_world,43003,transition_dense,0.035,0.1,1.0,32,0.125,12.0,fb0a509fc5434efc47,stage4_complete,module_bridge,0.0695609226822853,1,"7,8,11,14,27,29,30,37,43,50,65,69,77,92,108,118,119,125,126,127,147,154,166,174,184,187,219,229,233,234,242,250",55.96875,826.8125,176.1875,0.0,0.0672901544922441,0.9921875,1.0,0.0563390096143742,1.7903225806451613,0.298755794763565,,,
stage4e_topology,2,256,small_world,43003,transition_dense,0.035,0.1,1.0,32,0.125,12.0,fb0a509fc5434efc47,stage4_complete,random,0.10572592681273812,32,,51.8662109375,712.9951171875,161.5126953125,0.0,0.06228473715931969,0.9693603515625,1.0,0.05684597779224035,1.809601814516129,0.298755794763565,,,
stage4e_topology,2,256,small_world,43003,transition_dense,0.035,0.1,1.0,32,0.125,12.0,fb0a509fc5434efc47,stage4_complete,spectral,0.076685830950737,1,"3,7,8,11,14,15,19,21,22,27,29,30,37,43,48,50,65,69,92,108,126,147,154,174,219,229,231,233,234,242,248,250",55.8125,822.59375,178.53125,0.0,0.0676346699264045,0.953125,1.0,0.0741985290871826,1.6754032258064515,0.298755794763565,,,
stage4e_topology,2,256,small_world,43003,transition_dense,0.035,0.1,1.0,64,0.25,12.0,713069d90014ed6ddf,stage4_complete,cycle_proxy,0.2174387872219085,1,"0,1,3,7,11,14,15,18,21,29,33,37,38,41,43,48,62,69,74,77,79,82,83,88,91,92,93,94,97,105,122,125,128,131,140,145,147,153,154,160,167,169,178,180,208,211,217,222,224,225,229,231,232,233,235,236,237,238,239,240,244,246,247,255",53.390625,761.15625,187.5,0.0,0.0642934392975364,0.99609375,1.0,0.0603137561418028,1.7862103174603174,0.7416175603866577,,,
stage4e_topology,2,256,small_world,43003,transition_dense,0.035,0.1,1.0,64,0.25,12.0,713069d90014ed6ddf,stage4_complete,feedback_hub,0.3485906720161438,1,"3,7,8,11,14,15,18,20,21,22,27,29,30,37,43,48,50,53,54,59,62,65,69,72,77,79,81,82,88,92,107,108,118,119,125,126,127,137,145,147,154,156,163,165,166,167,174,176,178,182,184,187,208,217,219,228,229,231,233,234,235,242,248,250",55.125,806.421875,175.046875,0.0,0.0662862580146285,1.0,1.0,0.0585505587757525,1.7767857142857142,0.7416175603866577,,,
stage4e_topology,2,256,small_world,43003,transition_dense,0.035,0.1,1.0,64,0.25,12.0,713069d90014ed6ddf,stage4_complete,dynamics_aware,0.5853101015090942,1,"1,5,11,13,21,27,30,33,35,48,55,57,72,79,80,85,87,91,94,95,100,107,110,111,112,117,118,124,126,127,131,132,136,149,152,156,158,160,161,165,167,169,172,177,178,189,194,200,202,205,207,215,217,220,225,227,230,235,238,239,241,243,246,253",52.203125,722.234375,163.65625,0.0,0.0625923615260887,1.0,1.0,0.0581503957141007,1.8060515873015872,0.7416175603866577,,,
stage4e_topology,2,256,small_world,43003,transition_dense,0.035,0.1,1.0,64,0.25,12.0,713069d90014ed6ddf,stage4_complete,high_degree,0.1919102072715759,1,"3,7,8,11,14,15,18,19,20,22,27,29,30,37,43,48,49,50,54,59,62,64,65,69,72,77,79,82,92,107,108,118,119,125,126,127,130,143,145,147,154,163,165,166,167,174,176,178,179,184,187,196,208,217,219,228,229,231,232,233,234,242,248,250",55.171875,800.921875,174.46875,0.0,0.0663436538465812,1.0,1.0,0.056768462677772,1.775297619047619,0.7416175603866577,,,
stage4e_topology,2,256,small_world,43003,transition_dense,0.035,0.1,1.0,64,0.25,12.0,713069d90014ed6ddf,stage4_complete,module_bridge,0.1919102072715759,1,"3,7,8,11,14,15,18,19,20,22,27,29,30,37,43,48,49,50,54,59,62,64,65,69,72,77,79,82,92,107,108,118,119,125,126,127,130,143,145,147,154,163,165,166,167,174,176,178,179,184,187,196,208,217,219,228,229,231,232,233,234,242,248,250",55.171875,800.921875,174.46875,0.0,0.0663436538465812,1.0,1.0,0.056768462677772,1.775297619047619,0.7416175603866577,,,
stage4e_topology,2,256,small_world,43003,transition_dense,0.035,0.1,1.0,64,0.25,12.0,713069d90014ed6ddf,stage4_complete,random,0.27173168072476983,32,,51.97802734375,715.1767578125,161.4560546875,0.0,0.06238672062389328,0.9990234375,1.0,0.056654499610278186,1.8081442212301586,0.7416175603866577,,,
stage4e_topology,2,256,small_world,43003,transition_dense,0.035,0.1,1.0,64,0.25,12.0,713069d90014ed6ddf,stage4_complete,spectral,0.164243459701538,1,"3,7,8,11,14,15,18,19,20,21,22,24,27,29,30,33,37,43,48,49,50,53,54,59,64,65,69,72,77,92,108,118,125,126,127,143,147,154,163,165,166,167,174,184,187,217,219,228,229,231,232,233,234,235,236,238,239,242,246,247,248,249,250,253",55.03125,800.046875,174.984375,0.0,0.066531190779881,1.0,1.0,0.0669137888004219,1.7301587301587302,0.7416175603866577,,,
stage4e_topology,2,256,small_world,43003,transition_mid,0.035,0.05,1.0,8,0.03125,12.0,a6f9f03409803a9676,stage4_complete,cycle_proxy,0.1082616001367569,1,"14,16,21,40,74,89,125,215",27.125,208.375,57.125,0.0,0.0658640420869687,0.359375,0.953125,0.029120533114894,2.4642857142857144,0.5121262669563293,,,
stage4e_topology,2,256,small_world,43003,transition_mid,0.035,0.05,1.0,8,0.03125,12.0,a6f9f03409803a9676,stage4_complete,feedback_hub,0.0941239297389984,1,"17,52,95,111,151,169,205,224",30.5,261.25,41.75,0.0,0.0722928073398493,0.4453125,0.99609375,0.0161793702024414,2.071428571428572,0.5121262669563293,,,
stage4e_topology,2,256,small_world,43003,transition_mid,0.035,0.05,1.0,8,0.03125,12.0,a6f9f03409803a9676,stage4_complete,dynamics_aware,0.2126210480928421,1,"0,20,37,59,98,127,143,157",26.5,199.75,38.875,0.0,0.0645262811387835,0.39453125,0.96875,0.0254744666936785,2.4285714285714284,0.5121262669563293,,,
stage4e_topology,2,256,small_world,43003,transition_mid,0.035,0.05,1.0,8,0.03125,12.0,a6f9f03409803a9676,stage4_complete,high_degree,0.1091320365667343,1,"17,52,67,89,151,169,205,224",30.625,257.625,45.25,0.0,0.0731965719329996,0.40625,0.96875,0.0215360904174691,2.107142857142857,0.5121262669563293,,,
stage4e_topology,2,256,small_world,43003,transition_mid,0.035,0.05,1.0,8,0.03125,12.0,a6f9f03409803a9676,stage4_complete,module_bridge,0.1091320365667343,1,"17,52,67,89,151,169,205,224",30.625,257.625,45.25,0.0,0.0731965719329996,0.40625,0.96875,0.0215360904174691,2.107142857142857,0.5121262669563293,,,
stage4e_topology,2,256,small_world,43003,transition_mid,0.035,0.05,1.0,8,0.03125,12.0,a6f9f03409803a9676,stage4_complete,random,0.14215415436774487,32,,25.859375,188.8125,36.73046875,0.0,0.061777023643032045,0.3621826171875,0.9532470703125,0.025703851577696956,2.2589285714285716,0.5121262669563293,,,
stage4e_topology,2,256,small_world,43003,transition_mid,0.035,0.05,1.0,8,0.03125,12.0,a6f9f03409803a9676,stage4_complete,spectral,0.0786602348089218,1,"6,8,12,17,52,151,169,224",30.0,251.25,43.875,0.0,0.0746868286394556,0.3828125,0.984375,0.0340828879543961,2.0,0.5121262669563293,,,
stage4e_topology,2,256,small_world,43003,transition_mid,0.035,0.05,1.0,32,0.125,12.0,148c419ff2a33cb9ef,stage4_complete,cycle_proxy,0.0695563182234764,1,"4,6,7,14,16,17,21,23,35,40,48,65,71,74,77,78,89,124,125,145,148,151,205,210,212,215,218,219,226,230,245,254",27.15625,210.0,51.75,0.0,0.0657908904700682,0.76953125,1.0,0.0322104960203283,2.3125,0.260763943195343,,,
stage4e_topology,2,256,small_world,43003,transition_mid,0.035,0.05,1.0,32,0.125,12.0,148c419ff2a33cb9ef,stage4_complete,feedback_hub,0.1198822110891342,1,"5,6,8,17,23,33,35,37,44,49,52,67,86,89,95,111,135,141,142,145,151,165,166,168,169,189,205,215,223,224,229,231",29.03125,237.875,42.90625,0.0,0.0702200853051892,0.875,1.0,0.0291362259992131,2.100806451612903,0.260763943195343,,,
stage4e_topology,2,256,small_world,43003,transition_mid,0.035,0.05,1.0,32,0.125,12.0,148c419ff2a33cb9ef,stage4_complete,dynamics_aware,0.2148420065641403,1,"13,14,16,24,28,51,74,80,96,97,113,120,129,141,148,152,156,163,173,188,191,194,195,197,201,203,204,211,227,239,245,251",25.59375,184.78125,38.09375,0.0,0.0613463000808011,0.83203125,1.0,0.0252830364505394,2.245967741935484,0.260763943195343,,,
stage4e_topology,2,256,small_world,43003,transition_mid,0.035,0.05,1.0,32,0.125,12.0,148c419ff2a33cb9ef,stage4_complete,high_degree,0.0997850447893142,1,"6,8,12,13,17,23,33,35,37,44,49,52,67,89,95,111,135,141,142,145,151,165,166,168,169,189,205,215,223,224,229,250",29.03125,236.59375,43.03125,0.0,0.0705615421899511,0.875,1.0,0.0295370700292284,2.1088709677419355,0.260763943195343,,,
stage4e_topology,2,256,small_world,43003,transition_mid,0.035,0.05,1.0,32,0.125,12.0,148c419ff2a33cb9ef,stage4_complete,module_bridge,0.0997850447893142,1,"6,8,12,13,17,23,33,35,37,44,49,52,67,89,95,111,135,141,142,145,151,165,166,168,169,189,205,215,223,224,229,250",29.03125,236.59375,43.03125,0.0,0.0705615421899511,0.875,1.0,0.0295370700292284,2.1088709677419355,0.260763943195343,,,
stage4e_topology,2,256,small_world,43003,transition_mid,0.035,0.05,1.0,32,0.125,12.0,148c419ff2a33cb9ef,stage4_complete,random,0.08622216084040697,32,,25.9345703125,190.1591796875,37.671875,0.0,0.06201016709944329,0.84716796875,1.0,0.027158477788978702,2.265814012096774,0.260763943195343,,,
stage4e_topology,2,256,small_world,43003,transition_mid,0.035,0.05,1.0,32,0.125,12.0,148c419ff2a33cb9ef,stage4_complete,spectral,0.1090795770287513,1,"2,4,5,6,7,8,9,11,12,13,17,18,21,23,28,33,34,35,37,43,44,52,67,141,142,145,151,152,166,169,224,250",28.59375,229.34375,43.40625,0.0,0.0718990326341213,0.68359375,1.0,0.055849824773944,1.8487903225806448,0.260763943195343,,,
stage4e_topology,2,256,small_world,43003,transition_mid,0.035,0.05,1.0,64,0.25,12.0,11da61ce55e9f2eb19,stage4_complete,cycle_proxy,0.2857540249824524,1,"0,1,3,4,5,6,7,9,12,13,14,16,17,21,23,26,34,35,40,48,49,54,60,65,71,73,74,77,78,88,89,91,96,98,112,124,125,128,130,135,145,147,148,151,154,157,166,167,188,205,209,210,212,215,218,219,224,225,226,230,236,245,247,254",26.890625,205.8125,48.421875,0.0,0.0650033928672519,0.97265625,1.0,0.0299143563559115,2.313988095238096,0.7389906048774719,,,
stage4e_topology,2,256,small_world,43003,transition_mid,0.035,0.05,1.0,64,0.25,12.0,11da61ce55e9f2eb19,stage4_complete,feedback_hub,0.2768776714801788,1,"2,5,6,7,8,9,13,17,18,21,23,28,33,34,35,37,43,44,49,50,52,59,63,67,70,77,80,86,89,90,95,97,111,112,125,135,141,142,145,151,153,157,165,166,167,168,169,172,175,176,187,189,190,205,207,213,215,223,224,229,231,236,247,254",28.234375,226.015625,42.046875,0.0,0.0682340289913894,0.98828125,1.0,0.0297990002039477,2.1245039682539684,0.7389906048774719,,,
stage4e_topology,2,256,small_world,43003,transition_mid,0.035,0.05,1.0,64,0.25,12.0,11da61ce55e9f2eb19,stage4_complete,dynamics_aware,0.3311152458190918,1,"0,2,8,20,22,24,26,34,37,43,44,46,48,51,54,55,61,63,69,70,74,77,78,89,93,101,111,112,114,121,126,127,130,138,139,144,148,158,159,165,166,170,171,172,174,180,181,183,186,192,198,205,208,211,212,221,224,227,230,233,234,236,239,247",26.078125,192.015625,38.4375,0.0,0.0624759955470847,0.9765625,1.0,0.0287720409904108,2.283234126984127,0.7389906048774719,,,
stage4e_topology,2,256,small_world,43003,transition_mid,0.035,0.05,1.0,64,0.25,12.0,11da61ce55e9f2eb19,stage4_complete,high_degree,0.3088288307189941,1,"4,5,6,8,9,12,13,17,18,23,28,33,34,35,37,43,44,46,49,50,52,54,59,63,67,80,86,89,93,95,111,112,125,134,135,138,141,142,145,151,152,157,165,166,167,168,169,172,184,189,190,191,205,207,213,215,223,224,229,231,242,247,249,250",28.296875,224.109375,41.6875,0.0,0.0685101331526417,0.9921875,1.0,0.0296223958797218,2.121031746031746,0.7389906048774719,,,
stage4e_topology,2,256,small_world,43003,transition_mid,0.035,0.05,1.0,64,0.25,12.0,11da61ce55e9f2eb19,stage4_complete,module_bridge,0.3088288307189941,1,"4,5,6,8,9,12,13,17,18,23,28,33,34,35,37,43,44,46,49,50,52,54,59,63,67,80,86,89,93,95,111,112,125,134,135,138,141,142,145,151,152,157,165,166,167,168,169,172,184,189,190,191,205,207,213,215,223,224,229,231,242,247,249,250",28.296875,224.109375,41.6875,0.0,0.0685101331526417,0.9921875,1.0,0.0296223958797218,2.121031746031746,0.7389906048774719,,,
stage4e_topology,2,256,small_world,43003,transition_mid,0.035,0.05,1.0,64,0.25,12.0,11da61ce55e9f2eb19,stage4_complete,random,0.24087285576388234,32,,26.04638671875,191.5361328125,37.81103515625,0.0,0.06239894194611271,0.978271484375,1.0,0.027671607474081227,2.2502635168650795,0.7389906048774719,,,
stage4e_topology,2,256,small_world,43003,transition_mid,0.035,0.05,1.0,64,0.25,12.0,11da61ce55e9f2eb19,stage4_complete,spectral,0.2707830369472503,1,"1,2,4,5,6,7,8,9,11,12,13,14,16,17,18,20,21,23,26,28,30,31,32,33,34,35,37,43,44,49,50,52,59,67,89,95,135,138,141,142,145,146,150,151,152,153,155,157,165,166,167,168,169,177,190,205,213,224,229,231,247,249,250,254",28.078125,220.421875,41.609375,0.0,0.0697297341348991,0.92578125,1.0,0.0398206314721222,2.0069444444444446,0.7389906048774719,,,
stage4d_scaling,3,128,scale_free,44001,sparse_drive,0.05,0.05,1.0,4,0.03125,8.0,5c4f4bc87e212ef91e,stage4_complete,cycle_proxy,0.0092406682670116,1,"6,7,8,9",41.5,452.25,31.0,0.0,0.2479623482123893,0.4609375,0.9609375,0.0761034639740023,1.1666666666666667,0.2086549550294876,,,
stage4d_scaling,3,128,scale_free,44001,sparse_drive,0.05,0.05,1.0,4,0.03125,8.0,5c4f4bc87e212ef91e,stage4_complete,feedback_hub,0.0092406682670116,1,"6,7,8,9",41.5,452.25,31.0,0.0,0.2479623482123893,0.4609375,0.9609375,0.0761034639740023,1.1666666666666667,0.2086549550294876,,,
stage4d_scaling,3,128,scale_free,44001,sparse_drive,0.05,0.05,1.0,4,0.03125,8.0,5c4f4bc87e212ef91e,stage4_complete,dynamics_aware,0.0981852114200592,1,"86,104,111,121",7.5,21.25,1.0,0.0,0.0449002647464491,0.15625,0.6171875,0.0,2.833333333333333,0.2086549550294876,,,
stage4d_scaling,3,128,scale_free,44001,sparse_drive,0.05,0.05,1.0,4,0.03125,8.0,5c4f4bc87e212ef91e,stage4_complete,high_degree,0.0092406682670116,1,"6,7,8,9",41.5,452.25,31.0,0.0,0.2479623482123893,0.4609375,0.9609375,0.0761034639740023,1.1666666666666667,0.2086549550294876,,,
stage4d_scaling,3,128,scale_free,44001,sparse_drive,0.05,0.05,1.0,4,0.03125,8.0,5c4f4bc87e212ef91e,stage4_complete,module_bridge,0.0092406682670116,1,"6,7,8,9",41.5,452.25,31.0,0.0,0.2479623482123893,0.4609375,0.9609375,0.0761034639740023,1.1666666666666667,0.2086549550294876,,,
stage4d_scaling,3,128,scale_free,44001,sparse_drive,0.05,0.05,1.0,4,0.03125,8.0,5c4f4bc87e212ef91e,stage4_complete,random,0.023273992730537388,32,,11.9453125,59.96875,3.6484375,0.0,0.07346991616036441,0.1982421875,0.723388671875,0.042390053655724985,2.208333333333333,0.2086549550294876,,,
stage4d_scaling,3,128,scale_free,44001,sparse_drive,0.05,0.05,1.0,4,0.03125,8.0,5c4f4bc87e212ef91e,stage4_complete,spectral,0.014137640595436,1,"2,7,8,9",40.75,438.75,29.0,0.0,0.2491539987112466,0.453125,0.9296875,0.0787559284685721,1.0,0.2086549550294876,,,
stage4d_scaling,3,128,scale_free,44001,sparse_drive,0.05,0.05,1.0,16,0.125,8.0,f0c4201fd5d8b43888,stage4_complete,cycle_proxy,0.2774995565414428,1,"0,1,2,3,4,5,6,7,8,9,10,11,14,18,19,26",28.375,240.625,18.6875,0.0,0.1810851920262919,0.7109375,0.984375,0.0880718704894752,1.3833333333333333,0.4565211236476898,,,
stage4d_scaling,3,128,scale_free,44001,sparse_drive,0.05,0.05,1.0,16,0.125,8.0,f0c4201fd5d8b43888,stage4_complete,feedback_hub,0.1683382242918014,1,"0,1,2,3,4,5,6,7,8,9,10,11,12,15,19,22",29.125,250.0625,18.125,0.0,0.1846923089357963,0.7421875,0.984375,0.0875974275421627,1.4,0.4565211236476898,,,
stage4d_scaling,3,128,scale_free,44001,sparse_drive,0.05,0.05,1.0,16,0.125,8.0,f0c4201fd5d8b43888,stage4_complete,dynamics_aware,0.3365447521209717,1,"0,1,2,3,4,5,6,10,12,13,15,18,22,59,61,111",22.0,159.1875,12.3125,0.0,0.1465156390592185,0.6875,0.96875,0.0710927559918231,1.6,0.4565211236476898,,,
stage4d_scaling,3,128,scale_free,44001,sparse_drive,0.05,0.05,1.0,16,0.125,8.0,f0c4201fd5d8b43888,stage4_complete,high_degree,0.1402905434370041,1,"0,1,2,3,4,5,6,7,8,9,10,12,13,15,19,22",29.125,249.875,17.8125,0.0,0.1844657666432833,0.7578125,0.9921875,0.0859455211420679,1.4,0.4565211236476898,,,
stage4d_scaling,3,128,scale_free,44001,sparse_drive,0.05,0.05,1.0,16,0.125,8.0,f0c4201fd5d8b43888,stage4_complete,module_bridge,0.1402905434370041,1,"0,1,2,3,4,5,6,7,8,9,10,12,13,15,19,22",29.125,249.875,17.8125,0.0,0.1844657666432833,0.7578125,0.9921875,0.0859455211420679,1.4,0.4565211236476898,,,
stage4d_scaling,3,128,scale_free,44001,sparse_drive,0.05,0.05,1.0,16,0.125,8.0,f0c4201fd5d8b43888,stage4_complete,random,0.031192361289868083,32,,11.2578125,55.978515625,3.50390625,0.0,0.06998404287584373,0.541259765625,0.956298828125,0.030299280359557375,2.248177083333333,0.4565211236476898,,,
stage4d_scaling,3,128,scale_free,44001,sparse_drive,0.05,0.05,1.0,16,0.125,8.0,f0c4201fd5d8b43888,stage4_complete,spectral,0.1986583173274994,1,"0,1,2,3,4,5,6,7,8,9,10,11,12,13,19,22",29.0,248.625,18.1875,0.0,0.1852087942680657,0.7265625,0.9921875,0.0958180360013463,1.3833333333333333,0.4565211236476898,,,
stage4d_scaling,3,128,scale_free,44001,sparse_drive,0.05,0.05,1.0,32,0.25,8.0,8282535336d9a1aaf8,stage4_complete,cycle_proxy,0.2959592044353485,1,"0,1,2,3,4,5,6,7,8,9,10,11,12,13,14,15,18,19,20,22,23,24,25,26,27,30,39,41,44,63,65,79",22.40625,163.59375,11.8125,0.0,0.138350930645558,0.9375,1.0,0.0626709432115296,1.7076612903225807,0.6832060813903809,,,
stage4d_scaling,3,128,scale_free,44001,sparse_drive,0.05,0.05,1.0,32,0.25,8.0,8282535336d9a1aaf8,stage4_complete,feedback_hub,0.2283469438552856,1,"0,1,2,3,4,5,6,7,8,9,10,11,12,13,14,15,17,18,19,20,22,23,24,25,26,27,28,29,30,32,39,63",22.90625,166.84375,11.53125,0.0,0.1404981899331104,0.9375,1.0,0.060834679011528,1.6733870967741935,0.6832060813903809,,,
stage4d_scaling,3,128,scale_free,44001,sparse_drive,0.05,0.05,1.0,32,0.25,8.0,8282535336d9a1aaf8,stage4_complete,dynamics_aware,0.4351852536201477,1,"0,1,2,4,5,7,8,9,10,11,12,15,18,19,20,22,23,24,25,26,27,28,30,39,41,44,59,63,65,74,77,79",20.375,143.28125,9.75,0.0,0.1246759569377162,0.90625,0.9921875,0.0541829831003213,1.804435483870968,0.6832060813903809,,,
stage4d_scaling,3,128,scale_free,44001,sparse_drive,0.05,0.05,1.0,32,0.25,8.0,8282535336d9a1aaf8,stage4_complete,high_degree,0.2283469438552856,1,"0,1,2,3,4,5,6,7,8,9,10,11,12,13,14,15,17,18,19,20,22,23,24,25,26,27,28,29,30,32,39,63",22.90625,166.84375,11.53125,0.0,0.1404981899331104,0.9375,1.0,0.060834679011528,1.6733870967741935,0.6832060813903809,,,
stage4d_scaling,3,128,scale_free,44001,sparse_drive,0.05,0.05,1.0,32,0.25,8.0,8282535336d9a1aaf8,stage4_complete,module_bridge,0.2283469438552856,1,"0,1,2,3,4,5,6,7,8,9,10,11,12,13,14,15,17,18,19,20,22,23,24,25,26,27,28,29,30,32,39,63",22.90625,166.84375,11.53125,0.0,0.1404981899331104,0.9375,1.0,0.060834679011528,1.6733870967741935,0.6832060813903809,,,
stage4d_scaling,3,128,scale_free,44001,sparse_drive,0.05,0.05,1.0,32,0.25,8.0,8282535336d9a1aaf8,stage4_complete,random,0.09734505182132122,32,,11.5205078125,58.615234375,3.7021484375,0.0,0.0715790472633031,0.785888671875,0.995849609375,0.03143474627282217,2.214465725806452,0.6832060813903809,,,
stage4d_scaling,3,128,scale_free,44001,sparse_drive,0.05,0.05,1.0,32,0.25,8.0,8282535336d9a1aaf8,stage4_complete,spectral,0.1973927021026611,1,"0,1,2,3,4,5,6,7,8,9,10,11,12,13,14,15,17,18,19,20,21,22,23,24,25,26,27,28,30,35,44,51",22.4375,162.96875,11.59375,0.0,0.1418111479174195,0.90625,0.9921875,0.0623342312981471,1.6673387096774193,0.6832060813903809,,,
stage4d_scaling,3,128,scale_free,44001,transition_dense,0.035,0.1,1.0,4,0.03125,8.0,5035039b2a0cad4a62,stage4_complete,cycle_proxy,0.0399393066763877,1,"6,8,9,13",61.75,993.75,136.5,0.0,0.1881116177849645,0.71875,1.0,0.1291037036283178,1.0,0.3267206847667694,,,
stage4d_scaling,3,128,scale_free,44001,transition_dense,0.035,0.1,1.0,4,0.03125,8.0,5035039b2a0cad4a62,stage4_complete,feedback_hub,0.0347691811621189,1,"4,6,8,9",63.0,1027.5,131.75,0.0,0.1873143708653935,0.6953125,1.0,0.1499231660452689,1.0,0.3267206847667694,,,
stage4d_scaling,3,128,scale_free,44001,transition_dense,0.035,0.1,1.0,4,0.03125,8.0,5035039b2a0cad4a62,stage4_complete,dynamics_aware,0.1283585727214813,1,"10,63,76,93",25.75,231.25,39.25,0.0,0.0832025690025568,0.34375,1.0,0.0351851851851851,1.6666666666666667,0.3267206847667694,,,
stage4d_scaling,3,128,scale_free,44001,transition_dense,0.035,0.1,1.0,4,0.03125,8.0,5035039b2a0cad4a62,stage4_complete,high_degree,0.0347691811621189,1,"4,6,8,9",63.0,1027.5,131.75,0.0,0.1873143708653935,0.6953125,1.0,0.1499231660452689,1.0,0.3267206847667694,,,
stage4d_scaling,3,128,scale_free,44001,transition_dense,0.035,0.1,1.0,4,0.03125,8.0,5035039b2a0cad4a62,stage4_complete,module_bridge,0.0347691811621189,1,"4,6,8,9",63.0,1027.5,131.75,0.0,0.1873143708653935,0.6953125,1.0,0.1499231660452689,1.0,0.3267206847667694,,,
stage4d_scaling,3,128,scale_free,44001,transition_dense,0.035,0.1,1.0,4,0.03125,8.0,5035039b2a0cad4a62,stage4_complete,random,0.09919127798639232,32,,25.3515625,231.3125,32.0078125,0.0,0.08065738618573863,0.349365234375,0.985107421875,0.06292628273928859,1.8333333333333333,0.3267206847667694,,,
stage4d_scaling,3,128,scale_free,44001,transition_dense,0.035,0.1,1.0,4,0.03125,8.0,5035039b2a0cad4a62,stage4_complete,spectral,0.033300407230854,1,"6,8,9,12",61.5,978.0,130.75,0.0,0.1884368453762496,0.6640625,1.0,0.143019329141432,1.0,0.3267206847667694,,,
stage4d_scaling,3,128,scale_free,44001,transition_dense,0.035,0.1,1.0,16,0.125,8.0,cb0eac6fc60f3c0550,stage4_complete,cycle_proxy,0.3155817091464996,1,"1,2,4,5,6,7,8,9,10,11,12,13,14,17,19,20",53.6875,773.25,112.6875,0.0,0.1679498998728995,0.9375,1.0,0.1526807315526798,1.0916666666666666,0.5366411209106445,,,
stage4d_scaling,3,128,scale_free,44001,transition_dense,0.035,0.1,1.0,16,0.125,8.0,cb0eac6fc60f3c0550,stage4_complete,feedback_hub,0.3723874688148498,1,"1,2,4,5,6,7,8,9,12,13,14,15,17,18,19,20",54.25,786.9375,110.0625,0.0,0.1672067501219742,0.953125,1.0,0.1468989365123533,1.1333333333333333,0.5366411209106445,,,
stage4d_scaling,3,128,scale_free,44001,transition_dense,0.035,0.1,1.0,16,0.125,8.0,cb0eac6fc60f3c0550,stage4_complete,dynamics_aware,0.3511043190956116,1,"1,2,4,5,6,7,9,11,12,13,14,17,19,20,33,77",48.9375,681.5,99.75,0.0,0.1545982034864687,0.9140625,1.0,0.1298040991314116,1.2,0.5366411209106445,,,
stage4d_scaling,3,128,scale_free,44001,transition_dense,0.035,0.1,1.0,16,0.125,8.0,cb0eac6fc60f3c0550,stage4_complete,high_degree,0.3793820142745971,1,"2,4,5,6,7,8,9,10,12,13,14,15,17,18,19,20",54.25,786.4375,110.25,0.0,0.167289761247822,0.9453125,1.0,0.1504120010234791,1.125,0.5366411209106445,,,
stage4d_scaling,3,128,scale_free,44001,transition_dense,0.035,0.1,1.0,16,0.125,8.0,cb0eac6fc60f3c0550,stage4_complete,module_bridge,0.3793820142745971,1,"2,4,5,6,7,8,9,10,12,13,14,15,17,18,19,20",54.25,786.4375,110.25,0.0,0.167289761247822,0.9453125,1.0,0.1504120010234791,1.125,0.5366411209106445,,,
stage4d_scaling,3,128,scale_free,44001,transition_dense,0.035,0.1,1.0,16,0.125,8.0,cb0eac6fc60f3c0550,stage4_complete,random,0.08018357632681725,32,,23.71484375,205.0078125,28.38671875,0.0,0.07506612370575239,0.774169921875,1.0,0.05855549317769382,1.834375,0.5366411209106445,,,
stage4d_scaling,3,128,scale_free,44001,transition_dense,0.035,0.1,1.0,16,0.125,8.0,cb0eac6fc60f3c0550,stage4_complete,spectral,0.29656583070755,1,"1,2,3,4,5,6,7,8,9,10,12,13,14,15,17,19",53.8125,775.0,111.5625,0.0,0.1688032331440749,0.96875,1.0,0.1498749534265482,1.0666666666666669,0.5366411209106445,,,
stage4d_scaling,3,128,scale_free,44001,transition_dense,0.035,0.1,1.0,32,0.25,8.0,9b2f73936354ed48e8,stage4_complete,cycle_proxy,0.6641814112663269,1,"0,1,2,3,4,5,6,7,8,9,10,11,12,13,14,15,16,17,18,19,20,21,22,23,24,25,26,27,28,30,31,36",45.15625,577.84375,82.5625,0.0,0.141389614064681,0.9921875,1.0,0.1182734471388521,1.3508064516129032,0.816434919834137,,,
stage4d_scaling,3,128,scale_free,44001,transition_dense,0.035,0.1,1.0,32,0.25,8.0,9b2f73936354ed48e8,stage4_complete,feedback_hub,0.6835862994194031,1,"0,1,2,3,4,5,6,7,8,9,10,11,12,13,14,15,16,17,18,19,20,21,22,23,24,26,27,28,30,31,36,54",45.25,579.15625,81.9375,0.0,0.1410857886205999,0.9921875,1.0,0.1191452883915707,1.3629032258064515,0.816434919834137,,,
stage4d_scaling,3,128,scale_free,44001,transition_dense,0.035,0.1,1.0,32,0.25,8.0,9b2f73936354ed48e8,stage4_complete,dynamics_aware,0.6970051527023315,1,"0,1,2,3,5,6,7,8,10,11,12,13,15,16,17,18,19,20,21,24,25,26,27,28,29,31,50,57,82,84,89,103",39.75,478.75,69.25,0.0,0.1257159903674589,0.984375,1.0,0.1037128052540375,1.4939516129032258,0.816434919834137,,,
stage4d_scaling,3,128,scale_free,44001,transition_dense,0.035,0.1,1.0,32,0.25,8.0,9b2f73936354ed48e8,stage4_complete,high_degree,0.7385882139205933,1,"0,1,2,3,4,5,6,7,8,9,10,11,12,13,14,15,16,17,18,19,20,21,22,23,24,26,27,28,31,34,36,54",45.28125,579.0,81.6875,0.0,0.1412033181604965,0.9921875,1.0,0.1185746067700421,1.3629032258064515,0.816434919834137,,,
stage4d_scaling,3,128,scale_free,44001,transition_dense,0.035,0.1,1.0,32,0.25,8.0,9b2f73936354ed48e8,stage4_complete,module_bridge,0.7385882139205933,1,"0,1,2,3,4,5,6,7,8,9,10,11,12,13,14,15,16,17,18,19,20,21,22,23,24,26,27,28,31,34,36,54",45.28125,579.0,81.6875,0.0,0.1412033181604965,0.9921875,1.0,0.1185746067700421,1.3629032258064515,0.816434919834137,,,
stage4d_scaling,3,128,scale_free,44001,transition_dense,0.035,0.1,1.0,32,0.25,8.0,9b2f73936354ed48e8,stage4_complete,random,0.2989106155000627,32,,23.892578125,207.38671875,28.76953125,0.0,0.07555228717356263,0.946533203125,1.0,0.05832207578518399,1.8373865927419355,0.816434919834137,,,
stage4d_scaling,3,128,scale_free,44001,transition_dense,0.035,0.1,1.0,32,0.25,8.0,9b2f73936354ed48e8,stage4_complete,spectral,0.5463078022003174,1,"0,1,2,3,4,5,6,7,8,9,10,11,12,13,14,15,16,17,18,19,20,21,22,23,24,25,26,27,28,29,31,34",45.15625,577.28125,82.1875,0.0,0.1418440399249619,0.984375,1.0,0.1207456623158051,1.346774193548387,0.816434919834137,,,
stage4d_scaling,3,128,scale_free,44001,transition_mid,0.035,0.05,1.0,4,0.03125,8.0,68b6166e99e02ba4df,stage4_complete,cycle_proxy,0.0168086495250463,1,"6,7,8,9",41.5,452.25,31.0,0.0,0.2479623482123893,0.4609375,0.9609375,0.0761034639740023,1.1666666666666667,0.2365404516458511,,,
stage4d_scaling,3,128,scale_free,44001,transition_mid,0.035,0.05,1.0,4,0.03125,8.0,68b6166e99e02ba4df,stage4_complete,feedback_hub,0.0168086495250463,1,"6,7,8,9",41.5,452.25,31.0,0.0,0.2479623482123893,0.4609375,0.9609375,0.0761034639740023,1.1666666666666667,0.2365404516458511,,,
stage4d_scaling,3,128,scale_free,44001,transition_mid,0.035,0.05,1.0,4,0.03125,8.0,68b6166e99e02ba4df,stage4_complete,dynamics_aware,0.1182431429624557,1,"15,64,113,123",11.25,53.0,2.25,0.0,0.0681712473348496,0.203125,0.671875,0.0185185185185185,2.333333333333333,0.2365404516458511,,,
stage4d_scaling,3,128,scale_free,44001,transition_mid,0.035,0.05,1.0,4,0.03125,8.0,68b6166e99e02ba4df,stage4_complete,high_degree,0.0168086495250463,1,"6,7,8,9",41.5,452.25,31.0,0.0,0.2479623482123893,0.4609375,0.9609375,0.0761034639740023,1.1666666666666667,0.2365404516458511,,,
stage4d_scaling,3,128,scale_free,44001,transition_mid,0.035,0.05,1.0,4,0.03125,8.0,68b6166e99e02ba4df,stage4_complete,module_bridge,0.0168086495250463,1,"6,7,8,9",41.5,452.25,31.0,0.0,0.2479623482123893,0.4609375,0.9609375,0.0761034639740023,1.1666666666666667,0.2365404516458511,,,
stage4d_scaling,3,128,scale_free,44001,transition_mid,0.035,0.05,1.0,4,0.03125,8.0,68b6166e99e02ba4df,stage4_complete,random,0.02734929704456586,32,,11.9453125,59.96875,3.6484375,0.0,0.07346991616036441,0.1982421875,0.723388671875,0.042390053655724985,2.208333333333333,0.2365404516458511,,,
stage4d_scaling,3,128,scale_free,44001,transition_mid,0.035,0.05,1.0,4,0.03125,8.0,68b6166e99e02ba4df,stage4_complete,spectral,0.0168156996369361,1,"2,7,8,9",40.75,438.75,29.0,0.0,0.2491539987112466,0.453125,0.9296875,0.0787559284685721,1.0,0.2365404516458511,,,
stage4d_scaling,3,128,scale_free,44001,transition_mid,0.035,0.05,1.0,16,0.125,8.0,e387e0db7406d9545c,stage4_complete,cycle_proxy,0.3706987202167511,1,"0,1,2,3,4,5,6,7,8,9,10,11,14,18,19,26",28.375,240.625,18.6875,0.0,0.1810851920262919,0.7109375,0.984375,0.0880718704894752,1.3833333333333333,0.5222640037536621,,,
stage4d_scaling,3,128,scale_free,44001,transition_mid,0.035,0.05,1.0,16,0.125,8.0,e387e0db7406d9545c,stage4_complete,feedback_hub,0.2928454875946045,1,"0,1,2,3,4,5,6,7,8,9,10,11,12,15,19,22",29.125,250.0625,18.125,0.0,0.1846923089357963,0.7421875,0.984375,0.0875974275421627,1.4,0.5222640037536621,,,
stage4d_scaling,3,128,scale_free,44001,transition_mid,0.035,0.05,1.0,16,0.125,8.0,e387e0db7406d9545c,stage4_complete,dynamics_aware,0.2259596586227417,1,"1,2,3,7,9,10,11,12,19,20,26,41,48,77,79,88",21.875,165.75,12.125,0.0,0.1376598992700229,0.6328125,0.96875,0.062393530311394,1.7166666666666666,0.5222640037536621,,,
stage4d_scaling,3,128,scale_free,44001,transition_mid,0.035,0.05,1.0,16,0.125,8.0,e387e0db7406d9545c,stage4_complete,high_degree,0.2314282953739166,1,"0,1,2,3,4,5,6,7,8,9,10,12,13,15,19,22",29.125,249.875,17.8125,0.0,0.1844657666432833,0.7578125,0.9921875,0.0859455211420679,1.4,0.5222640037536621,,,
stage4d_scaling,3,128,scale_free,44001,transition_mid,0.035,0.05,1.0,16,0.125,8.0,e387e0db7406d9545c,stage4_complete,module_bridge,0.2314282953739166,1,"0,1,2,3,4,5,6,7,8,9,10,12,13,15,19,22",29.125,249.875,17.8125,0.0,0.1844657666432833,0.7578125,0.9921875,0.0859455211420679,1.4,0.5222640037536621,,,
stage4d_scaling,3,128,scale_free,44001,transition_mid,0.035,0.05,1.0,16,0.125,8.0,e387e0db7406d9545c,stage4_complete,random,0.06041037564864379,32,,11.2578125,55.978515625,3.50390625,0.0,0.06998404287584373,0.541259765625,0.956298828125,0.030299280359557375,2.248177083333333,0.5222640037536621,,,
stage4d_scaling,3,128,scale_free,44001,transition_mid,0.035,0.05,1.0,16,0.125,8.0,e387e0db7406d9545c,stage4_complete,spectral,0.278133749961853,1,"0,1,2,3,4,5,6,7,8,9,10,11,12,13,19,22",29.0,248.625,18.1875,0.0,0.1852087942680657,0.7265625,0.9921875,0.0958180360013463,1.3833333333333333,0.5222640037536621,,,
stage4d_scaling,3,128,scale_free,44001,transition_mid,0.035,0.05,1.0,32,0.25,8.0,0b3bd7fdc393edfda2,stage4_complete,cycle_proxy,0.5925670862197876,1,"0,1,2,3,4,5,6,7,8,9,10,11,12,13,14,15,18,19,20,22,23,24,25,26,27,30,39,41,44,63,65,79",22.40625,163.59375,11.8125,0.0,0.138350930645558,0.9375,1.0,0.0626709432115296,1.7076612903225807,0.7757019996643066,,,
stage4d_scaling,3,128,scale_free,44001,transition_mid,0.035,0.05,1.0,32,0.25,8.0,0b3bd7fdc393edfda2,stage4_complete,feedback_hub,0.4153673052787781,1,"0,1,2,3,4,5,6,7,8,9,10,11,12,13,14,15,17,18,19,20,22,23,24,25,26,27,28,29,30,32,39,63",22.90625,166.84375,11.53125,0.0,0.1404981899331104,0.9375,1.0,0.060834679011528,1.6733870967741935,0.7757019996643066,,,
stage4d_scaling,3,128,scale_free,44001,transition_mid,0.035,0.05,1.0,32,0.25,8.0,0b3bd7fdc393edfda2,stage4_complete,dynamics_aware,0.6211444139480591,1,"0,1,2,3,4,5,6,7,8,9,14,15,17,18,19,20,22,23,24,25,30,39,41,44,60,65,79,83,87,93,98,109",19.96875,145.15625,10.1875,0.0,0.123905278647211,0.8828125,0.9921875,0.0481676765908829,1.7963709677419355,0.7757019996643066,,,
stage4d_scaling,3,128,scale_free,44001,transition_mid,0.035,0.05,1.0,32,0.25,8.0,0b3bd7fdc393edfda2,stage4_complete,high_degree,0.4153673052787781,1,"0,1,2,3,4,5,6,7,8,9,10,11,12,13,14,15,17,18,19,20,22,23,24,25,26,27,28,29,30,32,39,63",22.90625,166.84375,11.53125,0.0,0.1404981899331104,0.9375,1.0,0.060834679011528,1.6733870967741935,0.7757019996643066,,,
stage4d_scaling,3,128,scale_free,44001,transition_mid,0.035,0.05,1.0,32,0.25,8.0,0b3bd7fdc393edfda2,stage4_complete,module_bridge,0.4153673052787781,1,"0,1,2,3,4,5,6,7,8,9,10,11,12,13,14,15,17,18,19,20,22,23,24,25,26,27,28,29,30,32,39,63",22.90625,166.84375,11.53125,0.0,0.1404981899331104,0.9375,1.0,0.060834679011528,1.6733870967741935,0.7757019996643066,,,
stage4d_scaling,3,128,scale_free,44001,transition_mid,0.035,0.05,1.0,32,0.25,8.0,0b3bd7fdc393edfda2,stage4_complete,random,0.1500768933910876,32,,11.5205078125,58.615234375,3.7021484375,0.0,0.0715790472633031,0.785888671875,0.995849609375,0.03143474627282217,2.214465725806452,0.7757019996643066,,,
stage4d_scaling,3,128,scale_free,44001,transition_mid,0.035,0.05,1.0,32,0.25,8.0,0b3bd7fdc393edfda2,stage4_complete,spectral,0.340992271900177,1,"0,1,2,3,4,5,6,7,8,9,10,11,12,13,14,15,17,18,19,20,21,22,23,24,25,26,27,28,30,35,44,51",22.4375,162.96875,11.59375,0.0,0.1418111479174195,0.90625,0.9921875,0.0623342312981471,1.6673387096774193,0.7757019996643066,,,
stage4d_scaling,3,128,scale_free,44002,sparse_drive,0.05,0.05,1.0,4,0.03125,8.0,b6721cd61480355241,stage4_complete,cycle_proxy,0.0331743508577346,1,"0,1,3,4",42.5,477.25,37.5,0.0,0.2598625746103598,0.5625,0.953125,0.1218027504445584,1.0,0.2452148348093032,,,
stage4d_scaling,3,128,scale_free,44002,sparse_drive,0.05,0.05,1.0,4,0.03125,8.0,b6721cd61480355241,stage4_complete,feedback_hub,0.0331743508577346,1,"0,1,3,4",42.5,477.25,37.5,0.0,0.2598625746103598,0.5625,0.953125,0.1218027504445584,1.0,0.2452148348093032,,,
stage4d_scaling,3,128,scale_free,44002,sparse_drive,0.05,0.05,1.0,4,0.03125,8.0,b6721cd61480355241,stage4_complete,dynamics_aware,0.1021431982517242,1,"45,92,108,122",7.0,19.75,1.25,0.0,0.0451227123274811,0.1328125,0.609375,0.0238095238095238,2.6666666666666665,0.2452148348093032,,,
stage4d_scaling,3,128,scale_free,44002,sparse_drive,0.05,0.05,1.0,4,0.03125,8.0,b6721cd61480355241,stage4_complete,high_degree,0.0331743508577346,1,"0,1,3,4",42.5,477.25,37.5,0.0,0.2598625746103598,0.5625,0.953125,0.1218027504445584,1.0,0.2452148348093032,,,
stage4d_scaling,3,128,scale_free,44002,sparse_drive,0.05,0.05,1.0,4,0.03125,8.0,b6721cd61480355241,stage4_complete,module_bridge,0.0331743508577346,1,"0,1,3,4",42.5,477.25,37.5,0.0,0.2598625746103598,0.5625,0.953125,0.1218027504445584,1.0,0.2452148348093032,,,
stage4d_scaling,3,128,scale_free,44002,sparse_drive,0.05,0.05,1.0,4,0.03125,8.0,b6721cd61480355241,stage4_complete,random,0.034399800730170634,32,,11.546875,55.671875,3.59375,0.0,0.07142728697544418,0.18505859375,0.716064453125,0.03230923745773644,2.177083333333333,0.2452148348093032,,,
stage4d_scaling,3,128,scale_free,44002,sparse_drive,0.05,0.05,1.0,4,0.03125,8.0,b6721cd61480355241,stage4_complete,spectral,0.0331743508577346,1,"0,1,3,4",42.5,477.25,37.5,0.0,0.2598625746103598,0.5625,0.953125,0.1218027504445584,1.0,0.2452148348093032,,,
stage4d_scaling,3,128,scale_free,44002,sparse_drive,0.05,0.05,1.0,16,0.125,8.0,d35579a856ed0d885d,stage4_complete,cycle_proxy,0.2908869385719299,1,"0,1,2,3,4,5,6,7,8,9,11,13,18,20,22,23",28.4375,245.5,20.4375,0.0,0.1806434859733086,0.8203125,0.984375,0.075255099048834,1.4083333333333334,0.496403157711029,,,
stage4d_scaling,3,128,scale_free,44002,sparse_drive,0.05,0.05,1.0,16,0.125,8.0,d35579a856ed0d885d,stage4_complete,feedback_hub,0.2319687306880951,1,"0,1,2,3,4,5,6,7,8,9,11,13,15,17,20,22",29.5,258.0,20.125,0.0,0.1853119480454143,0.8046875,0.9921875,0.0850565781194279,1.3916666666666666,0.496403157711029,,,
stage4d_scaling,3,128,scale_free,44002,sparse_drive,0.05,0.05,1.0,16,0.125,8.0,d35579a856ed0d885d,stage4_complete,dynamics_aware,0.2378247678279876,1,"1,2,3,4,5,6,10,11,13,15,17,22,65,81,91,97",24.9375,210.25,15.5,0.0,0.1545158106952373,0.8046875,0.9921875,0.0651100191844895,1.6333333333333333,0.496403157711029,,,
stage4d_scaling,3,128,scale_free,44002,sparse_drive,0.05,0.05,1.0,16,0.125,8.0,d35579a856ed0d885d,stage4_complete,high_degree,0.2030322849750518,1,"0,1,2,3,4,5,6,7,8,9,10,11,13,15,17,22",29.625,255.875,19.8125,0.0,0.1861407662579736,0.828125,0.9921875,0.0894848335742825,1.3833333333333333,0.496403157711029,,,
stage4d_scaling,3,128,scale_free,44002,sparse_drive,0.05,0.05,1.0,16,0.125,8.0,d35579a856ed0d885d,stage4_complete,module_bridge,0.2030322849750518,1,"0,1,2,3,4,5,6,7,8,9,10,11,13,15,17,22",29.625,255.875,19.8125,0.0,0.1861407662579736,0.828125,0.9921875,0.0894848335742825,1.3833333333333333,0.496403157711029,,,
stage4d_scaling,3,128,scale_free,44002,sparse_drive,0.05,0.05,1.0,16,0.125,8.0,d35579a856ed0d885d,stage4_complete,random,0.030566074332455125,32,,11.59765625,58.5859375,3.982421875,0.0,0.0716284287336929,0.557373046875,0.972412109375,0.027875364610971683,2.1955729166666664,0.496403157711029,,,
stage4d_scaling,3,128,scale_free,44002,sparse_drive,0.05,0.05,1.0,16,0.125,8.0,d35579a856ed0d885d,stage4_complete,spectral,0.2030322849750518,1,"0,1,2,3,4,5,6,7,8,9,10,11,13,15,17,22",29.625,255.875,19.8125,0.0,0.1861407662579736,0.828125,0.9921875,0.0894848335742825,1.3833333333333333,0.496403157711029,,,
stage4d_scaling,3,128,scale_free,44002,sparse_drive,0.05,0.05,1.0,32,0.25,8.0,8ea04564abc049ae45,stage4_complete,cycle_proxy,0.3811466693878174,1,"0,1,2,3,4,5,6,7,8,9,10,11,12,13,14,15,16,17,18,19,20,22,23,25,26,28,29,30,34,40,57,89",22.21875,163.09375,13.125,0.0,0.1400184773746196,0.9140625,0.9921875,0.0550453011737192,1.6733870967741935,0.7416086792945862,,,
stage4d_scaling,3,128,scale_free,44002,sparse_drive,0.05,0.05,1.0,32,0.25,8.0,8ea04564abc049ae45,stage4_complete,feedback_hub,0.2252461016178131,1,"0,1,2,3,4,5,6,7,8,9,10,11,12,13,14,15,16,17,18,20,22,23,25,26,27,28,33,34,36,51,61,63",22.75,167.25,12.53125,0.0,0.1389537765516362,0.9375,1.0,0.0567985857084161,1.689516129032258,0.7416086792945862,,,
stage4d_scaling,3,128,scale_free,44002,sparse_drive,0.05,0.05,1.0,32,0.25,8.0,8ea04564abc049ae45,stage4_complete,dynamics_aware,0.5339932441711426,1,"0,1,2,3,5,6,7,8,9,10,11,13,14,15,16,17,18,20,22,23,26,27,28,31,34,51,54,63,76,80,121,126",20.46875,146.25,11.03125,0.0,0.1256722441454458,0.890625,0.9921875,0.0516459053004836,1.7540322580645162,0.7416086792945862,,,
stage4d_scaling,3,128,scale_free,44002,sparse_drive,0.05,0.05,1.0,32,0.25,8.0,8ea04564abc049ae45,stage4_complete,high_degree,0.3949207663536072,1,"0,1,2,3,4,5,6,7,8,9,10,11,12,13,14,15,16,17,18,20,22,23,26,27,28,33,34,36,40,51,61,63",22.78125,167.0,12.5,0.0,0.139108229867671,0.9375,1.0,0.0550175115796889,1.689516129032258,0.7416086792945862,,,
stage4d_scaling,3,128,scale_free,44002,sparse_drive,0.05,0.05,1.0,32,0.25,8.0,8ea04564abc049ae45,stage4_complete,module_bridge,0.3949207663536072,1,"0,1,2,3,4,5,6,7,8,9,10,11,12,13,14,15,16,17,18,20,22,23,26,27,28,33,34,36,40,51,61,63",22.78125,167.0,12.5,0.0,0.139108229867671,0.9375,1.0,0.0550175115796889,1.689516129032258,0.7416086792945862,,,
stage4d_scaling,3,128,scale_free,44002,sparse_drive,0.05,0.05,1.0,32,0.25,8.0,8ea04564abc049ae45,stage4_complete,random,0.09268524398794395,32,,11.4599609375,57.005859375,3.9033203125,0.0,0.07130354171902685,0.784423828125,0.99169921875,0.02859105035222139,2.19953377016129,0.7416086792945862,,,
stage4d_scaling,3,128,scale_free,44002,sparse_drive,0.05,0.05,1.0,32,0.25,8.0,8ea04564abc049ae45,stage4_complete,spectral,0.2407651245594024,1,"0,1,2,3,4,5,6,7,8,9,10,11,12,13,14,15,16,17,18,19,20,21,22,23,26,28,29,34,36,40,49,61",22.40625,164.34375,12.84375,0.0,0.1416036293606326,0.921875,0.9921875,0.0580477784431135,1.6693548387096775,0.7416086792945862,,,
stage4d_scaling,3,128,scale_free,44002,transition_dense,0.035,0.1,1.0,4,0.03125,8.0,363793ad66d5be9dfb,stage4_complete,cycle_proxy,0.1124499589204788,1,"1,2,4,12",59.5,948.5,129.75,0.0,0.1831049936604451,0.65625,1.0,0.1289468372561583,1.0,0.3273189663887024,,,
stage4d_scaling,3,128,scale_free,44002,transition_dense,0.035,0.1,1.0,4,0.03125,8.0,363793ad66d5be9dfb,stage4_complete,feedback_hub,0.0413293913006782,1,"0,1,2,12",60.0,963.5,127.5,0.0,0.1853799428470495,0.640625,1.0,0.1892909455344965,1.0,0.3273189663887024,,,
stage4d_scaling,3,128,scale_free,44002,transition_dense,0.035,0.1,1.0,4,0.03125,8.0,363793ad66d5be9dfb,stage4_complete,dynamics_aware,0.0769864171743393,1,"25,51,69,122",22.5,167.5,19.25,0.0,0.0687990474581741,0.3046875,0.984375,0.0378086419753086,1.6666666666666667,0.3273189663887024,,,
stage4d_scaling,3,128,scale_free,44002,transition_dense,0.035,0.1,1.0,4,0.03125,8.0,363793ad66d5be9dfb,stage4_complete,high_degree,0.0413293913006782,1,"0,1,2,12",60.0,963.5,127.5,0.0,0.1853799428470495,0.640625,1.0,0.1892909455344965,1.0,0.3273189663887024,,,
stage4d_scaling,3,128,scale_free,44002,transition_dense,0.035,0.1,1.0,4,0.03125,8.0,363793ad66d5be9dfb,stage4_complete,module_bridge,0.0413293913006782,1,"0,1,2,12",60.0,963.5,127.5,0.0,0.1853799428470495,0.640625,1.0,0.1892909455344965,1.0,0.3273189663887024,,,
stage4d_scaling,3,128,scale_free,44002,transition_dense,0.035,0.1,1.0,4,0.03125,8.0,363793ad66d5be9dfb,stage4_complete,random,0.09851004777010526,32,,24.171875,199.7734375,26.4765625,0.0,0.0766839018269311,0.345458984375,0.98193359375,0.05016179529861453,1.8177083333333333,0.3273189663887024,,,
stage4d_scaling,3,128,scale_free,44002,transition_dense,0.035,0.1,1.0,4,0.03125,8.0,363793ad66d5be9dfb,stage4_complete,spectral,0.0413293913006782,1,"0,1,2,12",60.0,963.5,127.5,0.0,0.1853799428470495,0.640625,1.0,0.1892909455344965,1.0,0.3273189663887024,,,
stage4d_scaling,3,128,scale_free,44002,transition_dense,0.035,0.1,1.0,16,0.125,8.0,5b4a9f3ea60362498f,stage4_complete,cycle_proxy,0.1969088315963745,1,"0,1,2,4,5,6,7,9,10,11,12,13,14,15,16,21",52.125,732.0,107.1875,0.0,0.1678151431930379,0.9765625,1.0,0.1531406595199498,1.0583333333333331,0.5375628471374512,,,
stage4d_scaling,3,128,scale_free,44002,transition_dense,0.035,0.1,1.0,16,0.125,8.0,5b4a9f3ea60362498f,stage4_complete,feedback_hub,0.3127714991569519,1,"0,1,2,4,5,6,7,9,10,12,13,14,15,16,20,21",52.1875,732.625,105.4375,0.0,0.1667955927670615,0.96875,1.0,0.1555048196824367,1.1,0.5375628471374512,,,
stage4d_scaling,3,128,scale_free,44002,transition_dense,0.035,0.1,1.0,16,0.125,8.0,5b4a9f3ea60362498f,stage4_complete,dynamics_aware,0.2862045168876648,1,"0,2,5,7,9,11,12,13,14,15,16,18,67,76,80,114",41.4375,523.6875,77.125,0.0,0.1352478760024651,0.921875,1.0,0.1106224664535573,1.3666666666666667,0.5375628471374512,,,
stage4d_scaling,3,128,scale_free,44002,transition_dense,0.035,0.1,1.0,16,0.125,8.0,5b4a9f3ea60362498f,stage4_complete,high_degree,0.3127714991569519,1,"0,1,2,4,5,6,7,9,10,12,13,14,15,16,20,21",52.1875,732.625,105.4375,0.0,0.1667955927670615,0.96875,1.0,0.1555048196824367,1.1,0.5375628471374512,,,
stage4d_scaling,3,128,scale_free,44002,transition_dense,0.035,0.1,1.0,16,0.125,8.0,5b4a9f3ea60362498f,stage4_complete,module_bridge,0.3127714991569519,1,"0,1,2,4,5,6,7,9,10,12,13,14,15,16,20,21",52.1875,732.625,105.4375,0.0,0.1667955927670615,0.96875,1.0,0.1555048196824367,1.1,0.5375628471374512,,,
stage4d_scaling,3,128,scale_free,44002,transition_dense,0.035,0.1,1.0,16,0.125,8.0,5b4a9f3ea60362498f,stage4_complete,random,0.07136313256341958,32,,24.509765625,213.486328125,28.80078125,0.0,0.07758285361595317,0.78076171875,1.0,0.05552908785165922,1.8291666666666666,0.5375628471374512,,,
stage4d_scaling,3,128,scale_free,44002,transition_dense,0.035,0.1,1.0,16,0.125,8.0,5b4a9f3ea60362498f,stage4_complete,spectral,0.1969088315963745,1,"0,1,2,4,5,6,7,9,10,11,12,13,14,15,16,21",52.125,732.0,107.1875,0.0,0.1678151431930379,0.9765625,1.0,0.1531406595199498,1.0583333333333331,0.5375628471374512,,,
stage4d_scaling,3,128,scale_free,44002,transition_dense,0.035,0.1,1.0,32,0.25,8.0,df0598b3819888d8d9,stage4_complete,cycle_proxy,0.5152122378349304,1,"0,1,2,3,4,5,6,7,8,9,10,11,12,13,14,15,16,17,18,19,20,21,22,23,24,25,27,28,29,30,33,35",44.21875,550.84375,78.375,0.0,0.1414685581463053,1.0,1.0,0.1197239497376918,1.3528225806451613,0.8027575612068176,,,
stage4d_scaling,3,128,scale_free,44002,transition_dense,0.035,0.1,1.0,32,0.25,8.0,df0598b3819888d8d9,stage4_complete,feedback_hub,0.5579777359962463,1,"0,1,2,3,4,5,6,7,8,9,10,11,12,13,14,15,16,17,18,20,21,22,23,25,27,28,29,30,33,34,35,36",44.6875,557.53125,77.84375,0.0,0.1417248858671451,1.0,1.0,0.1193187064807317,1.3588709677419355,0.8027575612068176,,,
stage4d_scaling,3,128,scale_free,44002,transition_dense,0.035,0.1,1.0,32,0.25,8.0,df0598b3819888d8d9,stage4_complete,dynamics_aware,0.6703305840492249,1,"0,1,2,3,4,5,6,7,8,9,11,12,13,14,15,17,20,21,22,23,25,27,28,29,33,35,36,78,79,89,114,116",40.8125,497.53125,69.1875,0.0,0.1290982058049951,1.0,1.0,0.1008840588047118,1.4758064516129032,0.8027575612068176,,,
stage4d_scaling,3,128,scale_free,44002,transition_dense,0.035,0.1,1.0,32,0.25,8.0,df0598b3819888d8d9,stage4_complete,high_degree,0.4164092540740967,1,"0,1,2,3,4,5,6,7,8,9,10,11,12,13,14,15,16,17,18,20,21,22,23,25,27,28,29,30,34,35,36,45",44.6875,557.0625,77.5625,0.0,0.1415504170736129,1.0,1.0,0.1184623763229462,1.3588709677419355,0.8027575612068176,,,
stage4d_scaling,3,128,scale_free,44002,transition_dense,0.035,0.1,1.0,32,0.25,8.0,df0598b3819888d8d9,stage4_complete,module_bridge,0.4164092540740967,1,"0,1,2,3,4,5,6,7,8,9,10,11,12,13,14,15,16,17,18,20,21,22,23,25,27,28,29,30,34,35,36,45",44.6875,557.0625,77.5625,0.0,0.1415504170736129,1.0,1.0,0.1184623763229462,1.3588709677419355,0.8027575612068176,,,
stage4d_scaling,3,128,scale_free,44002,transition_dense,0.035,0.1,1.0,32,0.25,8.0,df0598b3819888d8d9,stage4_complete,random,0.307968330103904,32,,24.2998046875,208.158203125,27.9423828125,0.0,0.07696011693111263,0.943603515625,1.0,0.05569878481817093,1.8286920362903227,0.8027575612068176,,,
stage4d_scaling,3,128,scale_free,44002,transition_dense,0.035,0.1,1.0,32,0.25,8.0,df0598b3819888d8d9,stage4_complete,spectral,0.4019721448421478,1,"0,1,2,3,4,5,6,7,8,9,10,11,12,13,14,15,16,17,18,20,21,22,23,25,26,27,28,29,30,33,35,36",44.65625,557.09375,77.78125,0.0,0.1419314433238134,1.0,1.0,0.1190472110020191,1.3528225806451613,0.8027575612068176,,,
stage4d_scaling,3,128,scale_free,44002,transition_mid,0.035,0.05,1.0,4,0.03125,8.0,6c05de40984be049fa,stage4_complete,cycle_proxy,0.0340672358870506,1,"0,1,3,4",42.5,477.25,37.5,0.0,0.2598625746103598,0.5625,0.953125,0.1218027504445584,1.0,0.2658954858779907,,,
stage4d_scaling,3,128,scale_free,44002,transition_mid,0.035,0.05,1.0,4,0.03125,8.0,6c05de40984be049fa,stage4_complete,feedback_hub,0.0340672358870506,1,"0,1,3,4",42.5,477.25,37.5,0.0,0.2598625746103598,0.5625,0.953125,0.1218027504445584,1.0,0.2658954858779907,,,
stage4d_scaling,3,128,scale_free,44002,transition_mid,0.035,0.05,1.0,4,0.03125,8.0,6c05de40984be049fa,stage4_complete,dynamics_aware,0.1008869856595993,1,"84,99,106,114",7.0,17.75,0.25,0.0,0.0362352612920942,0.15625,0.6015625,0.0166666666666666,2.5,0.2658954858779907,,,
stage4d_scaling,3,128,scale_free,44002,transition_mid,0.035,0.05,1.0,4,0.03125,8.0,6c05de40984be049fa,stage4_complete,high_degree,0.0340672358870506,1,"0,1,3,4",42.5,477.25,37.5,0.0,0.2598625746103598,0.5625,0.953125,0.1218027504445584,1.0,0.2658954858779907,,,
stage4d_scaling,3,128,scale_free,44002,transition_mid,0.035,0.05,1.0,4,0.03125,8.0,6c05de40984be049fa,stage4_complete,module_bridge,0.0340672358870506,1,"0,1,3,4",42.5,477.25,37.5,0.0,0.2598625746103598,0.5625,0.953125,0.1218027504445584,1.0,0.2658954858779907,,,
stage4d_scaling,3,128,scale_free,44002,transition_mid,0.035,0.05,1.0,4,0.03125,8.0,6c05de40984be049fa,stage4_complete,random,0.042189801170024965,32,,11.546875,55.671875,3.59375,0.0,0.07142728697544418,0.18505859375,0.716064453125,0.03230923745773644,2.177083333333333,0.2658954858779907,,,
stage4d_scaling,3,128,scale_free,44002,transition_mid,0.035,0.05,1.0,4,0.03125,8.0,6c05de40984be049fa,stage4_complete,spectral,0.0340672358870506,1,"0,1,3,4",42.5,477.25,37.5,0.0,0.2598625746103598,0.5625,0.953125,0.1218027504445584,1.0,0.2658954858779907,,,
stage4d_scaling,3,128,scale_free,44002,transition_mid,0.035,0.05,1.0,16,0.125,8.0,94bfa3b79e2370a9f1,stage4_complete,cycle_proxy,0.3609052300453186,1,"0,1,2,3,4,5,6,7,8,9,11,13,18,20,22,23",28.4375,245.5,20.4375,0.0,0.1806434859733086,0.8203125,0.984375,0.075255099048834,1.4083333333333334,0.5341234803199768,,,
stage4d_scaling,3,128,scale_free,44002,transition_mid,0.035,0.05,1.0,16,0.125,8.0,94bfa3b79e2370a9f1,stage4_complete,feedback_hub,0.2605296671390533,1,"0,1,2,3,4,5,6,7,8,9,11,13,15,17,20,22",29.5,258.0,20.125,0.0,0.1853119480454143,0.8046875,0.9921875,0.0850565781194279,1.3916666666666666,0.5341234803199768,,,
stage4d_scaling,3,128,scale_free,44002,transition_mid,0.035,0.05,1.0,16,0.125,8.0,94bfa3b79e2370a9f1,stage4_complete,dynamics_aware,0.2542170286178589,1,"0,1,2,3,4,5,6,7,8,9,10,13,15,22,53,83",27.5,235.125,18.8125,0.0,0.1743610033186488,0.828125,0.9921875,0.0752283973200211,1.45,0.5341234803199768,,,
stage4d_scaling,3,128,scale_free,44002,transition_mid,0.035,0.05,1.0,16,0.125,8.0,94bfa3b79e2370a9f1,stage4_complete,high_degree,0.3084411025047302,1,"0,1,2,3,4,5,6,7,8,9,10,11,13,15,17,22",29.625,255.875,19.8125,0.0,0.1861407662579736,0.828125,0.9921875,0.0894848335742825,1.3833333333333333,0.5341234803199768,,,
stage4d_scaling,3,128,scale_free,44002,transition_mid,0.035,0.05,1.0,16,0.125,8.0,94bfa3b79e2370a9f1,stage4_complete,module_bridge,0.3084411025047302,1,"0,1,2,3,4,5,6,7,8,9,10,11,13,15,17,22",29.625,255.875,19.8125,0.0,0.1861407662579736,0.828125,0.9921875,0.0894848335742825,1.3833333333333333,0.5341234803199768,,,
stage4d_scaling,3,128,scale_free,44002,transition_mid,0.035,0.05,1.0,16,0.125,8.0,94bfa3b79e2370a9f1,stage4_complete,random,0.05994019913487132,32,,11.59765625,58.5859375,3.982421875,0.0,0.0716284287336929,0.557373046875,0.972412109375,0.027875364610971683,2.1955729166666664,0.5341234803199768,,,
stage4d_scaling,3,128,scale_free,44002,transition_mid,0.035,0.05,1.0,16,0.125,8.0,94bfa3b79e2370a9f1,stage4_complete,spectral,0.3084411025047302,1,"0,1,2,3,4,5,6,7,8,9,10,11,13,15,17,22",29.625,255.875,19.8125,0.0,0.1861407662579736,0.828125,0.9921875,0.0894848335742825,1.3833333333333333,0.5341234803199768,,,
stage4d_scaling,3,128,scale_free,44002,transition_mid,0.035,0.05,1.0,32,0.25,8.0,e7d8c424d3c3912c62,stage4_complete,cycle_proxy,0.4560417532920837,1,"0,1,2,3,4,5,6,7,8,9,10,11,12,13,14,15,16,17,18,19,20,22,23,25,26,28,29,30,34,40,57,89",22.21875,163.09375,13.125,0.0,0.1400184773746196,0.9140625,0.9921875,0.0550453011737192,1.6733870967741935,0.7805361747741699,,,
stage4d_scaling,3,128,scale_free,44002,transition_mid,0.035,0.05,1.0,32,0.25,8.0,e7d8c424d3c3912c62,stage4_complete,feedback_hub,0.4194109141826629,1,"0,1,2,3,4,5,6,7,8,9,10,11,12,13,14,15,16,17,18,20,22,23,25,26,27,28,33,34,36,51,61,63",22.75,167.25,12.53125,0.0,0.1389537765516362,0.9375,1.0,0.0567985857084161,1.689516129032258,0.7805361747741699,,,
stage4d_scaling,3,128,scale_free,44002,transition_mid,0.035,0.05,1.0,32,0.25,8.0,e7d8c424d3c3912c62,stage4_complete,dynamics_aware,0.4070795774459839,1,"1,2,4,5,6,8,9,11,12,13,15,16,17,18,20,26,27,28,33,34,41,42,45,51,52,61,63,72,81,108,112,113",18.375,123.9375,8.84375,0.0,0.1123163728034258,0.90625,1.0,0.0422196551004511,1.8588709677419355,0.7805361747741699,,,
stage4d_scaling,3,128,scale_free,44002,transition_mid,0.035,0.05,1.0,32,0.25,8.0,e7d8c424d3c3912c62,stage4_complete,high_degree,0.4520837366580963,1,"0,1,2,3,4,5,6,7,8,9,10,11,12,13,14,15,16,17,18,20,22,23,26,27,28,33,34,36,40,51,61,63",22.78125,167.0,12.5,0.0,0.139108229867671,0.9375,1.0,0.0550175115796889,1.689516129032258,0.7805361747741699,,,
stage4d_scaling,3,128,scale_free,44002,transition_mid,0.035,0.05,1.0,32,0.25,8.0,e7d8c424d3c3912c62,stage4_complete,module_bridge,0.4520837366580963,1,"0,1,2,3,4,5,6,7,8,9,10,11,12,13,14,15,16,17,18,20,22,23,26,27,28,33,34,36,40,51,61,63",22.78125,167.0,12.5,0.0,0.139108229867671,0.9375,1.0,0.0550175115796889,1.689516129032258,0.7805361747741699,,,
stage4d_scaling,3,128,scale_free,44002,transition_mid,0.035,0.05,1.0,32,0.25,8.0,e7d8c424d3c3912c62,stage4_complete,random,0.16282676882110533,32,,11.4599609375,57.005859375,3.9033203125,0.0,0.07130354171902685,0.784423828125,0.99169921875,0.02859105035222139,2.19953377016129,0.7805361747741699,,,
stage4d_scaling,3,128,scale_free,44002,transition_mid,0.035,0.05,1.0,32,0.25,8.0,e7d8c424d3c3912c62,stage4_complete,spectral,0.4062868952751159,1,"0,1,2,3,4,5,6,7,8,9,10,11,12,13,14,15,16,17,18,19,20,21,22,23,26,28,29,34,36,40,49,61",22.40625,164.34375,12.84375,0.0,0.1416036293606326,0.921875,0.9921875,0.0580477784431135,1.6693548387096775,0.7805361747741699,,,
stage4d_scaling,3,512,scale_free,44001,sparse_drive,0.05,0.05,1.0,16,0.03125,8.0,7e5014c7e53ba274da,stage4_complete,cycle_proxy,0.0330181308090686,1,"1,4,5,7,8,9,13,15,17,18,19,22,23,24,26,29",161.1875,6645.1875,649.0,0.0,0.118451749704164,0.880859375,1.0,0.126201358526227,1.0083333333333333,0.3604108095169067,,,
stage4d_scaling,3,512,scale_free,44001,sparse_drive,0.05,0.05,1.0,16,0.03125,8.0,7e5014c7e53ba274da,stage4_complete,feedback_hub,0.0514129176735878,1,"1,4,5,7,8,9,13,15,17,18,23,24,26,29,30,38",162.875,6768.8125,640.125,0.0,0.1175452890474779,0.880859375,1.0,0.1260735173102498,1.0333333333333334,0.3604108095169067,,,
stage4d_scaling,3,512,scale_free,44001,sparse_drive,0.05,0.05,1.0,16,0.03125,8.0,7e5014c7e53ba274da,stage4_complete,dynamics_aware,0.2472536712884903,1,"6,83,100,153,169,172,176,205,223,239,315,354,382,449,470,483",46.5,770.625,75.8125,0.0,0.0353284775885715,0.51171875,1.0,0.0282846987161888,1.9416666666666669,0.3604108095169067,,,
stage4d_scaling,3,512,scale_free,44001,sparse_drive,0.05,0.05,1.0,16,0.03125,8.0,7e5014c7e53ba274da,stage4_complete,high_degree,0.0449716970324516,1,"0,1,4,5,7,8,9,13,15,18,23,24,26,29,30,38",162.9375,6767.6875,634.125,0.0,0.1171728444560867,0.884765625,1.0,0.1227598035940864,1.0416666666666667,0.3604108095169067,,,
stage4d_scaling,3,512,scale_free,44001,sparse_drive,0.05,0.05,1.0,16,0.03125,8.0,7e5014c7e53ba274da,stage4_complete,module_bridge,0.0449716970324516,1,"0,1,4,5,7,8,9,13,15,18,23,24,26,29,30,38",162.9375,6767.6875,634.125,0.0,0.1171728444560867,0.884765625,1.0,0.1227598035940864,1.0416666666666667,0.3604108095169067,,,
stage4d_scaling,3,512,scale_free,44001,sparse_drive,0.05,0.05,1.0,16,0.03125,8.0,7e5014c7e53ba274da,stage4_complete,random,0.09581503365188832,32,,49.349609375,897.58984375,85.8203125,0.0,0.035977243060324626,0.524658203125,1.0,0.030961199788662824,1.9361979166666665,0.3604108095169067,,,
stage4d_scaling,3,512,scale_free,44001,sparse_drive,0.05,0.05,1.0,16,0.03125,8.0,7e5014c7e53ba274da,stage4_complete,spectral,0.0498598925769329,1,"1,4,5,7,8,9,13,15,17,18,21,22,23,24,25,29",161.625,6670.4375,647.875,0.0,0.1186128980852667,0.8828125,1.0,0.1278397503161175,1.0083333333333333,0.3604108095169067,,,
stage4d_scaling,3,512,scale_free,44001,sparse_drive,0.05,0.05,1.0,64,0.125,8.0,b7a8da69b8ca52e920,stage4_complete,cycle_proxy,0.3389947116374969,1,"0,1,2,3,4,5,6,7,8,9,10,11,12,13,14,15,16,17,18,19,20,21,22,23,24,25,26,27,28,29,30,31,32,33,34,35,36,37,38,39,40,41,42,43,44,45,46,47,48,49,50,51,52,53,54,55,56,57,59,60,64,65,69,73",127.265625,4333.8125,426.640625,0.0,0.0939369016061448,0.998046875,1.0,0.0954125238497336,1.3506944444444444,0.6462762355804443,,,
stage4d_scaling,3,512,scale_free,44001,sparse_drive,0.05,0.05,1.0,64,0.125,8.0,b7a8da69b8ca52e920,stage4_complete,feedback_hub,0.2236386835575103,1,"0,1,2,3,4,5,6,7,8,9,10,11,12,13,14,15,16,17,18,19,20,21,22,23,24,25,26,27,28,29,30,31,32,33,34,35,36,37,38,39,40,41,42,43,44,45,46,47,48,49,50,51,52,53,54,55,56,57,59,64,65,69,73,78",127.34375,4337.34375,426.59375,0.0,0.0938993236522434,0.998046875,1.0,0.0952544674786988,1.3536706349206349,0.6462762355804443,,,
stage4d_scaling,3,512,scale_free,44001,sparse_drive,0.05,0.05,1.0,64,0.125,8.0,b7a8da69b8ca52e920,stage4_complete,dynamics_aware,0.4963218867778778,1,"0,1,2,3,4,5,6,7,8,9,10,11,12,13,14,15,16,17,18,19,20,21,22,23,24,25,26,27,28,29,30,31,32,33,34,36,38,39,40,42,43,44,46,47,48,49,51,52,53,55,56,57,59,65,73,78,83,201,211,244,254,387,396,465",118.46875,4004.234375,396.671875,0.0,0.0877754276176351,0.99609375,1.0,0.0873062847533062,1.4300595238095235,0.6462762355804443,,,
stage4d_scaling,3,512,scale_free,44001,sparse_drive,0.05,0.05,1.0,64,0.125,8.0,b7a8da69b8ca52e920,stage4_complete,high_degree,0.2236386835575103,1,"0,1,2,3,4,5,6,7,8,9,10,11,12,13,14,15,16,17,18,19,20,21,22,23,24,25,26,27,28,29,30,31,32,33,34,35,36,37,38,39,40,41,42,43,44,45,46,47,48,49,50,51,52,53,54,55,56,57,59,64,65,69,73,78",127.34375,4337.34375,426.59375,0.0,0.0938993236522434,0.998046875,1.0,0.0952544674786988,1.3536706349206349,0.6462762355804443,,,
stage4d_scaling,3,512,scale_free,44001,sparse_drive,0.05,0.05,1.0,64,0.125,8.0,b7a8da69b8ca52e920,stage4_complete,module_bridge,0.2236386835575103,1,"0,1,2,3,4,5,6,7,8,9,10,11,12,13,14,15,16,17,18,19,20,21,22,23,24,25,26,27,28,29,30,31,32,33,34,35,36,37,38,39,40,41,42,43,44,45,46,47,48,49,50,51,52,53,54,55,56,57,59,64,65,69,73,78",127.34375,4337.34375,426.59375,0.0,0.0938993236522434,0.998046875,1.0,0.0952544674786988,1.3536706349206349,0.6462762355804443,,,
stage4d_scaling,3,512,scale_free,44001,sparse_drive,0.05,0.05,1.0,64,0.125,8.0,b7a8da69b8ca52e920,stage4_complete,random,0.05712940584635358,32,,50.70361328125,955.21484375,90.30810546875,0.0,0.03683313887786149,0.92706298828125,1.0,0.031476753486559,1.9210689484126986,0.6462762355804443,,,
stage4d_scaling,3,512,scale_free,44001,sparse_drive,0.05,0.05,1.0,64,0.125,8.0,b7a8da69b8ca52e920,stage4_complete,spectral,0.3389947116374969,1,"0,1,2,3,4,5,6,7,8,9,10,11,12,13,14,15,16,17,18,19,20,21,22,23,24,25,26,27,28,29,30,31,32,33,34,35,36,37,38,39,40,41,42,43,44,45,46,47,48,49,50,51,52,53,54,55,56,57,59,60,64,65,69,73",127.265625,4333.8125,426.640625,0.0,0.0939369016061448,0.998046875,1.0,0.0954125238497336,1.3506944444444444,0.6462762355804443,,,
stage4d_scaling,3,512,scale_free,44001,sparse_drive,0.05,0.05,1.0,128,0.25,8.0,c42b1f16d85ada363a,stage4_complete,cycle_proxy,0.363485038280487,1,"0,1,2,3,4,5,6,7,8,9,10,11,12,13,14,15,16,17,18,19,20,21,22,23,24,25,26,27,28,29,30,31,32,33,34,35,36,37,38,39,40,41,42,43,44,45,46,47,48,49,50,51,52,53,54,55,56,57,58,59,60,61,62,63,64,65,66,67,68,69,70,71,72,73,74,75,76,77,78,79,80,81,82,83,84,85,86,87,88,89,90,91,92,93,94,95,96,97,98,99,100,102,103,104,105,106,107,108,111,113,114,115,116,118,119,120,122,123,124,125,126,127,128,129,132,134,149,171",96.1640625,2734.171875,266.859375,0.0,0.0707265375253967,0.998046875,1.0,0.067547866429628,1.6355807086614174,0.7690320014953613,,,
stage4d_scaling,3,512,scale_free,44001,sparse_drive,0.05,0.05,1.0,128,0.25,8.0,c42b1f16d85ada363a,stage4_complete,feedback_hub,0.3495752215385437,1,"0,1,2,3,4,5,6,7,8,9,10,11,12,13,14,15,16,17,18,19,20,21,22,23,24,25,26,27,28,29,30,31,32,33,34,35,36,37,38,39,40,41,42,43,44,45,46,47,48,49,50,51,52,53,54,55,56,57,58,59,60,61,62,63,64,65,66,67,68,69,70,71,72,73,74,75,76,77,78,79,80,81,82,83,84,85,87,88,89,90,91,92,93,94,96,97,98,99,100,102,103,104,105,106,107,108,111,113,115,117,118,119,120,121,123,124,125,126,127,128,133,134,137,144,149,154,167,171",96.7578125,2750.265625,266.234375,0.0,0.0707282988998273,1.0,1.0,0.0677295725401314,1.6382874015748032,0.7690320014953613,,,
stage4d_scaling,3,512,scale_free,44001,sparse_drive,0.05,0.05,1.0,128,0.25,8.0,c42b1f16d85ada363a,stage4_complete,dynamics_aware,0.5800778865814209,1,"3,4,6,8,9,22,24,25,26,30,31,33,35,36,37,38,40,41,44,50,54,55,56,57,60,64,68,73,76,82,83,84,88,91,92,96,97,99,106,109,110,121,126,128,133,138,140,144,145,150,155,160,167,168,171,172,174,178,184,205,208,220,221,225,226,227,245,247,251,253,254,257,259,260,261,262,263,270,279,287,293,296,299,302,305,309,311,317,321,322,324,327,331,332,334,337,342,347,359,361,364,367,371,384,396,403,404,405,407,411,416,424,431,434,435,444,445,448,457,460,461,466,480,490,491,497,506,508",58.8359375,1307.421875,122.8125,0.0,0.0429183435595199,1.0,1.0,0.0359823148037056,1.875,0.7690320014953613,,,
stage4d_scaling,3,512,scale_free,44001,sparse_drive,0.05,0.05,1.0,128,0.25,8.0,c42b1f16d85ada363a,stage4_complete,high_degree,0.2935178875923157,1,"0,1,2,3,4,5,6,7,8,9,10,11,12,13,14,15,16,17,18,19,20,21,22,23,24,25,26,27,28,29,30,31,32,33,34,35,36,37,38,39,40,41,42,43,44,45,46,47,48,49,50,51,52,53,54,55,56,57,58,59,60,61,62,63,64,65,66,67,68,69,70,71,72,73,74,75,76,77,78,79,80,81,82,83,84,85,87,88,89,90,91,92,93,94,96,97,98,99,100,101,102,103,104,105,106,108,111,113,115,117,118,119,120,121,123,124,125,126,127,128,133,137,144,149,156,157,167,174",96.765625,2749.4296875,265.96875,0.0,0.0706949413121895,1.0,1.0,0.0674547032652695,1.6377952755905512,0.7690320014953613,,,
stage4d_scaling,3,512,scale_free,44001,sparse_drive,0.05,0.05,1.0,128,0.25,8.0,c42b1f16d85ada363a,stage4_complete,module_bridge,0.2935178875923157,1,"0,1,2,3,4,5,6,7,8,9,10,11,12,13,14,15,16,17,18,19,20,21,22,23,24,25,26,27,28,29,30,31,32,33,34,35,36,37,38,39,40,41,42,43,44,45,46,47,48,49,50,51,52,53,54,55,56,57,58,59,60,61,62,63,64,65,66,67,68,69,70,71,72,73,74,75,76,77,78,79,80,81,82,83,84,85,87,88,89,90,91,92,93,94,96,97,98,99,100,101,102,103,104,105,106,108,111,113,115,117,118,119,120,121,123,124,125,126,127,128,133,137,144,149,156,157,167,174",96.765625,2749.4296875,265.96875,0.0,0.0706949413121895,1.0,1.0,0.0674547032652695,1.6377952755905512,0.7690320014953613,,,
stage4d_scaling,3,512,scale_free,44001,sparse_drive,0.05,0.05,1.0,128,0.25,8.0,c42b1f16d85ada363a,stage4_complete,random,0.3482536906376481,32,,50.6796875,952.699462890625,89.8271484375,0.0,0.03682967996203038,0.992431640625,1.0,0.03177843529188809,1.9190298966535433,0.7690320014953613,,,
stage4d_scaling,3,512,scale_free,44001,sparse_drive,0.05,0.05,1.0,128,0.25,8.0,c42b1f16d85ada363a,stage4_complete,spectral,0.311484694480896,1,"0,1,2,3,4,5,6,7,8,9,10,11,12,13,14,15,16,17,18,19,20,21,22,23,24,25,26,27,28,29,30,31,32,33,34,35,36,37,38,39,40,41,42,43,44,45,46,47,48,49,50,51,52,53,54,55,56,57,58,59,60,61,62,63,64,65,66,67,68,69,70,71,72,73,74,75,76,77,78,79,80,81,82,83,84,85,86,87,88,89,90,91,92,93,94,95,96,97,98,99,100,102,103,104,105,106,107,108,110,111,113,114,115,118,119,120,121,123,124,125,126,127,128,133,134,144,149,153",96.421875,2741.234375,266.34375,0.0,0.070848247526226,1.0,1.0,0.0676591411513477,1.6357037401574803,0.7690320014953613,,,
stage4d_scaling,3,512,scale_free,44001,transition_dense,0.035,0.1,1.0,16,0.03125,8.0,69f570419d8d70e132,stage4_complete,cycle_proxy,0.040080115199089,1,"6,7,9,10,11,21,27,28,29,33,35,37,44,46,47,51",223.25,12671.0625,1991.5,0.0,0.0909495508621989,0.94140625,1.0,0.1639033295468353,1.0,0.387723445892334,,,
stage4d_scaling,3,512,scale_free,44001,transition_dense,0.035,0.1,1.0,16,0.03125,8.0,69f570419d8d70e132,stage4_complete,feedback_hub,0.0553637146949768,1,"6,7,9,10,11,27,28,29,33,35,36,37,44,46,47,51",223.875,12735.4375,1988.4375,0.0,0.0910450843971196,0.9453125,1.0,0.1674727242329539,1.0,0.387723445892334,,,
stage4d_scaling,3,512,scale_free,44001,transition_dense,0.035,0.1,1.0,16,0.03125,8.0,69f570419d8d70e132,stage4_complete,dynamics_aware,0.1293182969093322,1,"6,14,16,35,36,39,52,66,91,99,119,183,187,266,324,429",152.0,6840.625,1053.0625,0.0,0.0617360998579994,0.86328125,1.0,0.0944411250536066,1.5416666666666667,0.387723445892334,,,
stage4d_scaling,3,512,scale_free,44001,transition_dense,0.035,0.1,1.0,16,0.03125,8.0,69f570419d8d70e132,stage4_complete,high_degree,0.044659998267889,1,"6,7,9,10,27,28,29,33,35,36,37,44,46,47,51,54",223.9375,12734.0625,1981.3125,0.0,0.0908962799057673,0.951171875,1.0,0.1633191954262206,1.0083333333333333,0.387723445892334,,,
stage4d_scaling,3,512,scale_free,44001,transition_dense,0.035,0.1,1.0,16,0.03125,8.0,69f570419d8d70e132,stage4_complete,module_bridge,0.044659998267889,1,"6,7,9,10,27,28,29,33,35,36,37,44,46,47,51,54",223.9375,12734.0625,1981.3125,0.0,0.0908962799057673,0.951171875,1.0,0.1633191954262206,1.0083333333333333,0.387723445892334,,,
stage4d_scaling,3,512,scale_free,44001,transition_dense,0.035,0.1,1.0,16,0.03125,8.0,69f570419d8d70e132,stage4_complete,random,0.07873644970823075,32,,94.6953125,2938.994140625,446.705078125,0.0,0.038056007749405846,0.740234375,1.0,0.055111467511166044,1.8252604166666666,0.387723445892334,,,
stage4d_scaling,3,512,scale_free,44001,transition_dense,0.035,0.1,1.0,16,0.03125,8.0,69f570419d8d70e132,stage4_complete,spectral,0.0611972399055957,1,"6,7,9,10,27,28,29,33,35,36,37,38,44,46,47,51",223.625,12699.4375,1988.375,0.0,0.0911038153772781,0.94921875,1.0,0.17046967300143,1.0,0.387723445892334,,,
stage4d_scaling,3,512,scale_free,44001,transition_dense,0.035,0.1,1.0,64,0.125,8.0,80358fed3e7ebf4675,stage4_complete,cycle_proxy,0.2329962849617004,1,"0,1,2,3,4,5,6,7,8,9,10,11,12,13,14,15,16,17,18,19,20,21,22,23,24,25,26,27,28,29,30,31,32,33,34,35,36,37,38,39,40,41,42,43,44,45,46,47,48,49,50,51,52,53,54,55,56,57,58,59,60,63,65,70",207.375,10961.046875,1742.875,0.0,0.0854539722026945,1.0,1.0,0.1557326013120007,1.0411706349206349,0.451625645160675,,,
stage4d_scaling,3,512,scale_free,44001,transition_dense,0.035,0.1,1.0,64,0.125,8.0,80358fed3e7ebf4675,stage4_complete,feedback_hub,0.2817419171333313,1,"0,1,2,3,4,5,6,7,8,9,10,11,12,13,14,15,16,17,18,19,20,21,22,23,24,25,26,27,28,29,30,31,32,33,34,35,36,37,38,39,40,41,42,43,44,45,46,47,48,49,50,51,52,53,54,55,56,57,58,60,63,65,68,70",207.390625,10961.46875,1742.171875,0.0,0.0854520245938569,1.0,1.0,0.1550708359072711,1.0451388888888888,0.451625645160675,,,
stage4d_scaling,3,512,scale_free,44001,transition_dense,0.035,0.1,1.0,64,0.125,8.0,80358fed3e7ebf4675,stage4_complete,dynamics_aware,0.3568539917469024,1,"21,26,27,31,37,44,55,58,60,73,75,83,85,87,89,90,98,103,104,106,114,117,120,124,129,145,147,152,154,166,173,186,189,197,212,215,216,218,225,233,239,256,260,267,277,282,284,289,297,329,367,377,384,403,423,425,438,460,462,465,466,484,498,510",109.203125,3747.09375,562.859375,0.0,0.0437356778802941,0.994140625,1.0,0.0659144099209085,1.7485119047619049,0.451625645160675,,,
stage4d_scaling,3,512,scale_free,44001,transition_dense,0.035,0.1,1.0,64,0.125,8.0,80358fed3e7ebf4675,stage4_complete,high_degree,0.2817419171333313,1,"0,1,2,3,4,5,6,7,8,9,10,11,12,13,14,15,16,17,18,19,20,21,22,23,24,25,26,27,28,29,30,31,32,33,34,35,36,37,38,39,40,41,42,43,44,45,46,47,48,49,50,51,52,53,54,55,56,57,58,60,63,65,68,70",207.390625,10961.46875,1742.171875,0.0,0.0854520245938569,1.0,1.0,0.1550708359072711,1.0451388888888888,0.451625645160675,,,
stage4d_scaling,3,512,scale_free,44001,transition_dense,0.035,0.1,1.0,64,0.125,8.0,80358fed3e7ebf4675,stage4_complete,module_bridge,0.2817419171333313,1,"0,1,2,3,4,5,6,7,8,9,10,11,12,13,14,15,16,17,18,19,20,21,22,23,24,25,26,27,28,29,30,31,32,33,34,35,36,37,38,39,40,41,42,43,44,45,46,47,48,49,50,51,52,53,54,55,56,57,58,60,63,65,68,70",207.390625,10961.46875,1742.171875,0.0,0.0854520245938569,1.0,1.0,0.1550708359072711,1.0451388888888888,0.451625645160675,,,
stage4d_scaling,3,512,scale_free,44001,transition_dense,0.035,0.1,1.0,64,0.125,8.0,80358fed3e7ebf4675,stage4_complete,random,0.18964340677484864,32,,97.419921875,3108.92822265625,469.43994140625,0.0,0.039035044840332475,0.9901123046875,1.0,0.057986874063667926,1.8081132192460316,0.451625645160675,,,
stage4d_scaling,3,512,scale_free,44001,transition_dense,0.035,0.1,1.0,64,0.125,8.0,80358fed3e7ebf4675,stage4_complete,spectral,0.2329962849617004,1,"0,1,2,3,4,5,6,7,8,9,10,11,12,13,14,15,16,17,18,19,20,21,22,23,24,25,26,27,28,29,30,31,32,33,34,35,36,37,38,39,40,41,42,43,44,45,46,47,48,49,50,51,52,53,54,55,56,57,58,59,60,63,65,70",207.375,10961.046875,1742.875,0.0,0.0854539722026945,1.0,1.0,0.1557326013120007,1.0411706349206349,0.451625645160675,,,
stage4d_scaling,3,512,scale_free,44001,transition_dense,0.035,0.1,1.0,128,0.25,8.0,e84dabd07bb085823a,stage4_complete,cycle_proxy,0.3145731091499328,1,"0,1,2,3,4,5,6,7,8,9,10,11,12,13,14,15,16,17,18,19,20,21,22,23,24,25,26,27,28,29,30,31,32,33,34,35,36,37,38,39,40,41,42,43,44,45,46,47,48,49,50,51,52,53,54,55,56,57,58,59,60,61,62,63,64,65,66,67,68,69,70,71,72,73,74,75,76,77,78,79,80,81,82,83,84,85,86,87,88,89,90,91,92,93,94,95,96,97,98,99,100,101,102,103,104,105,107,108,109,110,111,112,113,114,115,116,117,118,119,120,121,123,126,127,129,130,132,133",174.4765625,8089.765625,1265.8125,0.0,0.071175298869693,1.0,1.0,0.1230581612489246,1.360851377952756,0.8390465974807739,,,
stage4d_scaling,3,512,scale_free,44001,transition_dense,0.035,0.1,1.0,128,0.25,8.0,e84dabd07bb085823a,stage4_complete,feedback_hub,0.3073717355728149,1,"0,1,2,3,4,5,6,7,8,9,10,11,12,13,14,15,16,17,18,19,20,21,22,23,24,25,26,27,28,29,30,31,32,33,34,35,36,37,38,39,40,41,42,43,44,45,46,47,48,49,50,51,52,53,54,55,56,57,58,59,60,61,62,63,64,65,66,67,68,69,70,71,72,73,74,75,76,77,78,79,80,81,82,83,84,85,86,87,88,89,90,91,92,93,94,95,96,98,99,101,102,103,104,105,107,108,109,110,111,112,114,115,117,118,119,120,121,123,126,127,129,130,132,136,140,144,157,188",174.8515625,8110.7578125,1263.359375,0.0,0.0711170105945265,1.0,1.0,0.1223654892300695,1.3657726377952757,0.8390465974807739,,,
stage4d_scaling,3,512,scale_free,44001,transition_dense,0.035,0.1,1.0,128,0.25,8.0,e84dabd07bb085823a,stage4_complete,dynamics_aware,0.7690940499305725,1,"1,2,6,12,16,18,20,21,22,28,30,37,39,40,41,50,52,56,58,59,61,67,76,78,79,82,83,87,89,97,98,100,103,108,114,119,121,123,124,131,134,135,137,153,154,156,157,166,170,171,178,179,182,187,192,193,196,201,202,205,209,211,214,215,216,220,223,224,230,246,250,251,259,261,265,276,277,279,283,285,291,299,300,305,313,315,317,319,329,332,336,353,357,365,374,376,378,382,386,389,397,400,408,409,418,422,427,430,435,436,437,444,445,448,454,459,477,480,482,487,489,490,497,499,500,501,504,511",102.5234375,3418.1171875,525.1171875,0.0,0.0413207589840343,1.0,1.0,0.0622109595891683,1.7851870078740155,0.8390465974807739,,,
stage4d_scaling,3,512,scale_free,44001,transition_dense,0.035,0.1,1.0,128,0.25,8.0,e84dabd07bb085823a,stage4_complete,high_degree,0.3073717355728149,1,"0,1,2,3,4,5,6,7,8,9,10,11,12,13,14,15,16,17,18,19,20,21,22,23,24,25,26,27,28,29,30,31,32,33,34,35,36,37,38,39,40,41,42,43,44,45,46,47,48,49,50,51,52,53,54,55,56,57,58,59,60,61,62,63,64,65,66,67,68,69,70,71,72,73,74,75,76,77,78,79,80,81,82,83,84,85,86,87,88,89,90,91,92,93,94,95,96,98,99,101,102,103,104,105,107,108,109,110,111,112,114,115,117,118,119,120,121,123,126,127,129,130,132,136,140,144,157,188",174.8515625,8110.7578125,1263.359375,0.0,0.0711170105945265,1.0,1.0,0.1223654892300695,1.3657726377952757,0.8390465974807739,,,
stage4d_scaling,3,512,scale_free,44001,transition_dense,0.035,0.1,1.0,128,0.25,8.0,e84dabd07bb085823a,stage4_complete,module_bridge,0.3073717355728149,1,"0,1,2,3,4,5,6,7,8,9,10,11,12,13,14,15,16,17,18,19,20,21,22,23,24,25,26,27,28,29,30,31,32,33,34,35,36,37,38,39,40,41,42,43,44,45,46,47,48,49,50,51,52,53,54,55,56,57,58,59,60,61,62,63,64,65,66,67,68,69,70,71,72,73,74,75,76,77,78,79,80,81,82,83,84,85,86,87,88,89,90,91,92,93,94,95,96,98,99,101,102,103,104,105,107,108,109,110,111,112,114,115,117,118,119,120,121,123,126,127,129,130,132,136,140,144,157,188",174.8515625,8110.7578125,1263.359375,0.0,0.0711170105945265,1.0,1.0,0.1223654892300695,1.3657726377952757,0.8390465974807739,,,
stage4d_scaling,3,512,scale_free,44001,transition_dense,0.035,0.1,1.0,128,0.25,8.0,e84dabd07bb085823a,stage4_complete,random,0.4413229413330555,32,,96.981689453125,3068.747314453125,464.64599609375,0.0,0.03892098719618266,0.999755859375,1.0,0.057757807917995736,1.8097587044783463,0.8390465974807739,,,
stage4d_scaling,3,512,scale_free,44001,transition_dense,0.035,0.1,1.0,128,0.25,8.0,e84dabd07bb085823a,stage4_complete,spectral,0.3541184663772583,1,"0,1,2,3,4,5,6,7,8,9,10,11,12,13,14,15,16,17,18,19,20,21,22,23,24,25,26,27,28,29,30,31,32,33,34,35,36,37,38,39,40,41,42,43,44,45,46,47,48,49,50,51,52,53,54,55,56,57,58,59,60,61,62,63,64,65,66,67,68,69,70,71,72,73,74,75,76,77,78,79,80,81,82,83,84,85,86,87,88,89,90,91,92,93,94,95,96,97,98,99,100,101,102,103,104,105,107,108,109,110,111,112,113,114,115,116,117,118,119,120,121,123,126,127,129,132,140,144",174.5546875,8094.7578125,1265.4375,0.0,0.0711962367989846,1.0,1.0,0.1230372297967184,1.361097440944882,0.8390465974807739,,,
stage4d_scaling,3,512,scale_free,44001,transition_mid,0.035,0.05,1.0,16,0.03125,8.0,063635fc4540820d81,stage4_complete,cycle_proxy,0.0421008169651031,1,"1,4,5,7,8,9,13,15,17,18,19,22,23,24,26,29",161.1875,6645.1875,649.0,0.0,0.118451749704164,0.880859375,1.0,0.126201358526227,1.0083333333333333,0.3298841416835785,,,
stage4d_scaling,3,512,scale_free,44001,transition_mid,0.035,0.05,1.0,16,0.03125,8.0,063635fc4540820d81,stage4_complete,feedback_hub,0.0552343800663948,1,"1,4,5,7,8,9,13,15,17,18,23,24,26,29,30,38",162.875,6768.8125,640.125,0.0,0.1175452890474779,0.880859375,1.0,0.1260735173102498,1.0333333333333334,0.3298841416835785,,,
stage4d_scaling,3,512,scale_free,44001,transition_mid,0.035,0.05,1.0,16,0.03125,8.0,063635fc4540820d81,stage4_complete,dynamics_aware,0.2574917674064636,1,"35,44,62,76,137,172,261,310,314,323,356,360,409,420,487,492",45.5625,710.1875,69.375,0.0,0.0341609181156557,0.486328125,1.0,0.0359980959389985,1.9166666666666667,0.3298841416835785,,,
stage4d_scaling,3,512,scale_free,44001,transition_mid,0.035,0.05,1.0,16,0.03125,8.0,063635fc4540820d81,stage4_complete,high_degree,0.0480386242270469,1,"0,1,4,5,7,8,9,13,15,18,23,24,26,29,30,38",162.9375,6767.6875,634.125,0.0,0.1171728444560867,0.884765625,1.0,0.1227598035940864,1.0416666666666667,0.3298841416835785,,,
stage4d_scaling,3,512,scale_free,44001,transition_mid,0.035,0.05,1.0,16,0.03125,8.0,063635fc4540820d81,stage4_complete,module_bridge,0.0480386242270469,1,"0,1,4,5,7,8,9,13,15,18,23,24,26,29,30,38",162.9375,6767.6875,634.125,0.0,0.1171728444560867,0.884765625,1.0,0.1227598035940864,1.0416666666666667,0.3298841416835785,,,
stage4d_scaling,3,512,scale_free,44001,transition_mid,0.035,0.05,1.0,16,0.03125,8.0,063635fc4540820d81,stage4_complete,random,0.07287156459642569,32,,49.349609375,897.58984375,85.8203125,0.0,0.035977243060324626,0.524658203125,1.0,0.030961199788662824,1.9361979166666665,0.3298841416835785,,,
stage4d_scaling,3,512,scale_free,44001,transition_mid,0.035,0.05,1.0,16,0.03125,8.0,063635fc4540820d81,stage4_complete,spectral,0.0599100217223167,1,"1,4,5,7,8,9,13,15,17,18,21,22,23,24,25,29",161.625,6670.4375,647.875,0.0,0.1186128980852667,0.8828125,1.0,0.1278397503161175,1.0083333333333333,0.3298841416835785,,,
stage4d_scaling,3,512,scale_free,44001,transition_mid,0.035,0.05,1.0,64,0.125,8.0,81af83e1b4a6d4eba2,stage4_complete,cycle_proxy,0.3214349150657654,1,"0,1,2,3,4,5,6,7,8,9,10,11,12,13,14,15,16,17,18,19,20,21,22,23,24,25,26,27,28,29,30,31,32,33,34,35,36,37,38,39,40,41,42,43,44,45,46,47,48,49,50,51,52,53,54,55,56,57,59,60,64,65,69,73",127.265625,4333.8125,426.640625,0.0,0.0939369016061448,0.998046875,1.0,0.0954125238497336,1.3506944444444444,0.6651850342750549,,,
stage4d_scaling,3,512,scale_free,44001,transition_mid,0.035,0.05,1.0,64,0.125,8.0,81af83e1b4a6d4eba2,stage4_complete,feedback_hub,0.3904067873954773,1,"0,1,2,3,4,5,6,7,8,9,10,11,12,13,14,15,16,17,18,19,20,21,22,23,24,25,26,27,28,29,30,31,32,33,34,35,36,37,38,39,40,41,42,43,44,45,46,47,48,49,50,51,52,53,54,55,56,57,59,64,65,69,73,78",127.34375,4337.34375,426.59375,0.0,0.0938993236522434,0.998046875,1.0,0.0952544674786988,1.3536706349206349,0.6651850342750549,,,
stage4d_scaling,3,512,scale_free,44001,transition_mid,0.035,0.05,1.0,64,0.125,8.0,81af83e1b4a6d4eba2,stage4_complete,dynamics_aware,0.4173692166805267,1,"0,1,2,3,4,5,6,7,8,9,10,12,13,14,15,16,17,18,19,20,21,22,23,24,25,26,27,28,29,30,31,32,33,34,35,36,37,38,39,40,41,42,43,44,46,47,48,49,50,51,52,53,54,55,56,57,59,64,65,69,73,78,93,250",125.46875,4250.9375,416.484375,0.0,0.0924404033087616,0.998046875,1.0,0.0933124250144888,1.374503968253968,0.6651850342750549,,,
stage4d_scaling,3,512,scale_free,44001,transition_mid,0.035,0.05,1.0,64,0.125,8.0,81af83e1b4a6d4eba2,stage4_complete,high_degree,0.3904067873954773,1,"0,1,2,3,4,5,6,7,8,9,10,11,12,13,14,15,16,17,18,19,20,21,22,23,24,25,26,27,28,29,30,31,32,33,34,35,36,37,38,39,40,41,42,43,44,45,46,47,48,49,50,51,52,53,54,55,56,57,59,64,65,69,73,78",127.34375,4337.34375,426.59375,0.0,0.0938993236522434,0.998046875,1.0,0.0952544674786988,1.3536706349206349,0.6651850342750549,,,
stage4d_scaling,3,512,scale_free,44001,transition_mid,0.035,0.05,1.0,64,0.125,8.0,81af83e1b4a6d4eba2,stage4_complete,module_bridge,0.3904067873954773,1,"0,1,2,3,4,5,6,7,8,9,10,11,12,13,14,15,16,17,18,19,20,21,22,23,24,25,26,27,28,29,30,31,32,33,34,35,36,37,38,39,40,41,42,43,44,45,46,47,48,49,50,51,52,53,54,55,56,57,59,64,65,69,73,78",127.34375,4337.34375,426.59375,0.0,0.0938993236522434,0.998046875,1.0,0.0952544674786988,1.3536706349206349,0.6651850342750549,,,
stage4d_scaling,3,512,scale_free,44001,transition_mid,0.035,0.05,1.0,64,0.125,8.0,81af83e1b4a6d4eba2,stage4_complete,random,0.14035161281935865,32,,50.70361328125,955.21484375,90.30810546875,0.0,0.03683313887786149,0.92706298828125,1.0,0.031476753486559,1.9210689484126986,0.6651850342750549,,,
stage4d_scaling,3,512,scale_free,44001,transition_mid,0.035,0.05,1.0,64,0.125,8.0,81af83e1b4a6d4eba2,stage4_complete,spectral,0.3214349150657654,1,"0,1,2,3,4,5,6,7,8,9,10,11,12,13,14,15,16,17,18,19,20,21,22,23,24,25,26,27,28,29,30,31,32,33,34,35,36,37,38,39,40,41,42,43,44,45,46,47,48,49,50,51,52,53,54,55,56,57,59,60,64,65,69,73",127.265625,4333.8125,426.640625,0.0,0.0939369016061448,0.998046875,1.0,0.0954125238497336,1.3506944444444444,0.6651850342750549,,,
stage4d_scaling,3,512,scale_free,44001,transition_mid,0.035,0.05,1.0,128,0.25,8.0,88b5aad5840850190a,stage4_complete,cycle_proxy,0.3207600116729736,1,"0,1,2,3,4,5,6,7,8,9,10,11,12,13,14,15,16,17,18,19,20,21,22,23,24,25,26,27,28,29,30,31,32,33,34,35,36,37,38,39,40,41,42,43,44,45,46,47,48,49,50,51,52,53,54,55,56,57,58,59,60,61,62,63,64,65,66,67,68,69,70,71,72,73,74,75,76,77,78,79,80,81,82,83,84,85,86,87,88,89,90,91,92,93,94,95,96,97,98,99,100,102,103,104,105,106,107,108,111,113,114,115,116,118,119,120,122,123,124,125,126,127,128,129,132,134,149,171",96.1640625,2734.171875,266.859375,0.0,0.0707265375253967,0.998046875,1.0,0.067547866429628,1.6355807086614174,0.7451197504997253,,,
stage4d_scaling,3,512,scale_free,44001,transition_mid,0.035,0.05,1.0,128,0.25,8.0,88b5aad5840850190a,stage4_complete,feedback_hub,0.4108950495719909,1,"0,1,2,3,4,5,6,7,8,9,10,11,12,13,14,15,16,17,18,19,20,21,22,23,24,25,26,27,28,29,30,31,32,33,34,35,36,37,38,39,40,41,42,43,44,45,46,47,48,49,50,51,52,53,54,55,56,57,58,59,60,61,62,63,64,65,66,67,68,69,70,71,72,73,74,75,76,77,78,79,80,81,82,83,84,85,87,88,89,90,91,92,93,94,96,97,98,99,100,102,103,104,105,106,107,108,111,113,115,117,118,119,120,121,123,124,125,126,127,128,133,134,137,144,149,154,167,171",96.7578125,2750.265625,266.234375,0.0,0.0707282988998273,1.0,1.0,0.0677295725401314,1.6382874015748032,0.7451197504997253,,,
stage4d_scaling,3,512,scale_free,44001,transition_mid,0.035,0.05,1.0,128,0.25,8.0,88b5aad5840850190a,stage4_complete,dynamics_aware,0.6534805297851562,1,"0,1,3,4,6,13,15,18,20,22,27,35,39,41,44,49,52,54,61,65,66,73,81,82,83,86,87,88,90,96,101,103,113,120,124,135,138,142,143,147,161,170,171,175,176,185,194,199,202,203,204,207,208,210,212,213,218,226,227,231,234,240,245,246,258,262,265,266,267,272,278,280,287,291,299,303,304,308,312,321,322,323,325,328,330,334,337,350,355,356,359,364,365,366,367,371,374,380,383,392,393,394,395,407,410,411,417,418,419,421,426,437,438,441,446,450,452,453,455,457,465,469,470,475,479,483,492,506",53.4765625,1094.015625,103.03125,0.0,0.0390044161071313,1.0,1.0,0.0311796900233381,1.903666338582677,0.7451197504997253,,,
stage4d_scaling,3,512,scale_free,44001,transition_mid,0.035,0.05,1.0,128,0.25,8.0,88b5aad5840850190a,stage4_complete,high_degree,0.3362283706665039,1,"0,1,2,3,4,5,6,7,8,9,10,11,12,13,14,15,16,17,18,19,20,21,22,23,24,25,26,27,28,29,30,31,32,33,34,35,36,37,38,39,40,41,42,43,44,45,46,47,48,49,50,51,52,53,54,55,56,57,58,59,60,61,62,63,64,65,66,67,68,69,70,71,72,73,74,75,76,77,78,79,80,81,82,83,84,85,87,88,89,90,91,92,93,94,96,97,98,99,100,101,102,103,104,105,106,108,111,113,115,117,118,119,120,121,123,124,125,126,127,128,133,137,144,149,156,157,167,174",96.765625,2749.4296875,265.96875,0.0,0.0706949413121895,1.0,1.0,0.0674547032652695,1.6377952755905512,0.7451197504997253,,,
stage4d_scaling,3,512,scale_free,44001,transition_mid,0.035,0.05,1.0,128,0.25,8.0,88b5aad5840850190a,stage4_complete,module_bridge,0.3362283706665039,1,"0,1,2,3,4,5,6,7,8,9,10,11,12,13,14,15,16,17,18,19,20,21,22,23,24,25,26,27,28,29,30,31,32,33,34,35,36,37,38,39,40,41,42,43,44,45,46,47,48,49,50,51,52,53,54,55,56,57,58,59,60,61,62,63,64,65,66,67,68,69,70,71,72,73,74,75,76,77,78,79,80,81,82,83,84,85,87,88,89,90,91,92,93,94,96,97,98,99,100,101,102,103,104,105,106,108,111,113,115,117,118,119,120,121,123,124,125,126,127,128,133,137,144,149,156,157,167,174",96.765625,2749.4296875,265.96875,0.0,0.0706949413121895,1.0,1.0,0.0674547032652695,1.6377952755905512,0.7451197504997253,,,
stage4d_scaling,3,512,scale_free,44001,transition_mid,0.035,0.05,1.0,128,0.25,8.0,88b5aad5840850190a,stage4_complete,random,0.5488503063097596,32,,50.6796875,952.699462890625,89.8271484375,0.0,0.03682967996203038,0.992431640625,1.0,0.03177843529188809,1.9190298966535433,0.7451197504997253,,,
stage4d_scaling,3,512,scale_free,44001,transition_mid,0.035,0.05,1.0,128,0.25,8.0,88b5aad5840850190a,stage4_complete,spectral,0.3977115750312805,1,"0,1,2,3,4,5,6,7,8,9,10,11,12,13,14,15,16,17,18,19,20,21,22,23,24,25,26,27,28,29,30,31,32,33,34,35,36,37,38,39,40,41,42,43,44,45,46,47,48,49,50,51,52,53,54,55,56,57,58,59,60,61,62,63,64,65,66,67,68,69,70,71,72,73,74,75,76,77,78,79,80,81,82,83,84,85,86,87,88,89,90,91,92,93,94,95,96,97,98,99,100,102,103,104,105,106,107,108,110,111,113,114,115,118,119,120,121,123,124,125,126,127,128,133,134,144,149,153",96.421875,2741.234375,266.34375,0.0,0.070848247526226,1.0,1.0,0.0676591411513477,1.6357037401574803,0.7451197504997253,,,
stage4d_scaling,3,512,scale_free,44002,sparse_drive,0.05,0.05,1.0,16,0.03125,8.0,65da98e7e78f755d95,stage4_complete,cycle_proxy,0.0886250808835029,1,"1,2,3,5,7,9,15,17,18,20,21,22,24,25,27,29",161.875,6703.5625,642.5625,0.0,0.1175827341875551,0.880859375,1.0,0.1208569600317116,1.0083333333333333,0.2890352010726928,,,
stage4d_scaling,3,512,scale_free,44002,sparse_drive,0.05,0.05,1.0,16,0.03125,8.0,65da98e7e78f755d95,stage4_complete,feedback_hub,0.0691335499286651,1,"1,2,3,5,7,9,15,17,20,21,24,25,27,29,30,33",162.5625,6757.875,637.125,0.0,0.1172498989542929,0.8828125,1.0,0.1201979692509448,1.0583333333333331,0.2890352010726928,,,
stage4d_scaling,3,512,scale_free,44002,sparse_drive,0.05,0.05,1.0,16,0.03125,8.0,65da98e7e78f755d95,stage4_complete,dynamics_aware,0.2157346308231353,1,"2,14,26,55,72,133,171,195,263,321,325,326,415,427,428,464",61.0625,1476.5625,145.5625,0.0,0.0452014624616831,0.5703125,1.0,0.0379190118384711,1.8416666666666663,0.2890352010726928,,,
stage4d_scaling,3,512,scale_free,44002,sparse_drive,0.05,0.05,1.0,16,0.03125,8.0,65da98e7e78f755d95,stage4_complete,high_degree,0.0691335499286651,1,"1,2,3,5,7,9,15,17,20,21,24,25,27,29,30,33",162.5625,6757.875,637.125,0.0,0.1172498989542929,0.8828125,1.0,0.1201979692509448,1.0583333333333331,0.2890352010726928,,,
stage4d_scaling,3,512,scale_free,44002,sparse_drive,0.05,0.05,1.0,16,0.03125,8.0,65da98e7e78f755d95,stage4_complete,module_bridge,0.0691335499286651,1,"1,2,3,5,7,9,15,17,20,21,24,25,27,29,30,33",162.5625,6757.875,637.125,0.0,0.1172498989542929,0.8828125,1.0,0.1201979692509448,1.0583333333333331,0.2890352010726928,,,
stage4d_scaling,3,512,scale_free,44002,sparse_drive,0.05,0.05,1.0,16,0.03125,8.0,65da98e7e78f755d95,stage4_complete,random,0.04230262729106467,32,,50.38671875,951.1796875,90.080078125,0.0,0.03683285260761475,0.52801513671875,1.0,0.03162269042430611,1.9145833333333333,0.2890352010726928,,,
stage4d_scaling,3,512,scale_free,44002,sparse_drive,0.05,0.05,1.0,16,0.03125,8.0,65da98e7e78f755d95,stage4_complete,spectral,0.0886250808835029,1,"1,2,3,5,7,9,15,17,18,20,21,22,24,25,27,29",161.875,6703.5625,642.5625,0.0,0.1175827341875551,0.880859375,1.0,0.1208569600317116,1.0083333333333333,0.2890352010726928,,,
stage4d_scaling,3,512,scale_free,44002,sparse_drive,0.05,0.05,1.0,64,0.125,8.0,1a7eaa347e8c8d11c1,stage4_complete,cycle_proxy,0.348861962556839,1,"0,1,2,3,4,5,6,7,8,9,10,11,12,13,14,15,16,17,18,19,20,21,22,23,24,25,26,27,28,29,30,31,32,33,34,35,36,37,38,39,40,41,42,43,44,45,46,47,48,49,51,53,54,57,58,59,60,61,64,65,66,67,68,77",127.1875,4336.90625,427.078125,0.0,0.0936208236682701,0.998046875,1.0,0.0970726308839275,1.355654761904762,0.6705327033996582,,,
stage4d_scaling,3,512,scale_free,44002,sparse_drive,0.05,0.05,1.0,64,0.125,8.0,1a7eaa347e8c8d11c1,stage4_complete,feedback_hub,0.4122915267944336,1,"0,1,2,3,4,5,6,7,8,9,10,11,12,13,14,15,16,17,18,19,20,21,22,23,24,25,26,27,28,29,30,31,32,33,34,35,36,37,38,39,40,41,42,43,44,45,46,47,48,49,51,53,54,57,59,61,64,66,67,68,69,77,78,86",127.484375,4349.765625,425.921875,0.0,0.0934609807943233,0.998046875,1.0,0.0961481073674363,1.3606150793650793,0.6705327033996582,,,
stage4d_scaling,3,512,scale_free,44002,sparse_drive,0.05,0.05,1.0,64,0.125,8.0,1a7eaa347e8c8d11c1,stage4_complete,dynamics_aware,0.5346166491508484,1,"2,3,4,5,6,7,8,9,10,12,13,14,15,16,17,18,19,20,21,22,23,24,25,26,27,28,29,30,31,32,33,35,36,37,38,39,40,41,42,43,44,45,46,47,48,51,53,54,57,61,63,64,66,67,68,69,78,112,136,177,282,353,373,475",118.4375,3958.609375,385.796875,0.0,0.0867779455624742,0.998046875,1.0,0.085422408346871,1.4459325396825398,0.6705327033996582,,,
stage4d_scaling,3,512,scale_free,44002,sparse_drive,0.05,0.05,1.0,64,0.125,8.0,1a7eaa347e8c8d11c1,stage4_complete,high_degree,0.4122915267944336,1,"0,1,2,3,4,5,6,7,8,9,10,11,12,13,14,15,16,17,18,19,20,21,22,23,24,25,26,27,28,29,30,31,32,33,34,35,36,37,38,39,40,41,42,43,44,45,46,47,48,49,51,53,54,57,59,61,64,66,67,68,69,77,78,86",127.484375,4349.765625,425.921875,0.0,0.0934609807943233,0.998046875,1.0,0.0961481073674363,1.3606150793650793,0.6705327033996582,,,
stage4d_scaling,3,512,scale_free,44002,sparse_drive,0.05,0.05,1.0,64,0.125,8.0,1a7eaa347e8c8d11c1,stage4_complete,module_bridge,0.4122915267944336,1,"0,1,2,3,4,5,6,7,8,9,10,11,12,13,14,15,16,17,18,19,20,21,22,23,24,25,26,27,28,29,30,31,32,33,34,35,36,37,38,39,40,41,42,43,44,45,46,47,48,49,51,53,54,57,59,61,64,66,67,68,69,77,78,86",127.484375,4349.765625,425.921875,0.0,0.0934609807943233,0.998046875,1.0,0.0961481073674363,1.3606150793650793,0.6705327033996582,,,
stage4d_scaling,3,512,scale_free,44002,sparse_drive,0.05,0.05,1.0,64,0.125,8.0,1a7eaa347e8c8d11c1,stage4_complete,random,0.052715615544002455,32,,51.2685546875,982.7080078125,92.1396484375,0.0,0.03723680354269887,0.927734375,1.0,0.031185989002176714,1.9176122271825398,0.6705327033996582,,,
stage4d_scaling,3,512,scale_free,44002,sparse_drive,0.05,0.05,1.0,64,0.125,8.0,1a7eaa347e8c8d11c1,stage4_complete,spectral,0.2356178611516952,1,"0,1,2,3,4,5,6,7,8,9,10,11,12,13,14,15,16,17,18,19,20,21,22,23,24,25,26,27,28,29,30,31,32,33,34,35,36,37,38,39,40,41,42,43,44,45,46,47,48,49,50,51,53,54,57,58,59,60,61,62,64,67,68,77",127.09375,4332.34375,426.71875,0.0,0.0936614489128383,0.998046875,1.0,0.0969319180601568,1.3536706349206349,0.6705327033996582,,,
stage4d_scaling,3,512,scale_free,44002,sparse_drive,0.05,0.05,1.0,128,0.25,8.0,85e4166014a0da19a5,stage4_complete,cycle_proxy,0.2783718705177307,1,"0,1,2,3,4,5,6,7,8,9,10,11,12,13,14,15,16,17,18,19,20,21,22,23,24,25,26,27,28,29,30,31,32,33,34,35,36,37,38,39,40,41,42,43,44,45,46,47,48,49,50,51,52,53,54,55,56,57,58,59,60,61,62,63,64,65,66,67,68,69,70,71,72,73,74,75,76,77,78,79,80,81,82,83,84,85,86,87,88,89,90,91,93,94,95,96,97,98,99,100,103,104,108,109,110,113,114,115,116,117,118,120,121,122,124,130,134,135,138,139,140,141,142,144,145,154,174,181",96.78125,2759.46875,268.0,0.0,0.0706252618171785,1.0,1.0,0.0660821284346183,1.6375492125984252,0.7540991902351379,,,
stage4d_scaling,3,512,scale_free,44002,sparse_drive,0.05,0.05,1.0,128,0.25,8.0,85e4166014a0da19a5,stage4_complete,feedback_hub,0.2967498898506164,1,"0,1,2,3,4,5,6,7,8,9,10,11,12,13,14,15,16,17,18,19,20,21,22,23,24,25,26,27,28,29,30,31,32,33,34,35,36,37,38,39,40,41,42,43,44,45,46,47,48,49,50,51,52,53,54,55,56,57,58,59,60,61,62,63,64,65,66,67,68,69,70,71,72,73,74,75,76,77,78,79,80,81,82,83,84,85,86,87,88,89,90,91,92,93,94,96,98,99,100,103,104,105,106,108,109,110,111,113,115,116,117,118,120,121,122,124,131,134,138,140,154,160,165,172,174,183,187,216",97.4765625,2779.296875,266.515625,0.0,0.0705924419838128,1.0,1.0,0.0660014524636839,1.640132874015748,0.7540991902351379,,,
stage4d_scaling,3,512,scale_free,44002,sparse_drive,0.05,0.05,1.0,128,0.25,8.0,85e4166014a0da19a5,stage4_complete,dynamics_aware,0.6829773783683777,1,"1,3,4,6,11,15,17,22,27,30,31,32,33,34,35,36,41,50,56,61,63,65,70,71,76,77,81,87,88,89,91,96,103,105,110,111,117,118,126,132,134,139,140,142,150,154,165,170,171,176,177,181,183,187,192,195,198,208,212,214,220,226,234,237,241,242,246,249,250,263,264,267,276,277,280,282,285,288,293,294,299,301,302,304,306,307,309,311,312,314,317,322,330,333,341,347,348,349,351,356,366,369,386,390,392,397,399,408,418,422,433,441,444,452,456,460,468,471,476,477,484,493,497,499,501,503,505,511",57.078125,1233.453125,114.109375,0.0,0.0410666639998862,0.994140625,1.0,0.0332351180713299,1.8849655511811023,0.7540991902351379,,,
stage4d_scaling,3,512,scale_free,44002,sparse_drive,0.05,0.05,1.0,128,0.25,8.0,85e4166014a0da19a5,stage4_complete,high_degree,0.2948074638843536,1,"0,1,2,3,4,5,6,7,8,9,10,11,12,13,14,15,16,17,18,19,20,21,22,23,24,25,26,27,28,29,30,31,32,33,34,35,36,37,38,39,40,41,42,43,44,45,46,47,48,49,50,51,52,53,54,55,56,57,58,59,60,61,62,63,64,65,66,67,68,69,70,71,72,73,74,75,76,77,78,79,80,81,82,83,84,85,86,87,88,89,90,91,92,93,94,96,98,99,100,103,104,105,106,108,109,110,111,113,115,116,117,118,120,121,122,124,131,134,138,140,154,157,160,165,172,174,183,187",97.484375,2778.7421875,266.6171875,0.0,0.0706235403392542,1.0,1.0,0.066258764932398,1.63939468503937,0.7540991902351379,,,
stage4d_scaling,3,512,scale_free,44002,sparse_drive,0.05,0.05,1.0,128,0.25,8.0,85e4166014a0da19a5,stage4_complete,module_bridge,0.2948074638843536,1,"0,1,2,3,4,5,6,7,8,9,10,11,12,13,14,15,16,17,18,19,20,21,22,23,24,25,26,27,28,29,30,31,32,33,34,35,36,37,38,39,40,41,42,43,44,45,46,47,48,49,50,51,52,53,54,55,56,57,58,59,60,61,62,63,64,65,66,67,68,69,70,71,72,73,74,75,76,77,78,79,80,81,82,83,84,85,86,87,88,89,90,91,92,93,94,96,98,99,100,103,104,105,106,108,109,110,111,113,115,116,117,118,120,121,122,124,131,134,138,140,154,157,160,165,172,174,183,187",97.484375,2778.7421875,266.6171875,0.0,0.0706235403392542,1.0,1.0,0.066258764932398,1.63939468503937,0.7540991902351379,,,
stage4d_scaling,3,512,scale_free,44002,sparse_drive,0.05,0.05,1.0,128,0.25,8.0,85e4166014a0da19a5,stage4_complete,random,0.3542126351967454,32,,50.947021484375,962.059814453125,90.50244140625,0.0,0.036988600279010506,0.99365234375,1.0,0.031488434848829475,1.9169575848917324,0.7540991902351379,,,
stage4d_scaling,3,512,scale_free,44002,sparse_drive,0.05,0.05,1.0,128,0.25,8.0,85e4166014a0da19a5,stage4_complete,spectral,0.4365548491477966,1,"0,1,2,3,4,5,6,7,8,9,10,11,12,13,14,15,16,17,18,19,20,21,22,23,24,25,26,27,28,29,30,31,32,33,34,35,36,37,38,39,40,41,42,43,44,45,46,47,48,49,50,51,52,53,54,55,56,57,58,59,60,61,62,63,64,65,66,67,68,69,70,71,72,73,74,75,76,77,78,79,80,81,82,83,84,85,86,87,88,89,90,91,92,93,94,95,96,97,98,99,100,101,103,104,105,106,107,108,109,110,111,113,114,115,116,117,118,120,121,122,124,128,138,139,140,144,174,181",97.0703125,2766.265625,267.40625,0.0,0.0708242266540964,1.0,1.0,0.0660245464804468,1.6354576771653544,0.7540991902351379,,,
stage4d_scaling,3,512,scale_free,44002,transition_dense,0.035,0.1,1.0,16,0.03125,8.0,c8484ef366b1d180d0,stage4_complete,cycle_proxy,0.0490763634443283,1,"2,5,8,13,18,22,23,24,27,28,30,34,36,40,42,45",226.4375,13006.4375,1999.625,0.0,0.0914020930056108,0.93359375,1.0,0.1644052812536837,1.0,0.3399214744567871,,,
stage4d_scaling,3,512,scale_free,44002,transition_dense,0.035,0.1,1.0,16,0.03125,8.0,c8484ef366b1d180d0,stage4_complete,feedback_hub,0.0472893565893173,1,"2,8,13,18,22,23,24,26,27,29,30,34,36,40,45,51",227.6875,13141.8125,1987.8125,0.0,0.0913359933022154,0.9375,1.0,0.1661084907852898,1.0,0.3399214744567871,,,
stage4d_scaling,3,512,scale_free,44002,transition_dense,0.035,0.1,1.0,16,0.03125,8.0,c8484ef366b1d180d0,stage4_complete,dynamics_aware,0.0864574313163757,1,"6,29,33,42,44,57,59,83,172,202,229,236,245,312,366,450",137.5,5826.4375,921.5,0.0,0.0560516825983297,0.841796875,1.0,0.0888540746490818,1.6583333333333334,0.3399214744567871,,,
stage4d_scaling,3,512,scale_free,44002,transition_dense,0.035,0.1,1.0,16,0.03125,8.0,c8484ef366b1d180d0,stage4_complete,high_degree,0.0472893565893173,1,"2,8,13,18,22,23,24,26,27,29,30,34,36,40,45,51",227.6875,13141.8125,1987.8125,0.0,0.0913359933022154,0.9375,1.0,0.1661084907852898,1.0,0.3399214744567871,,,
stage4d_scaling,3,512,scale_free,44002,transition_dense,0.035,0.1,1.0,16,0.03125,8.0,c8484ef366b1d180d0,stage4_complete,module_bridge,0.0472893565893173,1,"2,8,13,18,22,23,24,26,27,29,30,34,36,40,45,51",227.6875,13141.8125,1987.8125,0.0,0.0913359933022154,0.9375,1.0,0.1661084907852898,1.0,0.3399214744567871,,,
stage4d_scaling,3,512,scale_free,44002,transition_dense,0.035,0.1,1.0,16,0.03125,8.0,c8484ef366b1d180d0,stage4_complete,random,0.09151116560678924,32,,96.73828125,3060.990234375,461.9609375,0.0,0.038878441197264454,0.7481689453125,1.0,0.057522402502068026,1.8122395833333333,0.3399214744567871,,,
stage4d_scaling,3,512,scale_free,44002,transition_dense,0.035,0.1,1.0,16,0.03125,8.0,c8484ef366b1d180d0,stage4_complete,spectral,0.0455413311719894,1,"2,8,13,18,22,24,26,27,29,30,34,36,40,42,45,47",227.0625,13066.125,1991.6875,0.0,0.0914889382965395,0.943359375,1.0,0.1682251100269885,1.0,0.3399214744567871,,,
stage4d_scaling,3,512,scale_free,44002,transition_dense,0.035,0.1,1.0,64,0.125,8.0,0c2ea3e72b80b9bb4a,stage4_complete,cycle_proxy,0.3772825598716736,1,"0,1,2,3,4,5,6,7,8,9,10,11,12,13,14,15,16,17,18,19,20,21,22,23,24,25,26,27,28,29,30,31,32,33,34,35,36,37,38,39,40,41,42,43,44,45,46,47,48,49,50,51,52,53,54,56,57,58,59,60,62,65,66,71",209.015625,11124.71875,1750.1875,0.0,0.085707062297386,1.0,1.0,0.1575653239796718,1.0481150793650793,0.5304136276245117,,,
stage4d_scaling,3,512,scale_free,44002,transition_dense,0.035,0.1,1.0,64,0.125,8.0,0c2ea3e72b80b9bb4a,stage4_complete,feedback_hub,0.2437695264816284,1,"0,1,2,3,4,5,6,7,8,9,10,11,13,14,15,16,17,18,19,20,21,22,23,24,25,26,27,28,29,30,31,32,33,34,35,36,37,38,39,40,41,42,43,44,45,46,47,48,49,50,51,52,53,54,56,58,59,60,62,63,65,66,69,71",209.046875,11128.171875,1741.71875,0.0,0.08551273100659,1.0,1.0,0.1561634163545598,1.0570436507936507,0.5304136276245117,,,
stage4d_scaling,3,512,scale_free,44002,transition_dense,0.035,0.1,1.0,64,0.125,8.0,0c2ea3e72b80b9bb4a,stage4_complete,dynamics_aware,0.3205227851867676,1,"0,1,2,5,6,8,9,10,11,13,14,15,16,17,18,19,20,21,22,23,24,26,27,28,29,30,31,32,33,34,35,36,38,40,41,42,43,44,45,46,47,48,49,50,51,52,54,55,56,57,58,59,60,62,66,71,82,176,235,255,258,302,409,442",192.90625,9986.578125,1571.28125,0.0,0.0791342775745468,1.0,1.0,0.1391408650641098,1.1865079365079363,0.5304136276245117,,,
stage4d_scaling,3,512,scale_free,44002,transition_dense,0.035,0.1,1.0,64,0.125,8.0,0c2ea3e72b80b9bb4a,stage4_complete,high_degree,0.2437695264816284,1,"0,1,2,3,4,5,6,7,8,9,10,11,13,14,15,16,17,18,19,20,21,22,23,24,25,26,27,28,29,30,31,32,33,34,35,36,37,38,39,40,41,42,43,44,45,46,47,48,49,50,51,52,53,54,56,58,59,60,62,63,65,66,69,71",209.046875,11128.171875,1741.71875,0.0,0.08551273100659,1.0,1.0,0.1561634163545598,1.0570436507936507,0.5304136276245117,,,
stage4d_scaling,3,512,scale_free,44002,transition_dense,0.035,0.1,1.0,64,0.125,8.0,0c2ea3e72b80b9bb4a,stage4_complete,module_bridge,0.2437695264816284,1,"0,1,2,3,4,5,6,7,8,9,10,11,13,14,15,16,17,18,19,20,21,22,23,24,25,26,27,28,29,30,31,32,33,34,35,36,37,38,39,40,41,42,43,44,45,46,47,48,49,50,51,52,53,54,56,58,59,60,62,63,65,66,69,71",209.046875,11128.171875,1741.71875,0.0,0.08551273100659,1.0,1.0,0.1561634163545598,1.0570436507936507,0.5304136276245117,,,
stage4d_scaling,3,512,scale_free,44002,transition_dense,0.035,0.1,1.0,64,0.125,8.0,0c2ea3e72b80b9bb4a,stage4_complete,random,0.1877815660554915,32,,97.62060546875,3120.8798828125,470.857421875,0.0,0.039107722989466215,0.9913330078125,1.0,0.05791037329915775,1.8087332589285712,0.5304136276245117,,,
stage4d_scaling,3,512,scale_free,44002,transition_dense,0.035,0.1,1.0,64,0.125,8.0,0c2ea3e72b80b9bb4a,stage4_complete,spectral,0.3181264996528625,1,"0,1,2,3,4,5,6,7,8,9,10,11,12,13,14,15,16,17,18,19,20,21,22,23,24,25,26,27,28,29,30,31,32,33,34,35,36,37,38,39,40,41,42,43,44,45,46,47,48,49,50,51,52,53,54,55,56,57,58,59,60,62,66,71",208.8125,11107.65625,1749.5625,0.0,0.085709816740503,1.0,1.0,0.1578444080379892,1.0436507936507935,0.5304136276245117,,,
stage4d_scaling,3,512,scale_free,44002,transition_dense,0.035,0.1,1.0,128,0.25,8.0,6a9972c60961f3cdb1,stage4_complete,cycle_proxy,0.3901478946208954,1,"0,1,2,3,4,5,6,7,8,9,10,11,12,13,14,15,16,17,18,19,20,21,22,23,24,25,26,27,28,29,30,31,32,33,34,35,36,37,38,39,40,41,42,43,44,45,46,47,48,49,50,51,52,53,54,55,56,57,58,59,60,61,62,63,64,65,66,67,68,69,70,71,72,73,74,75,76,77,78,79,80,81,82,83,84,85,86,87,88,89,90,91,92,93,94,95,96,97,98,99,100,101,102,103,104,105,106,107,108,110,111,113,114,115,116,117,118,119,120,121,123,124,125,130,131,147,148,153",174.9375,8145.546875,1261.109375,0.0,0.0711520106250601,1.0,1.0,0.1232243493113143,1.3624507874015748,0.8297656774520874,,,
stage4d_scaling,3,512,scale_free,44002,transition_dense,0.035,0.1,1.0,128,0.25,8.0,6a9972c60961f3cdb1,stage4_complete,feedback_hub,0.4078161120414734,1,"0,1,2,3,4,5,6,7,8,9,10,11,12,13,14,15,16,17,18,19,20,21,22,23,24,25,26,27,28,29,30,31,32,33,34,35,36,37,38,39,40,41,42,43,44,45,46,47,48,49,50,51,52,53,54,55,56,57,58,59,60,61,62,63,64,65,66,67,68,69,70,71,72,73,74,75,76,77,78,79,80,81,82,83,84,85,86,87,89,90,91,92,93,94,95,96,97,98,100,101,102,103,104,105,106,107,108,109,110,111,113,114,115,117,118,119,120,123,125,128,130,131,143,147,148,150,153,184",175.1015625,8154.0078125,1257.953125,0.0,0.0710529493574526,1.0,1.0,0.1221834722560409,1.3672490157480317,0.8297656774520874,,,
stage4d_scaling,3,512,scale_free,44002,transition_dense,0.035,0.1,1.0,128,0.25,8.0,6a9972c60961f3cdb1,stage4_complete,dynamics_aware,0.7676588892936707,1,"1,3,8,11,15,19,20,25,27,33,35,38,45,49,50,51,55,56,59,60,61,62,63,65,67,70,73,78,81,83,87,88,95,101,104,105,108,114,118,126,127,129,130,139,142,149,152,161,162,163,164,172,173,184,194,199,202,208,210,212,215,217,223,226,228,234,238,241,242,246,248,266,270,282,284,291,293,295,313,315,318,321,325,326,327,332,334,339,342,358,361,371,382,385,387,389,392,393,401,407,414,423,425,427,434,439,441,447,450,451,453,455,457,460,462,463,466,470,472,473,474,475,486,488,491,499,503,504",104.0625,3556.484375,543.09375,0.0,0.0420748002083157,1.0,1.0,0.0621443935326387,1.7738681102362204,0.8297656774520874,,,
stage4d_scaling,3,512,scale_free,44002,transition_dense,0.035,0.1,1.0,128,0.25,8.0,6a9972c60961f3cdb1,stage4_complete,high_degree,0.4715323448181152,1,"0,1,2,3,4,5,6,7,8,9,10,11,12,13,14,15,16,17,18,19,20,21,22,23,24,25,26,27,28,29,30,31,32,33,34,35,36,37,38,39,40,41,42,43,44,45,46,47,48,49,50,51,52,53,54,55,56,57,58,59,60,61,62,63,64,65,66,67,68,69,70,71,72,73,74,75,76,77,78,79,80,81,82,83,84,85,86,87,89,90,91,92,93,94,95,96,97,98,100,101,102,103,104,105,106,107,108,109,110,111,113,114,115,117,118,119,120,123,125,128,130,131,143,147,148,150,153,162",175.1015625,8153.9375,1258.140625,0.0,0.071062610420344,1.0,1.0,0.1223910814456809,1.3670029527559056,0.8297656774520874,,,
stage4d_scaling,3,512,scale_free,44002,transition_dense,0.035,0.1,1.0,128,0.25,8.0,6a9972c60961f3cdb1,stage4_complete,module_bridge,0.4715323448181152,1,"0,1,2,3,4,5,6,7,8,9,10,11,12,13,14,15,16,17,18,19,20,21,22,23,24,25,26,27,28,29,30,31,32,33,34,35,36,37,38,39,40,41,42,43,44,45,46,47,48,49,50,51,52,53,54,55,56,57,58,59,60,61,62,63,64,65,66,67,68,69,70,71,72,73,74,75,76,77,78,79,80,81,82,83,84,85,86,87,89,90,91,92,93,94,95,96,97,98,100,101,102,103,104,105,106,107,108,109,110,111,113,114,115,117,118,119,120,123,125,128,130,131,143,147,148,150,153,162",175.1015625,8153.9375,1258.140625,0.0,0.071062610420344,1.0,1.0,0.1223910814456809,1.3670029527559056,0.8297656774520874,,,
stage4d_scaling,3,512,scale_free,44002,transition_dense,0.035,0.1,1.0,128,0.25,8.0,6a9972c60961f3cdb1,stage4_complete,random,0.4980581454001367,32,,97.43115234375,3091.63330078125,465.56494140625,0.0,0.03903369745523817,1.0,1.0,0.05792082670707438,1.808470718503937,0.8297656774520874,,,
stage4d_scaling,3,512,scale_free,44002,transition_dense,0.035,0.1,1.0,128,0.25,8.0,6a9972c60961f3cdb1,stage4_complete,spectral,0.4078431129455566,1,"0,1,2,3,4,5,6,7,8,9,10,11,12,13,14,15,16,17,18,19,20,21,22,23,24,25,26,27,28,29,30,31,32,33,34,35,36,37,38,39,40,41,42,43,44,45,46,47,48,49,50,51,52,53,54,55,56,57,58,59,60,61,62,63,64,65,66,67,68,69,70,71,72,73,74,75,76,77,78,79,80,81,82,83,84,85,86,87,88,89,90,91,92,93,94,95,96,97,98,99,100,101,102,103,104,105,106,107,108,109,110,111,112,113,114,115,116,117,118,119,120,121,123,125,130,131,147,153",174.9140625,8143.4375,1260.671875,0.0,0.0711791050067231,1.0,1.0,0.1232375987902294,1.3615895669291338,0.8297656774520874,,,
stage4d_scaling,3,512,scale_free,44002,transition_mid,0.035,0.05,1.0,16,0.03125,8.0,35896d40a6b8c2cc9b,stage4_complete,cycle_proxy,0.0512850135564804,1,"1,2,3,5,7,9,15,17,18,20,21,22,24,25,27,29",161.875,6703.5625,642.5625,0.0,0.1175827341875551,0.880859375,1.0,0.1208569600317116,1.0083333333333333,0.3173241317272186,,,
stage4d_scaling,3,512,scale_free,44002,transition_mid,0.035,0.05,1.0,16,0.03125,8.0,35896d40a6b8c2cc9b,stage4_complete,feedback_hub,0.0568112842738628,1,"1,2,3,5,7,9,15,17,20,21,24,25,27,29,30,33",162.5625,6757.875,637.125,0.0,0.1172498989542929,0.8828125,1.0,0.1201979692509448,1.0583333333333331,0.3173241317272186,,,
stage4d_scaling,3,512,scale_free,44002,transition_mid,0.035,0.05,1.0,16,0.03125,8.0,35896d40a6b8c2cc9b,stage4_complete,dynamics_aware,0.104990117251873,1,"65,127,128,153,198,218,282,309,322,369,382,447,458,462,465,491",37.6875,434.8125,41.375,0.0,0.0281190629420399,0.412109375,1.0,0.0263308019197276,1.9583333333333333,0.3173241317272186,,,
stage4d_scaling,3,512,scale_free,44002,transition_mid,0.035,0.05,1.0,16,0.03125,8.0,35896d40a6b8c2cc9b,stage4_complete,high_degree,0.0568112842738628,1,"1,2,3,5,7,9,15,17,20,21,24,25,27,29,30,33",162.5625,6757.875,637.125,0.0,0.1172498989542929,0.8828125,1.0,0.1201979692509448,1.0583333333333331,0.3173241317272186,,,
stage4d_scaling,3,512,scale_free,44002,transition_mid,0.035,0.05,1.0,16,0.03125,8.0,35896d40a6b8c2cc9b,stage4_complete,module_bridge,0.0568112842738628,1,"1,2,3,5,7,9,15,17,20,21,24,25,27,29,30,33",162.5625,6757.875,637.125,0.0,0.1172498989542929,0.8828125,1.0,0.1201979692509448,1.0583333333333331,0.3173241317272186,,,
stage4d_scaling,3,512,scale_free,44002,transition_mid,0.035,0.05,1.0,16,0.03125,8.0,35896d40a6b8c2cc9b,stage4_complete,random,0.04306367348181078,32,,50.38671875,951.1796875,90.080078125,0.0,0.03683285260761475,0.52801513671875,1.0,0.03162269042430611,1.9145833333333333,0.3173241317272186,,,
stage4d_scaling,3,512,scale_free,44002,transition_mid,0.035,0.05,1.0,16,0.03125,8.0,35896d40a6b8c2cc9b,stage4_complete,spectral,0.0512850135564804,1,"1,2,3,5,7,9,15,17,18,20,21,22,24,25,27,29",161.875,6703.5625,642.5625,0.0,0.1175827341875551,0.880859375,1.0,0.1208569600317116,1.0083333333333333,0.3173241317272186,,,
stage4d_scaling,3,512,scale_free,44002,transition_mid,0.035,0.05,1.0,64,0.125,8.0,a1b247518bb16c3870,stage4_complete,cycle_proxy,0.3011966645717621,1,"0,1,2,3,4,5,6,7,8,9,10,11,12,13,14,15,16,17,18,19,20,21,22,23,24,25,26,27,28,29,30,31,32,33,34,35,36,37,38,39,40,41,42,43,44,45,46,47,48,49,51,53,54,57,58,59,60,61,64,65,66,67,68,77",127.1875,4336.90625,427.078125,0.0,0.0936208236682701,0.998046875,1.0,0.0970726308839275,1.355654761904762,0.6493926644325256,,,
stage4d_scaling,3,512,scale_free,44002,transition_mid,0.035,0.05,1.0,64,0.125,8.0,a1b247518bb16c3870,stage4_complete,feedback_hub,0.2874826788902282,1,"0,1,2,3,4,5,6,7,8,9,10,11,12,13,14,15,16,17,18,19,20,21,22,23,24,25,26,27,28,29,30,31,32,33,34,35,36,37,38,39,40,41,42,43,44,45,46,47,48,49,51,53,54,57,59,61,64,66,67,68,69,77,78,86",127.484375,4349.765625,425.921875,0.0,0.0934609807943233,0.998046875,1.0,0.0961481073674363,1.3606150793650793,0.6493926644325256,,,
stage4d_scaling,3,512,scale_free,44002,transition_mid,0.035,0.05,1.0,64,0.125,8.0,a1b247518bb16c3870,stage4_complete,dynamics_aware,0.4267486333847046,1,"0,1,3,4,5,6,7,8,9,10,11,12,13,14,15,16,17,18,19,20,21,22,23,25,27,28,29,30,31,33,34,35,36,37,38,39,40,41,42,43,44,46,47,48,49,50,53,54,57,58,60,61,62,64,67,68,77,127,143,233,306,320,390,445",117.046875,3878.203125,384.3125,0.0,0.0862664425959317,0.998046875,1.0,0.0839526375867432,1.4528769841269842,0.6493926644325256,,,
stage4d_scaling,3,512,scale_free,44002,transition_mid,0.035,0.05,1.0,64,0.125,8.0,a1b247518bb16c3870,stage4_complete,high_degree,0.2874826788902282,1,"0,1,2,3,4,5,6,7,8,9,10,11,12,13,14,15,16,17,18,19,20,21,22,23,24,25,26,27,28,29,30,31,32,33,34,35,36,37,38,39,40,41,42,43,44,45,46,47,48,49,51,53,54,57,59,61,64,66,67,68,69,77,78,86",127.484375,4349.765625,425.921875,0.0,0.0934609807943233,0.998046875,1.0,0.0961481073674363,1.3606150793650793,0.6493926644325256,,,
stage4d_scaling,3,512,scale_free,44002,transition_mid,0.035,0.05,1.0,64,0.125,8.0,a1b247518bb16c3870,stage4_complete,module_bridge,0.2874826788902282,1,"0,1,2,3,4,5,6,7,8,9,10,11,12,13,14,15,16,17,18,19,20,21,22,23,24,25,26,27,28,29,30,31,32,33,34,35,36,37,38,39,40,41,42,43,44,45,46,47,48,49,51,53,54,57,59,61,64,66,67,68,69,77,78,86",127.484375,4349.765625,425.921875,0.0,0.0934609807943233,0.998046875,1.0,0.0961481073674363,1.3606150793650793,0.6493926644325256,,,
stage4d_scaling,3,512,scale_free,44002,transition_mid,0.035,0.05,1.0,64,0.125,8.0,a1b247518bb16c3870,stage4_complete,random,0.1328256000997498,32,,51.2685546875,982.7080078125,92.1396484375,0.0,0.03723680354269887,0.927734375,1.0,0.031185989002176714,1.9176122271825398,0.6493926644325256,,,
stage4d_scaling,3,512,scale_free,44002,transition_mid,0.035,0.05,1.0,64,0.125,8.0,a1b247518bb16c3870,stage4_complete,spectral,0.2919855117797851,1,"0,1,2,3,4,5,6,7,8,9,10,11,12,13,14,15,16,17,18,19,20,21,22,23,24,25,26,27,28,29,30,31,32,33,34,35,36,37,38,39,40,41,42,43,44,45,46,47,48,49,50,51,53,54,57,58,59,60,61,62,64,67,68,77",127.09375,4332.34375,426.71875,0.0,0.0936614489128383,0.998046875,1.0,0.0969319180601568,1.3536706349206349,0.6493926644325256,,,
stage4d_scaling,3,512,scale_free,44002,transition_mid,0.035,0.05,1.0,128,0.25,8.0,164e08803dedf078a4,stage4_complete,cycle_proxy,0.2860287427902221,1,"0,1,2,3,4,5,6,7,8,9,10,11,12,13,14,15,16,17,18,19,20,21,22,23,24,25,26,27,28,29,30,31,32,33,34,35,36,37,38,39,40,41,42,43,44,45,46,47,48,49,50,51,52,53,54,55,56,57,58,59,60,61,62,63,64,65,66,67,68,69,70,71,72,73,74,75,76,77,78,79,80,81,82,83,84,85,86,87,88,89,90,91,93,94,95,96,97,98,99,100,103,104,108,109,110,113,114,115,116,117,118,120,121,122,124,130,134,135,138,139,140,141,142,144,145,154,174,181",96.78125,2759.46875,268.0,0.0,0.0706252618171785,1.0,1.0,0.0660821284346183,1.6375492125984252,0.7535263895988464,,,
stage4d_scaling,3,512,scale_free,44002,transition_mid,0.035,0.05,1.0,128,0.25,8.0,164e08803dedf078a4,stage4_complete,feedback_hub,0.3459816873073578,1,"0,1,2,3,4,5,6,7,8,9,10,11,12,13,14,15,16,17,18,19,20,21,22,23,24,25,26,27,28,29,30,31,32,33,34,35,36,37,38,39,40,41,42,43,44,45,46,47,48,49,50,51,52,53,54,55,56,57,58,59,60,61,62,63,64,65,66,67,68,69,70,71,72,73,74,75,76,77,78,79,80,81,82,83,84,85,86,87,88,89,90,91,92,93,94,96,98,99,100,103,104,105,106,108,109,110,111,113,115,116,117,118,120,121,122,124,131,134,138,140,154,160,165,172,174,183,187,216",97.4765625,2779.296875,266.515625,0.0,0.0705924419838128,1.0,1.0,0.0660014524636839,1.640132874015748,0.7535263895988464,,,
stage4d_scaling,3,512,scale_free,44002,transition_mid,0.035,0.05,1.0,128,0.25,8.0,164e08803dedf078a4,stage4_complete,dynamics_aware,0.679600179195404,1,"3,5,8,10,15,16,21,26,27,30,31,32,33,37,38,42,47,49,59,66,68,77,82,84,87,88,90,94,96,99,100,109,111,115,116,118,119,121,122,124,131,144,147,150,151,154,155,157,158,165,168,172,175,176,177,183,187,190,192,196,197,198,199,208,209,214,219,220,229,231,233,238,240,242,243,256,257,262,265,276,288,289,295,299,304,305,310,319,325,330,332,333,334,336,338,339,341,347,348,356,359,371,377,382,387,392,393,397,398,401,403,411,413,436,450,458,464,465,468,469,470,485,490,491,493,495,501,508",56.46875,1187.96875,110.890625,0.0,0.0407719415939341,0.99609375,1.0,0.0316086079701126,1.8885334645669287,0.7535263895988464,,,
stage4d_scaling,3,512,scale_free,44002,transition_mid,0.035,0.05,1.0,128,0.25,8.0,164e08803dedf078a4,stage4_complete,high_degree,0.3357066512107849,1,"0,1,2,3,4,5,6,7,8,9,10,11,12,13,14,15,16,17,18,19,20,21,22,23,24,25,26,27,28,29,30,31,32,33,34,35,36,37,38,39,40,41,42,43,44,45,46,47,48,49,50,51,52,53,54,55,56,57,58,59,60,61,62,63,64,65,66,67,68,69,70,71,72,73,74,75,76,77,78,79,80,81,82,83,84,85,86,87,88,89,90,91,92,93,94,96,98,99,100,103,104,105,106,108,109,110,111,113,115,116,117,118,120,121,122,124,131,134,138,140,154,157,160,165,172,174,183,187",97.484375,2778.7421875,266.6171875,0.0,0.0706235403392542,1.0,1.0,0.066258764932398,1.63939468503937,0.7535263895988464,,,
stage4d_scaling,3,512,scale_free,44002,transition_mid,0.035,0.05,1.0,128,0.25,8.0,164e08803dedf078a4,stage4_complete,module_bridge,0.3357066512107849,1,"0,1,2,3,4,5,6,7,8,9,10,11,12,13,14,15,16,17,18,19,20,21,22,23,24,25,26,27,28,29,30,31,32,33,34,35,36,37,38,39,40,41,42,43,44,45,46,47,48,49,50,51,52,53,54,55,56,57,58,59,60,61,62,63,64,65,66,67,68,69,70,71,72,73,74,75,76,77,78,79,80,81,82,83,84,85,86,87,88,89,90,91,92,93,94,96,98,99,100,103,104,105,106,108,109,110,111,113,115,116,117,118,120,121,122,124,131,134,138,140,154,157,160,165,172,174,183,187",97.484375,2778.7421875,266.6171875,0.0,0.0706235403392542,1.0,1.0,0.066258764932398,1.63939468503937,0.7535263895988464,,,
stage4d_scaling,3,512,scale_free,44002,transition_mid,0.035,0.05,1.0,128,0.25,8.0,164e08803dedf078a4,stage4_complete,random,0.5284300884231925,32,,50.947021484375,962.059814453125,90.50244140625,0.0,0.036988600279010506,0.99365234375,1.0,0.031488434848829475,1.9169575848917324,0.7535263895988464,,,
stage4d_scaling,3,512,scale_free,44002,transition_mid,0.035,0.05,1.0,128,0.25,8.0,164e08803dedf078a4,stage4_complete,spectral,0.3166452348232269,1,"0,1,2,3,4,5,6,7,8,9,10,11,12,13,14,15,16,17,18,19,20,21,22,23,24,25,26,27,28,29,30,31,32,33,34,35,36,37,38,39,40,41,42,43,44,45,46,47,48,49,50,51,52,53,54,55,56,57,58,59,60,61,62,63,64,65,66,67,68,69,70,71,72,73,74,75,76,77,78,79,80,81,82,83,84,85,86,87,88,89,90,91,92,93,94,95,96,97,98,99,100,101,103,104,105,106,107,108,109,110,111,113,114,115,116,117,118,120,121,122,124,128,138,139,140,144,174,181",97.0703125,2766.265625,267.40625,0.0,0.0708242266540964,1.0,1.0,0.0660245464804468,1.6354576771653544,0.7535263895988464,,,
er_patch,0,256,erdos_renyi,43001,sparse_drive,0.05,0.05,1.0,8,0.03125,,811c1d407433d59118,stage4f_closure,cycle_proxy,0.0892413295805454,1,"81,120,141,142,221,224,227,250",35.625,350.375,19.0,0.0,0.0871291224048689,0.45703125,0.99609375,0.0276212594057585,1.7857142857142858,0.1807578951120376,er_patch,0.0,4.0
er_patch,0,256,erdos_renyi,43001,sparse_drive,0.05,0.05,1.0,8,0.03125,,811c1d407433d59118,stage4f_closure,feedback_hub,0.0792243350297212,1,"15,40,81,100,198,221,224,250",37.0,375.25,16.375,0.0,0.0902011870824374,0.45703125,0.9921875,0.0422378767312496,1.7857142857142858,0.1807578951120376,er_patch,0.0,4.0
er_patch,0,256,erdos_renyi,43001,sparse_drive,0.05,0.05,1.0,8,0.03125,,811c1d407433d59118,stage4f_closure,dynamics_aware,0.1327971797436475,1,"7,16,30,62,169,171,218,246",28.875,234.5,9.25,0.0,0.0709694727665895,0.43359375,1.0,0.0294426646677426,2.0,0.1807578951120376,er_patch,0.0,4.0
er_patch,0,256,erdos_renyi,43001,sparse_drive,0.05,0.05,1.0,8,0.03125,,811c1d407433d59118,stage4f_closure,high_degree,0.0739059466868639,1,"15,40,81,100,113,221,224,250",37.125,368.625,16.875,0.0,0.0914923161088681,0.44140625,0.984375,0.0368519462864283,1.7142857142857142,0.1807578951120376,er_patch,0.0,4.0
er_patch,0,256,erdos_renyi,43001,sparse_drive,0.05,0.05,1.0,8,0.03125,,811c1d407433d59118,stage4f_closure,module_bridge,0.0739059466868639,1,"15,40,81,100,113,221,224,250",37.125,368.625,16.875,0.0,0.0914923161088681,0.44140625,0.984375,0.0368519462864283,1.7142857142857142,0.1807578951120376,er_patch,0.0,4.0
er_patch,0,256,erdos_renyi,43001,sparse_drive,0.05,0.05,1.0,8,0.03125,,811c1d407433d59118,stage4f_closure,random,0.08617568097542966,32,,25.1328125,183.26171875,7.84375,0.0,0.06088894016257715,0.354248046875,0.9884033203125,0.02564419730939295,1.9899553571428572,0.1807578951120376,er_patch,0.0,4.0
er_patch,0,256,erdos_renyi,43001,sparse_drive,0.05,0.05,1.0,8,0.03125,,811c1d407433d59118,stage4f_closure,spectral,0.0739059466868639,1,"15,40,81,100,113,221,224,250",37.125,368.625,16.875,0.0,0.0914923161088681,0.44140625,0.984375,0.0368519462864283,1.7142857142857142,0.1807578951120376,er_patch,0.0,4.0
er_patch,0,256,erdos_renyi,43001,sparse_drive,0.05,0.05,1.0,32,0.125,,0186d850750b552888,stage4f_closure,cycle_proxy,0.12101386860013,1,"16,18,25,36,40,44,76,81,83,87,100,113,119,120,141,142,147,158,170,175,177,181,187,209,221,224,225,227,239,244,248,250",31.3125,273.40625,15.0625,0.0,0.0768988465662494,0.84765625,1.0,0.0321414112518617,1.816532258064516,0.3288286626338959,er_patch,0.0,4.0
er_patch,0,256,erdos_renyi,43001,sparse_drive,0.05,0.05,1.0,32,0.125,,0186d850750b552888,stage4f_closure,feedback_hub,0.0817931406199932,1,"4,8,12,15,22,25,30,31,40,44,68,74,81,82,100,113,115,119,120,141,142,162,169,181,198,218,221,224,227,231,239,250",33.65625,310.625,13.03125,0.0,0.0821837862738671,0.875,1.0,0.0344810192806782,1.8548387096774197,0.3288286626338959,er_patch,0.0,4.0
er_patch,0,256,erdos_renyi,43001,sparse_drive,0.05,0.05,1.0,32,0.125,,0186d850750b552888,stage4f_closure,dynamics_aware,0.2509024776518345,1,"1,28,33,34,48,50,54,60,67,69,74,84,90,95,99,114,121,135,138,140,146,149,154,166,168,189,193,205,220,223,240,254",23.84375,164.40625,6.84375,0.0,0.057441733127092,0.78125,1.0,0.0229986060684997,2.0544354838709675,0.3288286626338959,er_patch,0.0,4.0
er_patch,0,256,erdos_renyi,43001,sparse_drive,0.05,0.05,1.0,32,0.125,,0186d850750b552888,stage4f_closure,high_degree,0.0430880952626466,1,"8,12,15,22,25,30,31,40,44,68,74,81,82,100,113,115,119,120,141,142,162,169,181,184,198,218,221,224,227,231,239,250",33.71875,310.125,12.96875,0.0,0.0823306136118593,0.87890625,1.0,0.0344841426246626,1.8528225806451613,0.3288286626338959,er_patch,0.0,4.0
er_patch,0,256,erdos_renyi,43001,sparse_drive,0.05,0.05,1.0,32,0.125,,0186d850750b552888,stage4f_closure,module_bridge,0.0430880952626466,1,"8,12,15,22,25,30,31,40,44,68,74,81,82,100,113,115,119,120,141,142,162,169,181,184,198,218,221,224,227,231,239,250",33.71875,310.125,12.96875,0.0,0.0823306136118593,0.87890625,1.0,0.0344841426246626,1.8528225806451613,0.3288286626338959,er_patch,0.0,4.0
er_patch,0,256,erdos_renyi,43001,sparse_drive,0.05,0.05,1.0,32,0.125,,0186d850750b552888,stage4f_closure,random,0.10966232289501929,32,,25.41796875,186.154296875,7.765625,0.0,0.061605710584405726,0.8306884765625,0.9998779296875,0.025468439288417768,1.9846270161290325,0.3288286626338959,er_patch,0.0,4.0
er_patch,0,256,erdos_renyi,43001,sparse_drive,0.05,0.05,1.0,32,0.125,,0186d850750b552888,stage4f_closure,spectral,0.1357594039291143,1,"8,12,15,25,30,31,40,45,68,74,81,82,83,100,113,119,120,141,142,162,169,177,181,184,191,198,221,224,227,231,239,250",33.5,306.40625,13.25,0.0,0.0825512198054315,0.87109375,1.0,0.0325183242050231,1.8205645161290325,0.3288286626338959,er_patch,0.0,4.0
er_patch,0,256,erdos_renyi,43001,sparse_drive,0.05,0.05,1.0,64,0.25,,e9dcef090b08c2d1cb,stage4f_closure,cycle_proxy,0.286780022084713,1,"2,8,14,15,16,18,20,25,30,31,36,40,42,44,45,50,51,70,75,76,81,82,83,87,91,100,106,113,118,119,120,140,141,142,143,147,150,153,158,165,169,170,175,177,181,185,187,189,198,199,205,209,211,212,220,221,224,225,227,232,239,244,248,250",29.375,244.71875,13.140625,0.0,0.0720952204081988,0.9765625,1.0,0.0302686449444667,1.8893849206349207,0.6848269104957581,er_patch,0.0,4.0
er_patch,0,256,erdos_renyi,43001,sparse_drive,0.05,0.05,1.0,64,0.25,,e9dcef090b08c2d1cb,stage4f_closure,feedback_hub,0.402378112077713,1,"2,4,7,8,12,15,16,22,25,30,31,36,38,40,42,44,45,59,60,61,66,68,72,74,75,76,81,82,92,100,105,109,113,115,119,120,141,142,143,151,157,158,162,169,170,177,181,182,184,189,191,196,198,199,201,218,221,224,225,227,231,238,239,250",31.421875,274.21875,11.359375,0.0,0.0769685889461496,0.97265625,1.0,0.0328023150115401,1.860119047619048,0.6848269104957581,er_patch,0.0,4.0
er_patch,0,256,erdos_renyi,43001,sparse_drive,0.05,0.05,1.0,64,0.25,,e9dcef090b08c2d1cb,stage4f_closure,dynamics_aware,0.3665711395442486,1,"4,7,8,12,15,16,22,25,30,31,36,38,39,40,42,44,59,60,66,68,72,74,75,76,81,82,83,85,100,106,108,109,113,115,119,120,131,141,142,143,151,153,157,158,162,167,169,170,177,181,184,189,191,196,198,199,201,218,221,224,227,231,241,250",31.125,267.328125,11.265625,0.0,0.0763597830296937,0.96875,1.0,0.0318370122598266,1.867063492063492,0.6848269104957581,er_patch,0.0,4.0
er_patch,0,256,erdos_renyi,43001,sparse_drive,0.05,0.05,1.0,64,0.25,,e9dcef090b08c2d1cb,stage4f_closure,high_degree,0.4645924270153045,1,"4,7,8,12,15,16,22,25,30,31,36,38,40,42,44,45,59,60,66,68,72,74,75,76,81,82,83,85,100,109,113,115,119,120,131,141,142,143,151,157,158,162,167,169,170,177,181,184,189,191,196,198,199,201,218,221,224,227,231,239,241,244,250,254",31.5,272.734375,11.40625,0.0,0.0774110762184497,0.96875,1.0,0.0326291655436919,1.8566468253968251,0.6848269104957581,er_patch,0.0,4.0
er_patch,0,256,erdos_renyi,43001,sparse_drive,0.05,0.05,1.0,64,0.25,,e9dcef090b08c2d1cb,stage4f_closure,module_bridge,0.4645924270153045,1,"4,7,8,12,15,16,22,25,30,31,36,38,40,42,44,45,59,60,66,68,72,74,75,76,81,82,83,85,100,109,113,115,119,120,131,141,142,143,151,157,158,162,167,169,170,177,181,184,189,191,196,198,199,201,218,221,224,227,231,239,241,244,250,254",31.5,272.734375,11.40625,0.0,0.0774110762184497,0.96875,1.0,0.0326291655436919,1.8566468253968251,0.6848269104957581,er_patch,0.0,4.0
er_patch,0,256,erdos_renyi,43001,sparse_drive,0.05,0.05,1.0,64,0.25,,e9dcef090b08c2d1cb,stage4f_closure,random,0.23845340870320794,32,,25.111328125,183.21826171875,7.63623046875,0.0,0.06087619923158222,0.96875,1.0,0.025132467575129908,1.9911954365079367,0.6848269104957581,er_patch,0.0,4.0
er_patch,0,256,erdos_renyi,43001,sparse_drive,0.05,0.05,1.0,64,0.25,,e9dcef090b08c2d1cb,stage4f_closure,spectral,0.4090402200818062,1,"0,4,7,8,12,14,15,16,22,25,30,31,36,38,40,42,44,45,59,60,66,68,74,75,76,81,82,83,100,109,113,115,118,119,120,131,141,142,143,151,157,158,161,162,167,169,170,177,181,182,184,189,191,198,199,218,221,224,227,231,239,241,250,254",31.4375,271.640625,11.59375,0.0,0.0776656801843557,0.97265625,1.0,0.0330206616446962,1.843253968253968,0.6848269104957581,er_patch,0.0,4.0
er_patch,0,256,erdos_renyi,43001,transition_dense,0.035,0.1,1.0,8,0.03125,,e83fc4b039023f22f5,stage4f_closure,cycle_proxy,0.0622445736080408,1,"24,36,40,81,100,110,113,233",65.0,1110.625,105.0,0.0,0.0808602756194508,0.6484375,1.0,0.0705160177892103,1.6071428571428572,0.1009795144200325,er_patch,0.0,4.0
er_patch,0,256,erdos_renyi,43001,transition_dense,0.035,0.1,1.0,8,0.03125,,e83fc4b039023f22f5,stage4f_closure,feedback_hub,0.0469008721411228,1,"24,36,40,100,110,162,224,230",65.625,1132.25,99.75,0.0,0.0814170982305957,0.65625,1.0,0.065120081204725,1.6071428571428572,0.1009795144200325,er_patch,0.0,4.0
er_patch,0,256,erdos_renyi,43001,transition_dense,0.035,0.1,1.0,8,0.03125,,e83fc4b039023f22f5,stage4f_closure,dynamics_aware,0.0522412490099668,1,"4,44,155,179,185,220,241,252",50.0,659.125,63.25,0.0,0.0621624540356057,0.625,1.0,0.0663422671494766,1.8571428571428568,0.1009795144200325,er_patch,0.0,4.0
er_patch,0,256,erdos_renyi,43001,transition_dense,0.035,0.1,1.0,8,0.03125,,e83fc4b039023f22f5,stage4f_closure,high_degree,0.0469008721411228,1,"24,36,40,100,110,162,224,230",65.625,1132.25,99.75,0.0,0.0814170982305957,0.65625,1.0,0.065120081204725,1.6071428571428572,0.1009795144200325,er_patch,0.0,4.0
er_patch,0,256,erdos_renyi,43001,transition_dense,0.035,0.1,1.0,8,0.03125,,e83fc4b039023f22f5,stage4f_closure,module_bridge,0.0469008721411228,1,"24,36,40,100,110,162,224,230",65.625,1132.25,99.75,0.0,0.0814170982305957,0.65625,1.0,0.065120081204725,1.6071428571428572,0.1009795144200325,er_patch,0.0,4.0
er_patch,0,256,erdos_renyi,43001,transition_dense,0.035,0.1,1.0,8,0.03125,,e83fc4b039023f22f5,stage4f_closure,random,0.049931498680962194,32,,49.76171875,669.78125,59.7421875,0.0,0.06138850255368725,0.5723876953125,1.0,0.05090328213822808,1.8058035714285714,0.1009795144200325,er_patch,0.0,4.0
er_patch,0,256,erdos_renyi,43001,transition_dense,0.035,0.1,1.0,8,0.03125,,e83fc4b039023f22f5,stage4f_closure,spectral,0.0442440640181303,1,"24,36,40,100,110,224,230,233",65.375,1122.75,101.0,0.0,0.0815420605631889,0.63671875,1.0,0.0681828500757641,1.5714285714285714,0.1009795144200325,er_patch,0.0,4.0
er_patch,0,256,erdos_renyi,43001,transition_dense,0.035,0.1,1.0,32,0.125,,d1981199acfe21b386,stage4f_closure,cycle_proxy,0.0923582464456558,1,"14,22,24,36,38,40,42,55,72,81,93,100,108,110,113,119,140,158,162,181,182,201,218,221,224,227,230,233,239,246,248,250",61.21875,990.65625,93.25,0.0,0.0757470749326835,0.98046875,1.0,0.0612703198155121,1.719758064516129,0.1697311103343963,er_patch,0.0,4.0
er_patch,0,256,erdos_renyi,43001,transition_dense,0.035,0.1,1.0,32,0.125,,d1981199acfe21b386,stage4f_closure,feedback_hub,0.0800317730754613,1,"7,14,22,24,26,36,38,40,42,55,68,72,81,93,100,108,110,113,119,140,162,175,181,184,201,218,221,224,230,231,233,248",61.6875,1004.75,91.0,0.0,0.0760396051542668,0.98828125,1.0,0.0632590754761145,1.7419354838709675,0.1697311103343963,er_patch,0.0,4.0
er_patch,0,256,erdos_renyi,43001,transition_dense,0.035,0.1,1.0,32,0.125,,d1981199acfe21b386,stage4f_closure,dynamics_aware,0.1311759687960147,1,"1,16,30,54,69,73,86,87,91,101,108,109,113,115,118,122,133,138,145,147,160,166,171,177,183,187,207,226,228,234,241,247",48.84375,644.28125,56.8125,0.0,0.0603754784892368,0.94140625,1.0,0.0511952535777089,1.8266129032258065,0.1697311103343963,er_patch,0.0,4.0
er_patch,0,256,erdos_renyi,43001,transition_dense,0.035,0.1,1.0,32,0.125,,d1981199acfe21b386,stage4f_closure,high_degree,0.0652699610218405,1,"7,14,22,24,36,38,40,42,55,68,72,81,93,100,108,110,113,119,140,162,175,181,182,184,201,218,221,224,230,231,233,248",61.6875,1003.25,91.15625,0.0,0.0760867790687227,0.984375,1.0,0.0624981367943037,1.7278225806451613,0.1697311103343963,er_patch,0.0,4.0
er_patch,0,256,erdos_renyi,43001,transition_dense,0.035,0.1,1.0,32,0.125,,d1981199acfe21b386,stage4f_closure,module_bridge,0.0789638087153434,1,"7,14,22,24,36,38,40,42,55,68,72,81,93,100,108,110,113,119,140,162,175,181,184,188,201,218,221,224,230,231,233,248",61.6875,1003.25,90.625,0.0,0.0760568472312947,0.984375,1.0,0.0630001869328175,1.7399193548387095,0.1697311103343963,er_patch,0.0,4.0
er_patch,0,256,erdos_renyi,43001,transition_dense,0.035,0.1,1.0,32,0.125,,d1981199acfe21b386,stage4f_closure,random,0.09581150082522069,32,,50.3173828125,682.1416015625,60.83203125,0.0,0.061998272850264186,0.9696044921875,1.0,0.05191390287324639,1.8159652217741935,0.1697311103343963,er_patch,0.0,4.0
er_patch,0,256,erdos_renyi,43001,transition_dense,0.035,0.1,1.0,32,0.125,,d1981199acfe21b386,stage4f_closure,spectral,0.083852894604206,1,"7,14,22,24,36,38,40,42,68,72,81,93,100,108,110,113,119,140,142,162,181,182,184,201,218,221,224,230,231,233,239,250",61.59375,1000.3125,91.09375,0.0,0.0762541323018494,0.984375,1.0,0.0636029752477179,1.7016129032258065,0.1697311103343963,er_patch,0.0,4.0
er_patch,0,256,erdos_renyi,43001,transition_dense,0.035,0.1,1.0,64,0.25,,e181de8373247dad44,stage4f_closure,cycle_proxy,0.2854932993650436,1,"1,6,7,8,14,20,22,24,26,36,38,40,41,42,44,47,51,52,55,65,68,70,72,81,82,93,100,108,110,113,118,119,120,140,141,142,158,162,169,170,174,175,176,181,182,185,191,199,201,209,218,220,221,224,227,230,231,233,239,243,246,248,250,254",58.296875,902.453125,84.78125,0.0,0.0720267863000167,1.0,1.0,0.0592551083752822,1.7470238095238095,0.7714536190032959,er_patch,0.0,4.0
er_patch,0,256,erdos_renyi,43001,transition_dense,0.035,0.1,1.0,64,0.25,,e181de8373247dad44,stage4f_closure,feedback_hub,0.5341525450348854,1,"7,9,14,15,20,22,24,25,26,30,36,38,40,41,42,52,55,65,68,70,72,79,81,82,87,93,100,108,109,110,113,118,119,120,129,140,142,158,162,166,170,175,176,181,182,184,188,191,199,201,205,218,219,221,224,227,230,231,233,239,243,248,250,254",58.9375,921.421875,83.015625,0.0,0.0727942186886909,1.0,1.0,0.0608632471486144,1.744047619047619,0.7714536190032959,er_patch,0.0,4.0
er_patch,0,256,erdos_renyi,43001,transition_dense,0.035,0.1,1.0,64,0.25,,e181de8373247dad44,stage4f_closure,dynamics_aware,0.4486827589571476,1,"0,1,2,7,19,25,35,36,41,50,52,56,59,65,79,92,97,100,106,107,111,115,125,128,134,135,136,138,139,142,143,144,148,151,152,154,161,162,168,169,171,173,174,179,181,184,192,195,197,198,204,208,215,216,222,226,230,231,234,237,241,249,251,255",50.125,677.953125,59.453125,0.0,0.0615477625003809,1.0,1.0,0.0518338879167923,1.8154761904761905,0.7714536190032959,er_patch,0.0,4.0
er_patch,0,256,erdos_renyi,43001,transition_dense,0.035,0.1,1.0,64,0.25,,e181de8373247dad44,stage4f_closure,high_degree,0.4357962384819984,1,"7,9,14,15,20,22,24,26,30,36,38,40,41,42,52,55,65,68,70,72,81,82,85,87,93,100,108,109,110,113,118,119,120,129,140,141,142,158,162,166,170,175,176,181,182,184,188,191,199,201,205,218,219,221,224,227,230,231,233,239,243,248,250,254",58.9375,919.609375,82.875,0.0,0.0728075639029064,1.0,1.0,0.0611423046207919,1.7455357142857142,0.7714536190032959,er_patch,0.0,4.0
er_patch,0,256,erdos_renyi,43001,transition_dense,0.035,0.1,1.0,64,0.25,,e181de8373247dad44,stage4f_closure,module_bridge,0.4357962384819984,1,"7,9,14,15,20,22,24,26,30,36,38,40,41,42,52,55,65,68,70,72,81,82,85,87,93,100,108,109,110,113,118,119,120,129,140,141,142,158,162,166,170,175,176,181,182,184,188,191,199,201,205,218,219,221,224,227,230,231,233,239,243,248,250,254",58.9375,919.609375,82.875,0.0,0.0728075639029064,1.0,1.0,0.0611423046207919,1.7455357142857142,0.7714536190032959,er_patch,0.0,4.0
er_patch,0,256,erdos_renyi,43001,transition_dense,0.035,0.1,1.0,64,0.25,,e181de8373247dad44,stage4f_closure,random,0.3016266094055027,32,,50.12939453125,677.56884765625,60.3212890625,0.0,0.06177791965300945,0.999755859375,1.0,0.0516130984045398,1.8138020833333335,0.7714536190032959,er_patch,0.0,4.0
er_patch,0,256,erdos_renyi,43001,transition_dense,0.035,0.1,1.0,64,0.25,,e181de8373247dad44,stage4f_closure,spectral,0.652171328663826,1,"0,7,9,14,15,20,22,24,26,30,36,38,40,41,42,55,64,65,68,70,72,79,81,85,87,93,100,108,109,110,113,118,119,120,129,140,142,158,162,166,170,175,176,181,182,184,188,191,199,201,218,219,221,224,227,230,231,233,239,243,246,248,250,254",58.921875,918.5625,82.5625,0.0,0.0729378641247772,1.0,1.0,0.0621391522806435,1.7356150793650793,0.7714536190032959,er_patch,0.0,4.0
er_patch,0,256,erdos_renyi,43001,transition_mid,0.035,0.05,1.0,8,0.03125,,4baf2ea69ab8361d4b,stage4f_closure,cycle_proxy,0.0852832328528165,1,"81,120,141,142,221,224,227,250",35.625,350.375,19.0,0.0,0.0871291224048689,0.45703125,0.99609375,0.0276212594057585,1.7857142857142858,0.1804305016994476,er_patch,0.0,4.0
er_patch,0,256,erdos_renyi,43001,transition_mid,0.035,0.05,1.0,8,0.03125,,4baf2ea69ab8361d4b,stage4f_closure,feedback_hub,0.0777924247086048,1,"15,40,81,100,198,221,224,250",37.0,375.25,16.375,0.0,0.0902011870824374,0.45703125,0.9921875,0.0422378767312496,1.7857142857142858,0.1804305016994476,er_patch,0.0,4.0
er_patch,0,256,erdos_renyi,43001,transition_mid,0.035,0.05,1.0,8,0.03125,,4baf2ea69ab8361d4b,stage4f_closure,dynamics_aware,0.1191873997449874,1,"15,25,44,53,87,90,118,146",27.75,223.0,9.875,0.0,0.0673501308471245,0.37890625,0.9921875,0.0353143907474078,1.8928571428571428,0.1804305016994476,er_patch,0.0,4.0
er_patch,0,256,erdos_renyi,43001,transition_mid,0.035,0.05,1.0,8,0.03125,,4baf2ea69ab8361d4b,stage4f_closure,high_degree,0.06361851003021,1,"15,40,81,100,113,221,224,250",37.125,368.625,16.875,0.0,0.0914923161088681,0.44140625,0.984375,0.0368519462864283,1.7142857142857142,0.1804305016994476,er_patch,0.0,4.0
er_patch,0,256,erdos_renyi,43001,transition_mid,0.035,0.05,1.0,8,0.03125,,4baf2ea69ab8361d4b,stage4f_closure,module_bridge,0.06361851003021,1,"15,40,81,100,113,221,224,250",37.125,368.625,16.875,0.0,0.0914923161088681,0.44140625,0.984375,0.0368519462864283,1.7142857142857142,0.1804305016994476,er_patch,0.0,4.0
er_patch,0,256,erdos_renyi,43001,transition_mid,0.035,0.05,1.0,8,0.03125,,4baf2ea69ab8361d4b,stage4f_closure,random,0.07857725559733804,32,,25.1328125,183.26171875,7.84375,0.0,0.06088894016257715,0.354248046875,0.9884033203125,0.02564419730939295,1.9899553571428572,0.1804305016994476,er_patch,0.0,4.0
er_patch,0,256,erdos_renyi,43001,transition_mid,0.035,0.05,1.0,8,0.03125,,4baf2ea69ab8361d4b,stage4f_closure,spectral,0.06361851003021,1,"15,40,81,100,113,221,224,250",37.125,368.625,16.875,0.0,0.0914923161088681,0.44140625,0.984375,0.0368519462864283,1.7142857142857142,0.1804305016994476,er_patch,0.0,4.0
er_patch,0,256,erdos_renyi,43001,transition_mid,0.035,0.05,1.0,32,0.125,,88a4aacd6290009a25,stage4f_closure,cycle_proxy,0.1095026284456253,1,"16,18,25,36,40,44,76,81,83,87,100,113,119,120,141,142,147,158,170,175,177,181,187,209,221,224,225,227,239,244,248,250",31.3125,273.40625,15.0625,0.0,0.0768988465662494,0.84765625,1.0,0.0321414112518617,1.816532258064516,0.3846084177494049,er_patch,0.0,4.0
er_patch,0,256,erdos_renyi,43001,transition_mid,0.035,0.05,1.0,32,0.125,,88a4aacd6290009a25,stage4f_closure,feedback_hub,0.2018670029938221,1,"4,8,12,15,22,25,30,31,40,44,68,74,81,82,100,113,115,119,120,141,142,162,169,181,198,218,221,224,227,231,239,250",33.65625,310.625,13.03125,0.0,0.0821837862738671,0.875,1.0,0.0344810192806782,1.8548387096774197,0.3846084177494049,er_patch,0.0,4.0
er_patch,0,256,erdos_renyi,43001,transition_mid,0.035,0.05,1.0,32,0.125,,88a4aacd6290009a25,stage4f_closure,dynamics_aware,0.3037551529705524,1,"8,13,16,25,31,45,68,73,74,81,82,100,113,119,120,127,141,142,162,169,177,181,184,191,198,207,221,224,231,239,240,250",31.4375,276.21875,11.84375,0.0,0.0775969039610797,0.81640625,1.0,0.0323152769240313,1.8548387096774197,0.3846084177494049,er_patch,0.0,4.0
er_patch,0,256,erdos_renyi,43001,transition_mid,0.035,0.05,1.0,32,0.125,,88a4aacd6290009a25,stage4f_closure,high_degree,0.1570173688232898,1,"8,12,15,22,25,30,31,40,44,68,74,81,82,100,113,115,119,120,141,142,162,169,181,184,198,218,221,224,227,231,239,250",33.71875,310.125,12.96875,0.0,0.0823306136118593,0.87890625,1.0,0.0344841426246626,1.8528225806451613,0.3846084177494049,er_patch,0.0,4.0
er_patch,0,256,erdos_renyi,43001,transition_mid,0.035,0.05,1.0,32,0.125,,88a4aacd6290009a25,stage4f_closure,module_bridge,0.1570173688232898,1,"8,12,15,22,25,30,31,40,44,68,74,81,82,100,113,115,119,120,141,142,162,169,181,184,198,218,221,224,227,231,239,250",33.71875,310.125,12.96875,0.0,0.0823306136118593,0.87890625,1.0,0.0344841426246626,1.8528225806451613,0.3846084177494049,er_patch,0.0,4.0
er_patch,0,256,erdos_renyi,43001,transition_mid,0.035,0.05,1.0,32,0.125,,88a4aacd6290009a25,stage4f_closure,random,0.09687846437736874,32,,25.41796875,186.154296875,7.765625,0.0,0.061605710584405726,0.8306884765625,0.9998779296875,0.025468439288417768,1.9846270161290325,0.3846084177494049,er_patch,0.0,4.0
er_patch,0,256,erdos_renyi,43001,transition_mid,0.035,0.05,1.0,32,0.125,,88a4aacd6290009a25,stage4f_closure,spectral,0.1955246552824974,1,"8,12,15,25,30,31,40,45,68,74,81,82,83,100,113,119,120,141,142,162,169,177,181,184,191,198,221,224,227,231,239,250",33.5,306.40625,13.25,0.0,0.0825512198054315,0.87109375,1.0,0.0325183242050231,1.8205645161290325,0.3846084177494049,er_patch,0.0,4.0
er_patch,0,256,erdos_renyi,43001,transition_mid,0.035,0.05,1.0,64,0.25,,96d59ee9ed55352751,stage4f_closure,cycle_proxy,0.353901594877243,1,"2,8,14,15,16,18,20,25,30,31,36,40,42,44,45,50,51,70,75,76,81,82,83,87,91,100,106,113,118,119,120,140,141,142,143,147,150,153,158,165,169,170,175,177,181,185,187,189,198,199,205,209,211,212,220,221,224,225,227,232,239,244,248,250",29.375,244.71875,13.140625,0.0,0.0720952204081988,0.9765625,1.0,0.0302686449444667,1.8893849206349207,0.6986845135688782,er_patch,0.0,4.0
er_patch,0,256,erdos_renyi,43001,transition_mid,0.035,0.05,1.0,64,0.25,,96d59ee9ed55352751,stage4f_closure,feedback_hub,0.2828284986317158,1,"2,4,7,8,12,15,16,22,25,30,31,36,38,40,42,44,45,59,60,61,66,68,72,74,75,76,81,82,92,100,105,109,113,115,119,120,141,142,143,151,157,158,162,169,170,177,181,182,184,189,191,196,198,199,201,218,221,224,225,227,231,238,239,250",31.421875,274.21875,11.359375,0.0,0.0769685889461496,0.97265625,1.0,0.0328023150115401,1.860119047619048,0.6986845135688782,er_patch,0.0,4.0
er_patch,0,256,erdos_renyi,43001,transition_mid,0.035,0.05,1.0,64,0.25,,96d59ee9ed55352751,stage4f_closure,dynamics_aware,0.2926944904029369,1,"1,2,7,17,20,22,23,24,35,37,42,45,49,55,56,58,61,63,68,69,74,75,77,84,86,92,93,94,98,104,105,108,110,120,135,148,152,155,156,157,163,167,173,182,190,192,201,205,207,216,217,221,222,226,230,236,237,238,243,244,247,248,251,254",25.390625,185.09375,7.34375,0.0,0.0610153705712654,0.9765625,1.0,0.0255483463160532,1.9816468253968251,0.6986845135688782,er_patch,0.0,4.0
er_patch,0,256,erdos_renyi,43001,transition_mid,0.035,0.05,1.0,64,0.25,,96d59ee9ed55352751,stage4f_closure,high_degree,0.4037276804447174,1,"4,7,8,12,15,16,22,25,30,31,36,38,40,42,44,45,59,60,66,68,72,74,75,76,81,82,83,85,100,109,113,115,119,120,131,141,142,143,151,157,158,162,167,169,170,177,181,184,189,191,196,198,199,201,218,221,224,227,231,239,241,244,250,254",31.5,272.734375,11.40625,0.0,0.0774110762184497,0.96875,1.0,0.0326291655436919,1.8566468253968251,0.6986845135688782,er_patch,0.0,4.0
er_patch,0,256,erdos_renyi,43001,transition_mid,0.035,0.05,1.0,64,0.25,,96d59ee9ed55352751,stage4f_closure,module_bridge,0.4037276804447174,1,"4,7,8,12,15,16,22,25,30,31,36,38,40,42,44,45,59,60,66,68,72,74,75,76,81,82,83,85,100,109,113,115,119,120,131,141,142,143,151,157,158,162,167,169,170,177,181,184,189,191,196,198,199,201,218,221,224,227,231,239,241,244,250,254",31.5,272.734375,11.40625,0.0,0.0774110762184497,0.96875,1.0,0.0326291655436919,1.8566468253968251,0.6986845135688782,er_patch,0.0,4.0
er_patch,0,256,erdos_renyi,43001,transition_mid,0.035,0.05,1.0,64,0.25,,96d59ee9ed55352751,stage4f_closure,random,0.2841133839392569,32,,25.111328125,183.21826171875,7.63623046875,0.0,0.06087619923158222,0.96875,1.0,0.025132467575129908,1.9911954365079367,0.6986845135688782,er_patch,0.0,4.0
er_patch,0,256,erdos_renyi,43001,transition_mid,0.035,0.05,1.0,64,0.25,,96d59ee9ed55352751,stage4f_closure,spectral,0.3681381717324257,1,"0,4,7,8,12,14,15,16,22,25,30,31,36,38,40,42,44,45,59,60,66,68,74,75,76,81,82,83,100,109,113,115,118,119,120,131,141,142,143,151,157,158,161,162,167,169,170,177,181,182,184,189,191,198,199,218,221,224,227,231,239,241,250,254",31.4375,271.640625,11.59375,0.0,0.0776656801843557,0.97265625,1.0,0.0330206616446962,1.843253968253968,0.6986845135688782,er_patch,0.0,4.0
er_patch,0,256,erdos_renyi,43002,sparse_drive,0.05,0.05,1.0,8,0.03125,,a891ad5a4e8e33c29e,stage4f_closure,cycle_proxy,0.0706775700673461,1,"3,46,85,131,151,156,240,248",33.875,319.25,17.0,0.0,0.0825377785260095,0.44921875,1.0,0.0304961987982074,1.8571428571428568,0.2154561281204223,er_patch,0.0,4.0
er_patch,0,256,erdos_renyi,43002,sparse_drive,0.05,0.05,1.0,8,0.03125,,a891ad5a4e8e33c29e,stage4f_closure,feedback_hub,0.0777569469064474,1,"1,72,97,108,131,137,156,248",35.625,346.5,13.5,0.0,0.0853213698778582,0.453125,0.9921875,0.0303050159072305,1.8214285714285716,0.2154561281204223,er_patch,0.0,4.0
er_patch,0,256,erdos_renyi,43002,sparse_drive,0.05,0.05,1.0,8,0.03125,,a891ad5a4e8e33c29e,stage4f_closure,dynamics_aware,0.1845433786511421,1,"78,80,99,108,132,133,197,248",31.375,271.625,10.25,0.0,0.0782088960126172,0.4140625,0.9921875,0.042283093791443,1.75,0.2154561281204223,er_patch,0.0,4.0
er_patch,0,256,erdos_renyi,43002,sparse_drive,0.05,0.05,1.0,8,0.03125,,a891ad5a4e8e33c29e,stage4f_closure,high_degree,0.0665260832756757,1,"1,97,105,108,131,137,248,252",35.625,342.5,13.25,0.0,0.0856964830555485,0.41796875,0.99609375,0.0378393153806652,1.8571428571428568,0.2154561281204223,er_patch,0.0,4.0
er_patch,0,256,erdos_renyi,43002,sparse_drive,0.05,0.05,1.0,8,0.03125,,a891ad5a4e8e33c29e,stage4f_closure,module_bridge,0.0665260832756757,1,"1,97,105,108,131,137,248,252",35.625,342.5,13.25,0.0,0.0856964830555485,0.41796875,0.99609375,0.0378393153806652,1.8571428571428568,0.2154561281204223,er_patch,0.0,4.0
er_patch,0,256,erdos_renyi,43002,sparse_drive,0.05,0.05,1.0,8,0.03125,,a891ad5a4e8e33c29e,stage4f_closure,random,0.08628929639235133,32,,25.38671875,185.6171875,7.5859375,0.0,0.06141069602426527,0.3592529296875,0.99169921875,0.026383354833862737,1.9821428571428572,0.2154561281204223,er_patch,0.0,4.0
er_patch,0,256,erdos_renyi,43002,sparse_drive,0.05,0.05,1.0,8,0.03125,,a891ad5a4e8e33c29e,stage4f_closure,spectral,0.095116801559925,1,"1,105,108,131,137,151,156,248",35.5,344.625,14.625,0.0,0.0861881786947007,0.42578125,0.98828125,0.0365001312514004,1.7857142857142858,0.2154561281204223,er_patch,0.0,4.0
er_patch,0,256,erdos_renyi,43002,sparse_drive,0.05,0.05,1.0,32,0.125,,5b40c0847d3bcdce66,stage4f_closure,cycle_proxy,0.1405522227287292,1,"1,3,22,27,33,44,46,49,51,52,61,85,99,100,105,131,137,151,153,156,159,173,185,194,198,205,214,218,219,234,240,248",31.40625,274.875,14.375,0.0,0.0763754715595843,0.90234375,1.0,0.0284044552887068,1.8629032258064515,0.3132021725177765,er_patch,0.0,4.0
er_patch,0,256,erdos_renyi,43002,sparse_drive,0.05,0.05,1.0,32,0.125,,5b40c0847d3bcdce66,stage4f_closure,feedback_hub,0.0489618736319243,1,"1,3,46,49,61,72,85,96,97,100,105,108,121,125,131,132,137,140,141,151,156,173,194,196,198,205,218,223,240,241,248,252",33.125,301.375,12.53125,0.0,0.0798477644734131,0.8984375,1.0,0.0323900153776549,1.8629032258064515,0.3132021725177765,er_patch,0.0,4.0
er_patch,0,256,erdos_renyi,43002,sparse_drive,0.05,0.05,1.0,32,0.125,,5b40c0847d3bcdce66,stage4f_closure,dynamics_aware,0.2105162106454372,1,"0,3,7,8,24,35,43,50,59,67,71,73,75,89,101,106,134,139,140,166,168,172,175,179,185,194,212,228,230,242,247,249",25.03125,180.03125,7.3125,0.0,0.0604885492308406,0.83203125,1.0,0.0236825568229778,2.004032258064516,0.3132021725177765,er_patch,0.0,4.0
er_patch,0,256,erdos_renyi,43002,sparse_drive,0.05,0.05,1.0,32,0.125,,5b40c0847d3bcdce66,stage4f_closure,high_degree,0.0596697367727756,1,"1,3,46,61,72,85,96,97,100,105,108,115,121,131,132,137,140,141,151,156,173,194,196,197,198,205,218,223,240,241,248,252",33.15625,300.46875,12.375,0.0,0.0802480838237946,0.89453125,1.0,0.0325925935035727,1.8548387096774197,0.3132021725177765,er_patch,0.0,4.0
er_patch,0,256,erdos_renyi,43002,sparse_drive,0.05,0.05,1.0,32,0.125,,5b40c0847d3bcdce66,stage4f_closure,module_bridge,0.0596697367727756,1,"1,3,46,61,72,85,96,97,100,105,108,115,121,131,132,137,140,141,151,156,173,194,196,197,198,205,218,223,240,241,248,252",33.15625,300.46875,12.375,0.0,0.0802480838237946,0.89453125,1.0,0.0325925935035727,1.8548387096774197,0.3132021725177765,er_patch,0.0,4.0
er_patch,0,256,erdos_renyi,43002,sparse_drive,0.05,0.05,1.0,32,0.125,,5b40c0847d3bcdce66,stage4f_closure,random,0.1231276369653642,32,,25.396484375,186.0693359375,7.642578125,0.0,0.06140052819775807,0.8236083984375,1.0,0.02488551464624137,1.9817288306451613,0.3132021725177765,er_patch,0.0,4.0
er_patch,0,256,erdos_renyi,43002,sparse_drive,0.05,0.05,1.0,32,0.125,,5b40c0847d3bcdce66,stage4f_closure,spectral,0.1494176350533962,1,"1,3,46,61,72,78,85,96,97,99,100,102,105,108,115,131,132,137,140,151,156,173,194,196,197,198,205,218,223,240,248,252",33.03125,298.125,12.3125,0.0,0.0806403319302365,0.88671875,1.0,0.0324540388057792,1.816532258064516,0.3132021725177765,er_patch,0.0,4.0
er_patch,0,256,erdos_renyi,43002,sparse_drive,0.05,0.05,1.0,64,0.25,,57f370907868633a1b,stage4f_closure,cycle_proxy,0.3475218378007412,1,"0,1,3,7,8,13,22,27,33,39,44,46,49,51,52,53,58,61,63,64,65,68,85,97,99,100,102,105,106,108,115,121,125,131,136,137,138,150,151,153,156,159,168,173,185,194,196,198,205,214,215,218,219,221,222,234,238,240,241,248,250,252,253,255",30.0,251.65625,12.75,0.0,0.0728976201399258,0.9765625,1.0,0.0294192908924909,1.8844246031746037,0.6601015329360962,er_patch,0.0,4.0
er_patch,0,256,erdos_renyi,43002,sparse_drive,0.05,0.05,1.0,64,0.25,,57f370907868633a1b,stage4f_closure,feedback_hub,0.2239408083260059,1,"0,1,3,4,7,13,26,27,28,34,46,49,53,61,68,71,72,77,78,80,85,95,96,97,99,100,102,105,106,108,115,116,121,125,131,132,137,140,141,151,153,156,159,160,163,173,185,194,196,197,198,204,205,215,218,219,223,226,238,240,241,248,252,254",31.359375,272.484375,11.0,0.0,0.0758242142593706,0.9921875,1.0,0.0320152786626233,1.8735119047619049,0.6601015329360962,er_patch,0.0,4.0
er_patch,0,256,erdos_renyi,43002,sparse_drive,0.05,0.05,1.0,64,0.25,,57f370907868633a1b,stage4f_closure,dynamics_aware,0.359409898519516,1,"0,3,5,6,22,26,28,40,45,48,51,57,60,67,70,72,80,81,82,83,84,85,87,92,94,95,101,102,107,109,124,132,135,137,143,145,146,150,152,153,161,163,173,179,180,184,187,194,196,205,206,209,211,213,217,218,221,223,225,236,239,246,247,251",26.671875,202.34375,7.78125,0.0,0.0642858679841734,0.98828125,1.0,0.0256336030456575,1.96031746031746,0.6601015329360962,er_patch,0.0,4.0
er_patch,0,256,erdos_renyi,43002,sparse_drive,0.05,0.05,1.0,64,0.25,,57f370907868633a1b,stage4f_closure,high_degree,0.3160921335220337,1,"0,1,3,4,7,13,19,27,28,34,46,49,53,61,68,71,72,77,78,80,85,95,96,97,99,100,102,105,106,108,115,116,121,125,131,132,137,140,141,151,156,159,173,185,194,196,197,198,204,205,215,218,219,221,223,226,238,240,241,247,248,250,252,254",31.390625,271.109375,11.0,0.0,0.0759481816809467,0.98828125,1.0,0.032112870596421,1.8700396825396823,0.6601015329360962,er_patch,0.0,4.0
er_patch,0,256,erdos_renyi,43002,sparse_drive,0.05,0.05,1.0,64,0.25,,57f370907868633a1b,stage4f_closure,module_bridge,0.3160921335220337,1,"0,1,3,4,7,13,19,27,28,34,46,49,53,61,68,71,72,77,78,80,85,95,96,97,99,100,102,105,106,108,115,116,121,125,131,132,137,140,141,151,156,159,173,185,194,196,197,198,204,205,215,218,219,221,223,226,238,240,241,247,248,250,252,254",31.390625,271.109375,11.0,0.0,0.0759481816809467,0.98828125,1.0,0.032112870596421,1.8700396825396823,0.6601015329360962,er_patch,0.0,4.0
er_patch,0,256,erdos_renyi,43002,sparse_drive,0.05,0.05,1.0,64,0.25,,57f370907868633a1b,stage4f_closure,random,0.24345022236229852,32,,25.3037109375,184.95166015625,7.6025390625,0.0,0.06124588575296069,0.9677734375,1.0,0.025261697771483706,1.983553447420635,0.6601015329360962,er_patch,0.0,4.0
er_patch,0,256,erdos_renyi,43002,sparse_drive,0.05,0.05,1.0,64,0.25,,57f370907868633a1b,stage4f_closure,spectral,0.3549684137105942,1,"0,1,3,4,13,20,27,28,34,46,49,53,61,65,68,71,72,77,78,85,95,96,97,99,100,102,105,106,108,115,121,125,131,132,137,140,141,150,151,156,159,160,161,173,174,180,185,194,196,197,198,204,205,218,219,223,226,234,240,241,247,248,250,252",31.265625,269.328125,11.09375,0.0,0.0762666825394544,0.9765625,1.0,0.032635054980678,1.8561507936507935,0.6601015329360962,er_patch,0.0,4.0
er_patch,0,256,erdos_renyi,43002,transition_dense,0.035,0.1,1.0,8,0.03125,,88cc3f6bae131a335a,stage4f_closure,cycle_proxy,0.0458087483420968,1,"3,85,151,196,198,240,248,252",64.125,1080.375,105.75,0.0,0.0790845084763091,0.65625,1.0,0.0669390224981986,1.5357142857142858,0.0943243280053138,er_patch,0.0,4.0
er_patch,0,256,erdos_renyi,43002,transition_dense,0.035,0.1,1.0,8,0.03125,,88cc3f6bae131a335a,stage4f_closure,feedback_hub,0.0493467086926102,1,"3,72,85,105,196,198,248,252",64.625,1094.625,97.75,0.0,0.0791437739224429,0.65625,1.0,0.0677688790654797,1.5714285714285714,0.0943243280053138,er_patch,0.0,4.0
er_patch,0,256,erdos_renyi,43002,transition_dense,0.035,0.1,1.0,8,0.03125,,88cc3f6bae131a335a,stage4f_closure,dynamics_aware,0.048212332651019,1,"37,41,49,97,136,160,216,221",54.625,786.875,73.75,0.0,0.067264074401033,0.55859375,1.0,0.0748594327174799,1.75,0.0943243280053138,er_patch,0.0,4.0
er_patch,0,256,erdos_renyi,43002,transition_dense,0.035,0.1,1.0,8,0.03125,,88cc3f6bae131a335a,stage4f_closure,high_degree,0.0493467086926102,1,"3,72,85,105,196,198,248,252",64.625,1094.625,97.75,0.0,0.0791437739224429,0.65625,1.0,0.0677688790654797,1.5714285714285714,0.0943243280053138,er_patch,0.0,4.0
er_patch,0,256,erdos_renyi,43002,transition_dense,0.035,0.1,1.0,8,0.03125,,88cc3f6bae131a335a,stage4f_closure,module_bridge,0.0493467086926102,1,"3,72,85,105,196,198,248,252",64.625,1094.625,97.75,0.0,0.0791437739224429,0.65625,1.0,0.0677688790654797,1.5714285714285714,0.0943243280053138,er_patch,0.0,4.0
er_patch,0,256,erdos_renyi,43002,transition_dense,0.035,0.1,1.0,8,0.03125,,88cc3f6bae131a335a,stage4f_closure,random,0.04970917350146914,32,,50.98046875,699.84765625,64.3125,0.0,0.06243139920939757,0.583251953125,1.0,0.052833486623757794,1.8325892857142856,0.0943243280053138,er_patch,0.0,4.0
er_patch,0,256,erdos_renyi,43002,transition_dense,0.035,0.1,1.0,8,0.03125,,88cc3f6bae131a335a,stage4f_closure,spectral,0.0482032746076583,1,"3,85,115,196,198,240,248,252",64.5,1084.125,103.75,0.0,0.0794501390879282,0.65625,1.0,0.0648956821721042,1.5357142857142858,0.0943243280053138,er_patch,0.0,4.0
er_patch,0,256,erdos_renyi,43002,transition_dense,0.035,0.1,1.0,32,0.125,,f8fab872f53d869526,stage4f_closure,cycle_proxy,0.070860062725842,1,"3,6,31,49,78,85,89,96,100,102,106,108,115,137,138,140,146,151,155,196,198,205,215,216,217,219,238,240,246,248,250,252",60.59375,967.0,93.75,0.0,0.074316266966306,0.9921875,1.0,0.0609092821320599,1.719758064516129,0.1708641052246093,er_patch,0.0,4.0
er_patch,0,256,erdos_renyi,43002,transition_dense,0.035,0.1,1.0,32,0.125,,f8fab872f53d869526,stage4f_closure,feedback_hub,0.0896257869899272,1,"1,3,6,13,31,72,85,96,102,105,106,108,115,131,138,146,147,151,156,183,196,198,205,219,226,236,238,240,246,248,250,252",61.59375,1001.03125,90.0,0.0,0.0751961395695289,0.984375,1.0,0.0639170450647059,1.7399193548387095,0.1708641052246093,er_patch,0.0,4.0
er_patch,0,256,erdos_renyi,43002,transition_dense,0.035,0.1,1.0,32,0.125,,f8fab872f53d869526,stage4f_closure,dynamics_aware,0.1330378968268633,1,"4,11,13,29,32,40,42,48,56,60,72,73,74,94,120,123,128,131,132,136,137,138,143,146,149,162,166,185,201,223,240,249",50.9375,702.46875,62.75,0.0,0.0623744458241675,0.9609375,1.0,0.0533584406586997,1.8326612903225807,0.1708641052246093,er_patch,0.0,4.0
er_patch,0,256,erdos_renyi,43002,transition_dense,0.035,0.1,1.0,32,0.125,,f8fab872f53d869526,stage4f_closure,high_degree,0.0792884901165962,1,"1,3,6,13,72,85,96,102,104,105,106,108,115,131,138,146,147,156,183,196,197,198,205,219,226,236,238,240,246,248,250,252",61.625,999.625,88.84375,0.0,0.0751468127583475,0.984375,1.0,0.0651941360540234,1.752016129032258,0.1708641052246093,er_patch,0.0,4.0
er_patch,0,256,erdos_renyi,43002,transition_dense,0.035,0.1,1.0,32,0.125,,f8fab872f53d869526,stage4f_closure,module_bridge,0.0792884901165962,1,"1,3,6,13,72,85,96,102,104,105,106,108,115,131,138,146,147,156,183,196,197,198,205,219,226,236,238,240,246,248,250,252",61.625,999.625,88.84375,0.0,0.0751468127583475,0.984375,1.0,0.0651941360540234,1.752016129032258,0.1708641052246093,er_patch,0.0,4.0
er_patch,0,256,erdos_renyi,43002,transition_dense,0.035,0.1,1.0,32,0.125,,f8fab872f53d869526,stage4f_closure,random,0.09119740081951018,32,,50.71484375,694.275390625,63.595703125,0.0,0.0620647204061312,0.96923828125,1.0,0.051675376078677976,1.808404737903226,0.1708641052246093,er_patch,0.0,4.0
er_patch,0,256,erdos_renyi,43002,transition_dense,0.035,0.1,1.0,32,0.125,,f8fab872f53d869526,stage4f_closure,spectral,0.0908473301678896,1,"1,3,6,13,31,72,85,96,100,102,104,105,106,108,115,131,138,146,151,156,183,196,197,198,205,219,236,238,240,246,248,252",61.5625,996.5625,90.15625,0.0,0.0753685923215336,0.9765625,1.0,0.0639059056410174,1.715725806451613,0.1708641052246093,er_patch,0.0,4.0
er_patch,0,256,erdos_renyi,43002,transition_dense,0.035,0.1,1.0,64,0.25,,e9d88be9ffa093955c,stage4f_closure,cycle_proxy,0.3701206594705581,1,"1,3,6,13,23,25,30,31,33,39,45,46,49,56,58,68,77,78,82,85,89,96,100,102,104,105,106,108,115,121,131,137,138,140,146,147,151,155,156,170,175,179,181,183,195,196,197,198,205,215,216,217,219,221,236,238,240,243,246,248,250,252,253,254",58.421875,904.21875,86.234375,0.0,0.0716614639211637,1.0,1.0,0.0609296295465741,1.7410714285714286,0.7554294466972351,er_patch,0.0,4.0
er_patch,0,256,erdos_renyi,43002,transition_dense,0.035,0.1,1.0,64,0.25,,e9d88be9ffa093955c,stage4f_closure,feedback_hub,0.4167669489979744,1,"1,3,6,13,23,30,31,45,46,49,53,56,61,63,72,78,82,85,86,89,96,100,102,104,105,106,108,115,131,132,137,138,140,146,147,151,155,156,163,171,173,175,181,183,195,196,197,198,205,215,216,218,219,221,223,226,236,238,240,241,246,248,250,252",59.140625,924.703125,84.078125,0.0,0.0723251078887438,1.0,1.0,0.060980977322257,1.7435515873015872,0.7554294466972351,er_patch,0.0,4.0
er_patch,0,256,erdos_renyi,43002,transition_dense,0.035,0.1,1.0,64,0.25,,e9d88be9ffa093955c,stage4f_closure,dynamics_aware,0.4326280280947685,1,"1,3,6,13,31,42,49,53,56,61,63,64,72,78,82,85,86,89,96,100,102,104,105,106,108,115,132,136,137,138,140,146,147,149,151,155,156,163,171,173,175,179,181,195,196,197,198,204,205,209,215,216,217,218,219,221,226,238,240,243,246,248,250,252",58.46875,904.171875,82.6875,0.0,0.0715415147406017,1.0,1.0,0.0596297109945795,1.7549603174603174,0.7554294466972351,er_patch,0.0,4.0
er_patch,0,256,erdos_renyi,43002,transition_dense,0.035,0.1,1.0,64,0.25,,e9d88be9ffa093955c,stage4f_closure,high_degree,0.4700503796339035,1,"1,3,6,13,31,45,49,53,56,61,63,72,78,82,85,86,89,96,100,102,104,105,106,108,115,131,132,137,138,140,146,147,151,155,156,163,171,173,175,179,181,183,195,196,197,198,204,205,215,216,217,218,219,221,226,232,236,238,240,243,246,248,250,252",59.15625,924.046875,84.28125,0.0,0.0723880071092898,1.0,1.0,0.060593302970614,1.7450396825396826,0.7554294466972351,er_patch,0.0,4.0
er_patch,0,256,erdos_renyi,43002,transition_dense,0.035,0.1,1.0,64,0.25,,e9d88be9ffa093955c,stage4f_closure,module_bridge,0.4700503796339035,1,"1,3,6,13,31,45,49,53,56,61,63,72,78,82,85,86,89,96,100,102,104,105,106,108,115,131,132,137,138,140,146,147,151,155,156,163,171,173,175,179,181,183,195,196,197,198,204,205,215,216,217,218,219,221,226,232,236,238,240,243,246,248,250,252",59.15625,924.046875,84.28125,0.0,0.0723880071092898,1.0,1.0,0.060593302970614,1.7450396825396826,0.7554294466972351,er_patch,0.0,4.0
er_patch,0,256,erdos_renyi,43002,transition_dense,0.035,0.1,1.0,64,0.25,,e9d88be9ffa093955c,stage4f_closure,random,0.2560382575611584,32,,50.546875,689.68017578125,63.03662109375,0.0,0.06185511146271713,0.999267578125,1.0,0.051685134347853545,1.8118334573412698,0.7554294466972351,er_patch,0.0,4.0
er_patch,0,256,erdos_renyi,43002,transition_dense,0.035,0.1,1.0,64,0.25,,e9d88be9ffa093955c,stage4f_closure,spectral,0.5705757737159729,1,"1,3,6,13,23,30,31,39,45,49,56,61,63,72,78,82,85,86,89,96,100,102,104,105,106,108,115,131,132,136,137,138,140,146,147,151,155,156,160,163,171,179,183,195,196,197,198,205,210,215,216,218,219,221,226,232,236,238,240,243,246,248,250,252",59.09375,922.359375,84.15625,0.0,0.0724997392142183,1.0,1.0,0.0609243946272304,1.7296626984126984,0.7554294466972351,er_patch,0.0,4.0
er_patch,0,256,erdos_renyi,43002,transition_mid,0.035,0.05,1.0,8,0.03125,,a0bdb8b16fb394e07f,stage4f_closure,cycle_proxy,0.0685677509754896,1,"3,46,85,131,151,156,240,248",33.875,319.25,17.0,0.0,0.0825377785260095,0.44921875,1.0,0.0304961987982074,1.8571428571428568,0.1851721704006195,er_patch,0.0,4.0
er_patch,0,256,erdos_renyi,43002,transition_mid,0.035,0.05,1.0,8,0.03125,,a0bdb8b16fb394e07f,stage4f_closure,feedback_hub,0.0882840845733881,1,"1,72,97,108,131,137,156,248",35.625,346.5,13.5,0.0,0.0853213698778582,0.453125,0.9921875,0.0303050159072305,1.8214285714285716,0.1851721704006195,er_patch,0.0,4.0
er_patch,0,256,erdos_renyi,43002,transition_mid,0.035,0.05,1.0,8,0.03125,,a0bdb8b16fb394e07f,stage4f_closure,dynamics_aware,0.1365353856235742,1,"10,25,43,64,126,136,140,161",24.0,164.75,7.875,0.0,0.0605652249630631,0.3828125,0.99609375,0.0387056304454841,2.0,0.1851721704006195,er_patch,0.0,4.0
er_patch,0,256,erdos_renyi,43002,transition_mid,0.035,0.05,1.0,8,0.03125,,a0bdb8b16fb394e07f,stage4f_closure,high_degree,0.071142129600048,1,"1,97,105,108,131,137,248,252",35.625,342.5,13.25,0.0,0.0856964830555485,0.41796875,0.99609375,0.0378393153806652,1.8571428571428568,0.1851721704006195,er_patch,0.0,4.0
er_patch,0,256,erdos_renyi,43002,transition_mid,0.035,0.05,1.0,8,0.03125,,a0bdb8b16fb394e07f,stage4f_closure,module_bridge,0.071142129600048,1,"1,97,105,108,131,137,248,252",35.625,342.5,13.25,0.0,0.0856964830555485,0.41796875,0.99609375,0.0378393153806652,1.8571428571428568,0.1851721704006195,er_patch,0.0,4.0
er_patch,0,256,erdos_renyi,43002,transition_mid,0.035,0.05,1.0,8,0.03125,,a0bdb8b16fb394e07f,stage4f_closure,random,0.07659393621725026,32,,25.38671875,185.6171875,7.5859375,0.0,0.06141069602426527,0.3592529296875,0.99169921875,0.026383354833862737,1.9821428571428572,0.1851721704006195,er_patch,0.0,4.0
er_patch,0,256,erdos_renyi,43002,transition_mid,0.035,0.05,1.0,8,0.03125,,a0bdb8b16fb394e07f,stage4f_closure,spectral,0.0850996673107147,1,"1,105,108,131,137,151,156,248",35.5,344.625,14.625,0.0,0.0861881786947007,0.42578125,0.98828125,0.0365001312514004,1.7857142857142858,0.1851721704006195,er_patch,0.0,4.0
er_patch,0,256,erdos_renyi,43002,transition_mid,0.035,0.05,1.0,32,0.125,,127da34a23182c71e1,stage4f_closure,cycle_proxy,0.1282398570328951,1,"1,3,22,27,33,44,46,49,51,52,61,85,99,100,105,131,137,151,153,156,159,173,185,194,198,205,214,218,219,234,240,248",31.40625,274.875,14.375,0.0,0.0763754715595843,0.90234375,1.0,0.0284044552887068,1.8629032258064515,0.2848876714706421,er_patch,0.0,4.0
er_patch,0,256,erdos_renyi,43002,transition_mid,0.035,0.05,1.0,32,0.125,,127da34a23182c71e1,stage4f_closure,feedback_hub,0.1215662043541669,1,"1,3,46,49,61,72,85,96,97,100,105,108,121,125,131,132,137,140,141,151,156,173,194,196,198,205,218,223,240,241,248,252",33.125,301.375,12.53125,0.0,0.0798477644734131,0.8984375,1.0,0.0323900153776549,1.8629032258064515,0.2848876714706421,er_patch,0.0,4.0
er_patch,0,256,erdos_renyi,43002,transition_mid,0.035,0.05,1.0,32,0.125,,127da34a23182c71e1,stage4f_closure,dynamics_aware,0.1210495214909315,1,"6,7,9,17,29,34,35,38,42,45,55,56,84,91,96,107,113,119,132,142,148,162,164,179,185,189,190,194,197,234,238,240",26.0,191.65625,7.65625,0.0,0.0628616773989932,0.77734375,1.0,0.0264109143079823,1.967741935483871,0.2848876714706421,er_patch,0.0,4.0
er_patch,0,256,erdos_renyi,43002,transition_mid,0.035,0.05,1.0,32,0.125,,127da34a23182c71e1,stage4f_closure,high_degree,0.0880743358284235,1,"1,3,46,61,72,85,96,97,100,105,108,115,121,131,132,137,140,141,151,156,173,194,196,197,198,205,218,223,240,241,248,252",33.15625,300.46875,12.375,0.0,0.0802480838237946,0.89453125,1.0,0.0325925935035727,1.8548387096774197,0.2848876714706421,er_patch,0.0,4.0
er_patch,0,256,erdos_renyi,43002,transition_mid,0.035,0.05,1.0,32,0.125,,127da34a23182c71e1,stage4f_closure,module_bridge,0.0880743358284235,1,"1,3,46,61,72,85,96,97,100,105,108,115,121,131,132,137,140,141,151,156,173,194,196,197,198,205,218,223,240,241,248,252",33.15625,300.46875,12.375,0.0,0.0802480838237946,0.89453125,1.0,0.0325925935035727,1.8548387096774197,0.2848876714706421,er_patch,0.0,4.0
er_patch,0,256,erdos_renyi,43002,transition_mid,0.035,0.05,1.0,32,0.125,,127da34a23182c71e1,stage4f_closure,random,0.10047280843718906,32,,25.396484375,186.0693359375,7.642578125,0.0,0.06140052819775807,0.8236083984375,1.0,0.02488551464624137,1.9817288306451613,0.2848876714706421,er_patch,0.0,4.0
er_patch,0,256,erdos_renyi,43002,transition_mid,0.035,0.05,1.0,32,0.125,,127da34a23182c71e1,stage4f_closure,spectral,0.1810898780822754,1,"1,3,46,61,72,78,85,96,97,99,100,102,105,108,115,131,132,137,140,151,156,173,194,196,197,198,205,218,223,240,248,252",33.03125,298.125,12.3125,0.0,0.0806403319302365,0.88671875,1.0,0.0324540388057792,1.816532258064516,0.2848876714706421,er_patch,0.0,4.0
er_patch,0,256,erdos_renyi,43002,transition_mid,0.035,0.05,1.0,64,0.25,,e5a4ca2ca205e2f3e5,stage4f_closure,cycle_proxy,0.3409853279590606,1,"0,1,3,7,8,13,22,27,33,39,44,46,49,51,52,53,58,61,63,64,65,68,85,97,99,100,102,105,106,108,115,121,125,131,136,137,138,150,151,153,156,159,168,173,185,194,196,198,205,214,215,218,219,221,222,234,238,240,241,248,250,252,253,255",30.0,251.65625,12.75,0.0,0.0728976201399258,0.9765625,1.0,0.0294192908924909,1.8844246031746037,0.7166195511817932,er_patch,0.0,4.0
er_patch,0,256,erdos_renyi,43002,transition_mid,0.035,0.05,1.0,64,0.25,,e5a4ca2ca205e2f3e5,stage4f_closure,feedback_hub,0.3663652241230011,1,"0,1,3,4,7,13,26,27,28,34,46,49,53,61,68,71,72,77,78,80,85,95,96,97,99,100,102,105,106,108,115,116,121,125,131,132,137,140,141,151,153,156,159,160,163,173,185,194,196,197,198,204,205,215,218,219,223,226,238,240,241,248,252,254",31.359375,272.484375,11.0,0.0,0.0758242142593706,0.9921875,1.0,0.0320152786626233,1.8735119047619049,0.7166195511817932,er_patch,0.0,4.0
er_patch,0,256,erdos_renyi,43002,transition_mid,0.035,0.05,1.0,64,0.25,,e5a4ca2ca205e2f3e5,stage4f_closure,dynamics_aware,0.3618335835635662,1,"2,9,14,16,17,19,27,48,49,55,56,61,69,73,75,87,95,103,111,120,123,137,144,151,154,156,159,161,162,163,166,167,169,170,173,180,181,182,184,185,186,188,190,191,192,195,197,200,202,208,213,215,216,221,226,229,232,235,237,239,249,250,252,253",25.71875,188.296875,7.703125,0.0,0.0620684780701416,0.9765625,1.0,0.0258585972441676,1.953373015873016,0.7166195511817932,er_patch,0.0,4.0
er_patch,0,256,erdos_renyi,43002,transition_mid,0.035,0.05,1.0,64,0.25,,e5a4ca2ca205e2f3e5,stage4f_closure,high_degree,0.332986406981945,1,"0,1,3,4,7,13,19,27,28,34,46,49,53,61,68,71,72,77,78,80,85,95,96,97,99,100,102,105,106,108,115,116,121,125,131,132,137,140,141,151,156,159,173,185,194,196,197,198,204,205,215,218,219,221,223,226,238,240,241,247,248,250,252,254",31.390625,271.109375,11.0,0.0,0.0759481816809467,0.98828125,1.0,0.032112870596421,1.8700396825396823,0.7166195511817932,er_patch,0.0,4.0
er_patch,0,256,erdos_renyi,43002,transition_mid,0.035,0.05,1.0,64,0.25,,e5a4ca2ca205e2f3e5,stage4f_closure,module_bridge,0.332986406981945,1,"0,1,3,4,7,13,19,27,28,34,46,49,53,61,68,71,72,77,78,80,85,95,96,97,99,100,102,105,106,108,115,116,121,125,131,132,137,140,141,151,156,159,173,185,194,196,197,198,204,205,215,218,219,221,223,226,238,240,241,247,248,250,252,254",31.390625,271.109375,11.0,0.0,0.0759481816809467,0.98828125,1.0,0.032112870596421,1.8700396825396823,0.7166195511817932,er_patch,0.0,4.0
er_patch,0,256,erdos_renyi,43002,transition_mid,0.035,0.05,1.0,64,0.25,,e5a4ca2ca205e2f3e5,stage4f_closure,random,0.2740250787464902,32,,25.3037109375,184.95166015625,7.6025390625,0.0,0.06124588575296069,0.9677734375,1.0,0.025261697771483706,1.983553447420635,0.7166195511817932,er_patch,0.0,4.0
er_patch,0,256,erdos_renyi,43002,transition_mid,0.035,0.05,1.0,64,0.25,,e5a4ca2ca205e2f3e5,stage4f_closure,spectral,0.3854838125407696,1,"0,1,3,4,13,20,27,28,34,46,49,53,61,65,68,71,72,77,78,85,95,96,97,99,100,102,105,106,108,115,121,125,131,132,137,140,141,150,151,156,159,160,161,173,174,180,185,194,196,197,198,204,205,218,219,223,226,234,240,241,247,248,250,252",31.265625,269.328125,11.09375,0.0,0.0762666825394544,0.9765625,1.0,0.032635054980678,1.8561507936507935,0.7166195511817932,er_patch,0.0,4.0
er_patch,0,256,erdos_renyi,43003,sparse_drive,0.05,0.05,1.0,8,0.03125,,5a82b497e65ab80851,stage4f_closure,cycle_proxy,0.0625214735046029,1,"21,26,30,82,162,168,183,252",32.875,300.375,17.875,0.0,0.0828874858133478,0.4140625,0.99609375,0.039373266998927,1.6428571428571428,0.1723061800003051,er_patch,0.0,4.0
er_patch,0,256,erdos_renyi,43003,sparse_drive,0.05,0.05,1.0,8,0.03125,,5a82b497e65ab80851,stage4f_closure,feedback_hub,0.0874195443466305,1,"5,82,108,168,171,188,203,238",35.0,339.5,14.125,0.0,0.0869096159183855,0.4453125,0.99609375,0.0388740106475577,1.75,0.1723061800003051,er_patch,0.0,4.0
er_patch,0,256,erdos_renyi,43003,sparse_drive,0.05,0.05,1.0,8,0.03125,,5a82b497e65ab80851,stage4f_closure,dynamics_aware,0.132840858772397,1,"3,10,35,50,175,220,250,252",26.875,205.75,6.75,0.0,0.066398038046463,0.39453125,0.9921875,0.0266061325554688,1.8928571428571428,0.1723061800003051,er_patch,0.0,4.0
er_patch,0,256,erdos_renyi,43003,sparse_drive,0.05,0.05,1.0,8,0.03125,,5a82b497e65ab80851,stage4f_closure,high_degree,0.0676349680870771,1,"82,108,162,168,171,188,203,238",35.0,338.875,14.75,0.0,0.0867315944192885,0.453125,0.99609375,0.0449817305710671,1.7857142857142858,0.1723061800003051,er_patch,0.0,4.0
er_patch,0,256,erdos_renyi,43003,sparse_drive,0.05,0.05,1.0,8,0.03125,,5a82b497e65ab80851,stage4f_closure,module_bridge,0.0676349680870771,1,"82,108,162,168,171,188,203,238",35.0,338.875,14.75,0.0,0.0867315944192885,0.453125,0.99609375,0.0449817305710671,1.7857142857142858,0.1723061800003051,er_patch,0.0,4.0
er_patch,0,256,erdos_renyi,43003,sparse_drive,0.05,0.05,1.0,8,0.03125,,5a82b497e65ab80851,stage4f_closure,random,0.08453076690784653,32,,24.734375,177.69921875,7.1171875,0.0,0.06085688054861161,0.3514404296875,0.989013671875,0.023554042197453474,1.9910714285714286,0.1723061800003051,er_patch,0.0,4.0
er_patch,0,256,erdos_renyi,43003,sparse_drive,0.05,0.05,1.0,8,0.03125,,5a82b497e65ab80851,stage4f_closure,spectral,0.1354180425405502,1,"5,82,162,164,168,171,188,252",34.875,335.0,14.625,0.0,0.0884254898526512,0.46875,0.99609375,0.0347178221667501,1.7142857142857142,0.1723061800003051,er_patch,0.0,4.0
er_patch,0,256,erdos_renyi,43003,sparse_drive,0.05,0.05,1.0,32,0.125,,b7fb2bf40fc1040768,stage4f_closure,cycle_proxy,0.1001953706145286,1,"2,16,21,26,30,41,48,62,64,69,71,82,105,108,126,143,148,162,163,165,168,169,170,171,183,188,194,212,225,238,246,252",30.5625,262.875,14.875,0.0,0.0762627607071049,0.87890625,1.0,0.0291591811297937,1.8387096774193548,0.3205713629722595,er_patch,0.0,4.0
er_patch,0,256,erdos_renyi,43003,sparse_drive,0.05,0.05,1.0,32,0.125,,b7fb2bf40fc1040768,stage4f_closure,feedback_hub,0.1601296886801719,1,"2,5,23,26,41,43,54,57,71,73,81,82,108,142,145,162,164,168,171,172,183,188,193,194,203,205,227,232,237,238,249,252",32.59375,296.03125,12.0625,0.0,0.0807371268554911,0.890625,1.0,0.0352471059508959,1.8548387096774197,0.3205713629722595,er_patch,0.0,4.0
er_patch,0,256,erdos_renyi,43003,sparse_drive,0.05,0.05,1.0,32,0.125,,b7fb2bf40fc1040768,stage4f_closure,dynamics_aware,0.2068258747458458,1,"1,2,16,19,21,22,25,38,47,56,78,96,104,114,124,125,128,137,138,140,141,144,150,152,176,185,189,216,240,242,245,253",23.03125,156.125,6.40625,0.0,0.0572479508465715,0.83203125,1.0,0.0206171469719065,2.030241935483871,0.3205713629722595,er_patch,0.0,4.0
er_patch,0,256,erdos_renyi,43003,sparse_drive,0.05,0.05,1.0,32,0.125,,b7fb2bf40fc1040768,stage4f_closure,high_degree,0.1083650477230548,1,"2,5,21,23,26,41,54,57,58,73,81,82,108,142,143,145,162,164,168,171,172,188,193,194,203,205,212,227,237,238,249,252",32.6875,294.84375,12.34375,0.0,0.0811243941255726,0.890625,1.0,0.0339829673382907,1.8508064516129032,0.3205713629722595,er_patch,0.0,4.0
er_patch,0,256,erdos_renyi,43003,sparse_drive,0.05,0.05,1.0,32,0.125,,b7fb2bf40fc1040768,stage4f_closure,module_bridge,0.1083650477230548,1,"2,5,21,23,26,41,54,57,58,73,81,82,108,142,143,145,162,164,168,171,172,188,193,194,203,205,212,227,237,238,249,252",32.6875,294.84375,12.34375,0.0,0.0811243941255726,0.890625,1.0,0.0339829673382907,1.8508064516129032,0.3205713629722595,er_patch,0.0,4.0
er_patch,0,256,erdos_renyi,43003,sparse_drive,0.05,0.05,1.0,32,0.125,,b7fb2bf40fc1040768,stage4f_closure,random,0.14191449471400114,32,,24.6552734375,177.529296875,7.1123046875,0.0,0.06072782947898875,0.816162109375,1.0,0.024866628039325038,1.9974798387096775,0.3205713629722595,er_patch,0.0,4.0
er_patch,0,256,erdos_renyi,43003,sparse_drive,0.05,0.05,1.0,32,0.125,,b7fb2bf40fc1040768,stage4f_closure,spectral,0.0885580778121948,1,"2,5,21,23,26,41,54,57,58,73,81,82,108,142,145,162,164,167,168,171,188,193,194,203,212,227,232,237,238,241,249,252",32.625,294.0,12.09375,0.0,0.0812643311678435,0.87109375,1.0,0.0342457849764893,1.844758064516129,0.3205713629722595,er_patch,0.0,4.0
er_patch,0,256,erdos_renyi,43003,sparse_drive,0.05,0.05,1.0,64,0.25,,9fb830f345b50b6eb7,stage4f_closure,cycle_proxy,0.3133019506931305,1,"0,2,5,6,15,16,21,26,27,30,41,46,48,57,62,64,65,69,71,81,82,105,108,125,126,128,131,135,139,143,145,146,148,149,159,162,163,164,165,167,168,169,170,171,172,176,183,188,193,194,199,201,203,207,208,212,225,227,238,239,244,246,249,252",29.53125,245.84375,12.796875,0.0,0.0733193637905543,0.98046875,1.0,0.0292092761008336,1.8774801587301588,0.6746418476104736,er_patch,0.0,4.0
er_patch,0,256,erdos_renyi,43003,sparse_drive,0.05,0.05,1.0,64,0.25,,9fb830f345b50b6eb7,stage4f_closure,feedback_hub,0.3959246687591076,1,"2,5,18,21,23,26,30,35,41,43,45,48,54,57,58,61,62,69,71,73,81,82,85,102,105,106,108,110,126,128,138,142,143,145,148,159,162,163,164,168,171,172,175,183,188,191,193,194,195,203,204,205,212,225,227,232,237,238,239,241,246,249,250,252",30.921875,267.046875,11.296875,0.0,0.076503155526532,0.98046875,1.0,0.0314064813999054,1.8779761904761905,0.6746418476104736,er_patch,0.0,4.0
er_patch,0,256,erdos_renyi,43003,sparse_drive,0.05,0.05,1.0,64,0.25,,9fb830f345b50b6eb7,stage4f_closure,dynamics_aware,0.4739753603935241,1,"2,10,12,13,18,21,23,30,33,34,35,41,43,45,48,54,55,57,58,61,62,69,73,81,82,85,105,106,108,110,126,128,142,143,145,147,148,154,158,163,164,167,168,171,183,188,193,194,195,203,204,211,212,225,227,232,233,237,238,239,241,249,251,252",29.890625,249.75,10.359375,0.0,0.0740544496177175,0.98046875,1.0,0.0293237263325619,1.8804563492063493,0.6746418476104736,er_patch,0.0,4.0
er_patch,0,256,erdos_renyi,43003,sparse_drive,0.05,0.05,1.0,64,0.25,,9fb830f345b50b6eb7,stage4f_closure,high_degree,0.351347267627716,1,"2,5,21,23,26,30,35,41,43,45,48,54,57,58,61,69,71,73,81,82,85,105,106,108,110,126,128,131,138,142,143,145,147,148,159,162,163,164,167,168,171,172,175,183,188,191,193,194,195,201,203,204,205,212,227,232,237,238,239,241,246,249,250,252",30.96875,266.03125,11.171875,0.0,0.0763268865654146,0.984375,1.0,0.0311132322894645,1.8819444444444444,0.6746418476104736,er_patch,0.0,4.0
er_patch,0,256,erdos_renyi,43003,sparse_drive,0.05,0.05,1.0,64,0.25,,9fb830f345b50b6eb7,stage4f_closure,module_bridge,0.351347267627716,1,"2,5,21,23,26,30,35,41,43,45,48,54,57,58,61,69,71,73,81,82,85,105,106,108,110,126,128,131,138,142,143,145,147,148,159,162,163,164,167,168,171,172,175,183,188,191,193,194,195,201,203,204,205,212,227,232,237,238,239,241,246,249,250,252",30.96875,266.03125,11.171875,0.0,0.0763268865654146,0.984375,1.0,0.0311132322894645,1.8819444444444444,0.6746418476104736,er_patch,0.0,4.0
er_patch,0,256,erdos_renyi,43003,sparse_drive,0.05,0.05,1.0,64,0.25,,9fb830f345b50b6eb7,stage4f_closure,random,0.26858484017429873,32,,25.01416015625,182.00537109375,7.365234375,0.0,0.06169702140945273,0.970458984375,1.0,0.02472560922573918,1.9874131944444444,0.6746418476104736,er_patch,0.0,4.0
er_patch,0,256,erdos_renyi,43003,sparse_drive,0.05,0.05,1.0,64,0.25,,9fb830f345b50b6eb7,stage4f_closure,spectral,0.408469520509243,1,"2,5,12,18,21,23,26,27,30,35,41,43,45,48,54,57,58,61,62,69,71,73,81,82,85,105,106,108,110,126,128,142,143,145,147,148,162,163,164,167,168,171,172,175,183,188,193,194,195,203,204,205,212,225,227,232,237,238,239,241,246,249,251,252",30.921875,264.984375,11.203125,0.0,0.0768317177352149,0.98046875,1.0,0.0317829460834088,1.8616071428571428,0.6746418476104736,er_patch,0.0,4.0
er_patch,0,256,erdos_renyi,43003,transition_dense,0.035,0.1,1.0,8,0.03125,,3adb194233f437dff1,stage4f_closure,cycle_proxy,0.0472535090520978,1,"30,82,105,162,171,176,194,241",62.125,1020.875,101.25,0.0,0.0773683366553653,0.60546875,1.0,0.0757094743884824,1.7142857142857142,0.0991878509521484,er_patch,0.0,4.0
er_patch,0,256,erdos_renyi,43003,transition_dense,0.035,0.1,1.0,8,0.03125,,3adb194233f437dff1,stage4f_closure,feedback_hub,0.0492796506732702,1,"41,43,82,108,162,171,227,241",63.875,1075.25,97.5,0.0,0.079118337313471,0.6640625,1.0,0.0712421952601259,1.7857142857142858,0.0991878509521484,er_patch,0.0,4.0
er_patch,0,256,erdos_renyi,43003,transition_dense,0.035,0.1,1.0,8,0.03125,,3adb194233f437dff1,stage4f_closure,dynamics_aware,0.079573068767786,1,"91,110,135,171,199,203,235,254",53.875,777.75,68.25,0.0,0.0661784329525378,0.58203125,1.0,0.0670346413098097,1.8214285714285716,0.0991878509521484,er_patch,0.0,4.0
er_patch,0,256,erdos_renyi,43003,transition_dense,0.035,0.1,1.0,8,0.03125,,3adb194233f437dff1,stage4f_closure,high_degree,0.0485082799568772,1,"43,82,108,143,162,171,227,241",64.125,1073.25,98.25,0.0,0.0793723085886962,0.66796875,1.0,0.0670735283313655,1.7857142857142858,0.0991878509521484,er_patch,0.0,4.0
er_patch,0,256,erdos_renyi,43003,transition_dense,0.035,0.1,1.0,8,0.03125,,3adb194233f437dff1,stage4f_closure,module_bridge,0.0485082799568772,1,"43,82,108,143,162,171,227,241",64.125,1073.25,98.25,0.0,0.0793723085886962,0.66796875,1.0,0.0670735283313655,1.7857142857142858,0.0991878509521484,er_patch,0.0,4.0
er_patch,0,256,erdos_renyi,43003,transition_dense,0.035,0.1,1.0,8,0.03125,,3adb194233f437dff1,stage4f_closure,random,0.048163698476855595,32,,50.359375,681.31640625,59.6640625,0.0,0.06213841556008613,0.57470703125,1.0,0.05281143964660546,1.8158482142857142,0.0991878509521484,er_patch,0.0,4.0
er_patch,0,256,erdos_renyi,43003,transition_dense,0.035,0.1,1.0,8,0.03125,,3adb194233f437dff1,stage4f_closure,spectral,0.0528860138729214,1,"43,82,108,143,162,171,176,241",63.875,1064.5,99.25,0.0,0.0795142652112473,0.65625,1.0,0.069104135702866,1.7142857142857142,0.0991878509521484,er_patch,0.0,4.0
er_patch,0,256,erdos_renyi,43003,transition_dense,0.035,0.1,1.0,32,0.125,,038d187e64307b03a5,stage4f_closure,cycle_proxy,0.0827131122350692,1,"2,5,27,30,36,41,43,48,54,71,82,99,105,108,128,143,162,164,171,176,179,186,188,193,194,199,205,206,227,239,241,252",60.3125,956.375,90.8125,0.0,0.0747824171793336,0.96875,1.0,0.0646653259527111,1.715725806451613,0.1625741422176361,er_patch,0.0,4.0
er_patch,0,256,erdos_renyi,43003,transition_dense,0.035,0.1,1.0,32,0.125,,038d187e64307b03a5,stage4f_closure,feedback_hub,0.0642130114138126,1,"2,5,27,30,41,42,43,54,58,71,82,105,108,141,143,145,162,164,171,176,179,188,192,203,204,205,206,227,239,241,249,252",60.9375,975.25,88.28125,0.0,0.0755159548662646,0.9765625,1.0,0.0646817464971637,1.721774193548387,0.1625741422176361,er_patch,0.0,4.0
er_patch,0,256,erdos_renyi,43003,transition_dense,0.035,0.1,1.0,32,0.125,,038d187e64307b03a5,stage4f_closure,dynamics_aware,0.1357347648590803,1,"18,19,22,25,27,32,38,41,45,59,79,94,106,125,143,147,158,165,179,189,192,203,205,209,212,214,216,220,226,232,236,238",50.03125,681.78125,61.3125,0.0,0.0619085128391374,0.96484375,1.0,0.0524485033643871,1.778225806451613,0.1625741422176361,er_patch,0.0,4.0
er_patch,0,256,erdos_renyi,43003,transition_dense,0.035,0.1,1.0,32,0.125,,038d187e64307b03a5,stage4f_closure,high_degree,0.0741740092635154,1,"2,5,27,30,41,42,43,48,54,58,71,82,105,108,141,143,145,162,164,171,176,179,188,199,203,204,205,227,239,241,249,252",60.96875,973.625,88.21875,0.0,0.0756413238833669,0.96875,1.0,0.0645640973954519,1.717741935483871,0.1625741422176361,er_patch,0.0,4.0
er_patch,0,256,erdos_renyi,43003,transition_dense,0.035,0.1,1.0,32,0.125,,038d187e64307b03a5,stage4f_closure,module_bridge,0.0741740092635154,1,"2,5,27,30,41,42,43,48,54,58,71,82,105,108,141,143,145,162,164,171,176,179,188,199,203,204,205,227,239,241,249,252",60.96875,973.625,88.21875,0.0,0.0756413238833669,0.96875,1.0,0.0645640973954519,1.717741935483871,0.1625741422176361,er_patch,0.0,4.0
er_patch,0,256,erdos_renyi,43003,transition_dense,0.035,0.1,1.0,32,0.125,,038d187e64307b03a5,stage4f_closure,random,0.08952477766433728,32,,50.10546875,675.9189453125,60.55078125,0.0,0.061843333842731954,0.965087890625,1.0,0.051712801777418486,1.811365927419355,0.1625741422176361,er_patch,0.0,4.0
er_patch,0,256,erdos_renyi,43003,transition_dense,0.035,0.1,1.0,32,0.125,,038d187e64307b03a5,stage4f_closure,spectral,0.0741740092635154,1,"2,5,27,30,41,42,43,48,54,58,71,82,105,108,141,143,145,162,164,171,176,179,188,199,203,204,205,227,239,241,249,252",60.96875,973.625,88.21875,0.0,0.0756413238833669,0.96875,1.0,0.0645640973954519,1.717741935483871,0.1625741422176361,er_patch,0.0,4.0
er_patch,0,256,erdos_renyi,43003,transition_dense,0.035,0.1,1.0,64,0.25,,79aa26b0d8b7d76d1f,stage4f_closure,cycle_proxy,0.3370594438165426,1,"2,5,18,21,22,26,27,30,36,37,39,41,42,43,45,48,54,56,61,71,76,81,82,99,105,108,128,131,139,141,142,143,145,146,148,157,162,163,164,170,171,173,176,177,179,186,188,192,193,194,195,199,203,204,205,206,208,227,232,239,241,248,249,252",57.796875,884.46875,84.15625,0.0,0.0717858491968184,1.0,1.0,0.0594885565625109,1.7375992063492065,0.757384181022644,er_patch,0.0,4.0
er_patch,0,256,erdos_renyi,43003,transition_dense,0.035,0.1,1.0,64,0.25,,79aa26b0d8b7d76d1f,stage4f_closure,feedback_hub,0.3353097178041935,1,"2,5,9,19,26,27,30,36,37,41,42,43,45,46,48,49,54,58,61,71,81,82,87,90,99,105,108,111,119,128,131,141,142,143,145,147,148,157,162,163,164,171,173,176,179,186,188,192,193,194,199,202,203,204,205,206,215,227,238,239,241,248,249,252",58.359375,900.125,82.25,0.0,0.0722179051018784,0.99609375,1.0,0.0612124578171069,1.7430555555555556,0.757384181022644,er_patch,0.0,4.0
er_patch,0,256,erdos_renyi,43003,transition_dense,0.035,0.1,1.0,64,0.25,,79aa26b0d8b7d76d1f,stage4f_closure,dynamics_aware,0.4472362734377384,1,"0,1,6,8,14,16,18,19,23,25,26,39,43,45,49,50,53,56,58,60,61,62,64,65,66,67,68,70,72,81,83,86,87,94,102,108,110,125,126,127,128,130,132,135,153,155,156,157,175,179,182,187,192,203,207,232,233,236,239,241,243,245,248,250",51.5,709.125,63.21875,0.0,0.0636772938948229,0.99609375,1.0,0.0536450182760025,1.800595238095238,0.757384181022644,er_patch,0.0,4.0
er_patch,0,256,erdos_renyi,43003,transition_dense,0.035,0.1,1.0,64,0.25,,79aa26b0d8b7d76d1f,stage4f_closure,high_degree,0.301246952265501,1,"0,2,5,9,19,26,27,30,36,37,41,42,43,46,48,49,54,58,61,71,81,82,87,90,97,99,105,108,111,119,128,131,135,141,142,143,145,147,148,159,162,163,164,171,176,179,186,188,192,193,194,199,203,204,205,206,215,227,238,239,241,248,249,252",58.40625,898.015625,81.890625,0.0,0.0722337763664176,1.0,1.0,0.0616867332220545,1.7509920634920637,0.757384181022644,er_patch,0.0,4.0
er_patch,0,256,erdos_renyi,43003,transition_dense,0.035,0.1,1.0,64,0.25,,79aa26b0d8b7d76d1f,stage4f_closure,module_bridge,0.301246952265501,1,"0,2,5,9,19,26,27,30,36,37,41,42,43,46,48,49,54,58,61,71,81,82,87,90,97,99,105,108,111,119,128,131,135,141,142,143,145,147,148,159,162,163,164,171,176,179,186,188,192,193,194,199,203,204,205,206,215,227,238,239,241,248,249,252",58.40625,898.015625,81.890625,0.0,0.0722337763664176,1.0,1.0,0.0616867332220545,1.7509920634920637,0.757384181022644,er_patch,0.0,4.0
er_patch,0,256,erdos_renyi,43003,transition_dense,0.035,0.1,1.0,64,0.25,,79aa26b0d8b7d76d1f,stage4f_closure,random,0.2683018413372338,32,,50.2431640625,679.54638671875,60.77197265625,0.0,0.0620185047355808,0.9990234375,1.0,0.051407332468683176,1.8150266617063493,0.757384181022644,er_patch,0.0,4.0
er_patch,0,256,erdos_renyi,43003,transition_dense,0.035,0.1,1.0,64,0.25,,79aa26b0d8b7d76d1f,stage4f_closure,spectral,0.301098383963108,1,"0,2,5,9,19,21,26,27,30,36,37,41,42,43,46,48,49,54,58,61,71,81,82,87,90,99,105,108,119,128,131,135,141,142,143,145,146,147,148,162,163,164,171,176,179,186,188,192,193,194,199,203,204,205,206,208,227,232,238,239,241,248,249,252",58.359375,898.140625,82.6875,0.0,0.0724061321088834,0.99609375,1.0,0.0622709289067907,1.7385912698412698,0.757384181022644,er_patch,0.0,4.0
er_patch,0,256,erdos_renyi,43003,transition_mid,0.035,0.05,1.0,8,0.03125,,dcc949a94ffea43be1,stage4f_closure,cycle_proxy,0.0633760821074247,1,"21,26,30,82,162,168,183,252",32.875,300.375,17.875,0.0,0.0828874858133478,0.4140625,0.99609375,0.039373266998927,1.6428571428571428,0.1792415976524353,er_patch,0.0,4.0
er_patch,0,256,erdos_renyi,43003,transition_mid,0.035,0.05,1.0,8,0.03125,,dcc949a94ffea43be1,stage4f_closure,feedback_hub,0.0930787287652492,1,"5,82,108,168,171,188,203,238",35.0,339.5,14.125,0.0,0.0869096159183855,0.4453125,0.99609375,0.0388740106475577,1.75,0.1792415976524353,er_patch,0.0,4.0
er_patch,0,256,erdos_renyi,43003,transition_mid,0.035,0.05,1.0,8,0.03125,,dcc949a94ffea43be1,stage4f_closure,dynamics_aware,0.0972566772252321,1,"57,61,118,162,171,188,192,252",30.875,270.0,10.375,0.0,0.0769461380389948,0.421875,0.99609375,0.0449983774826973,1.9642857142857144,0.1792415976524353,er_patch,0.0,4.0
er_patch,0,256,erdos_renyi,43003,transition_mid,0.035,0.05,1.0,8,0.03125,,dcc949a94ffea43be1,stage4f_closure,high_degree,0.0722824409604072,1,"82,108,162,168,171,188,203,238",35.0,338.875,14.75,0.0,0.0867315944192885,0.453125,0.99609375,0.0449817305710671,1.7857142857142858,0.1792415976524353,er_patch,0.0,4.0
er_patch,0,256,erdos_renyi,43003,transition_mid,0.035,0.05,1.0,8,0.03125,,dcc949a94ffea43be1,stage4f_closure,module_bridge,0.0722824409604072,1,"82,108,162,168,171,188,203,238",35.0,338.875,14.75,0.0,0.0867315944192885,0.453125,0.99609375,0.0449817305710671,1.7857142857142858,0.1792415976524353,er_patch,0.0,4.0
er_patch,0,256,erdos_renyi,43003,transition_mid,0.035,0.05,1.0,8,0.03125,,dcc949a94ffea43be1,stage4f_closure,random,0.07852990171522828,32,,24.734375,177.69921875,7.1171875,0.0,0.06085688054861161,0.3514404296875,0.989013671875,0.023554042197453474,1.9910714285714286,0.1792415976524353,er_patch,0.0,4.0
er_patch,0,256,erdos_renyi,43003,transition_mid,0.035,0.05,1.0,8,0.03125,,dcc949a94ffea43be1,stage4f_closure,spectral,0.1321839485317468,1,"5,82,162,164,168,171,188,252",34.875,335.0,14.625,0.0,0.0884254898526512,0.46875,0.99609375,0.0347178221667501,1.7142857142857142,0.1792415976524353,er_patch,0.0,4.0
er_patch,0,256,erdos_renyi,43003,transition_mid,0.035,0.05,1.0,32,0.125,,fa7ce0ee1ef02b0d78,stage4f_closure,cycle_proxy,0.1125414129346609,1,"2,16,21,26,30,41,48,62,64,69,71,82,105,108,126,143,148,162,163,165,168,169,170,171,183,188,194,212,225,238,246,252",30.5625,262.875,14.875,0.0,0.0762627607071049,0.87890625,1.0,0.0291591811297937,1.8387096774193548,0.3885371685028076,er_patch,0.0,4.0
er_patch,0,256,erdos_renyi,43003,transition_mid,0.035,0.05,1.0,32,0.125,,fa7ce0ee1ef02b0d78,stage4f_closure,feedback_hub,0.1463514454662799,1,"2,5,23,26,41,43,54,57,71,73,81,82,108,142,145,162,164,168,171,172,183,188,193,194,203,205,227,232,237,238,249,252",32.59375,296.03125,12.0625,0.0,0.0807371268554911,0.890625,1.0,0.0352471059508959,1.8548387096774197,0.3885371685028076,er_patch,0.0,4.0
er_patch,0,256,erdos_renyi,43003,transition_mid,0.035,0.05,1.0,32,0.125,,fa7ce0ee1ef02b0d78,stage4f_closure,dynamics_aware,0.255146287381649,1,"5,13,21,23,26,44,54,57,59,73,82,108,138,142,145,151,162,164,168,171,179,188,193,203,204,212,227,237,238,241,243,249",30.40625,263.84375,10.40625,0.0,0.0756275799089334,0.87109375,1.0,0.0288988340066019,1.8608870967741933,0.3885371685028076,er_patch,0.0,4.0
er_patch,0,256,erdos_renyi,43003,transition_mid,0.035,0.05,1.0,32,0.125,,fa7ce0ee1ef02b0d78,stage4f_closure,high_degree,0.1655072569847107,1,"2,5,21,23,26,41,54,57,58,73,81,82,108,142,143,145,162,164,168,171,172,188,193,194,203,205,212,227,237,238,249,252",32.6875,294.84375,12.34375,0.0,0.0811243941255726,0.890625,1.0,0.0339829673382907,1.8508064516129032,0.3885371685028076,er_patch,0.0,4.0
er_patch,0,256,erdos_renyi,43003,transition_mid,0.035,0.05,1.0,32,0.125,,fa7ce0ee1ef02b0d78,stage4f_closure,module_bridge,0.1655072569847107,1,"2,5,21,23,26,41,54,57,58,73,81,82,108,142,143,145,162,164,168,171,172,188,193,194,203,205,212,227,237,238,249,252",32.6875,294.84375,12.34375,0.0,0.0811243941255726,0.890625,1.0,0.0339829673382907,1.8508064516129032,0.3885371685028076,er_patch,0.0,4.0
er_patch,0,256,erdos_renyi,43003,transition_mid,0.035,0.05,1.0,32,0.125,,fa7ce0ee1ef02b0d78,stage4f_closure,random,0.10638120815565341,32,,24.6552734375,177.529296875,7.1123046875,0.0,0.06072782947898875,0.816162109375,1.0,0.024866628039325038,1.9974798387096775,0.3885371685028076,er_patch,0.0,4.0
er_patch,0,256,erdos_renyi,43003,transition_mid,0.035,0.05,1.0,32,0.125,,fa7ce0ee1ef02b0d78,stage4f_closure,spectral,0.1815486177802086,1,"2,5,21,23,26,41,54,57,58,73,81,82,108,142,145,162,164,167,168,171,188,193,194,203,212,227,232,237,238,241,249,252",32.625,294.0,12.09375,0.0,0.0812643311678435,0.87109375,1.0,0.0342457849764893,1.844758064516129,0.3885371685028076,er_patch,0.0,4.0
er_patch,0,256,erdos_renyi,43003,transition_mid,0.035,0.05,1.0,64,0.25,,902247d1a4f00f500f,stage4f_closure,cycle_proxy,0.3919740468263626,1,"0,2,5,6,15,16,21,26,27,30,41,46,48,57,62,64,65,69,71,81,82,105,108,125,126,128,131,135,139,143,145,146,148,149,159,162,163,164,165,167,168,169,170,171,172,176,183,188,193,194,199,201,203,207,208,212,225,227,238,239,244,246,249,252",29.53125,245.84375,12.796875,0.0,0.0733193637905543,0.98046875,1.0,0.0292092761008336,1.8774801587301588,0.7129069566726685,er_patch,0.0,4.0
er_patch,0,256,erdos_renyi,43003,transition_mid,0.035,0.05,1.0,64,0.25,,902247d1a4f00f500f,stage4f_closure,feedback_hub,0.3144073337316513,1,"2,5,18,21,23,26,30,35,41,43,45,48,54,57,58,61,62,69,71,73,81,82,85,102,105,106,108,110,126,128,138,142,143,145,148,159,162,163,164,168,171,172,175,183,188,191,193,194,195,203,204,205,212,225,227,232,237,238,239,241,246,249,250,252",30.921875,267.046875,11.296875,0.0,0.076503155526532,0.98046875,1.0,0.0314064813999054,1.8779761904761905,0.7129069566726685,er_patch,0.0,4.0
er_patch,0,256,erdos_renyi,43003,transition_mid,0.035,0.05,1.0,64,0.25,,902247d1a4f00f500f,stage4f_closure,dynamics_aware,0.46833511069417,1,"4,6,14,15,27,28,38,39,41,46,47,56,59,60,65,74,76,80,81,82,85,93,94,99,100,102,108,109,111,117,119,122,124,128,133,135,148,154,156,159,162,168,169,172,185,188,191,194,204,211,212,222,223,225,226,229,239,241,243,245,247,250,251,255",25.578125,189.640625,7.609375,0.0,0.0630046057543467,0.9765625,1.0,0.0246265029274264,1.9677579365079363,0.7129069566726685,er_patch,0.0,4.0
er_patch,0,256,erdos_renyi,43003,transition_mid,0.035,0.05,1.0,64,0.25,,902247d1a4f00f500f,stage4f_closure,high_degree,0.3288364708423614,1,"2,5,21,23,26,30,35,41,43,45,48,54,57,58,61,69,71,73,81,82,85,105,106,108,110,126,128,131,138,142,143,145,147,148,159,162,163,164,167,168,171,172,175,183,188,191,193,194,195,201,203,204,205,212,227,232,237,238,239,241,246,249,250,252",30.96875,266.03125,11.171875,0.0,0.0763268865654146,0.984375,1.0,0.0311132322894645,1.8819444444444444,0.7129069566726685,er_patch,0.0,4.0
er_patch,0,256,erdos_renyi,43003,transition_mid,0.035,0.05,1.0,64,0.25,,902247d1a4f00f500f,stage4f_closure,module_bridge,0.3288364708423614,1,"2,5,21,23,26,30,35,41,43,45,48,54,57,58,61,69,71,73,81,82,85,105,106,108,110,126,128,131,138,142,143,145,147,148,159,162,163,164,167,168,171,172,175,183,188,191,193,194,195,201,203,204,205,212,227,232,237,238,239,241,246,249,250,252",30.96875,266.03125,11.171875,0.0,0.0763268865654146,0.984375,1.0,0.0311132322894645,1.8819444444444444,0.7129069566726685,er_patch,0.0,4.0
er_patch,0,256,erdos_renyi,43003,transition_mid,0.035,0.05,1.0,64,0.25,,902247d1a4f00f500f,stage4f_closure,random,0.292634345125407,32,,25.01416015625,182.00537109375,7.365234375,0.0,0.06169702140945273,0.970458984375,1.0,0.02472560922573918,1.9874131944444444,0.7129069566726685,er_patch,0.0,4.0
er_patch,0,256,erdos_renyi,43003,transition_mid,0.035,0.05,1.0,64,0.25,,902247d1a4f00f500f,stage4f_closure,spectral,0.3214239031076431,1,"2,5,12,18,21,23,26,27,30,35,41,43,45,48,54,57,58,61,62,69,71,73,81,82,85,105,106,108,110,126,128,142,143,145,147,148,162,163,164,167,168,171,172,175,183,188,193,194,195,203,204,205,212,225,227,232,237,238,239,241,246,249,251,252",30.921875,264.984375,11.203125,0.0,0.0768317177352149,0.98046875,1.0,0.0317829460834088,1.8616071428571428,0.7129069566726685,er_patch,0.0,4.0
