container_id,cell_specimen_id,n_states,mean_leverage,role_flexibility,leverage_range,mean_activity,activity_flexibility
782536745,1086489525,2,0.6037398634229619,0.1278260864503814,0.7150554844216815,0.01333062036428595,0.16217980264425835
782536745,1086489529,3,0.7817994392412814,0.0691956644135826,0.5709482465100442,0.0159168404837449,0.017997863240419028
782536745,1086489533,3,0.551354860521659,0.034567912375556946,0.4370998719590269,0.0035402947105466673,0.0053442122679973865
782536745,1086489541,3,0.19404461612485027,0.01921886527653705,0.339334354783793,0.0024586634438795003,0.05593810926008197
782536745,1086489544,2,0.75034677763551,0.019739770276068654,0.2809965855740504,0.005918747279793,0.0036440519979055183
782536745,1086489548,3,0.7879529189665287,0.00860542654804951,0.22689927443448576,0.012351037934422432,0.0026818620511668595
782536745,1086489555,3,0.36279254804733524,0.04006182935127351,0.4615049849659757,0.0029165961313991997,0.0007555605400416592
782536745,1086489559,3,0.4374519446722327,0.07843937488003407,0.6590483486550903,0.0030347919867684003,0.03829864424405211
782536745,1086489565,3,0.4524939616132843,0.016838690006761733,0.2962889697736984,0.0023881827558701,0.004527606914505145
782536745,1086489569,3,0.6031523096129838,0.08362474302564991,0.7083333333333334,0.007559261944455334,0.09553739954808789
782536745,1086489573,2,0.6306818181818181,0.017077737603305783,0.26136363636363635,0.0023536392836831,0.02724831959820977
782536745,1086489577,2,0.22676589842082795,0.007502051389123422,0.1732287665386257,0.00179599964758375,0.0070470758068958495
782536745,1086489580,3,0.8400756656612014,0.013116243081660322,0.2714930200885257,0.0365318081652124,0.0015125671590037516
782536745,1086489583,3,0.49169871687279504,0.0607555723429579,0.5589096376008863,0.006943869637325333,0.010564723525809902
782536745,1086489590,3,0.2305203083213844,0.022309982904714393,0.3611288945795988,0.0031916927158210998,0.03156959938368209
782536745,1086489594,3,0.7297877892710937,0.028100004706138198,0.4058137555328567,0.0229036634167035,0.0007935752615807192
782536745,1086489598,3,0.3003597855433589,0.0054597557430010575,0.1787862003481564,0.0018602431130905334,0.04494096690032553
782536745,1086489601,2,0.693760879886058,0.00019559697903025197,0.027971197974362982,0.009338275762274851,0.0007857113300778309
782536745,1086489605,2,0.3864733343883525,0.0010589004182870003,0.0650815002373793,0.00210992945358155,0.01788731632090159
782536745,1086489609,3,0.33254027056448326,0.06535200783996382,0.5629001280409732,0.0034482371023234998,0.09615121710980291
782536745,1086489612,2,0.5356266814369361,0.006491605738010799,0.1611410033233106,0.0050508494023233,0.005233271133904353
782536745,1086489616,3,0.7324037574670585,0.0006677104588288388,0.055456247871978226,0.0065940128018458005,0.0055999219126130545
782536745,1086489623,3,0.578057237991563,0.014256639813296007,0.2781324480762683,0.0129127508650223,0.0034588352286491265
782536745,1086489626,2,0.3525493701055499,0.05502394906662082,0.46914368403132456,0.0018934146501122999,0.0008462314675893238
782536745,1086489633,2,0.5691819884235615,0.007765378029558189,0.17624276472591083,0.006492404500022451,0.007976825288411076
782536745,1086489644,3,0.19945958237222672,0.013560310980319132,0.28419760990183535,0.0014603547363851999,0.0345364269858418
782536745,1086489656,2,0.7008376013657704,0.03882859316802405,0.3940994451557832,0.0060149541823193,0.017022007719664764
782536745,1086489705,3,0.8048420188592683,0.021388503129974024,0.35151922772590605,0.019937343119333165,0.0063861665875552245
782536745,1086489711,2,0.9783154579502894,2.333478780760823e-05,0.00966121893088201,0.02480722963809965,0.0022620760237197705
782536745,1086489721,2,0.33484332964076596,0.031114358300942505,0.3527852508308277,0.0015893380623310002,0.009276899769698097
782536745,1086489737,3,0.5512473604537221,0.0880473179222069,0.6526355100298762,0.012287774433692266,0.1115670726489979
782536745,1086489750,3,0.3591367464804717,0.03186787909835632,0.43518045624787205,0.0017620736034586668,0.0104940198679496
782536745,1086489753,3,0.8448967839496403,0.00958932780778307,0.22476525821596238,0.013609934132546131,0.009062319138838157
782536745,1086489763,2,0.7438083557524925,0.009553291356414577,0.19548188004431077,0.00616430700756605,0.013616958303982834
782536745,1086489778,3,0.2459791377935071,0.015141189474337161,0.2625373452838242,0.003938230685889666,0.026542823187665338
782536745,1086489784,3,0.4968866941291375,0.10665675524783115,0.7772620571916347,0.006480842751140334,0.03757322216573808
782536745,1086489795,3,0.9908183352755279,6.45666818294426e-06,0.005745658835546341,0.07696097592512764,4.6619986793604446e-05
782536745,1086489807,3,0.7018325764369443,0.022876149248272307,0.32103336738168187,0.0099646146409213,0.004654611151116941
782536745,1086489814,3,0.36278615399124964,0.07001409831465906,0.5842300996993196,0.005235655233263934,0.037623096841082164
782536745,1086489833,3,0.4586929989881406,0.03753371761537621,0.4717122962494066,0.0027327374943221,0.046613758062563904
782536745,1086489846,3,0.40468680314779376,0.06481275115343739,0.6098670675739833,0.002652258030138867,0.05579527640683262
782536745,1086489856,2,0.46167432754511406,0.013683702249132816,0.23395471569628867,0.002529629971832,0.04326987830657055
782536745,1086489872,3,0.5955162081329196,0.008746623296079524,0.22721937686726412,0.0027848193033908,0.03883499818586993
782536745,1086489888,3,0.7033251889043944,0.011736116425624171,0.25055388510840315,0.006594083271920632,0.012320325570653804
782536745,1086489907,3,0.814196922540806,0.0074822964031347585,0.21063159686755184,0.005456909032848934,0.060033579173693015
782536745,1086489927,3,0.6070115220890661,0.06142681991317262,0.603634661218931,0.004210743082997633,0.05985895382963626
782536745,1086489947,2,0.11423880360816585,0.000686997365824454,0.0524212691881627,0.00113834784133355,1.917429458193087e-08
782536745,1086489960,3,0.22688608669380947,0.0007289216542383017,0.06334071846811201,0.002622716090021,0.008234124658984472
782536745,1086489964,3,0.5596699308322982,0.028733010767053643,0.3666581545795029,0.004726465869074033,0.020640434809363544
782536745,1086489973,3,0.6991834390750359,0.0698304324131791,0.6303608165849027,0.014948683946082902,0.04310119428693917
782536745,1086489985,2,0.8031367041198502,0.00013156175917743303,0.02294007490636707,0.004669357207603701,0.005287399178718363
782536745,1086489996,3,0.9229490265848866,0.0007981008900214698,0.0656353853457825,0.03758822785069543,0.009593582330258319
782536745,1086490017,3,0.2856370717780751,0.0992691823235886,0.6782437046521553,0.0050790173312027665,0.08569230415442358
782536745,1086490036,2,0.8573586993530813,0.0065356792270236524,0.1616870956758597,0.00499434105586255,0.06559101188008558
782536745,1086490052,2,0.39413091590057875,0.00520724151759066,0.14432243786176369,0.0015698064817115,0.007757878872072225
782536745,1086490060,2,0.469714353536952,0.04704793726726789,0.43381072954581423,0.0015805389266461,0.0027791868232068815
782536745,1086490074,3,0.49939596151417637,0.026829489709702923,0.3889778062313274,0.0032151882381488664,0.0087232841333795
782536745,1086490108,2,0.0236423220973782,0.00032487699715243624,0.036048689138576805,0.00037558218173215,1.0872872659291969e-06
782536745,1086490137,3,0.6093293674200463,0.028865910262106526,0.3800047475866435,0.005841400939971133,0.05272281201779374
782536745,1086490187,3,0.6668363089671842,0.04941322307835164,0.5443054136874362,0.003364264150150067,0.09048484084071634
782536745,1086490234,2,0.8595718420156623,0.0005040307826575777,0.04490125978890025,0.0024639557814225,0.0006729139829102103
782536745,1086490253,2,0.0182725138711054,4.4472902548047414e-07,0.0013337601365769995,0.0005169699943508,0.0011896316424328769
782536745,1086490263,3,0.3591878989291555,0.0360261699948289,0.4648876404494382,0.0022744052888204335,0.050655967460471164
782536745,1086490294,2,0.7329545454545454,0.0002905475206611565,0.03409090909090906,0.0034548377152532,0.0006247332764353418
782536745,1086490319,3,0.43144033306638147,0.0024290368630370744,0.11945155783183953,0.0066672426182775996,0.02066029874468944
782536745,1086490337,3,0.4422514830213833,0.08749055143958458,0.6867797695262485,0.005364125206445633,0.009055313472546919
782536745,1086490371,3,0.6478343731667042,0.03102569511252126,0.4306456717835101,0.009965268895029966,0.0057197589842914445
782536745,1086490386,3,0.2829663544768783,0.027221576419907172,0.3967795537268556,0.0022972440153049664,0.08966403922022992
782536745,1086490415,3,0.8703595137959753,0.0021122946715142724,0.11257235274089217,0.03025923483073707,0.0024197280200023374
782536745,1086490469,3,0.41625844614846036,0.021748216455790188,0.3606996935648622,0.0019088711511963997,0.0012959574924803299
782536745,1086490543,2,0.7111875800256082,0.03479705695323144,0.3730793854033291,0.004370100912638,0.02459361543993978
782536745,1086490575,2,0.039932778489116444,3.4127438065712665e-05,0.011683738796414898,0.00073686445830385,0.00014601983774372465
782536745,1086490606,2,0.7422752808988764,0.013753491509910364,0.2345505617977528,0.00342318718321615,0.0016990704355939591
782536745,1086490709,2,0.265391591976099,0.005145138406162215,0.1434592402902262,0.00140018638921895,0.0007475894918327192
782536745,1086490732,3,0.5851422517627612,0.0398946976777887,0.4834230099699319,0.007271535228937799,0.014973161519513153
782536745,1086490765,2,0.7478926589842083,0.011608154074377066,0.21548228766538624,0.00469800725113595,0.04163176077491476
782536745,1086490789,3,0.877700289810592,0.009655970496426669,0.23618224498506202,0.018535534230371267,0.026648471645635507
782536745,1086490815,3,0.5514951301270339,0.03580883908745972,0.44638284250960314,0.005027949810028,0.0619616434255274
782536745,1086490875,2,0.0441564521620701,0.00031121548851497066,0.0352826012938372,0.0024202505592256004,0.0011148027434656914
782536745,1086490895,3,0.3828554975294966,0.09935731984741973,0.7557762304162052,0.0012946174247189665,0.013622765594729474
782536745,1086490927,2,0.051987572352740846,0.0012343726433807045,0.0702672795369425,0.00013334631512405,8.253148863623323e-06
782536745,1086490945,2,0.5012537345283824,0.004309617091411492,0.13129534784464364,0.0027234113076701,0.06885584308873845
782536745,1086490991,3,0.7936899857892104,0.01154494640293112,0.26317755014938116,0.0135856981699665,0.0009435622227703177
782536745,1086491082,2,0.1533557405036278,3.7919375628570573e-06,0.0038945795988050147,0.00034112511093548905,0.0006009612647821382
782536745,1086491206,2,0.21882448076268302,0.01028200833509256,0.2028004766768812,0.0016599221853539,0.00018722941808044954
782536745,1086491296,3,0.40991474325467037,0.024819622709668348,0.38150874946649604,0.0035599288530647334,0.03314551472388463
782536745,1086491354,2,0.5894407558733401,0.028556339311705155,0.3379724208375894,0.0040146543178707,0.006029757805325985
782536745,1086491367,3,0.7636143441057194,0.0024049097301721053,0.11966495945369182,0.0062439619020248005,0.07099042586677468
782536745,1086491409,3,0.4639421194058004,0.04961393766689984,0.5439073836961161,0.005105163281162533,0.01103455107211145
782536745,1086491606,2,0.2485559423959487,0.0007142232988822561,0.05344991296091159,0.0009768597374204,0.0005148137657272732
782536745,1086491648,2,0.716311916442475,0.0022822204126140408,0.0955451811995569,0.00296965613961215,0.06856499568392106
782536745,1086491699,2,0.6330313340718468,0.11241168938188739,0.6705570501661656,0.021362904575653298,0.07752113494055224
782536745,1086491756,2,0.5037387244817219,0.16665426924606447,0.8164662130083876,0.0035052730818278498,0.10665097997017811
782536745,1086492318,2,0.5540172855313701,0.00039706047804695795,0.03985275288092194,0.00723590073175725,0.007791283223435588
782536745,1086492354,2,0.07674455825864271,7.845020009476132e-06,0.005601792573623601,0.0008527287864126,0.0010608324241221981
782536745,1086492459,2,0.9811939820742637,0.0002336278979311805,0.030569782330345796,0.0146789525169879,0.028268975649672692
782536745,1086492718,2,0.1793907383696116,0.007173034451974979,0.1693875373452838,0.0016175635973922002,0.00035971177870388433
782536745,1086492763,2,0.13276248399487828,0.0014206914970793217,0.07538412291933419,0.00126705912407485,0.0003397594557047271
782536745,1086492912,2,0.2813433632095603,0.011839213929023509,0.21761630388390948,0.0021143431949894502,0.04722923271710997
782536745,1086492947,2,0.856354033290653,0.004108875659673317,0.1282010243277848,0.00638748926576225,0.05205379549881059
782536745,1086493004,2,0.32738476312419973,0.004948068657258418,0.140685019206146,0.00264898955356325,0.007529802480313411
782536745,1086493096,2,0.21150768245838666,0.009084091288213513,0.19062099871959032,0.0028189533622935,0.009736079694029618
782536745,1086493218,2,0.33714788732394363,0.0014327824340408654,0.07570422535211269,0.00100695536821145,0.003637613744749436
782536745,1086493292,2,0.1143565941101152,0.0011136021913696133,0.06674135723431501,0.00103890869650055,0.0009394107266694099
782536745,1086493507,2,0.4044227486128894,0.07906405494344901,0.5623666239863423,0.00207748945103955,0.02994354764872034
782536745,1086493800,2,0.6762430644472898,0.0734085021020925,0.541880068288519,0.0063934253994375,0.1497513270258718
782536745,1086494026,2,0.5059485702091335,0.05617334963606053,0.4740183525394793,0.0023932901967782,0.08870189790936543
782536745,1086494428,2,0.30849871959026887,0.0022217160707815762,0.09427016645326508,0.00212254648795345,0.0003617383199271941
782536745,1086494543,2,0.23162078531796843,0.002871939791824579,0.1071809645753308,0.0043674085754901,0.015024031619553454
782536745,1086494995,2,0.2082533077251387,0.011265833691052017,0.2122812633376014,0.0016467455425299002,0.0033847514943578377
782536745,1086495120,2,0.6393245838668373,0.006807306379014404,0.16501280409731123,0.00381565408315505,0.025916121441689623
791352433,1086490397,3,0.23012173012173012,0.01461443005084549,0.2843822843822844,0.006141943701853299,0.027927992934180166
791352433,1086490441,3,0.7637485970819305,0.003698287274793073,0.14814814814814814,0.05489346136649444,0.002839946895890951
791352433,1086490480,3,0.15760165760165754,0.02451037312472175,0.3403263403263404,0.0010160898182220684,5.4708391638950776e-06
791352433,1086490510,3,0.29020979020979015,0.058497834721610964,0.5524475524475525,0.02273730033387737,0.07775912400505913
791352433,1086490597,3,0.6861348528015195,0.011679198130606812,0.2564102564102565,0.011875891747573968,0.012628664503538603
791352433,1086490644,2,0.0911680911680911,2.0292043084065203e-06,0.002849002849002802,0.00257820662227455,0.005700034902314105
791352433,1086490680,3,0.5278856945523612,0.06716862286806746,0.6267806267806268,0.03205193175623807,0.04211185154521654
791352433,1086490719,3,0.5048346715013382,0.015298985571511403,0.2703962703962704,0.005824385909363566,0.026726927587384
791352433,1086490745,3,0.6041181041181041,0.015983153512291043,0.28205128205128205,0.013963354285806367,0.003886695820276644
791352433,1086490790,3,0.6149097815764483,0.018811174873219823,0.3076923076923077,0.008749709619830034,0.007415551057094701
791352433,1086490897,3,0.7698782698782699,0.0146144300508455,0.2843822843822845,0.019278508455802933,0.01595296700191805
791352433,1086490937,2,0.46296296296296297,0.08779149519890264,0.5925925925925927,0.007594646653160399,0.026119783695541278
791352433,1086491006,3,0.27553310886644217,0.025948473385809717,0.3703703703703704,0.0043543900440757,0.012679690886257982
791352433,1086491059,3,0.8889320555987222,0.012628664503538617,0.2507122507122509,0.07040373608469959,0.013088975246159625
791352433,1086491083,2,0.34900284900284895,8.116817233626398e-06,0.005698005698005715,0.00954384473152455,0.00012986907573802112
791352433,1086491118,3,0.31334714668047997,0.06432590328529782,0.6083916083916084,0.022130756638944097,0.0005209669948223573
791352433,1086491165,3,0.5682897349564017,0.08345860548801641,0.7065527065527065,0.012628729202939767,0.11443276763142085
791352433,1086491195,3,0.35737719071052404,0.07343167531949941,0.6632996632996633,0.009167736551413902,0.03589417575431562
791352433,1086491237,3,0.6996891996891997,0.012411485604958805,0.2727272727272728,0.0428795789678891,0.0009866442281763572
791352433,1086491281,3,0.7016748683415349,0.08048217084448343,0.6723646723646723,0.042876142077147905,0.054228448484398305
791352433,1086491308,2,0.8916083916083916,0.0010649800859591073,0.06526806526806528,0.025560710579156848,0.004259920343836429
791352433,1086491347,3,0.7471725805059138,0.04040204287693425,0.430976430976431,0.0350635902335246,0.005490054182102873
791352433,1086491491,3,0.6629974963308297,0.02021455692064918,0.3123543123543123,0.0194781888276338,0.05021519292433563
791352433,1086491530,2,0.9731934731934732,0.0001358392966784561,0.023310023310023187,0.1841223388910293,1.3583929667846126e-06
791352433,1086491597,3,0.4254942588275921,0.07026938121358105,0.603988603988604,0.009861841021726466,0.005787775162433425
791352433,1086491653,3,0.7631442631442632,0.019695020990022283,0.3418803418803419,0.06724291884650781,0.01755218124034492
791352433,1086491757,2,0.303030303030303,0.018595041322314057,0.2727272727272728,0.0037929354002698996,0.001064980085959107
791352433,1086492307,2,0.39160839160839156,0.01796474698572602,0.26806526806526815,0.00348228297661985,0.003673094582185491
791352433,1086492406,2,0.44522144522144524,0.0309727180356551,0.351981351981352,0.0090925740078091,0.0004903798610092316
791352433,1086493416,2,0.1235431235431235,0.00030563841752653006,0.034965034965035,0.0052240365184843,0.00016436554898093385
803516615,1086551480,2,0.30768985728848114,0.011299895882691108,0.2126019367991845,0.0006057625287212,0.0021448923368835205
803516615,1086551608,3,0.4262411663782803,0.02613578888529286,0.36500571844458307,0.005213604968351567,0.035540350136334165
803516615,1086551833,3,0.5098854610017023,0.015711047828870863,0.27323612931411106,0.0011135938305717667,0.012708613569463104
803516615,1086552247,3,0.2614600867300078,0.0022711410033553242,0.11075615261395078,0.0013840347140406332,0.0007267708239529872
803516615,1086552481,2,0.665143914188674,0.008066986296654479,0.17963280654328684,0.0043080415343865,0.02638414980519548
803516615,1086552874,3,0.9635607606066522,7.634478316749791e-05,0.018576161351390397,0.020527138374745835,0.00016674524690233716
803516615,1086553165,3,0.6043867189429266,0.04109388845633515,0.4601311776530117,0.0022650311390558665,0.00011222385040475204
803516615,1086553820,3,0.39688666965969555,0.0006680201404659468,0.05611253555546658,0.0014553061531235331,0.003592302749259871
803516615,1086554172,2,0.5558331513033348,0.006501961069884114,0.1612694772098442,0.0017280130996368001,0.0033155300209708003
803516615,1086554751,3,0.3026827538791202,0.025766717829124843,0.38953437998197826,0.0019515166447186998,0.020750593794055312
803516615,1086555179,2,0.5424084389107324,0.022218828464982507,0.29811963011504294,0.00237135833594945,0.015451418598486866
803516615,1086555545,3,0.4223479766001099,0.06034843317412716,0.5869680113675747,0.0023056410524683337,0.09180636646980124
803516615,1086555904,3,0.6731193386550745,0.072611929015031,0.5996805015824687,0.001698193179133,0.019819597322253062
803516615,1086556207,3,0.3147533035132691,0.021849275037703026,0.32958601926942543,0.0015701407489056001,0.008299091184479593
803516615,1086556361,3,0.162777385101711,0.0033750443092893045,0.13900720838794228,0.00036461538790409995,0.0011889766747106478
803516615,1086556531,3,0.5621094701384954,0.05662264878022566,0.5670896598693963,0.002694528705129967,0.007037938946202385
803516615,1086556699,3,0.7004589196183083,0.0030815509249286586,0.13194444444444442,0.0035514946406085667,0.0012220430738422122
803516615,1086556921,2,0.6577359291606016,0.006617340960967664,0.1626940805434256,0.0058319622185081,0.0005130529579276205
803516615,1086557445,3,0.6812314379744571,0.010962345846352422,0.25053698849570405,0.0042638822924345,0.004210513731059452
803516615,1086557670,3,0.7001319280299488,0.004652105929846005,0.15238355167394468,0.003307166664550667,0.00034027182948152894
803516615,1086557829,2,0.583019252096763,0.007057901146965405,0.16802263117765304,0.0011499720276333,0.002425999478159848
803516615,1086558436,3,0.6687253941545638,0.015312228215578117,0.2972421501351632,0.006104060138265234,0.06018417977741455
803516615,1086558613,3,0.778604106533176,0.0050128376352681706,0.17133573612931408,0.0021227161244799,0.002219805807327618
803516615,1086558838,2,0.5552870613077034,0.0703042290475612,0.5302988932576088,0.00215868907980615,0.0007157689733165058
803516615,1086559102,3,0.5516750442860173,0.04844479081982545,0.48546562001802185,0.0024575489417959667,0.0002935698759563372
803516615,1086559322,2,0.7008746541430028,0.005028843147145249,0.14182867336537064,0.00252696208190165,0.02727794729950956
803516615,1086559583,3,0.6837521162643353,0.0047028511650940566,0.16032872392042696,0.0024102404713630334,0.0037739984842779244
803516615,1086560807,3,0.9310699426555162,0.0028885018711829226,0.13150256463575238,0.012568000238388733,0.0018467966648296793
803516615,1086561714,3,0.31956994445726866,0.01745338049154033,0.32073109447563597,0.0027650878376637663,0.051618945465575154
803516615,1086561930,3,0.5737671799753649,0.005440009855947989,0.17232012892493243,0.0027726943759868,0.014180350142949308
803516615,1086562334,3,0.2694862318550271,0.06223720680114198,0.5579128440366973,0.0028677365820233666,0.025141250035889063
803516615,1086562501,3,0.7632491210097276,0.014718640621626866,0.2731815203145479,0.006093355904643699,0.018025455601892944
803516615,1086562711,3,0.29412790037113984,0.02658221438856566,0.3993579984776251,0.0027935528584444994,0.03061939779179662
803516615,1086562850,3,0.7465314011551142,0.0022512437694806927,0.11450318846607055,0.0029845448831716664,0.03916768164307697
803516615,1086563012,3,0.48418279871096265,0.00560386819515166,0.18239954328752855,0.0020601922102893,0.03797108795433626
803516615,1086563418,3,0.8025567901799823,0.007282621591774619,0.2089209166299426,0.0065233246423303665,0.0002365596539231793
803516615,1086563692,2,0.5104859811464615,0.007895921351307495,0.17771799403895483,0.0019058168982155,0.0007676389056700953
803516615,1086563935,2,0.0848148111053243,6.367958157388077e-05,0.015959897440006407,0.00153002911247305,0.03384845937589204
803516615,1086564109,3,0.9148986837455849,0.001841262512962933,0.10494939566040473,0.009711480233818234,0.0007497315138435307
803516615,1086564448,2,0.35125329243779024,0.046371571435079424,0.43068118805018374,0.00352109165396535,0.0015745320494360403
803516615,1086565215,3,0.17718764288162547,0.03506905443540145,0.4227544970153439,0.0026584448448071334,0.03379314546677931
803516615,1086565398,3,0.16373567898196315,0.010544813699204991,0.24198249268859418,0.005570901169752032,0.006392920408306624
803516615,1086565601,2,0.4366236328672729,0.00568291341617036,0.15077020151436238,0.00161658052820705,0.004640166182430764
803516615,1086565756,3,0.5588280548343246,0.12258032387280215,0.8342525848259794,0.0118167215647796,0.0030542884219886455
803516615,1086566005,2,0.10610963817841546,0.004036469911983687,0.12706643792888328,0.00104277156060555,0.0017642023347682516
803516615,1086566131,3,0.7165437738957431,0.022368443404283563,0.3649364039647882,0.0023186953815941334,0.004031847709384334
803516615,1086567186,3,0.7119478211406619,0.01388066208931398,0.2611639634019547,0.0029941758451362,5.9508339300168453e-05
803516615,1086567472,3,0.9522426546258725,0.00020547005772387356,0.03500814445137579,0.01590379979461427,0.000324946009041215
803516615,1086567702,3,0.6099189206060925,0.024916016785368627,0.3866405004505442,0.0184811774330834,0.0017353816333664188
803516615,1086569064,2,0.7437700232998399,0.014342957432751382,0.23952417358380662,0.0035993005149066,0.019067027052696923
803516615,1086569295,2,0.40542496294218977,0.004343510187669134,0.13181062457433596,0.00178876629797735,0.01577370859015405
803516615,1086569668,3,0.3640626334754174,0.06024619945126388,0.5910229084355723,0.0025463760054359333,0.08363882541199857
803516615,1086569825,2,0.1851108562691131,0.0019409144297851833,0.08811162079510701,0.0021342099644243,0.006591804749720915
803516615,1086570028,3,0.5249373281578521,0.031960524594966455,0.40120087336244536,0.0014099088342238667,0.012326869355005201
803516615,1086570367,2,0.5052834207077326,0.00020198072048236917,0.02842398427260817,0.0033749825088307,0.00012218586794612456
803516615,1086570828,2,0.7906709466768158,0.02037332785863829,0.28547033372060426,0.0132358572445809,0.0020324614899002048
803516615,1086571687,3,0.27308857108093915,0.016045169705175038,0.2971912771224698,0.0061201823409645995,0.018850924961076272
803516615,1086571916,3,0.7991603806700357,0.010799847149982006,0.22288663171690692,0.0075936177745461,0.01608533641718074
803516615,1086572601,3,0.5709673360283312,0.1508554319052659,0.8330145026240937,0.0063099875114857665,0.034079991239495656
803516615,1086573324,3,0.6985368206147622,0.0817708300634542,0.6592671472258627,0.005388246674556233,0.1039851493977648
803516615,1086573616,2,0.08715345939665875,0.0024314191669491934,0.0986188453988221,0.0006626930553465999,0.0018645003599248892
803516615,1086573783,2,0.5074491206281799,0.0002395264960058577,0.03095328712791956,0.00145796407014125,0.0009120165283349812
803516615,1086574031,2,0.22914496614718954,0.01684803687993284,0.2595999759625015,0.0004975037882104,0.0003048424227444427
803516615,1086575142,3,0.36796713719963986,0.017416172016225865,0.3102246250182029,0.004392844624817333,0.026537250160872553
803516615,1086575283,3,0.3658532575367838,0.04569219048376159,0.48709486799407076,0.0008807583556820333,0.00771905291906224
803516615,1086575448,2,0.6783393403232852,0.03304386198453306,0.3635594145915248,0.001560146221891,0.018537881261295165
803516615,1086575569,3,0.21101451332862328,0.011211131204766564,0.24105103962181001,0.002699661650694867,0.01798896309281554
803516615,1086576286,3,0.7010863799378884,0.022093822197149848,0.3351809378185525,0.0023830936600764334,0.00031610293059116545
803516615,1086576846,2,0.8510311999417504,0.003407345228569611,0.11674493956604048,0.00174871110357335,0.00045416562917917477
803516615,1086577041,2,0.6172591743119266,0.10255418643737901,0.6404816513761469,0.0028885713545605,0.005426236045751816
803516615,1086577282,2,0.662865200665419,0.005220618399598389,0.14450769390725726,0.00158430170267815,2.9066836851383277e-05
803516615,1086577712,3,0.21648166642607966,0.009191822445316978,0.20424675986602592,0.0025923460877189664,0.014652211212737576
803516615,1086578145,3,0.6350982532751092,0.032795834445694526,0.4375,0.0023810794033730666,0.009191648847647935
803516615,1086578860,3,0.5469009829937878,0.020877242775923482,0.3432204238612236,0.007663230625136401,0.07254168321589223
803516615,1086579404,3,0.8150427762547671,0.013521012957930836,0.26196974422956953,0.0028164885782946333,0.0012899502463308147
803516615,1086579780,3,0.29502959802477047,0.006937070282697601,0.1952726809378186,0.0007689002474458666,0.00452066661430545
803516615,1086580187,3,0.9025333885941434,0.0006920421054535676,0.059874714077770785,0.0043145538462946,0.007228975182726099
803516615,1086580493,3,0.8162619797995986,0.0025355148425155283,0.1156345565749235,0.0038480077249308,0.002844471837353314
803516615,1086580677,3,0.24153310116162163,0.014486197981568404,0.288424942910941,0.0015388729128365,0.024058981786545693
803516615,1086580947,2,0.5289200160186398,0.018244123624756352,0.27014161933886716,0.00819212221540505,0.007468985496671724
803516615,1086581148,2,0.4282806177637114,0.04926124320288154,0.44389748006890756,0.00279174302704625,6.664282593493646e-06
803516615,1086581355,3,0.3906270899004563,0.012147105391777097,0.2420907965632737,0.0010790042967224666,0.04280172555401655
803516615,1086581555,3,0.3784231840825126,0.02529917274418719,0.37353771884139264,0.0007724124589003333,0.0012638021757589942
803516615,1086581919,2,0.2470606328412005,0.03554314116161211,0.377057773618909,0.00027939827123185,0.0003466089253510942
803516615,1086582062,2,0.42209269078810563,0.10558023192283611,0.6498622374714078,0.00044230802450325,0.0025034235737237164
803516615,1086582358,2,0.3822411970610661,0.01866174820166864,0.2732160185762807,0.0009527335496386,0.056420449531494325
803516615,1086583148,2,0.6892978045751372,0.006456580574909225,0.16070570089339364,0.00139861967181785,0.00043514133826542695
803516615,1086583875,3,0.37509741387039974,0.06143976379035395,0.5539809960681521,0.008037561861177234,0.10776510777571184
803516615,1086584079,3,0.5810887338745797,0.018692502563765735,0.296600991197061,0.0012065867582956669,0.004850543160430989
803516615,1086584297,3,0.33502230410657546,0.006796575677906786,0.1855704820154362,0.0007217562330575668,0.0010414113100466976
803516615,1086584450,3,0.6154882436707082,0.1033228040016625,0.7502296042143203,0.0023762542599191,0.018333449330407495
803516615,1086585094,2,0.7465821681823646,0.0006376580977101108,0.050503785906013454,0.00244835868943475,0.004073255651206812
803516615,1086586062,2,0.5388679554390563,0.009036520712306054,0.1901212319790302,0.0022126637632027,0.00601954645072756
803516615,1086586355,2,0.7357516018639871,0.04480377955513619,0.4233380661132953,0.00654190033674235,2.493589141757644e-06
803516615,1086587433,2,0.7159649410222805,0.01748988917146481,0.26449868938401044,0.00181588757550335,0.02143892770237251
803516615,1086587594,2,0.2649858779696326,2.17601449467447e-05,0.009329554104402782,0.0010946516413241,0.0010849701226493765
803516615,1086587746,3,0.5270526121278295,0.016174212122261788,0.2780687873082008,0.014686466815570934,0.0003674818063924669
803516615,1086588032,2,0.21868628950050967,0.006387977109486465,0.1598496432212029,0.00188163935672485,0.00813939903892747
803516615,1086588199,3,0.09501424073406362,0.003521743992258876,0.1433466763706939,0.0032052531993636995,0.010164686152056452
803516615,1086588342,3,0.5126787603476237,0.10373757637441189,0.7233053007135577,0.0074650604898730336,0.0015431868063402472
803516615,1086589241,2,0.9517848041357216,0.0003781218153033996,0.038890709188874384,0.00937850913032885,0.005004346831865024
803516615,1086589843,3,0.6445611635633068,0.09697242156867897,0.7290453663270257,0.0018834298049720335,0.0662571622276703
803516615,1086590333,3,0.4713092238707198,0.09905121271527073,0.7428638676335083,0.0017996220461403,0.04656651086130381
803516615,1086590562,3,0.1996947910698361,0.010236361484293572,0.22817094667681578,0.0035602289717644,0.0031728492291366104
803516615,1086590690,2,0.45049429888403686,0.04377632390440957,0.4184558466763707,0.00253963103750715,0.03376266149561075
803516615,1086590927,3,0.39460323978422207,0.07907268279484343,0.677233508082132,0.002889938361477067,0.046166061231267846
803516615,1086591203,3,0.7820023972847379,0.018357317041510505,0.2947748487640719,0.008418049042423499,0.00011445117217400856
803516615,1086592047,3,0.3493706928840737,0.030734847896290607,0.4236839231105286,0.0015385478036477667,0.06958223249680955
803516615,1086592154,3,0.5444345692507825,0.08671085088284088,0.689726727663409,0.0042381306799749,0.034113597649412186
803516615,1086592368,3,0.4289684897858648,0.08752359435538642,0.6736759344577541,0.005997018112490533,0.08822804083485027
803516615,1086592475,3,0.5229588713949317,0.015691567703464037,0.2997634643377001,0.0011724164360202333,0.010487025441612799
803516615,1086592878,3,0.7004528784480509,0.0031320777420035524,0.13492496707562207,0.0011252376231519667,0.0406641007934851
803516615,1086593590,3,0.2895785017219455,0.08895274360287116,0.6612512742099899,0.0007366984985613,0.01255136675671181
803516615,1086594103,3,0.22097491928678573,0.006071505693257183,0.19072312331045949,0.0016382676937306334,0.008992788359676861
803516615,1086594239,2,0.37403069025775443,0.10079550050501992,0.6349661424202709,0.00091193772095715,0.00932780582108688
803516615,1086594368,2,0.667591581756429,0.065545999410993,0.5120390587093644,0.00397543644066895,0.05667180884654149
803516615,1086594529,3,0.1884337847465326,0.0028333752077599403,0.13035887571913768,0.0013337673541778665,0.005360894518152966
803516615,1086595135,3,0.31898813736730885,0.033577696680843046,0.4370668242458235,0.0014060663913065669,0.004068443374773253
803516615,1086595404,3,0.654155707771849,0.11023179104460805,0.707288369856977,0.0007042673726876,0.02753947348529907
803516615,1086595708,2,0.37272394936100317,0.029596342619563634,0.3440717519330155,0.00067746001877815,0.004399134098905843
803516615,1086595828,3,0.03919780201028943,0.00017494558547593133,0.0290904207388924,0.001667412618796,0.041017508227741785
803516615,1086595943,3,0.6117571851241376,0.006860737844578221,0.1856345899603381,0.0015626110446949667,0.00726228376589904
803516615,1086596117,3,0.8063794731421229,0.06658057362350536,0.5482106451143149,0.006822423621391234,0.03178298926741174
803516615,1086596238,2,0.9597651105565954,4.0858874443843704e-05,0.01278418936715875,0.0054791276343165995,2.2924629805329832e-06
803516615,1086596402,3,0.4786806704172795,0.0805417964136861,0.6939876206882737,0.0029170025760928667,0.004893322290917035
803516615,1086596562,2,0.3991625944409787,0.016981579115956887,0.2606267761835448,0.0021466183243319,0.040720796392103076
803516615,1086596789,3,0.4825453501112529,0.08845053847862117,0.7105935259004046,0.0102707296609878,0.0017357436765150583
803516615,1086597191,3,0.398729173595465,0.06778026336202266,0.6345248587796963,0.0007369602099060666,0.017243033193475314
803516615,1086597351,3,0.9308470817650139,0.0007299448877702248,0.06566732197466141,0.005214854609221132,0.0005777392904764241
803516615,1086597507,3,0.5793821297732399,0.07611993894882844,0.6360071711870519,0.0015025900599236,0.010784676049151341
803516615,1086597770,3,0.7921554582821159,0.009306230478805804,0.23624763361001888,0.0024320841766893335,0.04290235205295784
803516615,1086598222,3,0.4601387026194726,0.07578833071537093,0.6122123926023009,0.0021276715754841333,0.05147702456602136
803516615,1086598388,3,0.527453157613708,0.12379889703926052,0.7708515363331878,0.0011529654633098331,0.09156657614955349
803516615,1086598516,3,0.8099123654064361,0.016044602444597024,0.301323358089413,0.0017508836463093335,0.022335514970177956
803516615,1086598670,3,0.038065347550644564,0.001355591519469768,0.08721104923680939,0.0012412669214729999,0.01868540198340784
803516615,1086598945,2,0.27698960378189974,0.044266357866183985,0.4207914346380353,0.0007506785332225001,1.5949881063286876e-05
803516615,1086599054,3,0.490738978732749,0.05374114328849514,0.5589269260045671,0.0011830585620676,0.013228952196666343
803516615,1086599294,2,0.3059696738022426,0.05270733680143159,0.45916156982670747,0.00074931254494,0.012314349303146913
803516615,1086599433,3,0.4890694430401373,0.050754719724035675,0.5145977725251393,0.0009494231198914001,0.017354559718325998
803516615,1086599580,3,0.32811536526081214,0.0027105765477111,0.12025811853793511,0.0005905475215209667,0.015992881800554463
803516615,1086599711,2,0.2715961900564881,0.05571758728425648,0.47209146268178365,0.00033566639467605,0.008799159269536958
803516615,1086599989,3,0.5544340043483708,0.07762085234342685,0.6788717780690259,0.006272603757679434,0.0007925493466950101
803516615,1086600196,3,0.46626630400567737,0.012733100781125642,0.2762942332896462,0.0011701087156931,0.017035557481126565
803516615,1086600342,3,0.8502233192775438,0.008219425462550516,0.2211099314931293,0.003923893983786233,0.027742093549072793
803516615,1086600812,3,0.46046821136210586,0.006701490036625033,0.1821090901806819,0.0020346118835732,0.03249809210729919
803516615,1086600918,3,0.6015722490047437,0.06932983242658115,0.5965956892752695,0.0017018995325390667,0.055463555753166825
803516615,1086601043,3,0.44429629004315513,0.10152285768708069,0.7782586469813545,0.0033206101700973337,0.08185010302140233
803516615,1086601274,3,0.4198676257713356,0.06699875371896052,0.609954425729535,0.0027080954750999336,0.017211445668802446
803516615,1086601401,3,0.3788987672621141,0.056830096260252407,0.5606896758943953,0.0018543528858571666,0.013435240620591949
803516615,1086601537,3,0.4213973931608441,0.06630528756615629,0.5637043390864351,0.0021902753893906666,0.029525746363557707
803516615,1086601674,2,0.638428448379472,0.00012398533877626088,0.022269740795641146,0.0013916377793066,0.00787051034485196
803516615,1086601789,3,0.6898567718021065,0.0001734304208471025,0.03219200524246402,0.0015702332214761999,0.03583567640532931
803516615,1086601912,2,0.13934851463521186,0.000854361742049034,0.058458934032328505,0.0081018443452194,0.015406197715912114
803516615,1086602150,3,0.8426187312524999,0.00426486970411894,0.15979153670201707,0.003116665291599867,0.05060617672187154
803516615,1086602315,3,0.48286619454391183,0.11474772178798216,0.7827160370177477,0.0008383979438803332,0.004950400339080299
803516615,1086602478,2,0.08924672489082965,0.0012782966810320202,0.07150655021834071,0.00084383614012035,1.575050950922887e-05
803516615,1086602747,2,0.3217243900484756,0.03960815159884065,0.398035936060254,0.0015852943179197,0.04480533591604256
803516615,1086603172,2,0.58339249308286,0.03439419249555581,0.3709134265326927,0.0014510028704535,0.009407086088309782
803516615,1086603269,3,0.29379696082502454,0.003419437254313465,0.13714303042905668,0.0010595831360357,0.0020912699153605115
803516615,1086603434,3,0.4913432017439268,0.08949494313390426,0.6549568517363277,0.0007708569173700665,0.00014994541554765294
803516615,1086603607,2,0.4085999158687552,0.010819070928255145,0.2080295260606546,0.00071509950794275,4.9661071688479957e-08
803516615,1086603904,3,0.548313424497772,0.046126729563680226,0.4826070336391437,0.0023973036635046,0.00892167310396397
803516615,1086604000,3,0.19599589910524964,0.010813496187528936,0.253800929449942,0.0003873745614934002,0.002663149068053693
803516615,1086604196,2,0.18577526576379785,0.009502665257187997,0.19496322994029408,0.0009555915021337,0.011513747830385059
803516615,1086604298,2,0.46636502944593566,0.12993850045934846,0.7209396658787709,0.00113720563240345,0.008630861088783456
803516615,1086604580,3,0.6956243141417011,0.05579758899820907,0.5531254550749962,0.004324099359412934,0.002029101955491326
803516615,1086604896,3,0.526049751368749,0.012164776378375299,0.252466506480268,0.0015116940873364,0.003495176891476834
803516615,1086605154,2,0.5507817194823925,0.023868244593622058,0.3089870197508113,0.0016511756693944,0.0031522707195289065
803516615,1086605269,3,0.6141144338607382,0.0516038065334784,0.5187399883500802,0.0012941704868959334,0.015489804822008636
803516615,1086605468,3,0.8618567054552191,0.004512180909146048,0.1644732051842145,0.0088816565306236,0.0054099372140167775
803516615,1086605545,3,0.3086240063599744,0.08046129155152076,0.6687509101499927,0.0024336675026763667,0.05633943810828294
803516615,1086605612,3,0.6812649823672018,0.002370505828207319,0.11670706301830847,0.0049141218575338005,0.007730905999605656
803516615,1086605750,3,0.22701124071011092,0.061993346304929586,0.5285332022717345,0.0009510660311206667,0.013408781350996322
803516615,1086605855,2,0.4492272826561817,0.01144159206806548,0.21393075578855397,0.00147315271897235,0.02183520511388483
803516615,1086606059,3,0.11866507783888892,0.0038305871904760025,0.1408647490084532,0.0036473384437461,0.044389441339195514
803516615,1086606116,3,0.557882585192689,0.06082411191929309,0.6016366881541555,0.0020043401358028,0.015234379084525955
803516615,1086606191,3,0.41285297921901015,0.0593336968670364,0.5767529488859765,0.0361521154021223,0.0012218521406905576
803516615,1086606239,3,0.15194882588266265,0.0017089201486513662,0.0937909567496724,0.0004949010617564999,0.004880883131735434
803516615,1086606341,3,0.6466315362017657,0.04055132742235267,0.4524892562556318,0.017510517345120467,0.004715566463987128
803516615,1086606402,3,0.9322416912181944,0.00011086083501820753,0.024481007832536372,0.010803128903110732,6.722621242622298e-05
803516615,1086606454,3,0.5121108108543507,0.016882234715566186,0.2775221806335344,0.0023439434201766337,0.008153225031151387
803516615,1086606518,3,0.7034518955390515,0.10286704872787931,0.689484126984127,0.009457967709749866,0.0019432323107210138
803516615,1086606629,3,0.39272027590554487,0.02126203412776441,0.35696186050238377,0.0010992105623396334,0.016575248969832687
803516615,1086606781,2,0.5695592465516046,0.06710346937277256,0.5180867470714632,0.0025316771352663,0.02115568435277993
803516615,1086606818,3,0.6941667228389515,0.0003188042773597588,0.04108909899443136,0.0008688410356019,0.0028091213513448724
803516615,1086606878,3,0.46908501336158476,0.08478183853121406,0.6429026503567788,0.0014853460985856668,0.05648381166870751
803516615,1086606949,2,0.30228406313849604,0.08049993871037552,0.567450222346861,0.00043722124246411634,0.0032972950926417046
803516615,1086607004,3,0.6014944026967783,0.05316120408474359,0.5557938240798503,0.0013392088197481666,0.012725670248993319
803516615,1086607138,3,0.6876757768574002,0.04150684776471784,0.4903609551535317,0.005826008661339667,0.007063117757505938
803516615,1086607211,2,0.4444854011941167,0.010047931187349689,0.20047873889617013,0.0018781760591081499,0.012952649143278608
803516615,1086607537,3,0.3282714288257936,0.07837229895197236,0.6473077763215379,0.003990469345201967,0.06612590037167465
803516615,1086607775,3,0.6473248929706003,0.05886767218147756,0.5694535459443716,0.006932450536017567,0.05781972419443166
803516615,1086608010,3,0.015440635009662668,0.00013322492448131237,0.0259254436921598,0.0014089519196810666,0.028930325230125353
803516615,1086608136,2,0.6406819638636272,0.036974470523210956,0.38457493690156647,0.00355575606226915,0.003282932817294657
803516615,1086608229,3,0.7552459747258634,0.1017309664540711,0.6921613987662024,0.0017890909026997334,0.059359456213849505
803516615,1086608427,3,0.9887339196236075,0.00020794750109216192,0.030667325154224767,0.03512529966731864,0.0001497477070770826
803516615,1086608505,3,0.596265796335405,0.016596816372419353,0.30378076306975393,0.0006262378495496666,0.006977618018195435
803516615,1086608716,3,0.8284592880237085,0.0032437741560665413,0.13931665938546678,0.0048965333650509,0.0006756784354706181
803516615,1086608808,2,0.2675249381098005,0.0013230783851246992,0.07274828891801371,0.00064127791847565,0.0005121567100644526
803516615,1086609186,2,0.4542892666528037,0.007462426365984532,0.17277067304359883,0.0006250581063795501,7.443352601606816e-05
803516615,1086609482,3,0.4116488521034613,0.048469123226100974,0.49306421986552995,0.0009545495656008,0.005854374997705852
803516615,1086609633,3,0.42308518484603175,0.03868828020591559,0.44740243192078055,0.0027427902678027333,0.004334907129452445
803516615,1086609740,3,0.4931957742967919,0.06558664068615004,0.5670487627365357,0.0018091996898874335,0.03889400006351835
803516615,1086610084,3,0.43206276129386184,0.06636455930474666,0.5627166077493589,0.0097190813782314,0.013047216333539611
803516615,1086610287,2,0.3620873562757902,0.015130079182739441,0.2460087736869516,0.0008665605273563001,0.0014082037248670002
803516615,1086610378,2,0.4728092292229847,0.06985128956462686,0.5285878907603799,0.0011928016901946998,0.002950523918946529
803516615,1086610440,3,0.23269335878255792,0.019260025798834384,0.3395446897159568,0.0018747942522167665,0.033894987596817895
803516615,1086610591,3,0.5952475146943518,0.06286695158990974,0.5825405489706801,0.0027662027472009003,0.031535330308550276
803516615,1086610686,2,0.6092981042489776,9.905564001441083e-06,0.006294621196367922,0.0006372159114107,0.01261816655854416
803516615,1086610777,3,0.7445190025540372,0.022694072245304567,0.3434507832218261,0.0030718561029061332,0.0245114796785431
803516615,1086610915,3,0.40795263627131334,0.03782631207950632,0.4709596971275189,0.0022043836264249664,0.09062877322010032
803516615,1086611054,2,0.7351645352464129,0.06548833805126093,0.5118137866500313,0.0021536611020564504,0.0009470060220218368
803516615,1086611128,2,0.7777107287368294,0.00015442749421720812,0.024853771884139286,0.0027194934082217,0.007377348179054118
803516615,1086611225,3,0.4765914323699468,0.11720910560095088,0.75634374544925,0.0030886336268546,0.06557068552499666
803516615,1086611302,2,0.7913219622611274,0.026158147568194866,0.3234696125956493,0.00372145115397865,0.0015566219284717058
803516615,1086611562,3,0.6267510252501839,0.00870389712073433,0.21752433796722892,0.0017143734730779665,0.004026777778317131
803516615,1086611844,3,0.798102327991455,0.010106615206442647,0.23733711097248222,0.008372151292860466,0.0017766583093305934
803516615,1086612136,2,0.5551685629582148,0.05849131882651524,0.48369957133127683,0.00207730312831695,0.011198419121436105
803516615,1086612272,2,0.43590751572453024,0.010917219161890548,0.20897099475181286,0.00234029302373525,0.003450874085349112
803516615,1086612490,2,0.4595694283081607,4.339880490597557e-05,0.013175553864027967,0.0031429490773007,0.011915422276380648
803516615,1086612662,2,0.7324841633901267,0.019662281814799953,0.2804445172564438,0.0043462730245664005,0.03063742480735597
803516615,1086612838,3,0.5973553266905897,0.021084171173890016,0.34259981285090463,0.0016257896592529666,0.09088190925552818
803516615,1086614251,3,0.3434012747717126,0.1508942949332923,0.8798693024610456,0.00042457046220073334,0.009442245742797369
803516615,1086615205,3,0.653192512064853,0.017406204161477545,0.2879141460678659,0.004012756748124934,0.00018628121300409944
803516615,1086615417,3,0.4430511730574829,0.017350021237562022,0.3189325347542165,0.0012575368940208667,0.019592656820782556
803516615,1086615555,2,0.8669549497215657,0.007794280944635166,0.176570449901847,0.00439538562204685,0.009629611459380821
803516615,1086615797,3,0.689809369812675,0.04685425659818382,0.5242027562998277,0.0038761404575779665,0.011785135097926142
803516615,1086616071,2,0.2865561744575506,0.002445599194596914,0.09890599970875202,0.00112215173430735,0.023972380307104885
803516615,1086616472,2,0.9572307800168263,0.0012069855137328968,0.06948339409478776,0.01307547232136125,0.0002815239257818132
803516615,1086616667,3,0.925543013768145,0.006390983742567659,0.17112445414847155,0.0099175372160971,0.0005471552327734079
803516615,1086616859,3,0.40423355407981426,0.0172922973737047,0.31030792957648856,0.0007308354252017333,0.0029345943377945116
803516615,1086616998,3,0.6145481262939497,0.01176317624995099,0.2650802315103625,0.0020401203073561,0.00504113708269667
803516615,1086617373,3,0.736976230538688,0.035285688129312605,0.4585503385281039,0.008745253163700234,0.009046145593966838
803516615,1086617550,3,0.5668619104003304,0.12094894037480662,0.8163885661632148,0.0010157797757225334,0.007432780316207592
803516615,1086618254,3,0.9694310558333434,0.0005041295837578778,0.04961239533672557,0.006798570509999934,0.001789575723942145
803516615,1086618622,3,0.23388508560126278,0.0017100048398447814,0.08982512719842961,0.0013111509421529666,0.03174849355060382
803516615,1086618875,2,0.8173541796631316,0.010462973540551309,0.20457735495945106,0.0050044620875269,0.014796390271246308
803516615,1086619180,3,0.28514287844593117,0.03882669073568918,0.4642584097859328,0.0004146428642949333,0.0072728389029526955
803516615,1086619439,2,0.881652878490445,0.0013300165712238864,0.07293878450382585,0.00251032982487225,0.045963908844074954
803516615,1086619818,3,0.3227642132308411,0.08343841870565648,0.6644185961846513,0.0010511593427508334,0.046336510476712535
803516615,1086620504,3,0.14495309773193268,0.019651012867034533,0.3279725498762197,0.0024462668807244997,0.07565158530392659
803516615,1086620887,3,0.3628177549569922,0.023776335760746888,0.3776989325570112,0.0036412788710245662,0.029710968762885825
803516615,1086621285,3,0.752198257323753,2.135950176118734e-05,0.009880413444974145,0.011533669816950934,0.00036619064929867864
803516615,1086621792,3,0.491271741058909,0.033882275335061905,0.40293250327653996,0.0009488388313911334,0.0037583853242929223
803516615,1086621990,3,0.08538268110951497,0.00217968036905164,0.10252839667977282,0.0010081926787581998,0.030243720033061323
803516615,1086622137,3,0.8365047224993741,0.00494482287393203,0.16343563419251472,0.020945030574997234,0.00010250794276266053
803516615,1086622527,3,0.6012948321073998,0.04137685311540364,0.4540228391210925,0.0016508861444890003,0.05557500490546611
803516615,1086622651,3,0.9436811505313368,0.0013550398457255698,0.08652795980777639,0.007388250591854234,0.002378715203962238
803516615,1086622860,3,0.8577390385085389,0.0063024193641682685,0.18029626216898365,0.0024963742665325334,0.0008017319369620583
803516615,1086623206,2,0.2474470292704237,0.04609992635329879,0.42941786806465704,0.0004950211005052,4.324158881577359e-05
803516615,1086623331,3,0.01708272047250847,0.0003828790639151302,0.043496068152031504,0.0001731922917921333,0.0020272177146908304
803516615,1086623659,2,0.4779168399528661,0.2236878721682447,0.9459130449850973,0.000467150579424917,0.030945612779417788
803516615,1086623928,2,0.4457687126838503,1.1035999415681787e-07,0.0006644094946847701,0.0009894106042338,0.01078726652369691
803516615,1086624018,3,0.5984474536891308,0.02787830701001084,0.406098513681343,0.0023555198373893665,0.007211018822567851
803516615,1086624161,3,0.3462280655176573,0.011616004705198442,0.2633820267553892,0.0009924115341466667,0.05249227311697017
803516615,1086624318,2,0.44882767116702055,0.0032383239963332884,0.11381254757421588,0.0010589640296528998,0.002585399209957551
803516615,1086624479,3,0.6292495260860911,0.035054008744009775,0.44866491727094265,0.003302933648228567,0.01014842430007176
803516615,1086624619,3,0.6291709908727456,0.05067974290982347,0.5482818673320857,0.0019254304934292665,0.07404719838186674
803516615,1086624746,3,0.6202061326780889,0.06360115008737177,0.5861535662299855,0.0011507011561964332,0.005968433435558356
803516615,1086624903,3,0.3912914861469607,0.04140688335939541,0.48077822832189643,0.0012256337407354665,0.03559873181378504
803516615,1086625498,3,0.6532581965432213,0.11287509283980728,0.747448360712553,0.0005690601537934666,0.002784839277860686
803516615,1086625602,3,0.02809842348773074,9.059317807108276e-05,0.0232725353138197,0.0020188384223729,0.024427817816741568
803516615,1086625827,3,0.9483305464461068,0.002679968825077433,0.12038625493865684,0.003880960090706667,0.011983704916474477
803516615,1086625896,3,0.5282163587895531,0.03843792994914381,0.42461740314891233,0.0011846687993965332,0.034397874360801245
803516615,1086625956,2,0.4690642402147349,0.0008906677220137151,0.05968811345699293,0.0020422048983164,0.00038251577457628906
803516615,1086626225,2,0.5249699650502403,0.05867627875268801,0.4844637396242902,0.0010042828798759,7.1844998185161696e-06
803516615,1086626310,2,0.5184441896024464,0.1388388502096017,0.7452217125382263,0.00200588203733785,0.07227255514788604
803516615,1086626395,2,0.2617076488528453,2.6599089488522218e-05,0.010314861024467992,0.00106342131039125,0.001549193394427906
803516615,1086626481,3,0.7441219280914204,0.009474082766126948,0.23178328827892147,0.016311094785729997,0.00016549078278396193
803516615,1086626582,3,0.2063110913342274,0.006990297882831339,0.18435485547930971,0.0021055136652042,0.04080465981516603
803516615,1086626653,2,0.6494256039421498,0.024074485613696545,0.3103190977925564,0.00175631366437295,0.0004924901770783892
803516615,1086626860,3,0.09175399602215428,0.001972573440077427,0.1004843349275664,0.0005137855041539,0.007236193771812981
803516615,1086626983,3,0.1464145310069952,0.005642965759617021,0.1748177156363928,0.0013315499139328335,0.03367343649840947
803516615,1086627048,3,0.9095507642716288,0.0059984711028074076,0.1803964184127238,0.0117913587018847,0.00010112873526937253
803516615,1086627251,3,0.2273467641266407,0.01078742858732436,0.2380964304314731,0.0008349805721081333,0.0037960270553724436
803516615,1086627408,2,0.889303007135576,0.010764591303640212,0.2075050968399592,0.00341789994854475,0.13078605642977803
803516615,1086627503,2,0.6854021042667833,0.011455225762400852,0.21405817678753458,0.0020200330764054497,0.017955151167742718
803516615,1086627571,3,0.5653059381100124,0.09967169100144968,0.7722976017189991,0.003407412363837134,0.11605665933098397
803516615,1086627670,2,0.5052807379512039,0.037830608440014166,0.38900184287488493,0.0016337321721947998,3.368557953091061e-06
803516615,1086627732,3,0.25785613122608836,0.07939588237143798,0.6090951884940506,0.004883793376696533,0.016859797207551517
803516615,1086627802,3,0.43006594255292224,0.0074950115202927735,0.21185561380515505,0.0013943574546525332,0.010705562829895156
803516615,1086627885,3,0.49077175473103124,0.020355649419503685,0.32959261686325914,0.0010812975233420333,0.001511461735923975
803516615,1086627967,2,0.42843035532255713,0.027494838547774424,0.33163135284694917,0.0026551972841843503,0.00027786880023240716
803516615,1086628023,2,0.39381735109946114,0.00014248282909327213,0.023873234309014113,0.0011369654093868501,0.010011471177720731
803516615,1086628108,2,0.9776426224910861,3.230634216685357e-07,0.0011367733664517932,0.0043228362919762,0.001365313010216132
803516615,1086628196,3,0.30224940589859867,0.015313914605664251,0.3006840671447458,0.0014249490050132667,0.060410052638067424
803516615,1086628526,3,0.45321917800233974,0.0726727807471355,0.6511122032911024,0.0030154022776210667,0.03400208951588046
803516615,1086628672,2,0.5512224069548496,0.02972225867121549,0.3448028925123192,0.0004262258444214,9.438982905957783e-06
803516615,1086628705,3,0.9109662528571026,0.006145554260949526,0.19037655091148553,0.018345987424254365,6.57324027663097e-05
803516615,1086628875,3,0.9779951035785137,0.00013197063169015103,0.025312781590074218,0.008741072689493432,0.00033609837193866607
803516615,1086629099,3,0.32274169132417996,0.0128214676366517,0.25631485116782193,0.0014231671229935669,0.003027903632723149
803516615,1086629170,2,0.0605841342653269,0.00019480203998424237,0.027914300276685594,0.000487881101435,0.0026252192903821734
803516615,1086629269,3,0.14413746025810845,0.010393220200071551,0.22561696246143986,0.005377088285361667,0.05382665473886002
803516615,1086629337,2,0.38431629929992367,0.10229261844824153,0.6396643446315936,0.00048004278505685,0.008132487281939133
803516615,1086629405,3,0.38371930317114805,0.17508876660027195,0.9029507062763945,0.007862020051106767,0.025461055000640043
803516615,1086629492,3,0.2976385886851212,0.04647697558643049,0.5043818356636354,0.0008854902698657666,0.024592309469148917
803516615,1086629744,2,0.5873210819990295,0.05715341629112704,0.4781356137797185,0.0008472268673358,0.04125228622764413
803516615,1086629834,3,0.5558690472480986,0.03740055647417051,0.44050651556110076,0.002551656371603367,0.0005448269309869024
803516615,1086629910,3,0.3885034860731948,0.02233178432304954,0.3627308601418212,0.0028017478374142667,0.0074851119568393526
803516615,1086629992,3,0.10694907600830837,0.0005462592545981168,0.05647480704820161,0.0010157654372353667,0.020571860052819555
803516615,1086630060,3,0.42043830438976865,0.035972178140624984,0.45086835463322794,0.007092143564174533,0.004344079485213436
803516615,1086630143,3,0.7006147977087643,0.0077490977306988425,0.19718260486358719,0.0010045991317989668,0.01742868311237837
803516615,1086630301,3,0.26270795933720087,0.026011520879431902,0.3876897960818877,0.0005293689124906666,0.003955896905006219
803516615,1086630414,3,0.7126580295949512,0.011528527692094392,0.26118129202190343,0.0018358292290940334,0.025140622892291884
803516615,1086630520,2,0.569685634192515,0.019499263308167612,0.2792795252657639,0.00170005246764045,0.012925731328017755
803516615,1086630566,2,0.18120754488112564,0.021077622647900494,0.2903626880155265,0.0005926802696194001,0.0003018596140649445
803516615,1086630629,3,0.4461463189453854,0.1455642863287139,0.8895627178398302,0.0025816857814788333,0.006413315330329433
803516615,1086630786,3,0.4697791650212427,0.0019683367035625253,0.1082077326343382,0.0066222790628670996,0.004750918712144938
803516615,1086630865,3,0.29862406783153145,0.029590211439855147,0.402097629444791,0.0062483877409249,0.015162426454309466
803516615,1086630971,3,0.9024208850462806,0.016354559715153413,0.27494391250350536,0.045074011509617096,5.734064099921782e-06
803516615,1086631376,2,0.9355419454348783,0.0008083703043496019,0.056863707383518425,0.00568092800676815,4.009901759994274e-05
803516615,1086631517,3,0.6426109784173363,0.020810430609128145,0.3396042667831659,0.0007115710177458333,0.004737863717858156
803516615,1086631605,3,0.7506623162821833,0.0463275285153277,0.5133820267553892,0.0028409656758109337,0.0044802113009997325
803516615,1086631688,3,0.11661608776357783,0.00590603240791445,0.177674672489083,0.0014208061814618,0.052360817189940616
803516615,1086631778,2,0.6766009538371924,0.0077981797708238845,0.17661460608708313,0.0009303968108724501,0.0009714496161123324
803516615,1086631852,2,0.3625881374944914,0.0070422999940902955,0.1678368254476984,0.001379189256113,0.0031742396591569353
803516615,1086631929,3,0.7393638441047399,0.02555907839941406,0.39091852337265187,0.0017846761814628664,0.009789228022625723
803516615,1086632047,3,0.8428143803804836,0.004513895120079899,0.14404848547861648,0.023127471407254466,0.0024850278038700993
803516615,1086632144,3,0.6652327763586326,0.05946654830697377,0.5852479868595009,0.015678261406719633,2.9494973990498744e-05
803516615,1086632213,3,0.8258263181568538,0.007582055633278472,0.20224049517246911,0.0013711770103933332,0.004128255119283307
803516615,1086632351,3,0.6273754384882745,0.10596000125929951,0.691914386442851,0.0026023086005200666,0.023476124814643284
803516615,1086632419,3,0.6385070100891782,0.02725846954967449,0.39931010630551916,0.0039022664617125668,0.04935218829669804
803516615,1086632494,2,0.30963757827289934,0.010418033999865057,0.2041375418668997,0.0001493720628786,0.00018230603313976605
803516615,1086632555,3,0.9018114157556688,0.009396187385374703,0.22330959312400356,0.004318505913640001,0.0024698501147990873
803516615,1086632662,3,0.19013898454075126,0.02819992740698185,0.3806988902688193,0.0005297491540355667,0.00013898873884098188
803516615,1086632726,3,0.5679145578213124,0.008013927073077545,0.20355254196546613,0.0023438422164568998,0.007023216760876412
803516615,1086632826,3,0.8325878714710292,0.0005542748467202311,0.050886486092908134,0.005274892939875466,0.0016822212980189682
803516615,1086632898,3,0.45883614152363394,0.031476045967138544,0.4338618244461361,0.0011814081226475001,0.008597855612664287
803516615,1086632982,3,0.2866690158340132,0.0005704353946447738,0.055091379059268974,0.002458308590576,0.0361045943069166
803516615,1086633158,3,0.5588859493826243,0.055240794317765816,0.5688323785104763,0.002124688665692967,0.00952697093495419
803516615,1086633249,3,0.2977885315907631,0.005216717895206845,0.1608859821321262,0.0004580370829595333,0.0002313425283959602
803516615,1086633328,2,0.3250828236493374,0.028214838664038247,0.3359454638124364,0.0013485286617651,0.00011839274793678676
803516615,1086633450,3,0.33801196798222155,0.06618759079496005,0.5995613077035096,0.0017460847739129998,0.009992642367364003
803516615,1086633515,2,0.32499610106051147,0.008958008436911025,0.1892935121646912,0.00026490817981535,2.9803318400932363e-06
803516615,1086633553,3,0.1319160138493298,0.00863999363583473,0.2259868649060789,0.0007659873517694999,0.048954168430828233
803516615,1086633654,3,0.19162696716931318,0.011101982778235825,0.24198157856414737,0.00021820251519477705,1.1602992818292815e-05
803516615,1086633781,3,0.3737134559542516,0.05014317209393815,0.4996444453347222,0.0041907179014136,0.02742855934832104
803516615,1086633837,3,0.8191446778667842,0.013114191002058372,0.27086799057323074,0.004175993303457834,0.000694975349816478
803516615,1086633919,3,0.4477870265974709,0.006177465407797113,0.17435743410514054,0.0009956060287852333,0.011336250016872764
803516615,1086633994,3,0.5541604029269788,0.10028851040590242,0.7602937964176496,0.0019283124323312998,0.03397668549287347
803516615,1086634113,3,0.38205058886572046,0.019194736090953065,0.3253513178971895,0.0012690838387546001,0.013150300774462748
803516615,1086634167,3,0.5781392914745945,0.028881110143879424,0.3956600471338462,0.0017636230913921668,0.00024466760505507875
803516615,1086634335,3,0.7488518199502335,0.025147348496468592,0.36716360856269115,0.0019980088497201,0.012817096344130372
803516615,1086634453,2,0.6902747452692868,0.0019750390948611025,0.08888282387190682,0.0010975553304888,0.0019203601267095904
803516615,1086634506,3,0.5307100637841594,0.000468048005296853,0.050690545504956,0.0034864316694438,0.0019181655382064042
803516615,1086634571,3,0.20125624810683498,0.07084636656787055,0.5740705500580907,0.0005039860649654667,0.011067012194153765
803516615,1086634641,3,0.3963804301906741,0.0042343091486869615,0.1567157066611215,0.0005802384985144666,0.006796167450262332
803516615,1086634704,3,0.4246920831417646,0.0425922964074009,0.49743969640257846,0.0025299870176240333,0.006803989655885711
803516615,1086634758,2,0.3510150239134955,0.00021625173330791175,0.029411000207943405,0.0010485510574652999,0.027797275895609125
803516615,1086634868,3,0.06691874509419878,0.0005832908348594887,0.0581676860346585,0.00035230611198730006,4.382419970448343e-05
803516615,1086634931,2,0.40176621958827197,0.062490253031322114,0.49996101060511555,0.00193596578901625,0.027513426243931095
803516615,1086634998,3,0.6708430627970111,0.08486397390101359,0.6242592014971928,0.01732567946116127,0.0021748569659748476
803516615,1086635062,3,0.5695088703456758,0.031390839770972824,0.43050790185069665,0.008323677737886665,0.01665349932419795
803516615,1086635140,3,0.4065845231789104,0.04167587233047918,0.4934447738472017,0.010732234455645034,0.000958523214386975
803516615,1086635193,3,0.36396650467851543,0.035118930026664004,0.441133167741677,0.0021831626460576334,0.031061136345255064
803516615,1086635259,2,0.6254440458861856,0.018893266595200554,0.27490555902127956,0.0009442343143746001,0.015157962798152198
803516615,1086635303,3,0.7709088479615502,0.04265571932249709,0.4679637138698275,0.0045153661242996,0.04833203701090146
803516615,1086635388,2,0.054012851317897154,0.00012891606729704497,0.022708242318334106,0.0013940557837486,0.003991467485801393
803516615,1086635526,3,0.4019637963265021,0.014855564396829217,0.2878139898241256,0.002716899771864167,0.006413023303480626
803516615,1086635668,3,0.6825744590132036,0.027695445752079103,0.3735577500901407,0.0026897405041381,0.030304192994956958
803516615,1086635789,3,0.1108147890603521,0.003920955095350817,0.14271763951764752,0.0013882889179512331,0.05170933387829708
803516615,1086635885,3,0.062241554496972905,0.00120536527074493,0.0839960338127479,0.0006629103057396667,0.024082088630371756
803516615,1086635948,3,0.4277732654475373,0.012102437942025831,0.2471884314133223,0.0030484238329032665,0.0033247880804582277
803516615,1086636002,3,0.19245002362415523,0.02294683421552654,0.3705730940266816,0.0009742304294680333,6.469491768399973e-05
803516615,1086636079,3,0.5740566527168626,0.08659196274224758,0.7200082128119867,0.0026017896016127667,0.06289734676068663
803516615,1086636191,3,0.7046325468789513,0.015883740198833454,0.2888907091888743,0.0016248098108917,0.0038772592138270248
803516615,1086636314,3,0.23529209535128767,0.0017457747500550958,0.10200925348305262,0.0017192028462886333,0.014531800479294643
803516615,1086636377,2,0.26073521916411824,0.041837658284222354,0.4090851172273191,0.0011359572526998501,0.03129407112154722
803516615,1086636460,2,0.4543863426946036,0.00010126796585775458,0.020126397179600186,0.0008631369564682,0.000752146171883352
803516615,1086636605,3,0.4533189368006683,0.061559259315195514,0.5669597349643223,0.0011891430476680001,0.021924565182538925
803516615,1086637156,2,0.0363741444590068,0.00030712345575233796,0.035049876219601,0.0002682250742509278,0.00028581405711328915
803516615,1086638348,2,0.6713402868792777,0.054949774015634965,0.4688273627493812,0.00072144446312445,3.918722066864524e-06
803516615,1086638591,2,0.6089130988786952,0.06715481285251847,0.5182849133537208,0.0003784273212659,1.9848666383869388e-05
803516615,1086639088,2,0.15187019130796414,0.0005709232757488044,0.04778800166354749,0.00068471787380985,5.6668714970921345e-06
803516615,1086639262,2,0.3688115166008179,0.03656973577552389,0.3824643030429056,0.000976602663286,0.07235329025181163
803516615,1086639326,2,0.3808722360851182,0.0012112047550312689,0.06960473417897,0.00029261178860905,0.0011073885809329358
803516615,1086639430,2,0.22432115131350935,0.010874624729626624,0.2085629375476537,0.0001918018024298,4.747613083346364e-05
803516615,1086639488,2,0.12578628613017254,0.007585680109051725,0.17419161987939288,0.00076640379847955,0.050822673872043346
803516615,1086639687,2,0.7421393047757676,0.012109513548747012,0.22008646981354407,0.0016295704990625,0.0020985902663274623
803516615,1086640097,2,0.5931954841616414,0.019031667416247795,0.2759106189783046,0.0002003436857194,3.3774530850886665e-05
803516615,1086640149,2,0.23585334788937407,0.046233606659679974,0.4300400291120815,9.643049088477343e-05,1.313227176702519e-05
803516615,1086640376,2,0.07257009426769245,0.004801794959647066,0.1385899701947737,0.00031611027225151683,0.008284775539415725
803516615,1086640784,2,0.5057249428155541,0.00960142229816818,0.19597369515491797,0.0028538956539704997,0.004185344236447972
803517529,1086491458,2,0.6146491782553729,0.002121994125201178,0.09213021491782547,0.00699051958508785,0.011155376861575708
803517529,1086491536,2,0.6345785129338359,0.023619630400599514,0.30737358637722606,0.01825691480189555,0.0026891700061322443
803517529,1086491612,2,0.46885967762901337,0.01983427186767186,0.28166839984401415,0.00675221718847745,0.02400576233434876
803517529,1086492025,3,0.941631658018035,0.001651940146041625,0.0987098661120498,0.027407697712381635,0.0043357272454108975
803517529,1086492153,3,0.26410627099608236,0.010699474725088358,0.2332716272349648,0.0024385702175398,0.002632473742613179
803517529,1086492265,2,0.5856172114863644,0.01663701631212835,0.25796911685027996,0.005530145252123451,0.013305395425837885
803517529,1086492383,3,0.7486458114049972,0.02675937726500539,0.3992911323821565,0.014804175744454034,0.0084538515631903
803517529,1086492516,2,0.7319397504224621,0.0074877155759364615,0.17306317431431173,0.01710595050826665,9.61574881388843e-05
803517529,1086492616,2,0.7467830052374933,0.04192158257525866,0.4094952140148095,0.0196117842569947,0.0006105236764633495
803517529,1086492747,2,0.6109242369514177,4.00992925047646e-05,0.012664800433447754,0.00456520356237885,0.003266080182094814
803517529,1086493052,2,0.14544202636806935,0.0021053877297337637,0.0917690084883511,0.0015025445609353001,0.00021831837030371706
803517529,1086493116,2,0.06976927939317315,0.0026948699197354574,0.10382427307206071,0.00107049985672345,9.09754904525417e-05
803517529,1086493197,3,0.4021143517437413,0.059672841643260255,0.5981765402175752,0.0035089035518466997,0.05327799172443732
803517529,1086493426,2,0.8045760339534045,0.02219021044975518,0.29792757811089043,0.023379002232104498,0.005394765868212033
803517529,1086493467,2,0.9498035940039733,0.0007418662798484147,0.05447444464511464,0.0128513500094413,0.002023334278031879
803517529,1086493544,2,0.713800343146108,0.019822244666904822,0.2815829871771718,0.00958873843774195,0.007334173098257446
803517529,1086493631,2,0.27933673469387754,0.04869227665556019,0.4413265306122449,0.00342646287754175,0.0012334996792070215
803517529,1086493746,2,0.43621320209499725,0.0009364185813749608,0.061201914394076296,0.005279473145492351,0.024176543080496233
803517529,1086493806,3,0.3230861619209433,0.08960493363344012,0.6984603575943652,0.0028418815151476998,0.05865171625500153
803517529,1086493937,2,0.48777541990247425,0.0051781111189003635,0.14391818674372414,0.0035587636521085503,0.011980798910282864
803517529,1086493989,2,0.4600754018421528,0.026116503789104052,0.32321202817410155,0.00433787284418935,0.0010139514485017138
803517529,1086494073,2,0.48085109840114393,0.0019915341956039884,0.08925321721045104,0.00228726502973585,0.0008682877640599626
803517529,1086494165,3,0.5937307198399342,0.052049309956523376,0.5519841046164253,0.007721309472496233,0.02615903333360727
803517529,1086494347,2,0.25290992615974295,0.0031368144376301642,0.11201454258497268,0.0028146226541139,0.0068015308194336425
803517529,1086494462,3,0.5246485522792623,0.09399240680004343,0.6800839804948527,0.006962624068061433,0.0041275101258308
803517529,1086494601,2,0.7566033050388297,0.024684654748145587,0.3142270182409246,0.02074178913608185,0.006687869147776575
803517529,1086494686,3,0.46400287469702944,0.06714896726752828,0.61573473874077,0.007373402671267533,0.021817703061281973
803517529,1086494806,3,0.354227754457851,0.0009462880645294639,0.07534806380700071,0.0169929657131433,0.016011129140037033
803517529,1086495015,3,0.7947086421514099,0.019398103712525445,0.32410958013778757,0.007721326857184334,0.0726518905233679
803517529,1086495100,3,0.3223621194151523,0.00330481463683255,0.1250915957386844,0.008383342064917034,0.003282083543452047
803517529,1086495392,3,0.887551827562658,0.0003600678135491794,0.04623471055746564,0.05798520396153126,0.00047894097086934436
803517529,1086495492,2,0.25476894579487847,0.05404506833470034,0.4649519043286105,0.0054538022959604,0.09161874393124617
803517529,1086495640,2,0.6402045331406899,0.0037360089640205603,0.12224580097525739,0.00344506569672375,0.0014737514708055735
803517529,1086495683,2,0.23025781108903734,0.05185038252218343,0.4554135813617483,0.00183187532820735,0.012616661176798088
803517529,1086495731,3,0.4425976551490896,0.08932332220328194,0.7179203539823009,0.008839137541751032,0.032268514124260024
803517529,1086496186,3,0.7448397232744628,0.03010574208485781,0.418338876049828,0.0073991879665602665,0.015163980778441563
803517529,1086496357,2,0.4478015728584427,0.01013400895606806,0.2013356297933186,0.00458982028067105,0.0006830786188312986
803517529,1086496531,2,0.47208551562217804,0.0016540152594630843,0.08133917283727649,0.0040348895126953,0.015162851133935075
803517529,1086496596,3,0.31386370285671333,0.027707131530313914,0.3979754322111011,0.0030646876742442333,0.012310842223187726
803517529,1086496747,3,0.7635222822571337,0.08310702042203107,0.6259481668773705,0.04830109576384223,0.0018389614227793292
803517529,1086496929,3,0.6623060672327101,0.03868408998041069,0.4611822435980763,0.008231517703582799,0.01632045759943762
803517529,1086497018,3,0.7480730384707854,0.03333046895430345,0.43303977642012215,0.013823023065924601,0.0016590399271880722
803517529,1086497286,3,0.27084907859767543,0.021223777041655362,0.34900233978941886,0.0062783253767216335,0.08175121031635292
803517529,1086497365,3,0.7306380220765383,0.029446535171040848,0.4136039371500815,0.05554769871135546,8.623247007267372e-05
803517529,1086497477,3,0.43143773771275035,0.013684926586610767,0.28271175726927944,0.004401878919452366,0.015414710381204682
803517529,1086497595,3,0.6103045158089165,0.14283799269132325,0.8479095177894168,0.004665789194405033,0.05180788126590689
803517529,1086497766,2,0.4333958063243335,0.016977688988896306,0.26059692238318016,0.0050664062146097005,0.0003301919784695753
803517529,1086497946,2,0.510322135167127,0.006461881573895501,0.1607716588692858,0.003275629132986,0.0017275102248395413
803517529,1086498074,2,0.24922114863644568,0.0015244462337918277,0.0780883149720066,0.00468826061114665,0.013154789118307296
803517529,1086498141,2,0.6519855137816357,0.014433230354712712,0.240276760047348,0.00588794436771415,0.007590180006609897
803517529,1086498181,3,0.31573453743145413,0.0325762266502049,0.3859190172884441,0.0071499248345692325,0.040349338437049395
803517529,1086498273,2,0.1513793570525555,0.009229372374839968,0.1921392450785624,0.003986926283687299,0.0008940769617017134
803517529,1086498384,2,0.1501828607549214,0.012672509508129742,0.22514448257178982,0.0027834197971969,0.004689850270777615
803517529,1086498462,3,0.4910974789555076,0.058951925950308515,0.5699611703088315,0.0029380822864671,0.0031476534995219705
803517529,1086498768,2,0.5245959003070254,0.045219596202467606,0.4252979953043165,0.0053662962745875,0.0002189860101902356
803517529,1086498811,2,0.875282192523027,0.0020826604525586464,0.09127234964782371,0.0177031522616744,0.001936945753906542
803517529,1086498966,2,0.26488847751489975,5.2351248895529946e-05,0.014470832580819937,0.003352450672537,0.011069703884321115
803517529,1086499303,2,0.0682341520679068,0.0016138641101961435,0.08034585515622181,0.0018157383892684498,0.007909575731385125
803517529,1086499434,2,0.7302352356871953,0.026036302401026293,0.32271536933357414,0.00751418690197165,0.011241380091232182
803517529,1086499512,2,0.6509245417912388,0.039757939139931156,0.3987878590926818,0.0043506316142156,0.07443133683811592
803517529,1086499592,2,0.7861803167803394,0.0020276895796956396,0.09005974860492649,0.01021437579765915,0.005695395304416556
803517529,1086499756,3,0.5009466810228967,0.008378057351383228,0.2136717208725551,0.010028622501219234,0.034379140213626126
803517529,1086499891,3,0.3210690425767285,0.05886685817867469,0.582337523251226,0.008086668637891566,0.03275578001791313
803517529,1086499959,3,0.7282260488886383,0.015024596042845359,0.2754424778761062,0.0093873531247178,0.007390927384456338
803517529,1086500068,2,0.7876599402513951,0.03373747520322774,0.36735527873287865,0.01889451825991265,0.0018892671563604602
803517529,1086500134,2,0.7677781289506953,6.243197412101362e-09,0.0001580278128950896,0.00436054961755865,0.000733282775292124
803517529,1086500313,2,0.5846916200108361,0.008340947545391277,0.18265757630485824,0.0026984029100276,0.02426086141132459
803517529,1086500354,3,0.48430616539496696,0.03389510473100111,0.41712569983745706,0.0075998640386387,0.05211827511861227
803517529,1086500456,2,0.21118159653241825,0.026475262885192946,0.3254244175546325,0.0024035821552388,0.0019768920243686153
803517529,1086500521,2,0.995405905725122,4.174150824852809e-06,0.004086147733429524,0.12621322646737096,4.174150824853035e-06
803517529,1086500613,3,0.5772130028946362,0.003755498247654906,0.1501038468484739,0.0038743902308245003,0.0347787020857828
803517529,1086500699,3,0.628126429535796,0.031216226119995024,0.37933447715369345,0.0088100860205789,0.01213866103562556
803517529,1086500764,3,0.6901535683322425,0.020400931892149764,0.349515247167578,0.0142052277612189,0.0026507199829614507
803517529,1086500853,3,0.6580685061353327,0.06589690920124501,0.58349303872386,0.0229583080702771,0.04035810740854989
803517529,1086500922,2,0.9025081271446631,0.0008187794140728762,0.05722864366985736,0.0424668956547975,3.3269999009079836e-05
803517529,1086501011,2,0.7137100415387394,0.008800706795793664,0.18762416471013177,0.00469277403317385,0.03431476891860262
803517529,1086501065,3,0.1886045410780286,0.05256079444007374,0.49282734907840603,0.005415499831239332,0.012789753822913155
803517529,1086501237,2,0.6791922521220878,0.021324464990497373,0.29205797363193065,0.00355858379043635,0.05990315923708304
803517529,1086501312,3,0.8862960408784448,0.0063220527393967165,0.18875293480223954,0.008170130817840434,0.004565951812707394
803517529,1086501518,3,0.7785720708440076,0.0006482040834436865,0.05935073144301972,0.04950237895051637,0.0001582242327355811
803517529,1086501682,3,0.5160443045376654,0.04853978892590107,0.5316034056934875,0.005912040942348499,0.04824249602988515
803517529,1086501784,3,0.8826901117247531,0.02099003748047232,0.31944366157488324,0.020393314693743936,0.06403501758726655
803517529,1086501914,2,0.3653490157124797,0.06799430638845305,0.5215143579555717,0.00442751613445575,0.009465090026682435
803517529,1086501997,3,0.19359413626224964,0.01867750153263451,0.3254094631483167,0.0032574714859947003,0.10561252836160513
803517529,1086502076,2,0.360851981286286,0.005693268569818058,0.15090750239558082,0.00242363277357065,0.0010600729952980274
803517529,1086503077,3,0.6692388724837773,0.08801003192304101,0.7025055245027949,0.03336972137913103,0.04633941147172638
803517529,1086503209,2,0.3424349828426946,0.0069865233260207014,0.1671708506411414,0.01520455069839945,0.00036519506814762363
803517529,1086503380,2,0.7408908253566913,0.0004780465949199719,0.04372855336824999,0.0050531493034213,3.5386060695205165e-05
803517529,1086503485,3,0.26649686705187675,0.017832905042854157,0.32578562398410693,0.0022082283006359337,0.00978326140104626
803517529,1086503625,3,0.3981927504105751,0.032627747351504595,0.441913491060141,0.005639810425539734,0.00039442613705899086
803517529,1086503786,2,0.6195028896514359,0.047957796333074676,0.43798537113960634,0.011020987294614249,0.01700004830349097
803517529,1086504448,3,0.5575035746782789,0.047833154083358115,0.4984076433121019,0.004618624070038334,0.010229101907545422
803517529,1086504677,2,0.5237147406733393,0.043442279735030856,0.4168562329390355,0.0040007862262427,0.02203399289381939
803517529,1086504799,3,0.41457041358903063,0.10031980665374744,0.7045685136125359,0.005059394519776067,0.08431013497533905
803517529,1086504917,2,0.7488599422069713,0.01012636745797698,0.2012597074227922,0.0088561312295496,0.0037167157002464804
803517529,1086505023,3,0.397152556417415,0.15643526920230977,0.9170988106645623,0.0090221112283567,0.02088065836438625
803517529,1086505111,2,0.18177526633222474,0.0014417176040320996,0.07593991319542312,0.0017757034511305001,0.00023097454722126212
803517529,1086505168,3,0.3617233630389194,0.017900587356516454,0.32423482329068265,0.004432002586933434,0.029364146335074604
803517529,1086505642,3,0.1225101872099947,0.0027410622321090324,0.1281635758976383,0.0020569137219960004,0.002924107537852524
803517529,1086505702,2,0.9581564926855698,0.0004810127507516755,0.04386400577930272,0.0120913437567651,6.550120641610134e-05
803517529,1086505988,2,0.9308543481086702,0.00010966660638817446,0.020944365007149246,0.01193179958499965,0.005587771409400991
803517529,1086506174,2,0.1248758352898681,0.00010160472516492939,0.020159833845042413,0.00252010213444005,0.010861671372872117
803517529,1086506259,3,0.31110557350723383,0.003160362004260548,0.13588580125133867,0.003932849310028,0.017838674518500252
803517529,1086506339,3,0.5580517111867012,0.06351342334023839,0.6055992460678539,0.0186123622115701,0.04095879309861599
803517529,1086506414,3,0.24469938192288357,0.024089290081023184,0.3758666366044755,0.0022521349019370336,0.007297844595549632
803517529,1086506524,3,0.6652595624800847,0.14192112404069135,0.8519953779381095,0.013235885261868368,0.13076437175679445
803517529,1086506618,3,0.616046336803139,0.057132226582629266,0.5117617843597615,0.008523609023541134,0.03664043384321843
803517529,1086506719,2,0.6369995450409462,0.002276609645338923,0.095427661510464,0.0052909897640346995,0.01228897469165543
803517529,1086506841,2,0.5484964207203653,0.09197481021234907,0.6065469815681191,0.00285367126343765,0.02808472306218862
803517529,1086506912,3,0.6432767769189858,0.009351618399176817,0.2099233414125472,0.0133282126237948,0.009950007618715973
803517529,1086507013,3,0.4582682433212279,0.10810671784450225,0.7876478616924478,0.004004564369097301,0.06189255362395535
803517529,1086507125,3,0.7603929768739692,0.014899265810978737,0.291626740319035,0.0069497352621206996,0.02248895927353876
803517529,1086507188,2,0.29046640780205885,0.03267870769336261,0.3615450605020769,0.00278418813832095,0.017539981420937625
803517529,1086507263,3,0.5106250577566013,0.06106498184939558,0.56648455842514,0.003386457140246967,0.0603202704396684
803517529,1086507392,3,0.4715508237002033,0.052173016465301335,0.5098303652671261,0.005374919467916034,0.028416434124642332
803517529,1086507509,2,0.6893511829510566,9.776210086388033e-06,0.006253386310276388,0.00988054089248175,0.0001359601486383703
803517529,1086507617,3,0.3232347473683121,0.050571833283890144,0.501015893082897,0.0069294218750049,0.05041588025457009
803517529,1086507713,3,0.8189812732488294,0.010907711732404379,0.23289273434417457,0.03459347784519193,0.0007838725463170788
803517529,1086507822,3,0.7515251097902663,0.017863544250703387,0.29918432341089307,0.0210740851859251,0.008986364070627409
803517529,1086508015,3,0.7656055460908223,0.05519936732546391,0.5491193292603667,0.0136653613299131,0.0060075618009977115
803517529,1086508500,2,0.8300410872313527,8.546312937423399e-05,0.018489254108723152,0.00842331070452925,0.0002742023770491515
803517529,1086508720,3,0.24692365813920406,0.01859357056865966,0.2932050053548278,0.0058471296409455,0.09567110551609394
803517529,1086508864,3,0.42926992396643,0.011830044708933014,0.23841479266865984,0.006123103046168868,0.013467188905488751
803517529,1086508948,3,0.8375904981236055,0.0005328817792356897,0.05396139347458728,0.013409992990394434,0.013088814981561331
803517529,1086509209,2,0.078667294943455,0.005043021390691827,0.1420284674379306,0.0007780230662319,0.0005701219238263487
803517529,1086509314,3,0.8105800603314433,0.014472108720195538,0.2918240234485091,0.0204637441784143,0.022194055413412555
803517529,1086509497,2,0.11367843597616036,0.010185519332624968,0.20184666787068808,0.0008179536525858499,0.0003072938715771215
803517529,1086509560,3,0.8829482669568588,0.004611581364520749,0.16629558649456067,0.0092691169120371,0.0005209584568757409
803517529,1086509739,3,0.8644671131515568,0.00535048986711659,0.17576517670931735,0.0304887999470035,0.036891422651772365
803517529,1086510038,3,0.7907138984335068,0.009253508386188743,0.2048128168464839,0.007004734439154434,0.0003224181505275653
803517529,1086510382,2,0.5282318341349279,0.08746673618564668,0.5914955154036138,0.00512742158025495,8.000980422778482e-05
803517529,1086510767,3,0.6809666739138022,0.028158854484375367,0.4101657178287582,0.0179812736654033,0.04338515548500749
803517529,1086511081,2,0.48585651074589126,0.004585310096119275,0.1354298356510747,0.0031482708873227,0.000718684395971945
803517529,1086511611,3,0.3379686720525536,0.03966790759214092,0.4757084362407384,0.0036575798876583,0.010908145719219366
803517529,1086511848,3,0.2733082156824175,0.05619029778210693,0.5138924996750293,0.004532320696550066,0.08385417399560002
803517529,1086512006,2,0.4169112335199566,0.03915834849715098,0.3957693696947806,0.0164833096787333,3.0967405873743214e-05
803517529,1086512176,3,0.7223487754833627,0.029195718838412963,0.4173063030521942,0.019063666773339066,0.026207713710540828
803517529,1086512307,2,0.3956226295828066,0.05518193001905125,0.46981668773704177,0.005815381766296901,0.06211118092766938
803517529,1086512804,2,0.36038242730720604,0.0268808668574721,0.3279077117572693,0.0058431781362741995,0.007237823998603779
803517529,1086512953,2,0.5255892179880802,0.08601804629288173,0.586576666064656,0.0179841816425323,0.0014171070680977832
803517529,1086513374,2,0.5461102582625971,0.00032576762013171846,0.03609806754560241,0.0100040626712143,0.001395097376388482
803517529,1086513562,3,0.6755677497874749,0.033993705547527085,0.4341215264077561,0.011859226040542098,0.021191328770270534
803517529,1086513854,2,0.11279799530431639,0.00017710817089617578,0.026616398771898184,0.0019678921671583997,0.0028397426786222705
803517529,1086514184,3,0.3877007005947635,0.1224923623862555,0.829764071233589,0.004266089623949133,0.06907750823328081
803517529,1086514332,3,0.2767823351650563,0.02623448070081273,0.3476374626283635,0.0033303933062900667,0.0014516566234375975
803517529,1086514652,3,0.5560713068272233,0.016579610118252163,0.30833943971591227,0.005923477932810767,0.0009360165635035137
803517529,1086514836,2,0.6764154776955029,0.0002223394990858783,0.02982210583348388,0.00320121750701215,0.019625672117660593
803517529,1086515173,3,0.6269303646152672,0.006067450172542721,0.1896108000722413,0.010710375073055401,0.020579417966783052
803517529,1086515349,2,0.47109219794112334,0.00159758083204785,0.07993949792306304,0.0031560702482238,0.00011330116439821065
803517529,1086515402,3,0.7288776200407451,0.032550380629168686,0.4407415832575067,0.021088964616258896,0.0012355355892763639
803517529,1086515613,3,0.8794595765142198,0.014858070501785137,0.28215585597296244,0.015980317567785535,0.0016952998913403446
803517529,1086516161,3,0.1497574989637363,0.006139408513902309,0.1840792514514401,0.0031221086780229665,0.002144368205572093
803517529,1086516734,3,0.49139004849445556,0.010099053905534502,0.232413761964963,0.010876121930777966,0.008275596977942194
803517529,1086516992,3,0.2808318158445386,0.009701098934585824,0.22914435488416668,0.0067601751846571,0.017902257050893048
803517529,1086517212,2,0.42521898139786884,0.0477799829356953,0.43717265667328875,0.0051024083513766,0.0012892535201807385
803517529,1086517319,2,0.9409766118836915,0.0009158083851835082,0.06052465233881177,0.015114857815205999,2.2155578669237203e-05
803517529,1086517706,2,0.22404957558244534,0.0003347934998189244,0.036594726386129706,0.0030412952182814,0.003994219454604712
803517529,1086517935,2,0.1754447354162904,0.017444436547040382,0.26415477695502976,0.00122393277706575,0.00012261652458583168
803517529,1086518146,2,0.39367143903951296,0.012700836434351992,0.22539597542415873,0.0051488582976162,8.715491429658923e-06
803517529,1086518298,3,0.8011696167108973,0.005793878741707743,0.18443715065644084,0.0288173432151476,3.6926536459923797e-06
803517529,1086518425,3,0.37085331567946495,0.013416247008381255,0.2624852037652895,0.0123288788211842,0.02181171654681417
803517529,1086518507,3,0.7527986308665847,0.012199263941980447,0.2655544518692432,0.04327561147511003,2.755144164417121e-05
803517529,1086518772,2,0.3932768727805647,0.11723222484635017,0.6847838340567048,0.0173630304634571,0.011495342500078658
803517529,1086520023,3,0.3974313218889946,0.046179192233536275,0.512893861676343,0.0024440886918455002,0.007118577064966856
803517529,1086520195,3,0.33434644643044065,0.12693959904151844,0.8054083760780114,0.0020638111357886998,0.016722844149795395
803517529,1086521034,2,0.1767766841249774,0.0021785223279897903,0.0933492866173018,0.0024769562878645497,0.01957510272827136
803517529,1086521592,3,0.30793792349249033,0.003994372443421831,0.152739417169269,0.0016019555623642998,0.0014478124193973215
803517529,1086522726,2,0.5818019685750406,0.007058412342686922,0.16802871591114327,0.00411932414863255,0.016555583612626296
803517529,1086523236,2,0.46574182770453315,0.09937097653193003,0.630463247245801,0.0031545823439955,0.016654492168394538
803517529,1086523392,2,0.35963743904641504,0.0006536532131324401,0.05113328517247606,0.00208507076604285,0.0032531911647436292
803517529,1086524609,2,0.47977143340285217,0.1921683967554,0.8767403190350037,0.0018543823243817,0.01584773166348016
803517529,1086526057,2,0.5661721695047446,0.03092886650702053,0.3517320941115299,0.00237264437600965,0.0057739156956716844
803517529,1086526738,2,0.25455771480566747,0.009790206015257208,0.19789093981541658,0.00225113003398285,0.020327001431734205
803589437,1086505186,3,0.4622050412246954,0.0823489819321268,0.6899000078527865,0.0031114893111710332,0.05484593580872982
803589437,1086505436,3,0.14769029006607914,0.005705149233575378,0.1836606144591594,0.0050010062598933,0.1180572991110083
803589437,1086505677,2,0.5987210099997362,0.00367739634944362,0.12128307960212126,0.0009931038075592,0.00040328366992678705
803589437,1086505759,3,0.6203711100332504,0.007180303713258976,0.19923468182605553,0.017864886826525067,0.0038669873073154683
803589437,1086505911,2,0.3557261022136619,0.00855274814207857,0.18496213820215823,0.0011913052585441,0.009546307214508274
803589437,1086506015,3,0.7166244931363552,0.045627455909009296,0.5194256088229862,0.003205290297046233,0.0014292684280232083
803589437,1086506106,2,0.7209414182132293,0.03466046274130405,0.372346412585399,0.0037490483373403,0.0003148504352070912
803589437,1086506198,3,0.28550615310486277,0.010889384206623562,0.25548386252388555,0.0071059895368913335,0.029117809375062958
803589437,1086506503,3,0.4956386531459691,0.07341522300987653,0.641058283422601,0.005664673983119367,0.053123617382939914
803589437,1086506576,2,0.6132127120656448,0.056351589559237844,0.4747697949922166,0.0014427432324737,0.0003441626539439775
803589437,1086506730,2,0.5085386929104774,0.003991011701357572,0.1263489089997626,0.0016001901822164,0.0017392273483565063
803589437,1086506844,3,0.4528177806968776,0.15942897576271184,0.9445595103031583,0.0537532169837504,0.017642673006889403
803589437,1086507078,3,0.9789059260866818,0.00012014521744337926,0.0255280998874432,0.008516174585868832,0.003908092477924767
803589437,1086507149,3,0.31954975515401246,0.07189330820092506,0.6540258618433108,0.0036417111308157998,0.14396131754364053
803589437,1086507535,3,0.8662454162965793,0.005818182054545048,0.18062063188754807,0.007439117723454999,0.00909468740622233
803589437,1086507690,2,0.7183238227364344,0.03130531984428114,0.35386618851922624,0.0028624446131288502,0.005822633128003862
803589437,1086507807,3,0.7420859103873663,0.023017141832587698,0.32829228071093897,0.03055082137386,2.6132944445359738e-05
803589437,1086507906,3,0.47700947294941026,0.016978157794039665,0.30245661335497215,0.0010933425704327336,0.012883739727016444
803589437,1086508101,3,0.5306307772426596,0.12752991890118007,0.8743750490799151,0.0035115410767805333,0.07278379826445171
803589437,1086508376,3,0.31525404806969015,0.029485567739613926,0.4070164646755491,0.0005918465127857666,0.001896698722782167
803589437,1086508484,3,0.6626563313707624,0.04978683291970307,0.5024409077821114,0.0034390036016701997,0.017450539785178215
803589437,1086508614,2,0.6268916429145079,0.0005431689621766731,0.0466119710879801,0.00136807851959015,0.010720203485892506
803589437,1086509044,2,0.5820827362486811,0.03416935046684804,0.36969906933530705,0.00152042828267435,0.018284977930149122
803589437,1086509154,2,0.6355685417375598,0.06259656110060835,0.5003860953328274,0.0032272438984364002,0.0005145972837204274
803589437,1086509568,2,0.7590601523440568,0.013634686941603715,0.23353532445095937,0.0039779930375516,0.022321117115547857
803589437,1086509656,3,0.26326491710478367,0.02833256472095298,0.3848977828966311,0.0015428948681801332,0.014402636504275361
803589437,1086509903,2,0.44450370389759963,0.19611441731733378,0.8856961495170537,0.0033624836505622997,0.19550052401319623
803589437,1086510046,2,0.507272235561067,0.011721442967903728,0.21653122608902142,0.0082691843854263,0.08191208316066398
803589437,1086510150,3,0.6259393230939811,0.023303301721371017,0.34758317722487536,0.0024343458935617997,0.003123536511497905
803589437,1086510298,3,0.7296730675392821,0.02894321543001584,0.4167238331442441,0.004483064248536999,0.1128284756999099
803589437,1086510385,3,0.9377686402954177,0.0005971543029194129,0.05905232823646145,0.009458372835069834,0.0018617541765097662
803589437,1086510544,3,0.7034211746927252,0.037805318951790144,0.47565367668399233,0.003978584155750733,0.032246760138015244
803589437,1086510709,2,0.7237177119337221,0.03680458152027709,0.3836904039471255,0.00904848217032845,0.003638300853364997
803589437,1086510861,2,0.17375860795229675,0.019318330189067416,0.2779807920635339,0.000651718917652,0.020716103664170506
803589437,1086511173,2,0.04547816638583995,0.0015604135949845832,0.07900414153662029,0.00037397597043305,0.0006540087585781892
803589437,1086511293,3,0.1060484132104933,0.00515949598118339,0.1614990969295605,0.0027214526974906005,0.0006537033139749658
803589437,1086511404,2,0.8061114310394472,0.030862284803861856,0.35135329686150296,0.0030499302083626,0.14063972435997107
803589437,1086511535,2,0.39806756013925604,0.0003582876311472767,0.03785697458314791,0.0006015540857333,0.00041166936713702215
803589437,1086511754,3,0.6199456030288187,0.02881663552645859,0.41581158547758035,0.005694170016795334,0.00025946520165493137
803589437,1086512029,3,0.5116204640207678,0.022322095582269472,0.365696155774254,0.0010069286897001666,0.02067984616606197
803589437,1086512368,2,0.3621868701410884,0.05052139627950522,0.44953930319608415,0.0021580727770924,0.0018736096820422892
803589437,1086512649,2,0.42763984503834773,0.08950947840148987,0.5983626940292648,0.0024345856800209002,0.10080496181994136
803589437,1086512929,2,0.45255072425529674,0.02302924965745972,0.30350782301258544,0.0019894970755558,0.04568383183456541
803589437,1086513088,2,0.1990378407319339,0.024817548587173516,0.315071728894698,0.0006804857985116,0.021746066043306568
803589437,1086513371,2,0.3418657386265216,0.02254986776549879,0.3003322677668771,0.00126915419241405,0.03098138807422933
803589437,1086513486,3,0.2772811501596333,0.07222232661391563,0.5756114614390122,0.0011174927543227333,0.004259687550328073
803589437,1086514037,3,0.3785246157740058,0.004382665407310195,0.14264135510936388,0.0015196728442484668,0.006525550968307428
803589437,1086514924,2,0.45845078185282584,0.0008759840020364214,0.05919405382422871,0.0011081015109084,0.017466030512785752
803589437,1086515244,2,0.6584855901369002,0.030379049189399515,0.3485917336334843,0.00201059516984965,0.00921668854517437
803589437,1086515386,2,0.7857030376517644,8.03445689121822e-06,0.005669023510700311,0.0014299095491877999,0.009509190442769815
803589437,1086515522,3,0.9596126135981686,0.0006675774085345578,0.063162370281719,0.007619737569863567,0.00825217117021747
803589437,1086515795,3,0.414075629529105,0.01252751622117789,0.2630999182079628,0.0015360321461533333,0.00195316560046163
803589437,1086515945,2,0.3821630474150827,0.09307865638147703,0.610175897201707,0.00114359206054355,0.0713074927034565
803589437,1086518252,2,0.5249366771325295,0.005291899342362526,0.14549088414553712,0.006011302932165501,0.005518846155740734
803589437,1086518661,2,0.5689834567965867,0.005969355219624235,0.15452320498390182,0.00256457831710575,0.021551581867339693
803589437,1086518892,3,0.9696693598004563,0.00022279156564470083,0.03339621645866875,0.008307666828234932,0.0031303105497010853
803589437,1086519232,3,0.18111316046009748,0.019448393317390966,0.3415242258461377,0.001697389253725567,0.04617975678828241
803589437,1086519406,3,0.37186446911009646,0.01711503077562708,0.2852459230950449,0.0017799024935811333,0.024741815693138696
803589437,1086519585,3,0.6925993119373929,0.013808188523799501,0.28719902996708824,0.003776516687745833,5.837873863997583e-06
803589437,1086519903,3,0.7939183680081304,0.007093639814626966,0.1872839766760772,0.003175745524155567,0.03129117425589437
803589437,1086520035,3,0.7256637664195456,0.0036251211782491652,0.13029339595261336,0.010336291976272999,0.001356533592969251
803589437,1086520224,3,0.23621272833436557,0.0012165003438556205,0.08542903484874728,0.0009727940875259999,0.0148029026296489
803589437,1086520343,3,0.739394844949878,0.038000834667922985,0.465946490716974,0.0089420632769664,0.0024383352014576954
803589437,1086521190,2,0.3399681904791899,0.029578496515995034,0.3439680015117397,0.0013295550597831498,0.007534074883666102
803589437,1086521886,3,0.7757546018493017,0.019059622127219986,0.3053283554523627,0.002033306014103167,0.04804192915995256
803589437,1086522273,3,0.36006603119235225,0.017767820882141513,0.32650425964127683,0.0025672283954918,0.018435263575903325
803589437,1086522443,2,0.4179023898646703,0.1493400751770331,0.7728908724445724,0.0013709259219467,0.01927851164458859
803589437,1086522532,3,0.3905486257641128,0.0459497896272568,0.4993390571421093,0.0007677752679834334,0.0014982457627914366
803589437,1086522698,3,0.017933596782325065,0.00016651602653061602,0.031604806072154094,0.0002452827466185671,0.001953955558994223
803589437,1086522863,2,0.026711036648109497,0.00022866377474551824,0.0302432653491992,0.0004902726213913,0.0004244843667793415
803589437,1086522991,2,0.492647828704552,0.02393306915982016,0.309406329345863,0.00105957016057795,0.045158892174082865
803589437,1086523737,2,0.7563107254775365,0.008154599361213212,0.18060564067839313,0.0182930920273065,0.00024772914947349307
803589437,1086524046,3,0.9610389250352288,9.98263694584886e-05,0.024109097208005914,0.01081146827588477,0.00107152122810428
803589437,1086524175,2,0.8452183074627647,0.0005004448782619012,0.04474125068711876,0.0022329807397909003,0.00961159975429464
803589437,1086524971,2,0.23613655995602437,0.03415549628126825,0.3696241132895323,0.0088240895420312,5.757402424582432e-05
803589437,1086525083,3,0.2782399096821797,0.040097063900385956,0.44883380385741806,0.0012425940367392667,0.012049088852312394
803589437,1086525337,3,0.8511391615608782,0.0008530738749243428,0.06859518447947333,0.010083955557395934,0.004323244820992876
803589437,1086525698,3,0.5135090608953866,0.07670391126532126,0.6589074166908525,0.0033693307389815338,0.012442466656484873
803589437,1086525882,3,0.23932427763489916,0.0045925435632982355,0.15882826310651427,0.0032898681238293,0.023687233254263838
803589437,1086526094,3,0.43729834216519775,0.015733024284017474,0.2700029919846307,0.004621490292871933,0.03089249759513502
803589437,1086526425,3,0.3955772943441618,0.026495176210960144,0.38269900269612334,0.0032249309588223,0.015458251779045348
803589437,1086526569,2,0.7371738212712066,0.0021103698090956576,0.09187752302050067,0.0020148067269474,0.050155919373145966
803589437,1086527080,3,0.8655052590204582,0.0023941422329677047,0.11939658584206225,0.002750865416601233,0.002811963343451885
803589437,1086528120,2,0.6909943009419277,0.01329341891324757,0.23059417957309825,0.0013604820123873,0.010843023216645773
803589437,1086528510,2,0.8532805015312934,0.0008508789585741783,0.058339659189068915,0.0012171451526228,0.05449443744696705
803589437,1086528763,3,0.023459452072956563,0.00010079116832547524,0.022648744862968896,0.0025065076770260336,0.037360309383100636
803589437,1086529536,3,0.2231847157870103,0.017966352865426454,0.2922224146890698,0.0008922932320274,0.007437696790255975
803589437,1086529742,2,0.3615341007511456,0.011362150640051277,0.21318677857739,0.00073842520941975,0.002342491100454661
803589437,1086529843,3,0.5419994671646285,0.0272772186725125,0.39806428814491,0.012141335755586567,0.00012810249168986745
803589437,1086530113,2,0.18181490982383575,0.014533901441578817,0.24111326335628092,0.00105742187588475,7.741171579934323e-05
803589437,1086530332,3,0.29879781974111247,0.0007463703242529232,0.06347457850716332,0.003023320653786233,0.007437389709890825
803589437,1086530474,3,0.5566390738036433,0.05107235677013683,0.5078815174086264,0.0020928914503504335,0.016823175258669342
803589437,1086530930,3,0.5077968974645442,0.06796983178979268,0.6331767138706385,0.0032266349686930003,0.04744048106510904
803589437,1086531465,3,0.19422661855435794,0.016145186029932864,0.2868591857734625,0.0026655637969572664,0.09007563162003075
803589437,1086531965,3,0.500827419149237,0.07201223772379495,0.6346687432924116,0.0023595405897746,0.007149008358553294
803589437,1086532132,3,0.3365278513723031,0.025332772518659213,0.34811086778712974,0.0013214347030346,0.03546235586835258
803589437,1086532340,2,0.47659542444310654,0.0876940715681964,0.5922636965683323,0.0011128872283734,0.0026581051636458317
803589437,1086534216,3,0.8407425450932964,0.0012436728581002828,0.07818528258507473,0.0054068523459136,0.0008328483683093385
803589437,1086534509,3,0.8427071148087458,0.026927990065240204,0.3514794576634175,0.002728935214690833,0.012131722040943262
803589437,1086535130,2,0.1033415744138072,0.0017704530823836676,0.0841535045588398,0.00062143027025735,0.004626775970417085
803589437,1086535551,3,0.8953837556613323,0.0029252115063738275,0.11612307933931898,0.0047973802623649,0.0009265340828409942
803589437,1086535704,3,0.5151974795023676,0.08201990986081542,0.6630827421930217,0.005074241431429933,0.00485003742551042
803589437,1086536171,2,0.36445763421720806,0.06745164811190274,0.5194291024265111,0.0040400662692263,0.006195951726738345
803589437,1086536920,3,0.7246659167759678,0.01582572580066365,0.29163976505047007,0.004383517739673433,0.005024838648475932
803589437,1086537256,3,0.3070396997461558,0.003444776501152176,0.13879145616836372,0.0011822808301075666,0.0003395838096120472
803589437,1086537449,3,0.33153959387780224,0.010144229330309595,0.243944750798132,0.0011134907642068668,0.008767073824729169
803589437,1086537555,3,0.2315763340724825,0.00991578987671827,0.2438939892603499,0.0017026575515045998,0.005883375430310152
803589437,1086537718,3,0.3552666020993116,0.05733060093059262,0.5302266837682904,0.0007327893787684334,0.013561218111948428
803589437,1086537899,3,0.3602574319983978,0.13288222047566883,0.7877457267753842,0.0048404846650858,0.03566065229395048
803589437,1086538311,3,0.46577656427488306,0.05639618132372077,0.5763487160694186,0.0015480659591654668,0.02961413185056298
803589437,1086538554,2,0.47876375293527873,0.01273957215789076,0.22573942640035888,0.0011435842461651,0.06495598847943292
803589437,1086539127,3,0.24480509846417364,0.03102532110164795,0.4306568193628648,0.0021942497696727,0.003011245108644959
803589437,1086539443,3,0.8600073699391372,0.0026814415270364276,0.12583657465001652,0.0056401562566558,0.014637012264446858
803589437,1086539995,3,0.17815812807369755,0.0036041487702617625,0.1336472292647591,0.0024930113771308997,0.03528042730915847
803589437,1086540688,2,0.5914287513975718,0.0016036302318678107,0.08009070437617116,0.00359606073470785,0.018944540197082055
803589437,1086541101,2,0.5563437947813489,0.03945637367884457,0.397272569799852,0.0018345019198022,0.021576877181623634
803589437,1086541240,3,0.4356122178650091,0.026614567502970563,0.3736115142080684,0.0017808111927781999,0.033984481406461264
803589437,1086541680,3,0.2870652214758657,0.055209328199414605,0.5744769267301655,0.0006076718079080667,0.005777340913794828
803589437,1086541892,3,0.40267367215864613,0.021226290332760273,0.35669903168781836,0.0009923662679890333,0.01986341848748869
803589437,1086542050,3,0.8434400241611363,0.005548571005583501,0.1818247258068738,0.0056256654206663,0.08242795112033474
803589437,1086542221,3,0.4548523962939437,0.10399876571608725,0.7028486843141268,0.0017183855719242998,0.05698269001259774
803589437,1086542465,3,0.19573145785572207,0.018838743233988698,0.3316536226634963,0.0006066670563692334,0.003491498588172978
803589437,1086543118,3,0.8738736735213255,0.006943120525493923,0.1860652304792818,0.008668198871115767,0.0016603474174107624
803589437,1086543378,3,0.4647135354610665,0.06297354958975736,0.6037195093145206,0.009400676004588568,0.057722836331123774
803589437,1086543538,3,0.4808184915148366,0.07769285469328913,0.6531620553359684,0.004480963728080133,0.0030273611137612393
803589437,1086543848,3,0.46173509071671676,0.017865351888004425,0.32562241153961236,0.003763356323664367,0.06374364549082358
803589437,1086544853,3,0.42351602411650147,0.0014760443991318512,0.09272182792010769,0.0041289782772460995,0.00032737385235820756
803589437,1086545085,3,0.33160350422686047,0.021817136586945812,0.3292607910373532,0.005157210476075533,0.006357347852482713
803589437,1086545257,3,0.1787524056762679,0.02766473974612899,0.3872012669162107,0.0006518050601395333,0.011991069744196309
803589437,1086545959,2,0.46408331806402636,0.0010217045049184053,0.06392822553202632,0.005543909734114951,1.3644622392303228e-06
803589437,1086546146,2,0.5247153677779002,0.07383573641760885,0.5434546399382707,0.0006823803705628499,0.0004213408680853594
803589437,1086546421,2,0.6256554808434247,0.027284819762690073,0.33036234508605894,0.0056709528435021,0.029440535406050093
803589437,1086546632,2,0.44807854674019154,0.0005652866635087613,0.04755151579114009,0.0012066790077369,0.020206606372592327
803589437,1086546837,3,0.12216722201057817,0.0008473628669334541,0.06301206711514801,0.0006344527452407334,0.004260838989045863
803589437,1086547757,3,0.4099702977652165,0.08028680729298791,0.6739597899791563,0.001952458037218667,0.06829679990554925
803589437,1086548063,3,0.2677981023232324,0.008114075700655017,0.22013133237799787,0.0019160533168663004,0.021136550251412825
803589437,1086548291,2,0.581475931209591,0.0006832976567613229,0.052279925660288495,0.0030101985903456,0.04417968677791063
803589437,1086548741,3,0.9809626504582929,0.00016956696804685831,0.03160480607215399,0.015938540765394704,0.0010389488675537281
803589437,1086549038,3,0.8187948239326373,0.02848337740354291,0.39841766353427754,0.002798751772691767,0.024418521343995067
803589437,1086549382,3,0.8695527116811745,0.005127627120818543,0.16781884320425822,0.003390833813076167,0.0030508089721022528
803589437,1086549999,2,0.5227705777679794,0.068546781340291,0.5236288049383495,0.0010517502087168,0.0016340421390634615
803589437,1086550267,3,0.45990760583211393,0.06256118203058143,0.6106798104026582,0.002526372089050667,0.018481610308238552
803589437,1086550905,2,0.01933421459047715,3.0252447501275352e-05,0.0110004449912311,0.0004593608755385,0.0014627826695211904
803589437,1086552928,3,0.901901846496345,0.0006522860425666934,0.06226605240426153,0.0042257467284798,0.014952392899862258
803589437,1086553642,2,0.7900020471473789,0.00648280711566586,0.16103176227894744,0.0040310766198672,0.02482002941172147
803589437,1086554052,2,0.1747084509643545,0.02097514172757563,0.28965594575341025,0.0006572758575202,0.00709235413850429
803589437,1086554297,2,0.9457896889264137,1.8100814140946593e-07,0.0008509010316352095,0.0011349941487423499,7.693264783617716e-06
803589437,1086554557,3,0.5890628257329033,0.08263104796431785,0.6634059787340703,0.0035050387959926666,0.015817981484307447
803589437,1086554814,3,0.7075363267849298,0.04496627795846689,0.5123149784966095,0.008200558057675734,0.007213862682278016
803589437,1086555059,3,0.9778126715189864,0.00010326318417033721,0.024886788995628573,0.011341781355440533,7.981609284964947e-05
803589437,1086555404,3,0.3185427109021531,0.05192795712137796,0.5070311638820213,0.0013024471312139668,0.0013002141375017967
803589437,1086555567,3,0.5283361402091206,0.01899308651794817,0.3129773396532448,0.0015832839999347667,0.006447669543817091
803589437,1086555906,2,0.11216723817501241,0.011491915202594044,0.2144007015155878,0.0005717738240491,0.0013079327942334131
803589437,1086556325,2,0.17085019605372975,0.002942998001432071,0.1084988110797915,0.0038148998282849502,0.012985798138517472
803589437,1086556500,2,0.34475013851877256,0.03363393027065849,0.36679111369093165,0.0080996239557862,9.226520454134031e-06
803589437,1086556640,3,0.8164047645938682,0.016391210503476004,0.30655315027615626,0.0024526828201487335,0.007559432777006461
803589437,1086556822,3,0.45575075645206864,0.023925978991364578,0.34113158652461856,0.004096149311711333,0.020917594670387105
803589437,1086557418,3,0.2021155576978355,0.005857889351395436,0.1705693781166724,0.0007551794114987665,0.023538274473150076
803589437,1086557554,2,0.2564752768107216,0.00017935297230720824,0.026784545716305008,0.0012971440446563,8.873775124981069e-05
803589437,1086557725,3,0.5426210157320269,0.0036450254069350795,0.13539517818055846,0.0023393931721026333,0.011419714710404531
803589437,1086557927,3,0.8752885308055357,0.00020961867729475005,0.032059000602046916,0.002528200779731033,0.030826022786575733
803589437,1086558300,2,0.6745271876919201,0.0003666727743500326,0.03829740327228637,0.0020738490857183,0.0008704000544970279
803589437,1086558475,3,0.3459584603936077,0.012856351581125644,0.26060658030131134,0.0007438993585916,0.003312136572695522
803589437,1086558663,2,0.5022282411854558,0.0037843140659140854,0.12303355746972588,0.00070648187829645,0.005572624968623802
803589437,1086558875,2,0.15480371006094196,0.00011098486298427313,0.02106987071476929,0.00138696643989525,0.010155553572493991
803589437,1086559485,3,0.5827832211365168,0.02015293429791423,0.3362510224004644,0.015444868709891967,0.0009511766514063439
803589437,1086559691,3,0.23028794175964776,0.026581942016917794,0.3990047714281216,0.0013226715188162333,0.03921723671244243
803589437,1086559814,3,0.6972039682886478,0.01615253047671564,0.2914980394627026,0.0017576738415906335,0.019858088935312313
803589437,1086560125,3,0.36459956403304233,0.017618421598341875,0.2928995480528479,0.0017191499937325334,0.020999977635822027
803589437,1086560472,3,0.4023408760059623,0.1491517926076625,0.855580713556527,0.009213367787500199,0.005641848912886637
803589437,1086560621,2,0.4579783632269341,0.00800174381885779,0.17890493362518306,0.00211861083516845,0.007928662498166095
803589437,1086560684,3,0.4793054830908025,0.07894355321878868,0.6307023561383606,0.0024812193975473,0.01814047713370519
803589437,1086560874,3,0.17966449691292327,0.005644323314160198,0.18397556020975392,0.004079679842106933,0.0664318753803997
803589437,1086561413,3,0.6303926421024971,0.02948834788142558,0.4125155009102663,0.0020064636676882003,0.025940567014393484
803589437,1086562393,3,0.23937320546535856,0.00024751004451633885,0.03385666818890451,0.009835368643204332,0.003998356955627661
803589437,1086562563,3,0.24120004724881502,0.03817033824506905,0.45408878320709267,0.0007077515329001229,0.014967947026885968
803589437,1086562683,3,0.5221152490092853,0.021798446423019868,0.34981266985039977,0.0030883784250666335,0.016579531698697796
803589437,1086562845,3,0.3341524095487797,0.012576425713484446,0.246296102400335,0.0014416630535075334,0.04434569932502531
803589437,1086563088,3,0.14201144622706288,0.01236245235483805,0.2486181755192668,0.0024629797990200664,0.11965418691331516
803589437,1086563403,3,0.7898717496407932,0.0034520443307171794,0.1290147370625343,0.007732527330517733,0.0016931175628657645
803589437,1086563498,3,0.3431945159532363,0.057313599892501066,0.5846810386910855,0.0008431829143470334,0.030651983620411438
803589437,1086563939,3,0.2896270931073844,0.006275066277238235,0.192779362877261,0.003856531033913233,0.012971762132605182
803589437,1086564206,2,0.7426657008330315,0.02303006865560706,0.30351321984788115,0.0035373674472793503,0.010859239576412237
803589437,1086564357,2,0.583398195298277,0.05893277936105754,0.48552149019814783,0.00310223747510455,0.00043130657135190145
803589437,1086564560,3,0.9785447813402222,0.0003014159359839008,0.04048765803732701,0.009943366205940567,0.005361429461770396
803589437,1086564878,3,0.18607990013786346,0.011311834266267954,0.23449908973378017,0.0021544196060858,0.06814148781491731
803589437,1086565039,2,0.4841210114388922,0.03908417117597785,0.39539434075857915,0.0037999574560671503,0.002814179884918012
803589437,1086565503,2,0.8390312268711715,0.004112763159581211,0.1282616569295939,0.0069560457486659,0.0006411853686165024
803589437,1086565654,3,0.3627196229522312,0.044972282398218315,0.4650354684187106,0.0009434599390563334,0.031013866258110607
803589437,1086565831,3,0.2930482000137728,0.16031513353900442,0.8533426694238673,0.0018743130688865333,0.011017685906277795
803589437,1086566444,3,0.710385299625517,0.01596866892607965,0.27049577258330504,0.008942781481891834,0.01141658148130611
803589437,1086566739,3,0.21174175637319315,0.019850136823017978,0.3446260764861399,0.005986636892581933,0.03804061631643271
803589437,1086566854,3,0.9945898247007084,6.77904181239263e-06,0.006301861110383999,0.0322289280593395,0.00011608909630585521
803589437,1086567169,3,0.680708458646806,0.020174744617013747,0.34488783603381945,0.0020778290927409666,0.001814136606285599
803589437,1086568550,2,0.20852092767583696,0.01885921982518852,0.2746577493914091,0.00118739475146865,0.004146860364236022
803589437,1086569213,2,0.0648168913748977,9.38750359774703e-06,0.006127806654177996,0.0026704152114689003,0.0025706085211941432
803589437,1086569634,2,0.3477052056673966,0.002000332174271868,0.08945014643413096,0.0011027008877135,0.0007138319013742906
803589437,1086570006,2,0.3809431149573889,0.020704712583946388,0.2877826442574075,0.00165567547082895,0.0005813962901990422
803589437,1086570708,2,0.373396722770463,0.011414877777407776,0.21368086275946918,0.00079151566023935,0.00035384226501005957
803589437,1086573040,2,0.2876078467586607,0.000349074815272051,0.03736708793963217,0.00115937815280625,0.009523120159699373
803589437,1086573656,2,0.4529069153848183,0.14683135720436197,0.7663715996939395,0.00032389666012015,0.001346712417399662
803589437,1086573699,2,0.34670259359911343,0.08337978136104461,0.5775111474631277,0.0007860253535908999,0.02795211505931551
803589437,1086573865,2,0.7018383419962534,0.0037344156217141745,0.12221973035012268,0.0010817338479682,0.0011089281317755257
803589437,1086574014,2,0.5099172845043667,0.12434969154674229,0.7052650325848923,0.00172181677771725,0.02907253981316938
803589437,1086574395,2,0.20301245349726915,0.0028740388611923325,0.10722012611804432,0.00062465899100055,0.010567309475010259
803589437,1086574662,2,0.5773495422284372,0.0028563851015921023,0.10689031951663541,0.0013856754521839,0.01768227712236537
803589437,1086574729,2,0.1275263185667924,0.0008906762355286226,0.0596883987229888,0.0004495988396229,0.0010957879914505332
803589437,1086574928,2,0.34405754465581384,0.0019703540673041437,0.08877734096725681,0.0004789145605172,0.002502177197381849
803589437,1086575090,2,0.7301687290572809,0.029660317116232335,0.34444341837946235,0.00250351958675305,0.02891529713465299
803589437,1086575636,2,0.7289512603722221,0.023854168985503417,0.3088958982278879,0.00608329661190505,0.0003260963045264205
803589437,1086575804,2,0.26127856451064047,0.006631930777256296,0.1628733345548779,0.0011138233239762,0.00033227021004250624
803589437,1086576655,2,0.8218170039002173,0.014456689980518134,0.2404719524644663,0.0015590974362566501,0.062090039194944734
803589437,1086576816,2,0.3726768840143444,0.13741893441728992,0.7414011988587283,0.0019221061229472499,0.1316205465871017
803589437,1086576944,2,0.5297718765541972,0.006586178784279511,0.16231055152736695,0.0009404074808116499,0.014554420630894583
803589437,1086577438,2,0.5971160641834411,0.03838867988452713,0.39186058686490594,0.00182227930054065,0.04881221864861213
803589437,1086577729,2,0.5749712064497553,0.03455819979250074,0.37179671753527216,0.00181230698944995,0.05131879876516464
803589437,1086578776,2,0.472165144098631,0.12109909928262493,0.695985917336335,0.0009428510675206501,0.03186588990972333
803589437,1086579314,2,0.21785265555061115,0.020946809344865737,0.2894602518126849,0.00045503728324545,3.909727267497291e-05
803589437,1086579724,2,0.34860154961652223,0.017738651734464247,0.2663730597073529,0.0007966685807332001,0.0021981476182174127
803589437,1086580139,2,0.25428958458759776,0.004082217513658424,0.12778446718844078,0.0012693982571363,0.012958624717121387
803589437,1086580638,2,0.05330405989058445,0.00014192746537416065,0.0238266628275267,0.0014442794199567,0.062044390150354296
803589437,1086581222,2,0.4122091197026411,0.04353557675201698,0.4173036148993535,0.00103564551682205,0.010839222775699545
803589437,1086581440,2,0.7031417689710233,0.005876687454407953,0.15331911106457607,0.0025475404690951,0.0003725476956088355
803589437,1086581631,2,0.23982082558961335,0.027329880544691237,0.3306350286626705,0.00078332054545165,0.0032588668101356287
812858755,1086490117,3,0.8273702750846025,0.012041481733437493,0.2687490871914707,0.0137480336707085,0.008763276809834906
812858755,1086490175,3,0.6723831885946682,0.003918540497914196,0.14537388637359427,0.005080352692554334,0.023375454543343544
812858755,1086490268,3,0.38620008263647804,0.001047523692940501,0.078784738215876,0.0026149176604424334,0.023212532487165417
812858755,1086490297,3,0.5811285496549116,0.018492027387806028,0.3297373358348968,0.0022617239155806,0.021767477535062436
812858755,1086490459,2,0.6518918073796123,0.0057262962584886355,0.15134459036898062,0.00285097374580795,0.001265161279661578
812858755,1086490531,2,0.7151562260095194,1.7026868796039698e-07,0.0008252725318593779,0.01106330379843705,0.00021359824743973703
812858755,1086490716,3,0.09566639079564443,0.006374216293852074,0.1753992015968064,0.0013674926400805002,0.006283397994964877
812858755,1086490767,2,0.2429659910947336,0.002251803398276143,0.09490634116382621,0.0013533937453757499,0.051798524097825906
812858755,1086491047,3,0.734243832535055,0.00426106863142858,0.1501204907258653,0.0019724074518307666,0.02010678932382264
812858755,1086491095,3,0.31285677550465046,0.029219343369917883,0.41050591125441427,0.0011374421689348331,0.043550912330494296
812858755,1086491255,3,0.8180933317854597,0.004282876591359957,0.1555542760632581,0.0031309921760111666,0.0019786455587821918
812858755,1086491624,3,0.6957670025802054,0.002512651197668189,0.1097560975609756,0.005761038938847634,0.05157353977576815
812858755,1086491684,2,0.715194610778443,0.008135067813474842,0.1803892215568862,0.012018169742077551,0.005838671788986763
812858755,1086491779,2,0.7018449030644153,0.039519898351494706,0.3975922451532208,0.00131901487475255,0.006609822195782933
812858755,1086491831,2,0.35936522826766726,0.015527435455477374,0.24921826141338338,0.00227029272355135,0.0018085099309645136
812858755,1086491977,2,0.5936108552126516,0.042349665021873734,0.4115806847842777,0.00308363162912425,0.02750655099245934
812858755,1086492029,3,0.8108376742450059,0.03653878635394342,0.42539920159680655,0.0019094162853434335,0.00402360067659002
812858755,1086492069,2,0.7761100687929956,0.00649591643033619,0.16119449656035023,0.00365643866825845,0.008903025939445421
812858755,1086492135,2,0.46364915572232646,0.04162977975211995,0.40806754221388375,0.0059827639488503,0.013878726042816794
812858755,1086492273,3,0.3655784116569862,0.0016420052096368578,0.09909028097650846,0.003601443294125267,0.01983298302588952
812858755,1086492401,2,0.31186103402950194,0.005675224802997071,0.15066817584343511,0.0008649069932289,0.006759579877521385
812858755,1086492451,3,0.590393634244956,0.047022488116007656,0.4842046675879012,0.0016180894454009668,0.04492059738945575
812858755,1086492491,3,0.7181459470053015,0.016953585793595967,0.3000312695434647,0.008663229023416767,0.0029873708500648345
812858755,1086492532,2,0.39352720450281425,0.01347646556184857,0.23217636022514065,0.0011390378931536499,0.005388331209585729
812858755,1086492602,3,0.5012192625380884,0.08994141245884489,0.7301438398999376,0.0031397549513106,0.03197350119233661
812858755,1086492651,2,0.7410100062539087,0.019712230243965016,0.28080050031269543,0.0019048965186811502,0.03160123236028146
812858755,1086492751,2,0.8331769856160101,0.00229638154279508,0.09584115071919952,0.0022916740272194,0.0012540634273062294
812858755,1086492849,3,0.9403825245069585,0.001151708954348738,0.0827767541839396,0.010418310140569967,0.0004891808645560569
812858755,1086492904,3,0.42117453648050995,0.0645902870178723,0.5933395872420262,0.0028440224705263664,0.012257231770919487
812858755,1086493026,2,0.506722951844903,0.020712411965186188,0.2878361475922452,0.0080115823075175,0.00248750782716371
812858755,1086493074,3,0.17047861749921042,0.03841842091057796,0.44246404002501566,0.0006405898360147,0.04418854425766116
812858755,1086493132,3,0.8622816905276376,0.004363975827826138,0.15494058786741705,0.00695293272535,0.004435858856341399
812858755,1086493179,2,0.6489977362348474,0.0036703122586663308,0.12116620417701185,0.00102228528703555,0.0025896980060102293
812858755,1086493225,2,0.6637742338961851,0.03961319731179705,0.3980612883051908,0.01470683058141725,0.09333235163784745
812858755,1086493293,3,0.7532411724393614,0.01456146513536729,0.2719368954398894,0.05211757247646647,3.1172773809026064e-05
812858755,1086493337,3,0.1774047277552462,0.037661599946238605,0.4449656035021889,0.001699581790793,0.09186193791731556
812858755,1086493382,3,0.9531921148322492,0.000961147750899767,0.06712793924346405,0.0325218265255292,6.441905762487574e-05
812858755,1086493563,2,0.0664433328465021,5.8512833146718085e-06,0.004837885205199399,0.0004713609814643,0.0008494879368120099
812858755,1086493715,3,0.5221892050795219,0.05948416272443807,0.5949447259327498,0.002228470092328833,0.03644296720218857
812858755,1086494108,3,0.2604927730530184,0.027969458836149864,0.35913070669168234,0.00047089453437359997,0.0010087235570370862
812858755,1086494179,3,0.5267938169939046,0.028017932889357406,0.40187308310208847,0.0027192552418757996,0.0022101597014127935
812858755,1086494305,3,0.5147987327408972,0.0817693619673137,0.6112348473784139,0.0008952181087806666,0.014684386009053635
812858755,1086494353,3,0.3618466631465025,0.005435045118249832,0.18058161350844282,0.0012759596284012667,0.06429898135288493
812858755,1086494410,3,0.4327514452021535,0.05653835906794461,0.5812797481959158,0.0009289349933775333,0.0006358877580611015
812858755,1086494674,3,0.3400147796963921,0.047532168683250414,0.4888993120700439,0.0005927682990052334,0.012371226430560309
812858755,1086494727,2,0.17287680736088795,0.00548701853556172,0.14814882430261428,0.00475446146447205,0.0021782662591529607
812858755,1086494770,3,0.5675678037296265,0.009426542759831395,0.234677923702314,0.011970476868251935,0.00045428115574726546
812858755,1086494821,3,0.19624977686902614,0.006622520862845631,0.1988522954091817,0.0008248833279745667,0.035963689469901985
812858755,1086494866,3,0.682499291598167,0.01828809437198654,0.3262513434669124,0.010426495806313968,0.032179943525087906
812858755,1086494911,3,0.9461202672828203,0.0006021453734722629,0.05988117573483398,0.006200102080280534,0.0050639645990917205
812858755,1086494989,3,0.4587398061912447,0.03349210756987013,0.4407442151344591,0.0016375326085835001,0.07876909060533115
812858755,1086495047,3,0.751342530698453,0.013964075018858315,0.28944035006909263,0.0017067914013750333,0.035109675922383045
812858755,1086495090,3,0.7273333258436224,0.013840930424329698,0.2725140712945592,0.0033047793743510665,0.010874822787823124
812858755,1086495200,3,0.4125183029812794,0.011762408078445892,0.23123827392120072,0.0024362496333196,0.011094290811617287
812858755,1086495253,3,0.6554957626959964,0.09000428547441335,0.7200051117277639,0.0020840821671299337,0.07441486789341893
812858755,1086495393,3,0.9136682856925299,0.003742096343730815,0.14321965824448646,0.0139503027312457,0.005976512052813048
812858755,1086495453,2,0.3688567985979261,0.0009322912821636813,0.061066890609025815,0.0013951707514933999,0.00016494819740272702
812858755,1086495741,2,0.93427567941041,0.0004332284634394924,0.04162828189774315,0.0050788077060133,0.008103938755996146
812858755,1086495807,2,0.7211278662187819,0.01045003796507588,0.2044508543887834,0.0008011396275833,0.0003677997957836548
812858755,1086495978,2,0.45075046904315197,0.009021435624047397,0.18996247654784243,0.0024966249475255,0.01955887088005675
812858755,1086496010,3,0.7925609069540718,0.008350078524758012,0.22110048196290355,0.003129586771440967,0.026510362667985666
812858755,1086496096,3,0.5430879953663654,0.03087673315547108,0.42483934569884624,0.0045688633108511,0.1295770607032222
812858755,1086496296,3,0.9008168778141029,0.010666060474027675,0.23930984185475201,0.015523806912824465,0.06355024454215534
812858755,1086496412,2,0.5280323499342778,0.005441136142180586,0.14752811450270198,0.0010585223790257501,0.026569071418187325
812858755,1086496474,3,0.8940670878380824,8.611324335386745e-05,0.019990506791295437,0.005389797966927234,0.006526972080143932
812858755,1086496617,3,0.6224555267201681,0.03239151550737618,0.3966541588492808,0.0027777596454446,0.09047223698242274
812858755,1086496679,2,0.2368667917448405,0.00993444175944862,0.199343339587242,0.00122890734928655,0.028143786904025768
812858755,1086496776,2,0.40343398568716227,0.031999158987654354,0.35776617496713886,0.0013862882624379501,0.011643078179588196
812858755,1086496833,3,0.7836135109393471,0.015695068510126715,0.29721701063164474,0.004150746855884733,0.05645467482002347
812858755,1086496892,2,0.9620856785490931,0.0002746596234904496,0.03314571607254546,0.007482637418434,0.002503127932130819
812858755,1086496949,2,0.5266266247991821,0.010914176505579217,0.20894187235285527,0.00255091075086965,0.08857839117327404
812858755,1086496999,2,0.5420984953170581,0.07930951653381635,0.5632389068017811,0.0093182963319122,0.0016609723402702676
812858755,1086497055,3,0.299563786747955,0.06025020455579382,0.5762976860537837,0.0015085049672051668,0.045236374968550985
812858755,1086497123,2,0.5747342088805504,0.01308012067618872,0.2287367104440275,0.00151149800512935,0.001527788044513437
812858755,1086497311,3,0.2089760441593361,0.010022293538592708,0.2387429643527205,0.0018474057045143669,0.02508793719429012
812858755,1086497518,3,0.3118256919556759,0.0495877991584728,0.5300187617260789,0.0012808260604894003,0.032940272343805505
812858755,1086497578,3,0.532151456936034,0.06907120624435426,0.6157876554583143,0.002904046443290967,0.031186195259385662
812858755,1086497614,2,0.15871142330723165,0.0005750828158903795,0.0479617687701519,0.0011361979413777,0.0452656167700091
812858755,1086497679,3,0.47637058590760945,0.05375739108165634,0.564571607254534,0.0019628141114177333,0.046346813896577875
812858755,1086497867,3,0.1884795137679612,0.03863885117434873,0.4183864915572233,0.0008093170957484333,0.006919649043895981
812858755,1086497932,3,0.6513186884517393,0.019890706236009328,0.3439645100043815,0.002080428879708,0.02984141092034447
812858755,1086497967,3,0.3831689341766748,0.07386639111113343,0.665455674017818,0.0018162184181467333,0.0518763164726622
812858755,1086498025,2,0.8822701688555348,0.007088502634737708,0.1683864915572233,0.0081685776822268,0.003203319304083502
812858755,1086498377,3,0.7149547059726701,0.09733869595017293,0.7121718102257026,0.0074878632634256675,0.0333323967484362
812858755,1086498426,3,0.2887346008420932,0.0312713159616486,0.42264860522856734,0.0016098264410780666,0.02898590487267305
812858755,1086498521,2,0.1513445903689806,0.005071773526762547,0.142432770481551,0.00133177521638565,0.032075488325059326
812858755,1086498670,2,0.14235459662288924,0.0031154409357630865,0.1116322701688555,0.00130468863062555,0.00024200773740310687
812858755,1086498836,3,0.27120305979660436,0.06784518017858011,0.5809342852756026,0.001495256525231467,0.042336251529803616
812858755,1086498875,2,0.7106853366437856,0.006232914552680146,0.15789761939535563,0.00231834739679465,0.0001593689602257898
812858755,1086498924,3,0.45856785490931823,0.04734741039682008,0.5281425891181989,0.0016847627509074335,0.03640764281654724
812858755,1086499075,2,0.35001643055352705,0.0023220026067529206,0.09637432452168826,0.0015388916363008,0.00039271638905413405
812858755,1086499143,3,0.7338955609731133,0.006635342246078514,0.1847267004452634,0.0036107985458026,0.0005754045463130117
812858755,1086499264,3,0.8743841273051146,0.020213304113950555,0.3111034029501971,0.0245301440979043,8.73753342172597e-05
812858755,1086499346,3,0.21608939719060938,0.0013499519616656666,0.08658901708777561,0.0003537109987518761,0.0024601493345828016
812858755,1086499419,2,0.12115707609171894,0.00117859893900053,0.0686614575726595,0.00044658251863435004,0.013615229203248777
812858755,1086499552,3,0.3316587587801258,0.1214866795076009,0.8013396284354368,0.0013663297092231335,0.042709409743313775
812858755,1086499674,2,0.5190138016649628,0.06997230309686833,0.5290455674017819,0.0030670045234727997,0.15754273400051286
812858755,1086499722,3,0.43999898888901373,0.0017174231295233166,0.10071929312107492,0.007038026582449633,5.819691295191529e-05
812858755,1086499827,2,0.549199677567941,0.10761406750816477,0.6560916628281899,0.0012564099015435,0.08442691773160974
812858755,1086499885,3,0.11723675850300647,0.0031615145425846,0.1372732958098812,0.0006932318938197,0.05231362307405713
812858755,1086499937,2,0.30455856579523877,0.004058315208833635,0.12740981451730687,0.0009735102648846499,0.0010589572970439087
812858755,1086500011,2,0.26602564102564097,0.01187541091387246,0.217948717948718,0.0011787997791543,0.006295861752635423
812858755,1086500184,3,0.5432362292300951,0.0915629773067453,0.6449343339587241,0.0029151699854992,0.03342008506944605
812858755,1086500287,2,0.1994943040747772,0.00011819059035213699,0.021743099167518598,0.0004592103796312,0.0017136177883700122
812858755,1086500522,3,0.27183750073336754,0.0167963250804945,0.3061288305190744,0.0018004338101793667,0.01442729028301089
812858755,1086500691,2,0.7385084427767354,0.0016271309343198809,0.08067542213883683,0.00364885886665425,0.0004859832658075467
812858755,1086500743,3,0.9807720394108593,0.000193967327221301,0.02977581422520814,0.04687187944849324,7.201426077336324e-08
812858755,1086500932,3,0.22861219399849453,0.013387468829890668,0.2479847996315062,0.0011535676894709333,0.011492709734107008
812858755,1086501231,3,0.32897837845260075,0.024994805612057507,0.38650138746896456,0.002147693070583,0.036079263715458124
812858755,1086501320,3,0.20438329095405183,0.030697619350468813,0.4249853950635315,0.0005419459581995667,0.019210163544959462
812858755,1086501402,3,0.1218541653403636,0.007513716523355082,0.2123202001250782,0.0008569244722214001,0.045227814868424344
812858755,1086501458,3,0.8852754153980967,0.002222155729257823,0.1013133208255158,0.0021933194172258,0.008015841728935056
812858755,1086501558,2,0.46051166896975276,0.14960938202623086,0.7735874405036082,0.0031883029150776,0.049594770265448854
812858755,1086501696,3,0.4688718248306389,0.08741764724997676,0.7054409005628518,0.007940836173171767,0.003818567003115511
812858755,1086501803,3,0.38358648556545444,0.1467445052715649,0.8245399445012416,0.0039580843877047,0.070178207512511
812858755,1086502481,2,0.5313315676339628,0.0011927833594818874,0.06907339167818205,0.0019858881714753,0.003796673212911127
812858755,1086502648,2,0.22344733609703665,0.011380807817245318,0.21336173806233694,0.0008672655967529,0.01346684880027353
812858755,1086503148,2,0.7569380469829572,0.05202591171473089,0.45618378627360656,0.005278136988636051,0.027659550807236456
812858755,1086505094,2,0.20471556886227546,0.006354571919036181,0.15943113772455092,0.00035869606654155,0.001061334971955514
812858755,1086505508,2,0.7909212063677522,0.004673121149286488,0.13672046151599238,0.0028955145971848997,0.0005873384459551972
812858755,1086505849,2,0.57914962757412,0.010098459368110081,0.20098218197750845,0.0013788358191959,0.0006973587367276014
812858755,1086505974,2,0.4952807799036074,0.09774755218334524,0.6252920987293706,0.00073019937553905,0.003842614700557527
812858755,1086506159,2,0.1033025412589455,0.004144834046183429,0.1287607711406456,0.0006152888818178001,0.007382704680574979
812858755,1086506988,2,0.23907368190448364,0.001976949784215103,0.08892580692273988,0.0010468533437233,0.007072313785540232
812858755,1086507372,2,0.43308200671827074,0.0469236144365083,0.43323718416824886,0.0011984409065916501,0.02179957152964941
812858755,1086507405,2,0.27879910909887545,0.05719987941075429,0.47832992551482406,0.0023844728129915503,0.00015798914888095637
812858755,1086507485,2,0.33690850007302464,0.029665874006821136,0.34447568278077995,0.0023766904632793002,0.10131836729579204
812858755,1086507685,2,0.36944099605666714,0.056807593046238225,0.4766868701621148,0.00089041929459195,0.05014064125411099
814796612,1086494852,3,0.762182960228626,0.010471070160888484,0.22999523696118118,0.013219948547581767,0.019331512000987598
814796612,1086495246,3,0.15084891243946966,0.03203636949268989,0.4002277327935223,0.0031286271987482337,0.04708569487253864
814796612,1086495461,3,0.6874171429705486,0.138832195232886,0.79648725887116,0.01734418313329417,0.16127355086490017
814796612,1086495553,2,0.23089426053822334,0.0037467868417054135,0.12242200523934271,0.0036218573804944,0.01311513149741762
814796612,1086495762,2,0.7024924089068827,0.03584755825600526,0.378669028340081,0.01107531809248025,0.010860361182622649
814796612,1086495828,3,0.6992840557275541,0.0064164758702168695,0.1961255656108597,0.0285096419975161,0.018147592205029584
814796612,1086495935,2,0.8459417420814479,0.02156395901528686,0.2936934389140272,0.0199647527188062,0.008228275368350874
814796612,1086496132,3,0.5879658847344605,0.007226414336666965,0.19962044534412948,0.007053769969691767,0.0011307492845949675
814796612,1086496361,2,0.18035916289592757,0.002318193738674987,0.0962952488687783,0.00212125451071185,0.01026473839378033
814796612,1086496440,2,0.25162613122171945,0.022444886732266443,0.2996323529411765,0.0028917042072862,0.003740138800201162
814796612,1086496536,2,0.5996182126696832,0.003451894804377983,0.11750565610859731,0.0062559535726904505,0.0008361845148671203
814796612,1086496632,2,0.6993071266968325,0.023733946832899103,0.3081165158371041,0.026637856848537853,5.443564640875715e-06
814796612,1086496761,3,0.3149336151464634,0.007062325543766089,0.2035678137651822,0.0018382650256777335,0.002763329143149312
814796612,1086496822,3,0.10909492339445898,0.00860608581482082,0.2082236842105263,0.002262842899654,0.037901883744313684
814796612,1086496955,2,0.8257211538461539,0.018446341068786988,0.2716346153846154,0.00843768427148455,0.005928041893913413
814796612,1086497041,3,0.7139026157021512,0.022094141579013755,0.3632412479161705,0.0025754419621079666,0.0015288806473301676
814796612,1086497200,3,0.7894027347781217,0.07898518731889487,0.6056322934031912,0.025601317562783697,0.06703658795696887
814796612,1086497322,3,0.43498005477494645,0.01096316693408189,0.24511639676113373,0.06657019878427183,0.00017812484072159213
814796612,1086497588,3,0.788576149083115,0.005452045524857614,0.1777432126696833,0.007685202329109066,0.0067971497719925625
814796612,1086497753,2,0.6332720588235294,0.01657583428401599,0.2574943438914027,0.0029135487857274503,0.020945522084736698
814796612,1086497861,3,0.6565953203143606,0.007876706046326988,0.19744433198380562,0.006715734334041633,0.028632877085001632
814796612,1086498106,2,0.15561368778280535,0.0034022279005471823,0.1166572398190045,0.0054054369684308,0.0005542988424812158
814796612,1086498185,2,0.12987839366515835,0.00047112077487408146,0.04341063348416291,0.00114483083598315,0.00018619590386406904
814796612,1086498285,3,0.5104930737477177,0.001615897879911601,0.09451059776137183,0.007224198275556134,0.039042620895277276
814796612,1086498789,3,0.251054318488529,0.015137370584895492,0.2997216599190284,0.0026246005436405,0.03722904574672566
814796612,1086498971,2,0.546875,0.041259765625,0.40625,0.009050045046024,0.08833018633137119
814796612,1086499074,3,0.5093013217432721,0.038834573282357725,0.4513098356751608,0.005240544288729599,0.07028976171788325
814796612,1086499240,3,0.7945845240930381,0.019138147891883495,0.3123719933317458,0.008357858285307834,0.011614759346509745
814796612,1086499433,2,0.7565752262443438,0.034918037811789766,0.37372737556561075,0.0125612467527389,0.007354905658475978
814796612,1086499654,2,0.35661690283400804,0.003510382593398108,0.11849696356275308,0.0019626041757874,0.004230593955656132
814796612,1086499782,3,0.5134759268079702,0.058268185452000666,0.5520495951417004,0.004630158422514733,0.010389750506794438
814796612,1086499901,3,0.1583100142891164,0.012204664692850352,0.2381638485353655,0.0016649185757462669,0.0012274773995164512
814796612,1086500001,2,0.8480627828054299,0.003968358623198242,0.125989819004525,0.03227817267179485,0.0005744535280937134
814796612,1086500224,3,0.4952513495276653,0.06475981699990532,0.5889423076923077,0.004798953770659834,0.10250606067388211
814796612,1086500430,3,0.558753572279114,0.0167334377984048,0.3063467492260063,0.0012325571733526333,0.00242881268239859
814796612,1086500576,3,0.837059915059141,0.01732529605793297,0.3095394736842104,0.014735211618244601,0.03469536937591093
814796612,1086500722,3,0.3656391402714932,0.03369059539713901,0.425197963800905,0.009525442340721633,0.05132854717836915
814796612,1086500824,3,0.8361331070889895,0.008546853743382722,0.22644230769230766,0.015762335931261334,0.008703572294258125
814796612,1086500916,2,0.197374374851155,0.004680625748336753,0.13683019766611101,0.0020117979729548,8.593409214512047e-05
814796612,1086501157,2,0.47914309954751133,0.012399855406126516,0.2227092760180996,0.0170156159438192,2.9637185266988587e-05
814796612,1086501239,3,0.08207857029451454,0.003087935276950397,0.1197680995475113,0.005170707901318833,0.062276588709027636
814796612,1086501363,3,0.3020902794316107,0.05337832515939311,0.5357540485829959,0.0023282054656495,0.021747386920054165
814796612,1086501497,2,0.4425197963800905,0.004185021493532584,0.1293834841628959,0.00300226127728815,0.00028077096631160285
814796612,1086501704,3,0.26769022386282443,0.008548542854661454,0.20008484162895931,0.002331416898717433,0.005733577361580147
814796612,1086501866,2,0.4887584841628959,0.0006158426146193756,0.049632352941176405,0.00274428597185755,0.00023106407302522477
814796612,1086501958,3,0.7517280900214337,0.025245593898125945,0.3884332579185519,0.015542328668137333,0.008583010548491407
814796612,1086502319,2,0.6465639140271493,0.011202091232583795,0.2116798642533937,0.0043313916539773,0.0005345040619689401
814796612,1086502426,3,0.3261694252599825,0.015647355930242173,0.29496457489878536,0.003351321560330633,0.025903228681105808
814796612,1086502634,3,0.14650065491783756,0.005875750442049572,0.1754584424863063,0.007206526119261934,0.002455855694387247
814796612,1086502795,3,0.49436026434865443,0.06375179677830306,0.6184463562753036,0.010939638790053567,0.08002465112658375
814796612,1086502914,2,0.1288580614432007,0.004000208524739191,0.126494403429388,0.0021072295494377,0.02413438834198891
814796612,1086503069,3,0.698109172818925,0.0607528370041579,0.5950107168373423,0.016485095644990566,0.042813854983561266
814796612,1086503191,3,0.9159001151067715,0.004163331994091016,0.15483597285067863,0.025933867941300037,0.009353271507146772
814796612,1086503614,2,0.5306553643724695,0.18773757525144855,0.866573886639676,0.0056878473842516,0.1068207996527664
814796612,1086503867,2,0.299137443438914,0.01650309346431533,0.2569287330316742,0.0064457801636308,0.003435299180312137
814796612,1086504202,2,0.6733924743986663,5.780561986401623e-05,0.015206001428911708,0.0201347970869392,0.03564578172027599
814796612,1086504386,3,0.6360269310153212,0.01401649782637515,0.2896002024291498,0.007711604237556432,0.0014258649266742087
814796612,1086504560,3,0.8800513018972772,0.0072390217267855606,0.20604757085020253,0.049361872176329265,0.0014040462346437878
814796612,1086505098,2,0.5396634615384615,0.03744597124630178,0.3870192307692308,0.0061231207801028505,0.06395778061240812
814796612,1086505287,2,0.965568438914027,0.00030992327942967973,0.03520927601809953,0.02077182475477455,9.242562921008923e-06
814796612,1086505486,3,0.4870301460665238,0.025658187417316628,0.3906957013574661,0.009745163532594766,0.02416746700964884
814796612,1086505653,2,0.48833427601809953,0.0015066077376717309,0.07763009049773756,0.0061792789492756,6.610756875627078e-05
814796612,1086506005,3,0.34231017305707717,0.016585744634043578,0.30494165277447016,0.005670668479676033,0.01778585973561603
814796612,1086506194,2,0.5696408371040724,0.002304597323777666,0.09601244343891402,0.00723877386189995,0.008802324003206834
814796612,1086506561,3,0.2767826665078987,0.010897135655766435,0.2529694570135746,0.0019598346746836667,0.0007520878206007312
814796612,1086506897,2,0.6795107466063348,0.001420070555795846,0.07536764705882348,0.0059104701504110995,0.007748081985742003
814796612,1086507057,2,0.5242505656108597,0.004830171380410418,0.1389988687782806,0.0047322046011685995,0.015748972310981033
814796612,1086507180,2,0.5563891700404858,0.01841885793105321,0.27143218623481785,0.01008499466115605,0.13791488003434943
814796612,1086507374,2,0.5898152834008097,0.009414204160707852,0.1940536437246964,0.0040801217546686,0.03143173692226761
814796612,1086507576,3,0.8723689172025085,0.01433421909192178,0.2651300904977375,0.010626588171968834,0.005866899355897813
814796612,1086507806,3,0.18370296499166464,0.013952975923445172,0.2569287330316743,0.004277852519104833,0.03845411756521792
814796612,1086508334,2,0.3900683198380567,0.08497844596314684,0.5830212550607288,0.0067744288244283996,0.13699551260495377
814796612,1086508446,2,0.6149924089068826,0.009636462608231977,0.19633097165991897,0.0133844756055623,0.06366300223763093
814796612,1086508544,2,0.4837677125506073,0.1754469385728438,0.8377277327935223,0.012731808994431,0.20044426222591136
814796612,1086509030,2,0.02820984162895925,6.158876027569077e-05,0.015695701357466098,0.0016466371016576,0.005458685653766815
814796612,1086509168,2,0.8171432186234817,0.009746066058132812,0.19744433198380562,0.0159568577073514,0.005122459039086446
814796612,1086509330,3,0.7150774986107803,0.033242646399988335,0.4117766134793999,0.008905590511858434,0.02035925397342044
814796612,1086509512,3,0.45745762880050805,0.010622194313703029,0.2432945344129555,0.0074549981703360664,0.031941741280821896
814796612,1086509749,2,0.18629807692307684,0.005028719027366865,0.14182692307692307,0.00168102275347335,0.005669630031953175
814796612,1086509984,2,0.09763857466063344,7.56250591843936e-05,0.017392533936651508,0.0038968061562627,0.00030992327942967973
814796612,1086510196,3,0.24372916170516787,0.019878519048163863,0.3264929149797571,0.006521826454748666,0.056195282613291424
814796612,1086510397,3,0.33702518456775415,0.010143036740951185,0.22723416289592757,0.0033056056903053668,0.00014127732897265932
814796612,1086510581,2,0.4939903846153846,3.611547707100599e-05,0.012019230769230782,0.0040881987661122495,0.001108912601925124
814796612,1086510927,2,0.2356096689688021,0.004874859669578508,0.1396403905691832,0.00286067451816045,0.0010455573844371823
814796612,1086511107,2,0.30479355203619907,0.00035103243976628305,0.03747171945701361,0.00304703286383295,0.005563657974665238
814796612,1086511235,2,0.8367505656108598,0.02448039001076198,0.3129242081447965,0.0101273115724325,0.0010531273113905323
814796612,1086511410,3,0.3134729499087084,0.0016976572117310227,0.10034532031436061,0.0028574489212283664,0.008677799606343965
814796612,1086511580,3,0.7812003850123045,0.03731735736450407,0.46421767087401766,0.020339114436258836,0.027348632613321985
814796612,1086511833,3,0.5395624950385013,0.08661387702920535,0.6994686234817814,0.007386704596380366,0.002670161188161371
814796612,1086512140,3,0.8933123958085258,0.0019956368442165242,0.09863062633960462,0.0091808935006459,0.033364063160440195
814796612,1086512452,3,0.6322006231642455,0.012813569345858833,0.24643218623481788,0.015056629044314167,0.015578638108852428
814796612,1086512680,2,0.35712297570850204,0.05277087848334879,0.45943825910931185,0.002610358147649,0.060175119046216544
814796612,1086513044,3,0.497869036278479,0.03911094005588869,0.46900303643724695,0.005045465426519467,0.03913441358125564
814796612,1086513568,3,0.8608006866714296,0.002258841537816893,0.10732466063348411,0.0036107304040341997,0.008765716809192798
814796612,1086514068,3,0.1756504524886878,0.014623047128266555,0.2889423076923077,0.0047128356527536665,0.044396125213083316
814796612,1086514329,3,0.8622464674128761,0.007774423108751197,0.21563914027149333,0.014435644261538932,0.004166525762484487
814796612,1086514517,3,0.83977286258633,0.015425498576095938,0.28784234341509884,0.03231235221028323,0.0003349779826392715
814796612,1086514795,2,0.7142079959514169,0.01569149265502835,0.25053137651821855,0.01023214597080365,0.18635868545650028
814796612,1086514958,3,0.8100425696594428,0.002749546708480509,0.12597046915932364,0.007416323293000401,0.05760597562913774
814796612,1086515676,3,0.9166453322219575,0.0084520349212639,0.20113866396761126,0.038124810438603135,0.024224941937762288
814796612,1086515918,3,0.34253046360244505,0.014062166077091579,0.2822219576089546,0.0028953553798297667,0.028496281478277586
814796612,1086516217,3,0.2794549297451774,0.016726602379715353,0.3157641700404858,0.007022954678783733,0.018650516869323473
814796612,1086516532,2,0.23211255656108595,0.039273689313601784,0.3963518099547511,0.013195972453104299,0.18838693113399857
814796612,1086516665,2,0.7594032805429864,0.008749337974562867,0.18707579185520362,0.011604005470871849,1.3001571745562037e-05
814796612,1086516823,3,0.591992637135826,0.010722253068530042,0.2289309954751132,0.04406824956337607,1.802717764950658e-06
814796612,1086517195,2,0.27948246606334837,0.007186110166471303,0.1695418552036199,0.00227161718066775,0.00856514654215976
814796612,1086518255,3,0.22706348733825513,0.052564374803060386,0.5327176113360325,0.0034421402961015337,0.05967404942931808
814796612,1086518828,3,0.5154009883305549,0.01943595064026187,0.32229251012145754,0.0058168699033558,0.0004379861805019854
814796612,1086519023,2,0.645149886877828,0.0003149219613772238,0.035492081447963786,0.0132591896690428,0.0016757631347766194
814796612,1086519202,2,0.3648897058823529,0.07405447831515785,0.5442590497737556,0.00747301033698015,0.0003891024014787797
814796612,1086519773,2,0.6040612348178138,0.020602272980472146,0.2870698380566802,0.0061350804753601,0.011227311396935287
814796612,1086519977,2,0.9573670814479638,0.0004959942162450546,0.04454185520361964,0.006191800115629999,0.00023106407302522477
814796612,1086520153,3,0.7358731245534651,0.029911868425606485,0.41095647773279353,0.008405439555644934,0.019616124492439112
814796612,1086520713,3,0.36602316027625625,0.007014600049354093,0.1950583472255299,0.007386337344845101,0.005995840642593467
814796612,1086521221,2,0.8507494343891403,0.006259154586118732,0.15822963800904977,0.0104502076283097,0.011716715536447351
814796612,1086521373,3,0.15168145193299987,0.03565714896463537,0.41120951417004054,0.0035861302749253337,0.05666092084432898
814796612,1086521644,3,0.7929323450027784,0.008745441045995407,0.2280617408906881,0.03964665532112113,0.0002635830196974492
814796612,1086521907,3,0.3600157775660871,0.006724395652997799,0.1907522624434389,0.002941118398060333,0.0037047792772012347
814796612,1086522270,3,0.3005184766214178,0.06469387503014318,0.5979638009049775,0.005256816628389001,0.11338700532453143
814796612,1086522507,2,0.6065915991902834,0.0907835807588327,0.6026062753036436,0.00696309853810815,0.10049958833558367
814796612,1086522998,2,0.22730486425339363,0.001561993133650521,0.07904411764705888,0.0031628682045265503,0.0007332516562032917
814796612,1086523438,3,0.9437926688894182,0.0038016170634200507,0.14013009049773772,0.028902430087327933,0.0010886844715357338
814796612,1086523744,3,0.24686582122727632,0.037569242058166696,0.4740533460347702,0.0073393919349958,0.047168296193976604
814796612,1086524448,3,0.040087421608319365,0.00045271876758935504,0.046451536080019104,0.0015876017666111,0.011992407545394866
814796612,1086524622,3,0.6314474676510279,0.09816433727716202,0.7281123481781376,0.019731545743221997,0.06290737160229222
814796612,1086524899,2,0.0645503393665158,0.002834297652395016,0.1064762443438914,0.0012024273455607999,0.007923315780095103
814796612,1086525033,3,0.8572442843534174,0.011159174753602437,0.2317590497737555,0.023297804097334496,0.002337035798224671
814796612,1086525275,2,0.40547228506787325,0.022444886732266453,0.29963235294117657,0.0036723802331835,0.03972333075214726
814796612,1086525402,2,0.5660812098118599,0.06104688823351889,0.4941533698499643,0.0165106286294758,0.002948989182831445
814796612,1086525890,3,0.8382675438596491,0.014905932736927705,0.2880819838056681,0.0301481294057642,0.16211727882370683
814796612,1086526146,3,0.6312470231007383,0.04091160528775153,0.47900690640628724,0.0344892318050066,0.0013979456431861875
814796612,1086527192,3,0.20617756211796456,0.010606292763318195,0.24416527744701116,0.004615293233655366,0.10193037271357341
814796612,1086527627,3,0.7410509446693657,0.005823970102999378,0.17348178137651826,0.005647745759536767,0.0008864062384233655
814796612,1086527892,2,0.4654262919742796,0.1101855770570693,0.663884258156704,0.00669607589952645,0.05094164027560513
814796612,1086528046,2,0.599335407239819,0.02102746047922084,0.2900169683257919,0.0102017819881439,0.005690944411777504
814796612,1086528229,3,0.4070994085893467,0.053227345085793076,0.5574065253631818,0.012544768474375167,0.08134063512552214
814796612,1086528400,2,0.4761736425339367,0.03071910498639719,0.3505373303167421,0.0059291443321853,0.0010077392793068321
814796612,1086528616,2,0.17597567873303166,0.013428064288008546,0.23175904977375572,0.00180816266220055,0.00014616645882813617
814796612,1086528953,3,0.41033132888783036,0.055091125970057504,0.5180414979757085,0.005401426848644967,0.021888555148339275
814796612,1086529260,3,0.7061934389140271,0.013346455739883833,0.2757918552036198,0.0066395607621719,0.041210479778155944
814796612,1086529744,2,0.4333286199095022,6.15887602756905e-05,0.015695701357466063,0.00356956769246605,8.578238090180371e-05
814796612,1086529872,2,0.7093467194570136,0.042825352810970795,0.4138857466063348,0.0115986810997128,0.00039470092526002685
814796612,1086530095,2,0.8759191176470589,0.0003149219613772258,0.0354920814479639,0.01861563138663765,3.279635225783642e-05
814796612,1086530232,3,0.8667495236961181,0.002864507057231598,0.1272564896403906,0.012330097146332234,0.0027381746555398836
814796612,1086530487,3,0.6935416170516789,0.03413283260520651,0.44228238866396763,0.017947680316865434,0.002781302317186847
814796612,1086530896,3,0.08162310470747,0.008211437225714631,0.2023472850678734,0.0053864161794384,0.025671935837931776
814796612,1086531521,3,0.7809920020639834,0.0059290406687220595,0.1870088116218147,0.012204623160262834,0.007138519276825271
814796612,1086531993,3,0.7992136024450266,0.00591539299051821,0.17730263157894732,0.01989770851408437,0.046498969619650075
814796612,1086532444,2,0.14431933198380564,0.0009710351712964471,0.062322874493927094,0.000986728729913,0.000621841046249324
814796612,1086532565,3,0.2809324640787489,0.041907035874602684,0.4720394736842105,0.008740434966360499,0.06807627204858623
814796612,1086532769,2,0.3346295248868778,0.0011661375128606082,0.06829751131221717,0.0032087552826851,0.005251740221138491
814796612,1086532979,2,0.20142816742081443,0.03444404279479589,0.3711821266968327,0.0033975706901400995,0.027817070194930998
814796612,1086533490,2,0.7882494343891403,0.0001496055520080468,0.024462669683257943,0.00453091936651615,0.0159269253883136
814796612,1086533586,2,0.8921804298642533,0.00038354386715310634,0.039168552036198956,0.011870923452079251,0.004810536557720457
814796612,1086533776,3,0.4620738072556958,0.018404737643148834,0.3293775303643725,0.007408976244429701,0.0036695938734480522
814796612,1086534214,2,0.46373020361990946,2.1119431228374063e-05,0.009191176470588314,0.0077807300258427,9.382026147345509e-05
814796612,1086534560,3,0.5355337580376279,0.030102775448646146,0.4128795546558704,0.013534308023129866,0.05488133703137229
814796612,1086535046,2,0.48514527268397234,0.0569008248669534,0.47707787568468696,0.0016780220321379,3.232920396735381e-05
814796612,1086535168,2,0.32147907239818996,4.323360016430873e-05,0.013150452488687792,0.00535323866643005,0.01032212326253813
814796612,1086535649,3,0.21011004604270855,0.025048562486394785,0.3576074660633485,0.003894491664444366,0.003927013290909539
814796612,1086535954,3,0.15945512820512817,0.007921648997370153,0.2115384615384616,0.001985603128559833,0.0032179271355078434
814796612,1086536430,2,0.9238546380090498,0.0006586713215459357,0.05132918552036203,0.031317719258367946,1.0122330943777025e-05
814796612,1086536704,3,0.6437767920933556,0.0034730796754148976,0.134139080733508,0.016702053913225698,0.04528577186072594
814796612,1086537053,3,0.3798925339366515,0.03801631559123824,0.4766968325791855,0.002640011565138867,0.0335904762748502
814796612,1086537218,3,0.7821073469873779,0.012317811146482107,0.26515688259109316,0.013655244838446335,0.012633601972693644
814796612,1086538010,3,0.45913957688338486,0.05476136197682865,0.5575657894736842,0.0070487619377672004,0.007448901065026024
814796612,1086538330,2,0.8606476244343892,0.008775810994157071,0.18735859728506798,0.033333584666252095,0.0029253536427514826
814796612,1086538902,2,0.5842053167420814,0.06743686324789878,0.5193721719457014,0.00315970100928095,0.005170081752843409
814796612,1086539275,3,0.64016879018814,0.04287909060242414,0.48543552036199106,0.009756254497915466,0.018604401811951957
814796612,1086539471,3,0.8089034095419544,0.01740144035324304,0.29713026911169316,0.013104802618424033,0.0005330236559542852
814796612,1086539623,3,0.7383826506311028,0.06558433578974432,0.5890092879256965,0.009498960474350733,0.14569026758925716
814796612,1086539840,2,0.5969256072874494,0.0010253931860975418,0.06404352226720644,0.0042350909207015995,0.05042592988969864
814796612,1086539950,3,0.5883737199333176,0.0014704548145188304,0.0835779352226721,0.008879705642660435,0.09456007820578093
814796612,1086540341,3,0.2908971382075097,0.055440335509445826,0.5629242081447964,0.004384551740561867,0.06272432562248838
814796612,1086540754,3,0.4188740374692386,0.11653889543082414,0.8358552631578948,0.007319990157460099,0.064359041048438
814796612,1086541251,2,0.4717901583710407,0.01518624069205432,0.24646493212669685,0.0043997114989906,0.034496548949972866
814796612,1086542707,2,0.2383342760180995,0.003369316578604552,0.116091628959276,0.00317559746326875,0.024259648215958416
814796612,1086543247,3,0.6669122608557593,0.06860737576905317,0.6046082400571564,0.0040476180147379,0.00016724322663687138
814796612,1086543534,2,0.2996844486782567,0.018097265564539503,0.2690521552750656,0.00184957048622885,3.287311373482196e-05
814796612,1086544598,2,0.28711821266968324,0.004039939748687066,0.1271210407239819,0.0040943219792097,0.00047112077487408027
814796612,1086544677,2,0.7411623303167421,0.006416753030560901,0.16020927601809953,0.0063284379430114494,0.006348970903352204
814796612,1086545190,2,0.763362556561086,0.013005415731979789,0.22808257918552033,0.00403380789794025,0.009313669171712806
814796612,1086545339,2,0.22292138009049767,0.00237297929282007,0.09742647058823531,0.0044388263486324995,0.001224802044196987
814796612,1086545426,2,0.68422838771136,0.08841735532836759,0.5947011193141226,0.00253283849451685,0.0027544373664649064
814796612,1086545977,2,0.8667279411764706,0.004039939748687066,0.1271210407239819,0.0088679827749729,0.0008859713870646591
814796612,1086546148,2,0.3377403846153846,0.007282324796597638,0.17067307692307698,0.0021411539637483,0.014943264759948094
814796612,1086546324,3,0.08559230372310862,0.0007040333319899436,0.06462104072398189,0.0030418715517346335,0.038058999518365576
814796612,1086546691,2,0.5122231483686592,0.05816321816861667,0.48234103357942365,0.00265713571570805,0.0001523305016373722
814796612,1086549659,2,0.8499940462014766,0.00044296264559298936,0.04209335556084781,0.009499258012510801,0.07333725766735535
814796612,1086551672,2,0.04764824958323405,0.00018057240661242336,0.026875446534889304,0.00080072114360515,7.664682577605972e-06
814797528,1086489788,3,0.7325174825174825,0.0028053078752379463,0.12296037296037299,0.05088213334480917,0.008377737690091999
814797528,1086489815,2,0.2948717948717948,0.0059171597633136145,0.1538461538461539,0.00273580604698505,0.0014792899408284021
814797528,1086489836,2,0.6025641025641025,0.016436554898093363,0.25641025641025644,0.0229192064143717,0.05325443786982248
814797528,1086489843,3,0.1956099456099456,0.04661197172852185,0.4772727272727273,0.00460023417448,0.00838830296872255
814797528,1086489857,3,0.6858974358974358,0.0651709401709402,0.6153846153846154,0.04084836435504253,0.11478971473143967
814797528,1086489879,3,0.7010489510489512,0.00489451625815262,0.16724941724941722,0.04700530196229613,0.005508811744242982
814797528,1086489895,3,0.16802641802641802,0.008929245234606547,0.22668997668997679,0.0136187667958438,0.015005487907585803
814797528,1086489934,3,0.765928515928516,0.04341431468471096,0.48426573426573427,0.044406249498327534,0.02059421843804127
814797528,1086489948,2,0.4615384615384615,0.07248520710059171,0.5384615384615384,0.0177726107649505,0.06574621959237344
814797528,1086489978,3,0.44036519036519034,0.011485740798095117,0.2558275058275059,0.007057250244542901,0.03409030536070163
814797528,1086490001,2,0.7491258741258742,0.018357407452687165,0.27097902097902093,0.008675067452713799,0.03845347300329818
814797528,1086490033,3,0.18123543123543118,0.0019984224529679046,0.1025641025641025,0.0048317156421641,0.010612746918108226
814797528,1086490057,3,0.32808857808857805,0.05060987316232072,0.5099067599067599,0.006709793660168799,0.01622653225217328
814797528,1086490079,3,0.8510101010101009,0.002378168753460128,0.1043123543123543,0.05051244298617039,0.00417124746961577
814797528,1086490089,3,0.7134809634809636,0.0317076840969615,0.435897435897436,0.051313286647200564,0.08028713710531891
814797528,1086490124,3,0.8727661227661226,0.005570392225403872,0.16958041958041947,0.04305770123998317,0.0006665936153115647
814797528,1086490156,2,0.42919580419580416,0.050467779598024363,0.4493006993006994,0.01259090797975655,0.020634753261501514
814797528,1086490177,3,0.3851981351981351,0.00011025622913734768,0.025641025641025605,0.025428898011644635,0.0055903153222500584
814797528,1086490208,3,0.6252913752913752,0.003383983279088175,0.13694638694638694,0.03028229748209314,0.024339760645121954
814797528,1086490238,3,0.2857420357420357,0.01875495436101497,0.3350815850815851,0.0182862772295872,0.006151482550083948
814797528,1086490270,3,0.48115773115773114,0.025613933247965893,0.3642191142191143,0.05224351584911343,0.004017296266713516
814797528,1086490298,3,0.5798368298368298,0.011393068211250029,0.2476689976689977,0.010099782142788134,0.017193708044523897
814797528,1086490352,2,0.6923076923076923,0.019888231426692965,0.28205128205128205,0.032997340429574196,0.016436554898093356
814797528,1086490418,3,0.8016705516705517,0.011727534746182764,0.2564102564102564,0.0244676489382982,0.011004869687853367
814797528,1086490461,3,0.9687257187257187,0.0006810831402906018,0.05536130536130546,0.09704164912303283,2.1809753744485793e-05
814797528,1086490855,2,0.3846153846153846,0.0014792899408284047,0.07692307692307698,0.0128286459948867,0.004109138724523342
814797528,1086490940,2,0.423076923076923,0.11111111111111112,0.6666666666666667,0.01692715194076295,0.053254437869822494
814797528,1086491295,2,0.5384615384615384,0.13823142669296518,0.7435897435897436,0.0125767546705901,0.07248520710059171
814797528,1086491443,2,0.16666666666666666,0.010519395134779749,0.20512820512820512,0.0084989985916763,0.0014792899408284025
814797528,1086491523,2,0.0256410256410256,0.00016436554898093312,0.025641025641025602,0.0009209136624121501,0.0
814797528,1086491600,2,0.23076923076923075,0.0014792899408284025,0.07692307692307693,0.005539305508136701,0.0
825183217,1086492915,2,0.31700626959247646,0.0005713448668939981,0.047805642633228895,0.00698120985180135,0.0004988711294110706
825183217,1086492984,3,0.4330916927899686,0.08051496352359942,0.6950431034482759,0.010492031540100734,0.02166964963997886
825183217,1086493082,3,0.6838100835945663,0.06187414841652389,0.5880681818181818,0.0136938852568467,0.013708406165344937
825183217,1086493148,2,0.6235795454545454,0.047232131327479346,0.43465909090909094,0.00311859953217205,0.018984455707644628
825183217,1086493213,3,0.6143221003134797,0.029453479179564545,0.4127155172413794,0.011920759143928634,3.864455617137751e-05
825183217,1086493384,3,0.43067528735632193,0.13802418788809623,0.8545258620689656,0.0035487665445543336,0.010560149056367369
825183217,1086493441,2,0.716692789968652,0.006203414127219654,0.15752351097178674,0.0105176698416471,0.00028390665382612356
825183217,1086493543,3,0.668789184952978,0.019737545521286797,0.33307210031347956,0.022693265850345232,0.0008952779913773988
825183217,1086493687,2,0.681573275862069,0.000641268300386444,0.0506465517241379,0.03673584805801505,0.0012265090851664702
825183217,1086493993,3,0.5836925287356322,0.09285226953692693,0.6885775862068966,0.013148344044263134,0.08809838134138377
825183217,1086494076,3,0.40043756530825486,0.019906992122200276,0.3267045454545455,0.006859913623581266,0.008946107058177713
825183217,1086494149,2,0.4494514106583072,0.023715034492585572,0.30799373040752354,0.013935154071077649,0.02395702307367263
825183217,1086494176,3,0.9229689132706375,0.0011733498951519293,0.08238636363636365,0.053261966754992764,3.321926226375732e-05
825183217,1086494248,3,0.2551920062695925,0.06557442065026549,0.5823863636363636,0.002892410770679466,0.005313975151062022
825183217,1086494288,3,0.9209443573667712,0.0017074001315992018,0.097962382445141,0.03149546620746447,0.005648807912794575
825183217,1086494537,3,0.4631987983281087,0.003671953649700989,0.14811912225705332,0.005895457463338933,0.009042073341920991
825183217,1086494581,2,0.37073863636363635,0.023100545583677683,0.3039772727272727,0.0046736241783946,0.023100545583677683
825183217,1086494677,2,0.7229623824451411,0.0003391832332622517,0.03683385579937304,0.00976333790458735,0.049363367350949774
825183217,1086494760,2,0.3475705329153605,0.1055231436896257,0.6496865203761756,0.00350805104244495,0.01014156331993593
825183217,1086494804,3,0.7451998432601882,0.028928658767029297,0.38900862068965525,0.026609372347593266,0.03811229943814427
825183217,1086494863,2,0.19788401253918492,0.016822659221116153,0.2594043887147336,0.0099823038326576,0.06872122546948242
829561794,1086496279,3,0.31358410376810936,0.013186079831366972,0.24685460407328783,0.0017478646477684,0.0007617801158609299
829561794,1086496508,2,0.9670973612374886,1.79794519130226e-05,0.008480436760691656,0.04832571372389785,0.00020616674435606537
829561794,1086496737,2,0.7138125568698817,0.012521996918366524,0.22380345768880805,0.0093126441352069,0.024034873625704892
829561794,1086497013,2,0.8327752502274794,0.007117893096627678,0.1687352138307553,0.0164879327639937,0.0001429536819393261
829561794,1086497815,3,0.4292591094785008,0.020369631146898107,0.34664902998236335,0.004246457732127333,0.05768023557183266
829561794,1086497978,2,0.3515274828969096,0.000753689655993747,0.05490681764567118,0.0036795409396290497,0.02316717625769106
829561794,1086498330,3,0.4412638874846943,0.14573516664938732,0.8573366359990564,0.017585745546966736,0.05537988818480235
829561794,1086498467,3,0.9392346577696896,0.0006312392358069889,0.05761904761904779,0.10819187760353083,0.0001668596943188591
829561794,1086498831,3,0.9612083937137017,0.0005346001844950598,0.056455026455026425,0.0088497294733921,0.012428378534396165
829561794,1086498986,3,0.14127467169930014,0.003326674912046182,0.1278980891719745,0.008402147175123232,0.0026302768977516395
829561794,1086499167,2,0.9102733686067019,0.0003348189984727328,0.03659611992945333,0.02722058352082965,0.003138568426913521
829561794,1086499567,3,0.17497549212340432,0.004551238390336539,0.1456908075804042,0.0032683223641166667,0.008939983749717615
829561794,1086499734,3,0.28673530369921024,0.01618142387667657,0.2841856232939036,0.0131268513699372,0.014279330585900795
829561794,1086499968,3,0.34590207334014833,0.09450972031422515,0.6719753086419754,0.0026723506549993664,0.024966390738777225
829561794,1086500171,3,0.7059583160149332,0.05227120002116494,0.5372926004560825,0.061852678656578,0.003941767294506695
829561794,1086500321,2,0.5487831249508532,0.04509820170963166,0.424726743728867,0.00669118179939685,0.014590956808782005
829561794,1086500457,3,0.1093769120449941,0.012273674772319864,0.2434212920837125,0.0013921303325331999,0.001747798398546032
829561794,1086500591,2,0.06962137296532195,0.0017508864582190765,0.08368719037508851,0.0015265340334735499,0.005849537292490699
829561794,1086500642,3,0.2906072111946139,0.02558648502280277,0.38594356261022933,0.0025260768985996334,0.0382605399424671
829561794,1086500753,3,0.3970318321556821,0.05738412981202632,0.5336487716105551,0.016764060438921,0.06367542524302483
829561794,1086500951,2,0.5059700176366843,0.07199331306825428,0.53663139329806,0.0133532620966434,0.004849513435918493
829561794,1086501199,3,0.6578258199560393,0.02666996179960776,0.3546208112874779,0.0098175240370134,0.008089161467594775
829561794,1086501481,3,0.6483646936796265,0.00652228304052119,0.17590536851683347,0.005802036573489433,0.040185655423726215
829561794,1086501666,3,0.8376734180343522,0.01511235710108866,0.30100090991810746,0.02408994299670053,0.004103382480219634
829561794,1086502180,2,0.24124203821656048,7.670189460018683e-05,0.017515923566879005,0.00179263751488175,0.00040960323376109753
829561794,1086502318,3,0.3475496616827119,0.041651257614577164,0.49986238892820634,0.010301275954892199,0.08178582413307937
829561794,1086502440,3,0.9276315917575649,0.004781955299530362,0.15382951954077229,0.1010583490133285,0.003078408892039355
829561794,1086502593,2,0.5845816623417472,0.010751604195670512,0.20737988519304867,0.0048406217247247,0.006178810494001225
829561794,1086502780,3,0.22726552758399887,0.03511941327751387,0.45550500454959064,0.002867088187485867,0.005354608014279061
829561794,1086502886,3,0.7173288473996188,0.009548525346330423,0.23411575057010303,0.0403701824446519,0.0028082594880257587
829561794,1086503241,3,0.3004147803652404,0.03490519211420078,0.43578483245149924,0.0060175997205078,0.017549102318893298
829561794,1086503410,3,0.46210131170499175,0.02385218730899764,0.37346678798908106,0.0395400573809941,0.0032867238250872694
829561794,1086503547,3,0.6306297531987552,0.014257450745668284,0.2553594176524114,0.010146068719526067,0.017939462631767874
829561794,1086503688,3,0.3609555637934972,0.05662811946756282,0.5091806243610915,0.007804738202442633,0.06006308102277602
829561794,1086503820,2,0.1310282074613284,0.006931812442612647,0.16651501364877158,0.0035486316774039997,0.03825067506981697
829561794,1086503961,2,0.6335537918871252,0.001434498925313151,0.07574955908289238,0.013431282248347949,0.010588664075598232
829561794,1086504419,2,0.5327248677248677,0.036150282046975166,0.38026455026455025,0.01579528255388135,0.0038201992136589415
829561794,1086504796,3,0.8722816102929337,0.019324566147179752,0.31879890809827127,0.048100639134645434,0.00024283125864285656
829561794,1086505135,3,0.8157286646670935,0.0006879989627749352,0.06260236578707912,0.047970974196990264,0.0030885887087188633
829561794,1086505410,3,0.7218159044698322,0.0056252966435827965,0.17899268695447046,0.005472083110362266,0.006104667001315081
829561794,1086505674,2,0.7792423527561532,0.013377722727938553,0.23132421168514594,0.0038798303576186,0.004171705267948894
829561794,1086506014,2,0.21533509700176362,0.001104653736208703,0.06647266313932979,0.0018695426406338,0.0004512814590856922
829561794,1086506087,3,0.5761464780926918,0.008950695154442915,0.21000909918107374,0.008343800902366598,0.029815439738067422
829561794,1086506269,3,0.38691054718655565,0.005488580220239579,0.1678835978835979,0.002776925064002433,0.02695747763968857
829561794,1086506415,3,0.4011591158441831,0.02272674975237172,0.3244767970882621,0.0023380577331408334,0.012944600271359312
829561794,1086506573,2,0.23050045495905364,0.007188694495202432,0.16957233848953587,0.00541037926450365,0.0035045538130867603
829561794,1086506699,3,0.7126944060631252,0.012574826249278486,0.26057639380357,0.004065206352000433,0.020746478627592255
829561794,1086506848,2,0.3585626102292768,0.00413151935213958,0.1285537918871253,0.0041247665649279,0.03881316942414825
829561794,1086507110,2,0.25633993866477944,0.02386656896711866,0.3089761736258552,0.0035443538217804996,0.03690812926380761
829561794,1086507238,2,0.3051763668430335,0.00014319689009577248,0.023932980599647213,0.00167657207930455,0.002682216887669563
829561794,1086507366,2,0.20453919949673666,0.02261988089100804,0.3007981442164033,0.0017581012216396,0.001528135501792832
829561794,1086507648,3,0.21647547152855004,0.04546300050119453,0.47084656084656096,0.0014944099433098666,0.003114507807618508
829561794,1086507958,3,0.6426383506142882,0.0004109336617974546,0.04873397813949831,0.0150260838369528,0.004734165392931122
829561794,1086508153,2,0.7542592592592592,0.00020332647462277065,0.0285185185185185,0.02425475604832165,0.0012648246907359189
829561794,1086508694,3,0.27580340526554253,0.040499618056195855,0.4929425178894393,0.019644292071461632,0.011040589251852008
829561794,1086509300,2,0.6257142857142857,0.015804081632653063,0.25142857142857145,0.0057574466336518,0.010102170473447192
829561794,1086510211,3,0.7033038265239258,0.03056672544947579,0.4276366843033511,0.0137084282469004,0.06251815793050285
829561794,1086510417,3,0.5104947258450443,0.03332040323360668,0.4064048124557679,0.0089253836777061,0.0628993946407944
829561794,1086510598,3,0.6586595745477557,0.09008255639881481,0.6839860029881263,0.009013195832570367,0.09137603800081896
829561794,1086510894,3,0.4375290293832403,0.036769098498075636,0.44382165605095536,0.014972799768050467,0.0073813456127880366
829561794,1086511073,2,0.3908730158730159,0.06349600025195265,0.503968253968254,0.0105226438026875,0.012351558606981889
829561794,1086511430,3,0.42172753382236744,0.01846711224741496,0.308694885361552,0.010219133614251967,0.0052738182549218115
829561794,1086511645,2,0.7463756613756614,0.001653347470675514,0.08132275132275135,0.003865024424158,0.0056674076718021445
829561794,1086511896,3,0.257020973050697,0.02655782716401411,0.3967242948134668,0.003665972656259867,0.02361945067938147
829561794,1086512398,3,0.4563122105018778,0.008632472614364915,0.2211816578483245,0.007864836758623468,0.0058763650978501765
829561794,1086513018,2,0.0803457688808007,0.0014053970811416803,0.0749772520473158,0.0011609051434787999,0.00021142588886745414
829561794,1086513472,3,0.2866701490692998,0.12550424818101483,0.7780527752502276,0.013828839136597935,0.1152321422855375
829561794,1086513956,3,0.24149162912786404,0.0012647890934376156,0.0792720655141037,0.0023534115171059667,0.03890346839115069
829561794,1086514131,3,0.34955133173816827,0.01846543816062587,0.29116402116402107,0.0031662210822105004,0.001318638599164833
829561794,1086514401,2,0.43853699771958793,0.00045537620173209426,0.042679090980577095,0.0025513517321087,0.006567982748633676
829561794,1086514723,3,0.5870779271840844,0.004437757997301156,0.1627152630337343,0.012912287066380132,0.0005753725013314721
829561794,1086514918,3,0.054624181354542244,0.0046916949867507815,0.14824385805277532,0.0029922925168648,0.01897558683283677
829561794,1086515063,2,0.6547829676810568,0.05055602138941577,0.44969332389714556,0.0058050469961017,0.041331174559741196
829561794,1086515221,3,0.9817191460998963,0.00045876106723226454,0.045485008818342165,0.08512478383878863,0.00487526815413848
829561794,1086515681,3,0.7414064038763261,0.04632804705536203,0.46413102820746127,0.043599969396988535,0.0004744634219953939
829561794,1086515906,3,0.444706223764964,0.047934789376159546,0.5362693357597816,0.011743114640315334,0.007339495808687923
829561794,1086516281,3,0.5662349610757255,0.017988577504709318,0.3253715498938428,0.005589049930373766,0.015222190544295975
829561794,1086516485,2,0.6542416225749559,0.0016035292809396297,0.0800881834215168,0.00942805199883875,0.009166289437585733
829561794,1086516800,3,0.366448548437225,0.0010097173166791977,0.07031925768656128,0.006467260420322366,0.004191948569002449
829561794,1086517119,3,0.7847164837469154,0.007337450367772433,0.1865784832451498,0.039033680843810196,0.006601673629185945
829561794,1086517817,3,0.3996536694413552,0.05907854901472997,0.5754305260674688,0.005151691768939234,0.030681265776973273
829561794,1086518159,3,0.3421939511040714,0.0005602808231305417,0.056384479717813074,0.007394222232202634,0.0201219519627395
829561794,1086518318,3,0.3424359968096698,0.04055814255177382,0.4876719576719577,0.006647231678167967,0.021151465185464447
829561794,1086518836,3,0.09763777021384946,0.004136122345870679,0.1517636684303351,0.0033320905640720666,0.024831805265622883
829561794,1086519122,2,0.09725204731574154,0.00511765133494673,0.1430755232029117,0.0025726398453116,0.0008467623391601761
829561794,1086519345,3,0.6986290941634182,0.035987956895612766,0.46114638447971773,0.015615812813242267,0.010333947817003324
829561794,1086519541,3,0.8300516743616532,0.01629978628612012,0.29941798941798936,0.03306324283281956,0.04117998998640473
829561794,1086519798,2,0.56196542311192,0.0005640084749060491,0.04749772520473161,0.00215835554990915,0.004926788104994117
829561794,1086519947,3,0.2815499687332666,0.02255489411292541,0.3516287534121929,0.0027221413329243335,0.0015490645641275138
829561794,1086520215,3,0.7350670830571752,0.033192569951680496,0.4044620811287478,0.023249484288195732,0.0070103592690837395
829561794,1086520540,2,0.7632716049382716,0.018694654016156075,0.2734567901234568,0.01111058075912295,0.036016274351533026
829561794,1086520773,3,0.7608740081705404,0.02204548393973636,0.3575250227479527,0.05065215813616906,0.008638581816461419
829561794,1086521422,2,0.25588717015468604,0.0028121837951781818,0.1060600545950865,0.0038791745901107,0.004842842819305497
829561794,1086521664,3,0.2390239162425999,0.0010353298041469899,0.0742510025949516,0.005311055147709899,0.03499631364780492
829561794,1086521859,3,0.30457846077803613,0.04429207345082072,0.45853974994102387,0.004107907957707833,0.0038891088341061453
829561794,1086522020,2,0.3910141093474427,0.00030825945833294486,0.0351146384479718,0.0041808498790487005,0.008835005319000028
829561794,1086522276,2,0.3948059964726631,0.024857665503329827,0.31532627865961205,0.0030748205026611504,0.004115663755214022
829561794,1086522435,3,0.4276461953815103,0.08634705625827582,0.6912101910828026,0.004274421216299067,0.002949671862830946
829561794,1086522611,3,0.49481253065824893,0.006228531441996243,0.1842612251317135,0.007173783145844899,0.011976428252516299
829561794,1086522827,3,0.16799982775212782,0.013953735060364824,0.2632980599647267,0.005635952887435733,0.02820003458460073
829561794,1086523626,3,0.8687854278300137,0.0037898340700978136,0.14667374380750164,0.1737948010365168,0.00013373345602779477
829561794,1086523865,3,0.7354814515253297,0.0027121923606561117,0.11748862602365795,0.022934854030609103,0.00033059599308247036
829561794,1086524144,3,0.8873089640039392,0.00451550672649606,0.15264999606825513,0.0157580741991599,0.014798030892411093
829561794,1086524429,3,0.8904583291207495,0.0009528887052904818,0.07200990799716922,0.030657431110739635,0.0008754565817055592
829561794,1086524681,3,0.8626439673927289,0.0036315009824594096,0.1470063694267515,0.0644973243276278,0.0009860643050563177
829561794,1086524935,2,0.462107808445388,0.006802649980764226,0.1649563576315169,0.00261656637303525,0.0004800326974814183
829561794,1086525289,3,0.3840356553095406,0.016224478126466314,0.28083712465878075,0.004294261258716334,0.03366710597949149
829561794,1086525575,3,0.9773855394166789,0.00021064149244454049,0.033303002729754394,0.19404789308706916,2.1071488764938338e-05
829561794,1086525811,3,0.9682815653587062,7.2981603369936e-05,0.020123456790123395,0.076970395942529,0.0007239774279432384
829561794,1086526117,3,0.24277307840648246,0.007635152485615345,0.2120811287477954,0.005976207166289199,0.011744513878304457
829561794,1086526329,3,0.6617423621174506,0.03826800374838984,0.47863096642289854,0.004062600589046833,0.0060808075381589
829561794,1086526515,2,0.9015784832451499,0.008073038346568619,0.179700176366843,0.024412838276475602,0.014491149075084987
829561794,1086527129,3,0.8599481384123989,0.0012169380939873358,0.08218380345768872,0.014816423567632799,0.0037344674683459415
829561794,1086527432,3,0.35506513590731564,0.10060204381865374,0.7608641975308642,0.0272059231065213,0.03408976708940621
829561794,1086527646,2,0.35747042766151044,0.02217091193002822,0.29779799818016384,0.0042112413793802,0.01710169009629898
829561794,1086527934,3,0.13344211160913214,0.0008150306988813521,0.06975308641975309,0.0045971310852716,0.0027648137157070735
829561794,1086528154,2,0.02784349408553225,0.0001838133931003544,0.027115559599636102,0.0031345423776656,0.015512600502897411
829561794,1086528582,3,0.6504832676170257,0.02212189061150731,0.34525932666060055,0.019034067479272634,0.0038318892323070757
829561794,1086528811,2,0.6708201058201058,2.6069398952996917e-05,0.010211640211640227,0.0040347953327,4.899156736311352e-06
829561794,1086529208,3,0.584904758160243,0.10612502422685939,0.7277425044091711,0.016495412836472167,0.010845850928354632
829561794,1086529369,3,0.5586201822082927,0.004887682023373787,0.15169312169312177,0.0469276948521534,0.0016745160946626824
829561794,1086529889,2,0.7330246913580246,0.05430050678250263,0.46604938271604923,0.0484663881361484,0.020114443184681273
829561794,1086530196,3,0.426816110418375,0.06041014238633299,0.6013830755232029,0.040593543710807936,0.006350909778774397
829561794,1086530492,3,0.5223623046765297,0.012911310373076029,0.24767195767195765,0.009561423833171467,0.02200375445324741
829561794,1086530805,3,0.5314483050434925,0.09457762406845521,0.743080128961233,0.016222750923285834,0.010139603030161707
829561794,1086531013,2,0.24629663330300272,0.03219069399677597,0.358835304822566,0.0053367122309282,0.06365634603713691
829561794,1086531248,2,0.3763761107179366,0.045282079652242194,0.4255917276087128,0.0026983147254213,0.006123305553052806
829561794,1086531469,3,0.4168962056789374,0.027991102304562598,0.37980599647266317,0.0029354523479317002,0.01073716714313907
829561794,1086532103,3,0.2535735442246412,0.12560249591806505,0.7519199272065515,0.002194745097464533,0.01820312689550695
829561794,1086532348,3,0.5803051408500807,0.018102712648819335,0.3295414462081128,0.0081116521420578,0.008481373506675938
829561794,1086532767,3,0.3537603208303845,0.020158263512166236,0.3477777777777778,0.004655584925785634,0.010898170996019937
829561794,1086533054,2,0.4605026455026455,0.003888083340332025,0.12470899470899482,0.0032994392095133003,0.001718519218386942
829561794,1086533243,2,0.22073192239858905,0.0337049448814734,0.3671781305114639,0.00201378588099025,0.0025274115910653245
829561794,1086533483,3,0.7143296374931194,0.04421062984042953,0.47814814814814816,0.0160175350805123,0.005053500724811884
829561794,1086533714,3,0.5170760923697938,0.13358467992430867,0.860364079578517,0.011820455702642568,0.021659006041159348
829561794,1086534405,3,0.32883208453626,0.040318640386383005,0.4914109347442682,0.007035099280377166,0.0012309992859209492
829561794,1086534734,3,0.8630926356545606,0.004142910604952933,0.15610229276895937,0.03324422923227143,0.0007577259789168306
829561794,1086534913,3,0.590232160175543,0.00023250537473935268,0.0372926004560824,0.009235935130466966,0.004224759553483248
829561794,1086535104,2,0.5620899470899471,0.07565410332857425,0.5501058201058202,0.0028393593966029,0.02028991730665746
829561794,1086535577,3,0.5831459576045562,0.15020435245121058,0.917936507936508,0.027974084019660898,0.018765013602219785
829561794,1086535858,2,0.2338671519563239,0.04098137888609133,0.404877161055505,0.00409228747594165,0.07881839110913139
829561794,1086536132,3,0.44409040017674123,0.042709152206765355,0.4847442680776014,0.009161716327071133,0.019451598517805993
829561794,1086537324,2,0.5141051348588503,0.15992609173274408,0.7998152079893057,0.01057494455017145,0.07209691615240638
829561794,1086537432,3,0.4568091830582984,0.001728624157693168,0.09186521978454038,0.0030562093403810665,0.018583834998572486
829561794,1086538336,3,0.300126901747567,0.025507051308898288,0.35119199272065516,0.0037544834582755667,0.011552662529303715
829561794,1086538618,3,0.6554258079735786,0.0010154723205436703,0.07261146496815285,0.012037829185525534,0.0003434401243874511
829561794,1086538983,3,0.6945977450506821,0.02328386739338741,0.3586067019400353,0.0169821161155899,0.030151245461070574
829561794,1086539162,2,0.2688262056414922,0.043395827292741114,0.41663330300272977,0.0029274584376252502,0.025309654156603606
829561794,1086539852,3,0.7373446492696316,0.01629003387938475,0.27927689594356264,0.03627426394571857,0.01998282673540973
829561794,1086540186,3,0.30767053475475276,0.043831577980199495,0.5107188353048225,0.0025872825644909663,0.0006843356734582431
829561794,1086540385,3,0.38579902417835893,0.04097949707196816,0.4714462081128748,0.0024953731335699,0.008465609555412291
829561794,1086540646,3,0.6147444553035494,0.02228303257093288,0.3643744593850752,0.007776676056285633,0.007859981497160983
829561794,1086541099,2,0.42314814814814816,0.015165466392318243,0.2462962962962963,0.004654062446206799,0.0008007801977672635
829561794,1086541586,2,0.7486507936507936,0.002938328294280675,0.1084126984126984,0.012400361709296651,0.007812128019932255
829561794,1086541915,2,0.3589388220492254,0.09017819616233749,0.600593693481167,0.00221912621054795,0.009873407834998967
829561794,1086543632,2,0.8677689594356262,0.012238134508490199,0.22125220458553807,0.01339464867487545,0.0011894591261287315
829561794,1086543953,2,0.3844885361552028,0.012055420325423269,0.21959435626102297,0.0039633972337469,0.030169913200762698
829561794,1086544565,2,0.5355114638447972,0.036022968826305096,0.37959435626102295,0.0061397929675876504,3.336233899138043e-05
843049827,1086490043,3,0.2997889758603785,0.005261315581834378,0.17376310989512092,0.0020348384665945666,0.00024621367687506946
843049827,1086490067,3,0.7690045665065144,0.0027323674398793602,0.1280353200883002,0.0088113606907427,0.0015793802023970815
843049827,1086490095,3,0.2227812078165626,0.013714544651838507,0.2844516945851189,0.008416238551338467,0.021759654860033676
843049827,1086490129,3,0.22717520577716174,0.03946045299534026,0.4441225165562914,0.0057497989231099006,0.03528407833637339
843049827,1086490164,2,0.6739483584131327,0.003325746852900004,0.11533857729138164,0.007406713208183599,0.017793741232063988
843049827,1086490182,3,0.6538057198853667,0.008492689629036614,0.22501155090097036,0.004861727589741267,0.016500908655903212
843049827,1086490246,3,0.9235347342386825,0.0033315499060116876,0.12320451436388524,0.011493743707736266,0.0005452771672904593
843049827,1086490281,3,0.33509585234576394,0.051044166673813625,0.5089070280815237,0.004979816071378634,0.08469496593631874
843049827,1086490308,3,0.701713396226605,0.027345676310978766,0.39326835385316916,0.011749125551432331,0.04148923602389981
843049827,1086490324,2,0.8786622207022344,0.00048722057000220143,0.04414614683082552,0.01064819796010845,0.006176092808682289
843049827,1086490349,2,0.30310932512539895,0.03577346179238431,0.3782774737802097,0.00642074574716385,0.029303920952951798
843049827,1086490365,3,0.17076440540793555,0.010405486705320042,0.2470075239398085,0.0014824126070985665,0.0009774392621914958
843049827,1086490393,3,0.5775485087510028,0.042197665296436315,0.4703013501719801,0.0068317071224252,0.009963071600188448
843049827,1086490438,3,0.6492070017082248,0.004427600692433544,0.1435284378652123,0.0048112758668139,0.08964209128775603
843049827,1086490465,3,0.8129456785537768,0.010270923952148937,0.24449954400364793,0.0150900619725386,0.0011270403758567647
843049827,1086490566,3,0.5784139455361178,0.05965920753060374,0.5479888975457734,0.0049448923673479995,0.009860991829445874
843049827,1086490612,3,0.86542174881144,0.016320081864456645,0.30407105087530173,0.022019618190824933,0.019175610247342937
843049827,1086490637,3,0.041996018336489,0.0009608417103778331,0.0729309165526676,0.0011932523824118666,0.021749870750031233
843049827,1086490675,2,0.5387169402644779,0.011787419156101615,0.217139762881897,0.00681840232573445,0.00565453593462566
843049827,1086490703,3,0.8857861885449286,0.004942884455643696,0.16812015503875966,0.008262146109094167,0.002281308929888903
843049827,1086490783,3,0.7453759277210551,0.013595632487126683,0.2833804051421893,0.015005207154899766,0.032012199955047387
843049827,1086490841,3,0.7114140139859013,0.008954089617398546,0.21258791519071818,0.005964154998461334,0.014894930427772896
843049827,1086491013,2,0.39063212494300037,0.004750889778021992,0.13785339717282258,0.0013235961087047499,0.004084582522980718
843049827,1086491160,3,0.20310063678430967,0.021131989855767922,0.3416499820319319,0.013205155468312968,0.15209555891517987
843049827,1086491207,3,0.8559156592972421,0.002827592757232357,0.12038605677909542,0.007482078081617701,0.0006186625759427829
843049827,1086491268,2,0.8092937756497948,0.005888357849960045,0.15347127222982215,0.004659969825297551,0.010204523560032453
843049827,1086491304,2,0.8809422024623803,0.00618057310799722,0.15723324213406298,0.0067829478066414005,0.03250946302407351
843049827,1086491391,2,0.5449332878846903,0.030140348237027558,0.3472195169458512,0.008076137863099549,0.047437035146285625
843049827,1086491466,2,0.20864579275418774,0.03689837653406245,0.3841790027269187,0.0014600033464375,0.007878118381267878
843049827,1086491509,3,0.3964164147613971,0.17994440004838574,0.9002970393455397,0.005671452653283799,0.1681086492640481
843049827,1086491558,3,0.2877576681373304,0.025308159642715183,0.3440628369012783,0.003562332286188933,0.024162374323376434
843049827,1086491615,3,0.45558269639803145,0.04812056614817404,0.5326762154114688,0.006263754990262232,0.06630027051095182
843049827,1086491739,2,0.7894551032333463,0.0008080199354703376,0.05685138293728087,0.008613060927018499,0.03132689699672654
843049827,1086491864,2,0.6162227308141799,9.225763394741252e-05,0.019210167510712917,0.01407778216525905,0.022592859539497297
843049827,1086492213,3,0.3038238641110738,0.01128339993294668,0.2435956671287028,0.0018890715825060332,0.024348822697622726
843049827,1086492304,2,0.17500284997720014,0.0028814694563667805,0.10735864113087089,0.0009973764827009,0.0030208005920596952
843049827,1086492371,2,0.14447959416324666,0.010372187146904337,0.2036878704970361,0.0010575342457741,0.00016926389682931785
843049827,1086492422,3,0.9511217585756002,0.0018568439691908844,0.09764361620206374,0.0186563866057743,0.027364719111418825
843049827,1086492533,2,0.6553665070679434,0.002193927077088854,0.09367875056999542,0.0031356045510619497,4.620186832964988e-05
843049827,1086492678,3,0.17643768452501377,0.0022834034539998224,0.1130453837164005,0.0015204371108362667,0.0011270797938738525
843049827,1086492789,3,0.7001596868019758,0.00839947360569311,0.2202747378020976,0.007555331491554733,0.032173414430571985
843049827,1086492890,2,0.9441546967624259,0.0008244662475497761,0.057427040583675426,0.014518446754664151,0.0006630390163958038
843049827,1086493075,2,0.7632096443228455,0.031916115770167564,0.3573016415868674,0.02272624662145965,0.002598128699837021
843049827,1086493160,3,0.3293034152415522,0.010396415228219097,0.2405154268699626,0.0015201532320740002,0.004602479004115255
843049827,1086493269,3,0.4920344710090001,0.13571761590298345,0.9018182854537165,0.0022781803321170664,0.06617956553071867
843049827,1086493373,3,0.8415685091737809,0.008916418093121615,0.22218799733045835,0.06411280048390226,1.169436453173751e-05
843049827,1086493459,2,0.1840548305414881,0.003015740443084812,0.10983151538761199,0.0025590712903067,0.06739479951162562
843049827,1086493559,3,0.25813338195281194,0.03834483585206865,0.46696442322501164,0.004670030592630267,0.04374580435520995
843049827,1086493689,3,0.3095710035644218,0.032289508719049724,0.40392726858185135,0.013593860281010402,0.0006530400110319219
843049827,1086494008,2,0.2536321166384311,0.051302401162902043,0.45300066738538936,0.00276426435448225,0.0820900896296572
843049827,1086494136,3,0.8554841991727642,0.007975698430940892,0.19479594163246705,0.011473132297396632,0.007472143677757326
843049827,1086494294,3,0.7784758019949085,0.0528184687862864,0.4913645690834474,0.008157458311567667,0.08489141883580999
843049827,1086494399,3,0.8651468172360582,0.018128642839419683,0.31654168289832496,0.019527634295324465,0.021740684417648908
843049827,1086494504,2,0.9474321705426356,9.864801168799986e-05,0.019864341085271353,0.0153339668177068,0.00019382594383499303
843049827,1086494595,2,0.2377897350993377,0.0025290574563615587,0.10057947019867541,0.00489044061396265,0.10167607946937349
843049827,1086494675,2,0.504321679002727,0.06217781208665232,0.49870958317101677,0.00357922480907285,0.007222434002706805
843049827,1086494817,3,0.22061723837335126,0.018867009881468857,0.3363258093935248,0.0039749179268255335,0.04691730838743278
843049827,1086495010,2,0.7116250569995439,0.006880467987634347,0.1658971728226174,0.012838308699429,0.013491013170988336
843049827,1086495180,2,0.7940346013655732,0.0009283422825258164,0.060937419785409896,0.0043332576751707996,0.009929279951262658
843049827,1086495315,3,0.4662243728540238,0.09067768675642167,0.6456053351573188,0.0024045857911308335,0.0472563537301379
843049827,1086495519,3,0.6842013244026499,0.019810017708729085,0.33985317521433334,0.011829712583372934,0.018938687714834024
843049827,1086495628,3,0.5311971841973608,0.07816775327097687,0.6844807228297141,0.0058378452667966,0.10525794159681785
843049827,1086495743,3,0.7355170198373514,0.00040573539331227403,0.04897582011396884,0.0038991575905431997,0.01141378197776338
843049827,1086495815,3,0.4570409032754228,0.019775031363256257,0.31312699498404023,0.013909935097520499,0.028420039285045412
843049827,1086496085,3,0.2597814614834074,0.055234983164893135,0.5091303077522401,0.004624002302686301,0.03252934692798504
843049827,1086496177,3,0.41380857363737117,0.006745869647985392,0.17895006839945277,0.0027391324983908998,0.03331439890563127
843049827,1086496303,2,0.8196391928864568,0.0008525241626213361,0.05839603283173733,0.0061106784269213,0.01502874189173039
843049827,1086496402,3,0.28642440728023844,0.021434069679787653,0.33251193593100264,0.0018346719540810333,0.06510373119150188
843049827,1086496477,3,0.30791159962111025,0.026642185012269778,0.3922136735488898,0.0041311190774043,0.027521836216593737
843049827,1086496716,2,0.3871551527587779,0.0033290347882928293,0.11539557683538532,0.00460952764842655,0.004242728316637898
843049827,1086496896,3,0.8559958109739095,0.0005541508722467979,0.05647107141023666,0.01541050321732953,0.009938999936628216
843049827,1086497078,2,0.519736092111263,0.010877429428495492,0.20858983128134978,0.006158234551548901,0.038855771265235484
843049827,1086497376,2,0.686203260373917,0.06938437647209836,0.5268182854537165,0.00473114987835285,0.016269188620003344
843049827,1086497451,3,0.22608239995007187,0.05668147676610269,0.5402228040453821,0.004492738361780766,0.037708981058587054
843049827,1086497534,3,0.049948524252865535,0.0010171061693206457,0.0781178750569996,0.0014436108176595667,0.011064303763354285
843049827,1086497627,3,0.5462431764122045,0.010920769843024305,0.249515503875969,0.008330140806113634,0.05659620206738153
843049827,1086497788,3,0.737593036341802,0.017853218509091013,0.3253247086606088,0.011648858431726666,0.02749452237070188
843049827,1086497980,3,0.6775929004488495,0.031578490168965134,0.4317470096000822,0.006287258972103333,0.04267095681407304
843049827,1086498356,3,0.27369941636493395,0.009379136109029212,0.2366819244253993,0.0021494618364764667,0.03847790306884984
843049827,1086498460,3,0.773349366185203,0.01632354539417832,0.3076791975068174,0.007747031903515199,0.08567408052353666
843049827,1086498579,3,0.48833868600574376,0.025696411476739317,0.3870554035567715,0.004629341807837233,0.06277017949074151
843049827,1086498737,2,0.5307370041039672,0.037452971355623824,0.38705540355677154,0.00627436256036155,9.417096132109105e-05
843049827,1086498822,3,0.8764685875890477,0.00541681655660484,0.17788387494224545,0.009885868988931132,0.002550394834495016
843049827,1086498945,2,0.6580454856361149,0.007793013012855541,0.1765560875512996,0.0081247801426798,0.012895269817920118
843049827,1086499126,3,0.7993100790293015,0.0021736085079241806,0.10815663474692205,0.0148611695816119,0.0017315144030173807
843049827,1086499285,3,0.4705073915700065,0.06435041840841428,0.5789589014413713,0.013167569530196467,0.13787690887037055
843049827,1086499437,2,0.21088576158940395,0.010325453447765455,0.2032284768211921,0.00233958626631645,0.0014584023095815938
843049827,1086499652,3,0.500644296170134,0.00530619176572739,0.1780044799376705,0.0020930808968841665,0.006322048040392659
843049827,1086499735,2,0.8576008891928865,0.001424907579450037,0.0754958960328318,0.00448884826619175,0.042416886329666545
843049827,1086499905,3,0.23544202705981,0.03505197292212644,0.45140788873689014,0.003421217164335133,0.04658969381041728
843049827,1086500031,2,0.2104830843472457,0.007738110058201525,0.17593305611171,0.00154855119762935,0.011873044147651432
843049827,1086500115,3,0.20498753559640392,0.023631964749046944,0.372401047281688,0.0017091309806952332,0.029931744098121455
843049827,1086500207,3,0.5530410955387853,0.02841407637938076,0.3611581703372864,0.003310561645776,0.03221476947778505
843049827,1086500333,3,0.482234953378651,0.038318839281620796,0.47811160888196336,0.008961143437772934,0.0014908703785985198
843049827,1086500545,3,0.30674493345775083,0.02734729444266007,0.358321971172575,0.004049450935174967,0.024110347056660198
843049827,1086500620,3,0.7693648086576896,0.009379886165700515,0.20863494019200168,0.004694130814944666,0.023254914568993812
843049827,1086500690,3,0.4129031239273265,0.06261170973930659,0.5594743056625083,0.0111131166728834,0.009681248262780351
843049827,1086500842,2,0.33468707250341995,0.001935067143864355,0.08797879616963067,0.0011549987248144502,0.0030869475492041483
843049827,1086500878,3,0.13118067572015712,0.00034120402205693143,0.04454514363885091,0.0011609508655964667,0.009308515081893202
843049827,1086500975,3,0.542264910225089,0.10350039551954189,0.7877629528632646,0.004822856436173067,0.022210136034800335
843049827,1086501052,3,0.641969317887841,0.018481510664991905,0.3310744904769239,0.0024907667345056665,0.013543667075957758
843049827,1086501270,3,0.3643307045596615,0.022718706345123896,0.32886151149201404,0.007800124042356933,0.009196900190616896
843049827,1086501411,3,0.6073235354514516,0.0008230920204014255,0.0696819425444597,0.006494404360031066,0.020546503743612828
843049827,1086501607,3,0.9192893377382783,0.0022261905425084417,0.11212017919750683,0.009603381777803066,0.015022461647071203
843049827,1086502277,2,0.1966626766985864,0.0002727656337949021,0.03303123575011399,0.00547545379959045,0.0279538043599037
843049827,1086502425,2,0.5959729822161423,0.07624227706375,0.5522400820793434,0.0023133397335186002,0.0006792821320049129
843049827,1086502511,3,0.7057161986412718,0.01785698871275506,0.3216059602649006,0.005476169443378801,0.010426186370549496
843049827,1086502652,3,0.4950377052612718,0.0442211271512002,0.5097284254838546,0.003460842960824533,0.003930028993651864
843049827,1086502724,2,0.1319681942544459,1.6493487665641585e-05,0.008122435020519791,0.0013126283010933,0.0005588761185088354
843049827,1086503039,2,0.4926835800545384,0.011375111613595904,0.21330833657966491,0.0024256275501101502,0.0391292553719359
843049827,1086503257,2,0.8545602843786522,0.0024416668597614286,0.09882645111024535,0.00380110356491055,0.020471316759397045
843049827,1086503311,2,0.5041025516166732,0.023974758471645156,0.3096756914686405,0.0016445707879029,0.0001783452558403997
843049827,1086503377,2,0.6622638293728087,0.038162429169631,0.39070412933385285,0.0022232686169445003,0.012732511301568678
843049827,1086503951,2,0.30700964160498634,0.0671926878607829,0.5184310479158551,0.00134679986513215,0.02075095244131411
843049827,1086504042,2,0.44009300740163615,0.012743503001759702,0.22577425009739,0.0014709411771036,0.0013976806056679811
843049827,1086504733,2,0.2631598169068952,0.000994908478724603,0.06308433969614338,0.0021974725532345,0.01617452350653632
843049827,1086504845,2,0.8636905921308922,0.015695077423918992,0.2505599922088041,0.0050232289358973,0.022308308358821527
843049827,1086505124,2,0.7880429489676665,0.03563722506237773,0.3775564861706271,0.010288551216945,0.14186029249218907
843049827,1086505406,2,0.2425618426178418,0.0006579264968895927,0.051300155823919,0.005465074675157651,0.014300018328668961
843049827,1086506358,2,0.6472098156989579,0.010171166205491125,0.20170439960983622,0.00344535405747585,0.0002557306525370411
843049827,1086506961,2,0.6537809949176037,0.07293243853769098,0.540120129370091,0.00352841755375265,0.005389379421511887
843049827,1086507210,2,0.30853739925047485,0.014069498921677403,0.23722983726063973,0.0020143441506661,0.0478171766740859
928325203,1086491848,3,0.93482905982906,0.0012624187303674505,0.07692307692307698,0.05750583236416177,2.2828548469573947e-06
928325203,1086491953,2,0.8076923076923077,0.02366863905325444,0.3076923076923077,0.01960950437933205,0.0014792899408284047
928325203,1086492168,3,0.6762820512820512,0.03552350427350427,0.4519230769230769,0.03390982747077937,2.0545693622616555e-05
928325203,1086492229,3,0.8002136752136751,0.00520719190590985,0.1762820512820512,0.018603413365781234,0.0031800168018116717
928325203,1086492277,3,0.06730769230769228,0.001664201183431955,0.08653846153846159,0.0004326638663769365,0.025168474687705455
928325203,1086492344,3,0.7510683760683761,0.004768883775294031,0.15384615384615385,0.018677178304642366,0.008932811016144356
928325203,1086492391,3,0.34722222222222215,0.04668209876543211,0.45833333333333337,0.004103006644678866,0.055831780992037394
928325203,1086492555,3,0.4583333333333333,0.007416995397764625,0.20192307692307687,0.0023976182565092334,0.003837478997735407
928325203,1086492624,3,0.1976495726495726,5.707137117393507e-05,0.016025641025640996,0.0009546454336183332,0.011361768573307033
928325203,1086492697,3,0.38568376068376065,0.013151526773321645,0.2724358974358974,0.004576750138464033,0.03207182774490467
928325203,1086492919,2,0.3189102564102564,0.000742213182117026,0.054487179487179405,0.0008036709041334,0.0009271244247205779
929913236,1086514113,3,0.3029411764705882,0.03648788927335641,0.45882352941176474,0.0070247917125622,0.01787320641158909
929913236,1086514265,2,0.6027777777777777,0.001304012345679011,0.07222222222222219,0.03579309768974775,0.01426697530864198
929913236,1086514479,3,0.39814814814814814,0.026920438957476006,0.36111111111111116,0.005320790068556801,0.011858710562414268
929913236,1086514571,3,0.6506535947712418,0.003998675723012518,0.1519607843137255,0.0400127147634824,0.007044322933724448
929913236,1086514803,3,0.31514161220043574,0.058105595663586196,0.5898692810457518,0.0022664848947897,0.0007281387500533984
929913236,1086515178,3,0.6752723311546841,0.08453446205400583,0.6352941176470588,0.04285715923955039,0.06873958733820325
929913236,1086515361,3,0.18594771241830063,0.032987526165150154,0.40784313725490196,0.0013990121660753332,5.434756812432066e-06
929913236,1086515423,2,0.325,0.008402777777777783,0.18333333333333338,0.0060077849775552,0.0006250000000000011
929913236,1086515627,3,0.6874727668845316,0.07326956393789663,0.6486928104575163,0.02465029278149203,0.04113776277879827
929913236,1086515981,3,0.7391067538126362,0.030466083794931664,0.4117647058823528,0.013434142417584801,0.054669880055629116
929913236,1086516133,3,0.7739651416122003,0.003418082314019776,0.13888888888888895,0.0376874438176552,0.005277670981246527
929913236,1086516313,3,0.3090413943355119,0.02623466283148457,0.38398692810457524,0.015263718552887365,0.01820346875133496
929913236,1086516497,3,0.9513071895424837,0.0006025460293049702,0.05392156862745101,0.09735924750566477,5.434756812432027e-06
929913236,1086516697,3,0.49357298474945527,0.07408406548288644,0.6584967320261438,0.006946442881599034,0.0685141279944561
929913236,1086516905,3,0.5323529411764706,0.07464244521337948,0.6029411764705883,0.03410392378767327,0.02992127909018849
941373529,1086490519,3,0.6602728047740836,0.015569117301837526,0.30434782608695654,0.033292057613531705,0.012767633606617949
941373529,1086490561,3,0.045430071342037935,0.0009196345164278204,0.0664961636828644,0.0009529793072336001,9.933354139422043e-06
941373529,1086490598,3,0.9596850181720286,0.00031166250930428986,0.0389016018306636,0.014382566014925567,0.020624014796840298
941373529,1086490636,2,0.5325077399380805,0.007248703620278161,0.17027863777089786,0.0077364356257021,0.0014976660372475537
941373529,1086490697,3,0.5783416341364922,0.020620495643407847,0.35011441647597263,0.03489987490077807,0.010171754638768172
941373529,1086490748,3,0.23751514335711396,0.004894010980471404,0.1713554987212277,0.011451314048220633,0.005356066967871169
941373529,1086490784,3,0.6083142639206712,0.034142830628124066,0.4118993135011443,0.07367047915856037,0.011521647940472127
941373529,1086490867,3,0.8141293130524522,0.004057910053413838,0.15601023017902804,0.21686166028181705,9.933354139422089e-06
941373529,1086490920,2,0.4610983981693364,0.0083783231833439,0.18306636155606415,0.02117988560348745,0.0006925207756232701
941373529,1086490995,3,0.17465338538161257,0.004764059998916593,0.1601830663615561,0.004447925991068233,0.0017210995649659972
941373529,1086491035,3,0.8739399650020191,0.0011141623661172215,0.0732265446224255,0.046086135009924506,0.0038941929154694154
941373529,1086491079,3,0.5991160766366043,0.05563309671918685,0.5696594427244581,0.0292554752280314,0.010449667097648212
941373529,1086491129,2,0.5812356979405034,0.15762898690363364,0.794050343249428,0.022598281968384946,0.008378323183343896
941373529,1086491172,3,0.6054875039260555,0.014089031429098273,0.27621483375959077,0.0676261261105537,7.666036865036777e-05
941373529,1086491215,3,0.5001346076187912,0.027818944121941618,0.3657289002557545,0.03401380218565463,0.0025194440827145267
941373529,1086491256,3,0.2542064880872257,0.0059637329616527525,0.1790281329923274,0.007358464412391134,0.005951138096736611
941373529,1086491328,3,0.6972001615291425,0.007241415167638662,0.207161125319693,0.08048443496227255,0.00015442802241964087
941373529,1086491397,3,0.11888096199578226,0.004686598358489274,0.16624040920716118,0.006655785332744267,0.018187947270333706
941373529,1086491469,3,0.42569659442724456,0.0027860582068903856,0.1176470588235295,0.012408696115016868,0.0014909332404131868
957024596,1086489976,3,0.6534188034188034,0.005194316604573018,0.17307692307692313,0.020396971143782066,0.014876543209876547
957024596,1086490002,3,0.6246031746031746,0.012004283194759392,0.2666666666666667,0.0164456227794289,0.0005312547986540665
957024596,1086490039,3,0.25378510378510377,0.04395417294684694,0.5023809523809524,0.0076191079181929,0.008551667434451316
957024596,1086490068,2,0.44368131868131866,0.00042454111822243733,0.04120879120879123,0.0301000378094613,0.030432994203598594
957024596,1086490100,3,0.1281440781440781,0.006590283275264962,0.1976190476190476,0.0045466177010287665,0.0011907445423928941
957024596,1086490183,3,0.1707570207570207,0.01997648193618889,0.3282051282051282,0.011918881442397769,0.09420366568718215
957024596,1086490217,3,0.8189865689865691,0.004481663364447252,0.16208791208791218,0.08653350702176492,0.08523653730613438
957024596,1086490259,3,0.48479853479853485,0.12793469656107018,0.8615384615384616,0.014331583554546,0.07124296880707139
957024596,1086490289,3,0.7543956043956044,0.008555126192488827,0.20604395604395598,0.0482686174412568,0.000950569576943203
957024596,1086490330,3,0.4695360195360195,0.019072225427536785,0.33241758241758246,0.022044177477558397,0.0363484534729956
957024596,1086490578,2,0.33928571428571425,0.025829081632653073,0.3214285714285715,0.0072653065435587996,0.009298469387755103
957024596,1086490662,2,0.5654761904761905,0.15904903628117922,0.7976190476190478,0.0066861393861472,0.005273526077097505
957570596,1086495170,3,0.4123376623376623,0.030280385799866336,0.38095238095238104,0.008865615818649466,0.0544969901030507
957570596,1086495230,2,0.19047619047619044,0.02777777777777777,0.3333333333333333,0.010790673550218299,0.06859410430839004
957570596,1086495264,3,0.4577922077922077,0.02177229936970197,0.3495670995670996,0.0112528363242745,0.009448484015583585
957570596,1086495377,3,0.9455266955266954,0.00047189062340577447,0.04761904761904756,0.09052141507466627,2.602816455630532e-07
957570596,1086495458,3,0.913059163059163,0.003573406711934845,0.1439393939393938,0.07684705654780068,2.342534810067159e-06
957570596,1086495538,3,0.566017316017316,0.05630126247009364,0.579004329004329,0.013667094831665299,0.025826446280991743
957570596,1086495646,3,0.6497113997113998,0.00937039952191467,0.21753246753246747,0.009274102902660734,0.00997529406620316
957570596,1086495925,3,0.726911976911977,0.038043025597138146,0.47619047619047616,0.0239008987943331,0.008091896078909068
957570596,1086496018,3,0.21031746031746026,0.0011652809271856907,0.0833333333333334,0.005655397893860901,0.0015327986107206892
957570596,1086496225,3,0.6836219336219336,0.032080493660580245,0.40151515151515155,0.051216121142109196,6.507041139075797e-06
957570596,1086496359,3,0.3235930735930736,0.03148913376186105,0.4339826839826841,0.0078962397140761,0.018874844091294318
957570596,1086496472,3,0.45129870129870125,0.11118216800034986,0.8127705627705628,0.005852967102934234,0.0671685417356413
957570596,1086496547,3,0.7254689754689755,0.003960705800532636,0.1525974025974025,0.0275905827681223,0.005750402395424045
957570596,1086496681,3,0.6013708513708513,0.013680663572438467,0.28571428571428575,0.02842177388568717,0.0004094230284706467
957570596,1086496763,3,0.3841991341991342,0.0345500459136823,0.4285714285714287,0.007624911610037033,0.007464096749811036
957570596,1086496844,3,0.21176046176046173,0.03199928578716458,0.4285714285714286,0.0018762237547585664,0.0004375334461914548
957570596,1086497031,3,0.3856421356421356,0.04701024885007569,0.485930735930736,0.01560588118930653,0.04077285949580321
957570596,1086497149,2,0.6931818181818181,0.037319214876033055,0.38636363636363635,0.01599729340523475,0.0029870246996870397
969421516,1086497765,3,0.7911162911162911,0.01979524020446061,0.3434343434343434,0.020243182118671568,0.09129245959082789
969421516,1086498125,2,0.9145299145299145,0.0008948791000073054,0.05982905982905984,0.01647456130012865,0.00016436554898093388
969421516,1086498401,3,0.4865319865319864,0.027298801709576114,0.404040404040404,0.010633180849254102,0.011801852257692718
969421516,1086498544,3,0.2047397047397047,0.023619133176242743,0.37062937062937074,0.0015385112104316,4.923755247505568e-05
969421516,1086498699,3,0.6072261072261073,0.0090088621557153,0.23076923076923073,0.0147159776339928,0.026939649317271688
969421516,1086498800,2,0.32517482517482516,0.009584820773631968,0.19580419580419586,0.0092105348594486,0.004890214680424473
969421516,1086498889,3,0.8558663558663558,0.006195479388952585,0.18881118881118886,0.0462099791814883,0.0072698508336943996
969421516,1086498976,3,0.41168091168091164,0.0042045113270184524,0.1538461538461539,0.014224489840368365,0.014685267728520766
969421516,1086499101,3,0.5243460243460244,0.1172175738350305,0.8080808080808082,0.020801464716593398,0.07665133124858585
969421516,1086499249,2,0.2552447552447552,0.003961073891143822,0.1258741258741259,0.0055804930161684,0.0003056384175265291
969421516,1086499341,2,0.49572649572649574,0.051300314120826945,0.452991452991453,0.0102369873784482,0.012345679012345678
975371413,1086499499,3,0.16805555555555554,0.00023533950617283964,0.037500000000000006,0.004645110030348033,0.0035686728395061735
975371413,1086499628,3,0.5773148148148147,0.06866812414266117,0.5944444444444444,0.024156026542186668,0.0070837620027434794
975371413,1086499783,3,0.7282407407407407,0.004419152949245541,0.16249999999999998,0.0198286871115366,0.014604338134430727
975371413,1086499911,3,0.725462962962963,0.057917095336076814,0.5486111111111112,0.03687109363575773,0.0020871913580246906
975371413,1086500092,3,0.7078703703703703,0.029707218792866932,0.38749999999999996,0.0125648469353715,0.002118055555555555
975371413,1086500194,3,0.3976851851851852,0.06792738340192045,0.6319444444444445,0.015412872346738932,0.014892403978052126
975371413,1086500392,3,0.2134259259259259,0.013554955418381346,0.2625,0.003202512821493033,0.0030817043895747603
975371413,1086500770,2,0.6916666666666667,0.020069444444444445,0.2833333333333333,0.00758348102681335,0.001304012345679011
975371413,1086501010,2,0.625,0.015625,0.25,0.03103907592594615,7.716049382715995e-06
978206330,1086490603,3,0.5388888888888889,0.10672839506172842,0.7500000000000001,0.03285358784099413,0.003765432098765433
978206330,1086490729,2,0.9083333333333333,6.944444444444396e-05,0.016666666666666607,0.0098280461970716,0.020069444444444452
978206330,1086490741,2,0.45833333333333337,0.0017361111111111104,0.08333333333333331,0.0089929001405835,0.0017361111111111104
978206330,1086490751,3,0.3499999999999999,0.0301851851851852,0.41666666666666674,0.016072968021035135,0.099320987654321
978206330,1086490807,2,0.375,0.015625,0.25,0.0169816692359745,0.015625
989461845,1086490391,3,0.49089635854341723,0.06319096265957364,0.615546218487395,0.0053337229570994335,0.013545254509739852
989461845,1086490482,3,0.342652445593622,0.05468780504428248,0.5686813186813187,0.014839807214836234,0.011432772436042524
989461845,1086490526,3,0.6238418444300797,0.013220469763494211,0.2664835164835164,0.06576255088051157,0.00012916757374721553
989461845,1086490572,3,0.3026826115061409,0.061923464129821804,0.5467032967032968,0.008207807472596534,0.010327492175661306
989461845,1086490648,3,0.8982439129497953,0.0033632028051967986,0.14010989010989017,0.03345331984261667,0.0007032456792903955
989461845,1086490689,3,0.5668498168498168,0.0309158180037301,0.4148351648351649,0.011298779087761966,0.0043221430584067955
989461845,1086490839,3,0.6240573152337858,0.06471708650974022,0.5837104072398189,0.0095281714263061,0.03016320230377799
989461845,1086490936,3,0.8375888817065288,0.00524343047347724,0.15756302521008403,0.10839770485957456,1.4351952638579404e-05
989461845,1086490994,2,0.5472689075630253,0.00013350928606736844,0.02310924369747902,0.05098042264580725,0.00024826106913353576
989461845,1086491066,2,0.3733031674208145,0.0024774267521140017,0.09954751131221717,0.01521193096414205,0.00041461067545709704
989461845,1086491194,3,0.3893018745959922,0.16542605555971093,0.8760504201680674,0.006116427791615299,6.739556247142081e-05
989461845,1086491263,3,0.43735186382245206,0.039416050675984526,0.4862637362637363,0.014370677992701466,0.0026644664130880346
989461845,1086491368,2,0.17542016806722685,0.02131845385212909,0.2920168067226891,0.004281579866074,0.00243737200762658
991913246,1086500839,3,0.18910256410256407,0.0002944882752575064,0.041666666666666685,0.018117546724776366,0.015617010008035651
991913246,1086500898,3,0.8955128205128206,0.008302377821608588,0.19487179487179485,0.04386494370798266,0.004942746000438306
991913246,1086500959,3,0.5361111111111111,0.0007561728395061723,0.06666666666666665,0.04624582578738524,0.02025723208415517
991913246,1086501038,3,0.6019230769230769,0.02590483234714003,0.3557692307692307,0.03747671780486897,0.02381848564540873
991913246,1086501134,2,0.45128205128205123,0.03314266929651545,0.3641025641025641,0.019677269272506202,0.0028994082840236675
991913246,1086501226,2,0.3897435897435897,0.0019000657462195933,0.0871794871794872,0.02400176599621765,0.006732412886259042
991913246,1086501280,3,0.3985042735042735,0.06761131200233768,0.6121794871794872,0.03997486581405,0.007546296296296298
991913246,1086501383,3,0.8865384615384615,0.00010601577909270241,0.025000000000000022,0.0960223426421483,1.1779531010300159e-05
991913246,1086501454,3,0.3878205128205128,0.10992630944554023,0.7948717948717949,0.0183775974437594,0.03207182774490467
991913246,1086501538,3,0.3561965811965811,0.05446425962451604,0.5435897435897435,0.03428886272013187,0.11154951055592079
991913246,1086501601,3,0.4715811965811965,0.012299017459273877,0.2583333333333334,0.05455780277649557,0.0007693220834246471
991913246,1086501688,3,0.8275641025641027,0.01132012930089854,0.2583333333333334,0.037751509497563,0.02590483234714003
991913453,1086496500,3,0.29421296296296295,0.002096300582990399,0.11041666666666669,0.007429939694702566,0.002362075617283951
991913453,1086497034,2,0.36354166666666665,0.07278754340277777,0.5395833333333333,0.008212457876652451,0.007119140625000001
991913453,1086497129,2,0.859375,0.011962890625,0.21875,0.16532794386148444,0.0010880835262345675
991913453,1086497277,2,0.328125,0.029541015625,0.34375,0.013761739712208499,0.000244140625
991913453,1086497550,2,0.5711805555555556,0.0840597270447531,0.5798611111111112,0.0325035799760371,0.1266667872299383
991913453,1086497908,3,0.13819444444444443,0.013542631172839506,0.26875,0.014788468057910566,0.029300518689986278
991913453,1086498071,3,0.9298611111111111,0.0006954089506172873,0.060416666666666785,0.09564990053574245,0.0005530907064471882
991913453,1086498334,2,0.7861111111111112,0.0003780864197530859,0.03888888888888886,0.0061132083646953,0.0003780864197530864
991913453,1086498820,3,0.7905092592592592,0.004632308813443076,0.14930555555555558,0.14012108246485389,0.0005796682098765442
991913453,1086498977,3,0.5331018518518519,0.014189921982167357,0.27222222222222225,0.01917296834290023,0.002893625685871056
991913453,1086499316,3,0.817824074074074,0.01301965449245542,0.27222222222222225,0.024432327598333303,0.006027199074074075
991913453,1086499479,3,0.2951388888888889,0.016227816358024696,0.30208333333333337,0.007269184725979934,0.011448152434842249
991913453,1086499910,2,0.4805555555555555,0.0022299382716049407,0.0944444444444445,0.0259356396272778,7.716049382715995e-06
991913453,1086500121,3,0.6761574074074074,0.030697123628257886,0.4277777777777778,0.03712832182645793,0.003282000171467767
991913453,1086500281,3,0.093287037037037,0.007875621570644723,0.1909722222222223,0.0041830052311221,0.002547260802469136
999191979,1086668144,3,0.4694444444444444,0.07547839506172839,0.6166666666666667,0.007352996462335133,0.03510802469135803
999191979,1086668169,3,0.5027777777777778,0.10418209876543212,0.7083333333333334,0.0301078396538893,0.012515432098765438
999191979,1086668188,3,0.38055555555555554,0.04195987654320988,0.4833333333333334,0.0051490489277056664,0.007268518518518519
999191979,1086668201,2,0.5625,0.021267361111111112,0.2916666666666667,0.01059343479573725,0.0004340277777777793
999191979,1086668213,2,0.8958333333333333,0.000434027777777777,0.04166666666666663,0.01043666247278445,0.07335069444444443
999191979,1086668228,3,0.5972222222222222,0.011959876543209876,0.25,0.023261323260764234,0.0002932098765432095
999191979,1086668247,2,0.6375,0.06890625,0.525,0.00797292659990485,0.09251736111111113
1006071814,1086491243,3,0.9519943019943019,5.068952362399691e-05,0.017094017094017144,0.034518100942174536,5.068952362399691e-05
1006071814,1086491305,3,0.6534188034188034,0.01630542771568413,0.2833333333333333,0.011775161915769166,0.011447187928669411
1006071814,1086491348,2,0.08269230769230765,0.0010687869822485177,0.06538461538461529,0.000170709528902,3.328402366863906e-05
1006071814,1086491370,3,0.6232193732193733,0.027517025024147528,0.3611111111111111,0.010973520111292533,0.02452662721893491
1006071814,1086491423,3,0.818945868945869,0.004877436059772241,0.16239316239316237,0.017053831058243867,0.0033735521627259496
1006071814,1086491485,3,0.3055555555555555,0.020061728395061738,0.33333333333333337,0.005634212555984633,0.005759896429412099
1006071814,1086491514,2,0.16239316239316237,0.01141427423478706,0.21367521367521372,0.00164268520893525,0.011414274234787053
1006071814,1086491573,2,0.17115384615384616,0.00044748520710059147,0.042307692307692296,0.00040320732659885,0.00044748520710059206
1006071814,1086491605,3,0.6896011396011397,0.007224819603736981,0.19658119658119655,0.019024946105976832,0.02165278690919716
1006071814,1086491668,2,0.423076923076923,0.0059171597633136145,0.1538461538461539,0.016833927016705198,0.00182628387756593
1006071814,1086491708,2,0.5019230769230769,0.023080621301775153,0.3038461538461539,0.00933799147605895,0.0040273668639053215
1006071814,1086491793,2,0.3504273504273504,0.0052779604061655334,0.14529914529914528,0.00423053954727945,0.008053911900065746
